id	group	portal	role	route	viewport	result	notReady	fail	warn	screenshot
/platform	PLATFORM	platform	super	/platform	1440	FAIL		1 icon svg with zero size	text < 12px: 11.6667px "Đã xong"; 11.6667px "Đã xong"	platform/super/platform/1440.png
/platform	PLATFORM	platform	super	/platform	1280	FAIL		1 icon svg with zero size	text < 12px: 11.6667px "Đã xong"; 11.6667px "Đã xong"	platform/super/platform/1280.png
/platform	PLATFORM	platform	super	/platform	1024	FAIL		1 icon svg with zero size	text < 12px: 11.6667px "Đã xong"; 11.6667px "Đã xong"	platform/super/platform/1024.png
/platform	PLATFORM	platform	super	/platform	768	PASS			text < 12px: 11.6667px "Đã xong"; 11.6667px "Đã xong"	platform/super/platform/768.png
/platform	PLATFORM	platform	super	/platform	430	PASS			text < 12px: 11.6667px "Đã xong"; 11.6667px "Đã xong"	platform/super/platform/430.png
/platform	PLATFORM	platform	super	/platform	390	PASS			text < 12px: 11.6667px "Đã xong"; 11.6667px "Đã xong"	platform/super/platform/390.png
/platform	PLATFORM	platform	super	/platform	360	PASS			text < 12px: 11.6667px "Đã xong"; 11.6667px "Đã xong"	platform/super/platform/360.png
/platform/tenants	PLATFORM	platform	super	/platform/tenants	1440	FAIL		1 icon svg with zero size		platform/super/platform_tenants/1440.png
/platform/tenants	PLATFORM	platform	super	/platform/tenants	1280	FAIL		1 icon svg with zero size		platform/super/platform_tenants/1280.png
/platform/tenants	PLATFORM	platform	super	/platform/tenants	1024	FAIL		1 icon svg with zero size		platform/super/platform_tenants/1024.png
/platform/tenants	PLATFORM	platform	super	/platform/tenants	768	PASS				platform/super/platform_tenants/768.png
/platform/tenants	PLATFORM	platform	super	/platform/tenants	430	PASS				platform/super/platform_tenants/430.png
/platform/tenants	PLATFORM	platform	super	/platform/tenants	390	PASS				platform/super/platform_tenants/390.png
/platform/tenants	PLATFORM	platform	super	/platform/tenants	360	PASS				platform/super/platform_tenants/360.png
/platform/users	PLATFORM	platform	super	/platform/users	1440	FAIL		1 icon svg with zero size		platform/super/platform_users/1440.png
/platform/users	PLATFORM	platform	super	/platform/users	1280	FAIL		1 icon svg with zero size		platform/super/platform_users/1280.png
/platform/users	PLATFORM	platform	super	/platform/users	1024	FAIL		1 icon svg with zero size		platform/super/platform_users/1024.png
/platform/users	PLATFORM	platform	super	/platform/users	768	PASS				platform/super/platform_users/768.png
/platform/users	PLATFORM	platform	super	/platform/users	430	PASS				platform/super/platform_users/430.png
/platform/users	PLATFORM	platform	super	/platform/users	390	PASS				platform/super/platform_users/390.png
/platform/users	PLATFORM	platform	super	/platform/users	360	PASS				platform/super/platform_users/360.png
/platform/ai	PLATFORM	platform	super	/platform/ai	1440	FAIL		1 icon svg with zero size		platform/super/platform_ai/1440.png
/platform/ai	PLATFORM	platform	super	/platform/ai	1280	FAIL		1 icon svg with zero size		platform/super/platform_ai/1280.png
/platform/ai	PLATFORM	platform	super	/platform/ai	1024	FAIL		1 icon svg with zero size		platform/super/platform_ai/1024.png
/platform/ai	PLATFORM	platform	super	/platform/ai	768	PASS				platform/super/platform_ai/768.png
/platform/ai	PLATFORM	platform	super	/platform/ai	430	PASS				platform/super/platform_ai/430.png
/platform/ai	PLATFORM	platform	super	/platform/ai	390	PASS				platform/super/platform_ai/390.png
/platform/ai	PLATFORM	platform	super	/platform/ai	360	PASS				platform/super/platform_ai/360.png
/platform/alerts	PLATFORM	platform	super	/platform/alerts	1440	FAIL		1 icon svg with zero size		platform/super/platform_alerts/1440.png
/platform/alerts	PLATFORM	platform	super	/platform/alerts	1280	FAIL		1 icon svg with zero size		platform/super/platform_alerts/1280.png
/platform/alerts	PLATFORM	platform	super	/platform/alerts	1024	FAIL		1 icon svg with zero size		platform/super/platform_alerts/1024.png
/platform/alerts	PLATFORM	platform	super	/platform/alerts	768	PASS				platform/super/platform_alerts/768.png
/platform/alerts	PLATFORM	platform	super	/platform/alerts	430	PASS				platform/super/platform_alerts/430.png
/platform/alerts	PLATFORM	platform	super	/platform/alerts	390	PASS				platform/super/platform_alerts/390.png
/platform/alerts	PLATFORM	platform	super	/platform/alerts	360	PASS				platform/super/platform_alerts/360.png
/platform/security	PLATFORM	platform	super	/platform/security	1440	FAIL		1 icon svg with zero size		platform/super/platform_security/1440.png
/platform/security	PLATFORM	platform	super	/platform/security	1280	FAIL		1 icon svg with zero size		platform/super/platform_security/1280.png
/platform/security	PLATFORM	platform	super	/platform/security	1024	FAIL		1 icon svg with zero size		platform/super/platform_security/1024.png
/platform/security	PLATFORM	platform	super	/platform/security	768	PASS				platform/super/platform_security/768.png
/platform/security	PLATFORM	platform	super	/platform/security	430	PASS				platform/super/platform_security/430.png
/platform/security	PLATFORM	platform	super	/platform/security	390	PASS				platform/super/platform_security/390.png
/platform/security	PLATFORM	platform	super	/platform/security	360	PASS				platform/super/platform_security/360.png
/platform/costs	PLATFORM	platform	super	/platform/costs	1440	FAIL		1 icon svg with zero size		platform/super/platform_costs/1440.png
/platform/costs	PLATFORM	platform	super	/platform/costs	1280	FAIL		1 icon svg with zero size		platform/super/platform_costs/1280.png
/platform/costs	PLATFORM	platform	super	/platform/costs	1024	FAIL		1 icon svg with zero size		platform/super/platform_costs/1024.png
/platform/costs	PLATFORM	platform	super	/platform/costs	768	PASS				platform/super/platform_costs/768.png
/platform/costs	PLATFORM	platform	super	/platform/costs	430	PASS				platform/super/platform_costs/430.png
/platform/costs	PLATFORM	platform	super	/platform/costs	390	PASS				platform/super/platform_costs/390.png
/platform/costs	PLATFORM	platform	super	/platform/costs	360	PASS				platform/super/platform_costs/360.png
/platform/connectors	PLATFORM	platform	super	/platform/connectors	1440	FAIL		1 icon svg with zero size		platform/super/platform_connectors/1440.png
/platform/connectors	PLATFORM	platform	super	/platform/connectors	1280	FAIL		1 icon svg with zero size		platform/super/platform_connectors/1280.png
/platform/connectors	PLATFORM	platform	super	/platform/connectors	1024	FAIL		1 icon svg with zero size		platform/super/platform_connectors/1024.png
/platform/connectors	PLATFORM	platform	super	/platform/connectors	768	PASS				platform/super/platform_connectors/768.png
/platform/connectors	PLATFORM	platform	super	/platform/connectors	430	PASS				platform/super/platform_connectors/430.png
/platform/connectors	PLATFORM	platform	super	/platform/connectors	390	PASS				platform/super/platform_connectors/390.png
/platform/connectors	PLATFORM	platform	super	/platform/connectors	360	PASS				platform/super/platform_connectors/360.png
/platform/backups	PLATFORM	platform	super	/platform/backups	1440	FAIL		1 icon svg with zero size		platform/super/platform_backups/1440.png
/platform/backups	PLATFORM	platform	super	/platform/backups	1280	FAIL		1 icon svg with zero size		platform/super/platform_backups/1280.png
/platform/backups	PLATFORM	platform	super	/platform/backups	1024	FAIL		1 icon svg with zero size		platform/super/platform_backups/1024.png
/platform/backups	PLATFORM	platform	super	/platform/backups	768	PASS				platform/super/platform_backups/768.png
/platform/backups	PLATFORM	platform	super	/platform/backups	430	PASS				platform/super/platform_backups/430.png
/platform/backups	PLATFORM	platform	super	/platform/backups	390	PASS				platform/super/platform_backups/390.png
/platform/backups	PLATFORM	platform	super	/platform/backups	360	PASS				platform/super/platform_backups/360.png
/platform/components	PLATFORM	platform	super	/platform/components	1440	FAIL		1 icon svg with zero size		platform/super/platform_components/1440.png
/platform/components	PLATFORM	platform	super	/platform/components	1280	FAIL		1 icon svg with zero size		platform/super/platform_components/1280.png
/platform/components	PLATFORM	platform	super	/platform/components	1024	FAIL		1 icon svg with zero size		platform/super/platform_components/1024.png
/platform/components	PLATFORM	platform	super	/platform/components	768	PASS				platform/super/platform_components/768.png
/platform/components	PLATFORM	platform	super	/platform/components	430	PASS				platform/super/platform_components/430.png
/platform/components	PLATFORM	platform	super	/platform/components	390	PASS				platform/super/platform_components/390.png
/platform/components	PLATFORM	platform	super	/platform/components	360	PASS				platform/super/platform_components/360.png
/platform/templates	PLATFORM	platform	super	/platform/templates	1440	FAIL		1 icon svg with zero size		platform/super/platform_templates/1440.png
/platform/templates	PLATFORM	platform	super	/platform/templates	1280	FAIL		1 icon svg with zero size		platform/super/platform_templates/1280.png
/platform/templates	PLATFORM	platform	super	/platform/templates	1024	FAIL		1 icon svg with zero size		platform/super/platform_templates/1024.png
/platform/templates	PLATFORM	platform	super	/platform/templates	768	PASS				platform/super/platform_templates/768.png
/platform/templates	PLATFORM	platform	super	/platform/templates	430	PASS				platform/super/platform_templates/430.png
/platform/templates	PLATFORM	platform	super	/platform/templates	390	PASS				platform/super/platform_templates/390.png
/platform/templates	PLATFORM	platform	super	/platform/templates	360	PASS				platform/super/platform_templates/360.png
/platform/audit	PLATFORM	platform	super	/platform/audit	1440	FAIL		1 icon svg with zero size		platform/super/platform_audit/1440.png
/platform/audit	PLATFORM	platform	super	/platform/audit	1280	FAIL		1 icon svg with zero size		platform/super/platform_audit/1280.png
/platform/audit	PLATFORM	platform	super	/platform/audit	1024	FAIL		1 icon svg with zero size		platform/super/platform_audit/1024.png
/platform/audit	PLATFORM	platform	super	/platform/audit	768	PASS				platform/super/platform_audit/768.png
/platform/audit	PLATFORM	platform	super	/platform/audit	430	PASS				platform/super/platform_audit/430.png
/platform/audit	PLATFORM	platform	super	/platform/audit	390	PASS				platform/super/platform_audit/390.png
/platform/audit	PLATFORM	platform	super	/platform/audit	360	PASS				platform/super/platform_audit/360.png
/platform/builds	PLATFORM	platform	super	/platform/builds	1440	FAIL		1 icon svg with zero size		platform/super/platform_builds/1440.png
/platform/builds	PLATFORM	platform	super	/platform/builds	1280	FAIL		1 icon svg with zero size		platform/super/platform_builds/1280.png
/platform/builds	PLATFORM	platform	super	/platform/builds	1024	FAIL		1 icon svg with zero size		platform/super/platform_builds/1024.png
/platform/builds	PLATFORM	platform	super	/platform/builds	768	PASS				platform/super/platform_builds/768.png
/platform/builds	PLATFORM	platform	super	/platform/builds	430	PASS				platform/super/platform_builds/430.png
/platform/builds	PLATFORM	platform	super	/platform/builds	390	PASS				platform/super/platform_builds/390.png
/platform/builds	PLATFORM	platform	super	/platform/builds	360	PASS				platform/super/platform_builds/360.png
/platform/packages	PLATFORM	platform	super	/platform/packages	1440	FAIL		1 icon svg with zero size		platform/super/platform_packages/1440.png
/platform/packages	PLATFORM	platform	super	/platform/packages	1280	FAIL		1 icon svg with zero size		platform/super/platform_packages/1280.png
/platform/packages	PLATFORM	platform	super	/platform/packages	1024	FAIL		1 icon svg with zero size		platform/super/platform_packages/1024.png
/platform/packages	PLATFORM	platform	super	/platform/packages	768	PASS				platform/super/platform_packages/768.png
/platform/packages	PLATFORM	platform	super	/platform/packages	430	PASS				platform/super/platform_packages/430.png
/platform/packages	PLATFORM	platform	super	/platform/packages	390	PASS				platform/super/platform_packages/390.png
/platform/packages	PLATFORM	platform	super	/platform/packages	360	PASS				platform/super/platform_packages/360.png
/platform/system	PLATFORM	platform	super	/platform/system	1440	FAIL		1 icon svg with zero size	text < 12px: 11.6667px "this response"; 11.6667px "0"	platform/super/platform_system/1440.png
/platform/system	PLATFORM	platform	super	/platform/system	1280	FAIL		1 icon svg with zero size	text < 12px: 11.6667px "this response"; 11.6667px "0"	platform/super/platform_system/1280.png
/platform/system	PLATFORM	platform	super	/platform/system	1024	FAIL		1 icon svg with zero size	text < 12px: 11.6667px "this response"; 11.6667px "0"	platform/super/platform_system/1024.png
/platform/system	PLATFORM	platform	super	/platform/system	768	PASS			text < 12px: 11.6667px "this response"; 11.6667px "0"	platform/super/platform_system/768.png
/platform/system	PLATFORM	platform	super	/platform/system	430	PASS			text < 12px: 11.6667px "this response"; 11.6667px "0"	platform/super/platform_system/430.png
/platform/system	PLATFORM	platform	super	/platform/system	390	PASS			text < 12px: 11.6667px "this response"; 11.6667px "0"	platform/super/platform_system/390.png
/platform/system	PLATFORM	platform	super	/platform/system	360	PASS			text < 12px: 11.6667px "this response"; 11.6667px "0"	platform/super/platform_system/360.png
/platform/settings	PLATFORM	platform	super	/platform/settings	1440	FAIL		1 icon svg with zero size		platform/super/platform_settings/1440.png
/platform/settings	PLATFORM	platform	super	/platform/settings	1280	FAIL		1 icon svg with zero size		platform/super/platform_settings/1280.png
/platform/settings	PLATFORM	platform	super	/platform/settings	1024	FAIL		1 icon svg with zero size		platform/super/platform_settings/1024.png
/platform/settings	PLATFORM	platform	super	/platform/settings	768	PASS				platform/super/platform_settings/768.png
/platform/settings	PLATFORM	platform	super	/platform/settings	430	PASS				platform/super/platform_settings/430.png
/platform/settings	PLATFORM	platform	super	/platform/settings	390	PASS				platform/super/platform_settings/390.png
/platform/settings	PLATFORM	platform	super	/platform/settings	360	PASS				platform/super/platform_settings/360.png
/platform/tenants/22a35312-2988-4030-b806-7e3640d8206a	PLATFORM	platform	super	/platform/tenants/22a35312-2988-4030-b806-7e3640d8206a	1440	FAIL		1 icon svg with zero size		platform/super/platform_tenants_id/1440.png
/platform/tenants/22a35312-2988-4030-b806-7e3640d8206a	PLATFORM	platform	super	/platform/tenants/22a35312-2988-4030-b806-7e3640d8206a	1280	FAIL		1 icon svg with zero size		platform/super/platform_tenants_id/1280.png
/platform/tenants/22a35312-2988-4030-b806-7e3640d8206a	PLATFORM	platform	super	/platform/tenants/22a35312-2988-4030-b806-7e3640d8206a	1024	FAIL		1 icon svg with zero size		platform/super/platform_tenants_id/1024.png
/platform/tenants/22a35312-2988-4030-b806-7e3640d8206a	PLATFORM	platform	super	/platform/tenants/22a35312-2988-4030-b806-7e3640d8206a	768	PASS				platform/super/platform_tenants_id/768.png
/platform/tenants/22a35312-2988-4030-b806-7e3640d8206a	PLATFORM	platform	super	/platform/tenants/22a35312-2988-4030-b806-7e3640d8206a	430	PASS				platform/super/platform_tenants_id/430.png
/platform/tenants/22a35312-2988-4030-b806-7e3640d8206a	PLATFORM	platform	super	/platform/tenants/22a35312-2988-4030-b806-7e3640d8206a	390	PASS				platform/super/platform_tenants_id/390.png
/platform/tenants/22a35312-2988-4030-b806-7e3640d8206a	PLATFORM	platform	super	/platform/tenants/22a35312-2988-4030-b806-7e3640d8206a	360	PASS				platform/super/platform_tenants_id/360.png
/platform/tenants/9b42d15a-aa2f-4453-8b98-ac433f143a02	PLATFORM	platform	super	/platform/tenants/9b42d15a-aa2f-4453-8b98-ac433f143a02	1440	FAIL		1 icon svg with zero size		platform/super/platform_tenants_id/1440.png
/platform/tenants/9b42d15a-aa2f-4453-8b98-ac433f143a02	PLATFORM	platform	super	/platform/tenants/9b42d15a-aa2f-4453-8b98-ac433f143a02	1280	FAIL		1 icon svg with zero size		platform/super/platform_tenants_id/1280.png
/platform/tenants/9b42d15a-aa2f-4453-8b98-ac433f143a02	PLATFORM	platform	super	/platform/tenants/9b42d15a-aa2f-4453-8b98-ac433f143a02	1024	FAIL		1 icon svg with zero size		platform/super/platform_tenants_id/1024.png
/platform/tenants/9b42d15a-aa2f-4453-8b98-ac433f143a02	PLATFORM	platform	super	/platform/tenants/9b42d15a-aa2f-4453-8b98-ac433f143a02	768	PASS				platform/super/platform_tenants_id/768.png
/platform/tenants/9b42d15a-aa2f-4453-8b98-ac433f143a02	PLATFORM	platform	super	/platform/tenants/9b42d15a-aa2f-4453-8b98-ac433f143a02	430	PASS				platform/super/platform_tenants_id/430.png
/platform/tenants/9b42d15a-aa2f-4453-8b98-ac433f143a02	PLATFORM	platform	super	/platform/tenants/9b42d15a-aa2f-4453-8b98-ac433f143a02	390	PASS				platform/super/platform_tenants_id/390.png
/platform/tenants/9b42d15a-aa2f-4453-8b98-ac433f143a02	PLATFORM	platform	super	/platform/tenants/9b42d15a-aa2f-4453-8b98-ac433f143a02	360	PASS				platform/super/platform_tenants_id/360.png
/platform/users/0f6e4186-e0ee-4fff-a8b3-7eaba0a3dd7c	PLATFORM	platform	super	/platform/users/0f6e4186-e0ee-4fff-a8b3-7eaba0a3dd7c	1440	FAIL		1 icon svg with zero size | raw/undefined text: RT transforms-null muzbj03d; RT transforms-null muzbf99r		platform/super/platform_users_id/1440.png
/platform/users/0f6e4186-e0ee-4fff-a8b3-7eaba0a3dd7c	PLATFORM	platform	super	/platform/users/0f6e4186-e0ee-4fff-a8b3-7eaba0a3dd7c	1280	FAIL		1 icon svg with zero size | raw/undefined text: RT transforms-null muzbj03d; RT transforms-null muzbf99r		platform/super/platform_users_id/1280.png
/platform/users/0f6e4186-e0ee-4fff-a8b3-7eaba0a3dd7c	PLATFORM	platform	super	/platform/users/0f6e4186-e0ee-4fff-a8b3-7eaba0a3dd7c	1024	FAIL		1 icon svg with zero size | raw/undefined text: RT transforms-null muzbj03d; RT transforms-null muzbf99r		platform/super/platform_users_id/1024.png
/platform/users/0f6e4186-e0ee-4fff-a8b3-7eaba0a3dd7c	PLATFORM	platform	super	/platform/users/0f6e4186-e0ee-4fff-a8b3-7eaba0a3dd7c	768	FAIL		raw/undefined text: RT transforms-null muzbj03d; RT transforms-null muzbf99r		platform/super/platform_users_id/768.png
/platform/users/0f6e4186-e0ee-4fff-a8b3-7eaba0a3dd7c	PLATFORM	platform	super	/platform/users/0f6e4186-e0ee-4fff-a8b3-7eaba0a3dd7c	430	FAIL		raw/undefined text: RT transforms-null muzbj03d; RT transforms-null muzbf99r		platform/super/platform_users_id/430.png
/platform/users/0f6e4186-e0ee-4fff-a8b3-7eaba0a3dd7c	PLATFORM	platform	super	/platform/users/0f6e4186-e0ee-4fff-a8b3-7eaba0a3dd7c	390	FAIL		raw/undefined text: RT transforms-null muzbj03d; RT transforms-null muzbf99r		platform/super/platform_users_id/390.png
/platform/users/0f6e4186-e0ee-4fff-a8b3-7eaba0a3dd7c	PLATFORM	platform	super	/platform/users/0f6e4186-e0ee-4fff-a8b3-7eaba0a3dd7c	360	FAIL		raw/undefined text: RT transforms-null muzbj03d; RT transforms-null muzbf99r		platform/super/platform_users_id/360.png
/platform/workspaces/e74044e5-2e76-4891-b5a2-d275be804352	PLATFORM	platform	super	/platform/workspaces/e74044e5-2e76-4891-b5a2-d275be804352	1440	FAIL		1 icon svg with zero size | raw/undefined text: RT transforms-null muzbj03d; RT transforms-null muzbf99r		platform/super/platform_workspaces_id/1440.png
/platform/workspaces/e74044e5-2e76-4891-b5a2-d275be804352	PLATFORM	platform	super	/platform/workspaces/e74044e5-2e76-4891-b5a2-d275be804352	1280	FAIL		1 icon svg with zero size | raw/undefined text: RT transforms-null muzbj03d; RT transforms-null muzbf99r		platform/super/platform_workspaces_id/1280.png
/platform/workspaces/e74044e5-2e76-4891-b5a2-d275be804352	PLATFORM	platform	super	/platform/workspaces/e74044e5-2e76-4891-b5a2-d275be804352	1024	FAIL		1 icon svg with zero size | raw/undefined text: RT transforms-null muzbj03d; RT transforms-null muzbf99r		platform/super/platform_workspaces_id/1024.png
/platform/workspaces/e74044e5-2e76-4891-b5a2-d275be804352	PLATFORM	platform	super	/platform/workspaces/e74044e5-2e76-4891-b5a2-d275be804352	768	FAIL		raw/undefined text: RT transforms-null muzbj03d; RT transforms-null muzbf99r		platform/super/platform_workspaces_id/768.png
/platform/workspaces/e74044e5-2e76-4891-b5a2-d275be804352	PLATFORM	platform	super	/platform/workspaces/e74044e5-2e76-4891-b5a2-d275be804352	430	FAIL		raw/undefined text: RT transforms-null muzbj03d; RT transforms-null muzbf99r		platform/super/platform_workspaces_id/430.png
/platform/workspaces/e74044e5-2e76-4891-b5a2-d275be804352	PLATFORM	platform	super	/platform/workspaces/e74044e5-2e76-4891-b5a2-d275be804352	390	FAIL		raw/undefined text: RT transforms-null muzbj03d; RT transforms-null muzbf99r		platform/super/platform_workspaces_id/390.png
/platform/workspaces/e74044e5-2e76-4891-b5a2-d275be804352	PLATFORM	platform	super	/platform/workspaces/e74044e5-2e76-4891-b5a2-d275be804352	360	FAIL		raw/undefined text: RT transforms-null muzbj03d; RT transforms-null muzbf99r		platform/super/platform_workspaces_id/360.png
/platform/applications/fceb042a-ad9c-4dba-8d01-b3529614ebaa	PLATFORM	platform	super	/platform/applications/fceb042a-ad9c-4dba-8d01-b3529614ebaa	1440	FAIL		1 icon svg with zero size		platform/super/platform_applications_id/1440.png
/platform/applications/fceb042a-ad9c-4dba-8d01-b3529614ebaa	PLATFORM	platform	super	/platform/applications/fceb042a-ad9c-4dba-8d01-b3529614ebaa	1280	FAIL		1 icon svg with zero size		platform/super/platform_applications_id/1280.png
/platform/applications/fceb042a-ad9c-4dba-8d01-b3529614ebaa	PLATFORM	platform	super	/platform/applications/fceb042a-ad9c-4dba-8d01-b3529614ebaa	1024	FAIL		1 icon svg with zero size		platform/super/platform_applications_id/1024.png
/platform/applications/fceb042a-ad9c-4dba-8d01-b3529614ebaa	PLATFORM	platform	super	/platform/applications/fceb042a-ad9c-4dba-8d01-b3529614ebaa	768	PASS				platform/super/platform_applications_id/768.png
/platform/applications/fceb042a-ad9c-4dba-8d01-b3529614ebaa	PLATFORM	platform	super	/platform/applications/fceb042a-ad9c-4dba-8d01-b3529614ebaa	430	PASS				platform/super/platform_applications_id/430.png
/platform/applications/fceb042a-ad9c-4dba-8d01-b3529614ebaa	PLATFORM	platform	super	/platform/applications/fceb042a-ad9c-4dba-8d01-b3529614ebaa	390	PASS				platform/super/platform_applications_id/390.png
/platform/applications/fceb042a-ad9c-4dba-8d01-b3529614ebaa	PLATFORM	platform	super	/platform/applications/fceb042a-ad9c-4dba-8d01-b3529614ebaa	360	PASS				platform/super/platform_applications_id/360.png
/platform/zzz-khong-ton-tai	PLATFORM	platform	super	/platform/zzz-khong-ton-tai	1440	FAIL		1 icon svg with zero size		platform/super/platform_zzz-khong-ton-tai/1440.png
/platform/zzz-khong-ton-tai	PLATFORM	platform	super	/platform/zzz-khong-ton-tai	1280	FAIL		1 icon svg with zero size		platform/super/platform_zzz-khong-ton-tai/1280.png
/platform/zzz-khong-ton-tai	PLATFORM	platform	super	/platform/zzz-khong-ton-tai	1024	FAIL		1 icon svg with zero size		platform/super/platform_zzz-khong-ton-tai/1024.png
/platform/zzz-khong-ton-tai	PLATFORM	platform	super	/platform/zzz-khong-ton-tai	768	PASS				platform/super/platform_zzz-khong-ton-tai/768.png
/platform/zzz-khong-ton-tai	PLATFORM	platform	super	/platform/zzz-khong-ton-tai	430	PASS				platform/super/platform_zzz-khong-ton-tai/430.png
/platform/zzz-khong-ton-tai	PLATFORM	platform	super	/platform/zzz-khong-ton-tai	390	PASS				platform/super/platform_zzz-khong-ton-tai/390.png
/platform/zzz-khong-ton-tai	PLATFORM	platform	super	/platform/zzz-khong-ton-tai	360	PASS				platform/super/platform_zzz-khong-ton-tai/360.png
/admin	ADMIN	admin	tenantAdmin	/admin	1440	FAIL		1 icon svg with zero size		admin/tenantAdmin/admin/1440.png
/admin	ADMIN	admin	tenantAdmin	/admin	1280	FAIL		1 icon svg with zero size		admin/tenantAdmin/admin/1280.png
/admin	ADMIN	admin	tenantAdmin	/admin	1024	FAIL		1 icon svg with zero size		admin/tenantAdmin/admin/1024.png
/admin	ADMIN	admin	tenantAdmin	/admin	768	PASS				admin/tenantAdmin/admin/768.png
/admin	ADMIN	admin	tenantAdmin	/admin	430	PASS				admin/tenantAdmin/admin/430.png
/admin	ADMIN	admin	tenantAdmin	/admin	390	PASS				admin/tenantAdmin/admin/390.png
/admin	ADMIN	admin	tenantAdmin	/admin	360	PASS				admin/tenantAdmin/admin/360.png
/admin/company	ADMIN	admin	tenantAdmin	/admin/company	1440	FAIL		1 icon svg with zero size		admin/tenantAdmin/admin_company/1440.png
/admin/company	ADMIN	admin	tenantAdmin	/admin/company	1280	FAIL		1 icon svg with zero size		admin/tenantAdmin/admin_company/1280.png
/admin/company	ADMIN	admin	tenantAdmin	/admin/company	1024	FAIL		1 icon svg with zero size		admin/tenantAdmin/admin_company/1024.png
/admin/company	ADMIN	admin	tenantAdmin	/admin/company	768	PASS				admin/tenantAdmin/admin_company/768.png
/admin/company	ADMIN	admin	tenantAdmin	/admin/company	430	PASS				admin/tenantAdmin/admin_company/430.png
/admin/company	ADMIN	admin	tenantAdmin	/admin/company	390	PASS				admin/tenantAdmin/admin_company/390.png
/admin/company	ADMIN	admin	tenantAdmin	/admin/company	360	PASS				admin/tenantAdmin/admin_company/360.png
/admin/organization	ADMIN	admin	tenantAdmin	/admin/organization	1440	FAIL		1 icon svg with zero size		admin/tenantAdmin/admin_organization/1440.png
/admin/organization	ADMIN	admin	tenantAdmin	/admin/organization	1280	FAIL		1 icon svg with zero size		admin/tenantAdmin/admin_organization/1280.png
/admin/organization	ADMIN	admin	tenantAdmin	/admin/organization	1024	FAIL		1 icon svg with zero size		admin/tenantAdmin/admin_organization/1024.png
/admin/organization	ADMIN	admin	tenantAdmin	/admin/organization	768	PASS				admin/tenantAdmin/admin_organization/768.png
/admin/organization	ADMIN	admin	tenantAdmin	/admin/organization	430	PASS				admin/tenantAdmin/admin_organization/430.png
/admin/organization	ADMIN	admin	tenantAdmin	/admin/organization	390	PASS				admin/tenantAdmin/admin_organization/390.png
/admin/organization	ADMIN	admin	tenantAdmin	/admin/organization	360	PASS				admin/tenantAdmin/admin_organization/360.png
/admin/employees	ADMIN	admin	tenantAdmin	/admin/employees	1440	FAIL	KNOWN_NOT_READY	1 icon svg with zero size		admin/tenantAdmin/admin_employees/1440.png
/admin/employees	ADMIN	admin	tenantAdmin	/admin/employees	1280	FAIL	KNOWN_NOT_READY	1 icon svg with zero size		admin/tenantAdmin/admin_employees/1280.png
/admin/employees	ADMIN	admin	tenantAdmin	/admin/employees	1024	FAIL	KNOWN_NOT_READY	1 icon svg with zero size		admin/tenantAdmin/admin_employees/1024.png
/admin/employees	ADMIN	admin	tenantAdmin	/admin/employees	768	PASS	KNOWN_NOT_READY			admin/tenantAdmin/admin_employees/768.png
/admin/employees	ADMIN	admin	tenantAdmin	/admin/employees	430	PASS	KNOWN_NOT_READY			admin/tenantAdmin/admin_employees/430.png
/admin/employees	ADMIN	admin	tenantAdmin	/admin/employees	390	PASS	KNOWN_NOT_READY			admin/tenantAdmin/admin_employees/390.png
/admin/employees	ADMIN	admin	tenantAdmin	/admin/employees	360	PASS	KNOWN_NOT_READY			admin/tenantAdmin/admin_employees/360.png
/admin/people	ADMIN	admin	tenantAdmin	/admin/people	1440	FAIL		1 icon svg with zero size		admin/tenantAdmin/admin_people/1440.png
/admin/people	ADMIN	admin	tenantAdmin	/admin/people	1280	FAIL		1 icon svg with zero size		admin/tenantAdmin/admin_people/1280.png
/admin/people	ADMIN	admin	tenantAdmin	/admin/people	1024	FAIL		1 icon svg with zero size		admin/tenantAdmin/admin_people/1024.png
/admin/people	ADMIN	admin	tenantAdmin	/admin/people	768	PASS				admin/tenantAdmin/admin_people/768.png
/admin/people	ADMIN	admin	tenantAdmin	/admin/people	430	PASS				admin/tenantAdmin/admin_people/430.png
/admin/people	ADMIN	admin	tenantAdmin	/admin/people	390	PASS				admin/tenantAdmin/admin_people/390.png
/admin/people	ADMIN	admin	tenantAdmin	/admin/people	360	PASS				admin/tenantAdmin/admin_people/360.png
/admin/my-workspaces	ADMIN	admin	tenantAdmin	/admin/my-workspaces	1440	FAIL		1 icon svg with zero size		admin/tenantAdmin/admin_my-workspaces/1440.png
/admin/my-workspaces	ADMIN	admin	tenantAdmin	/admin/my-workspaces	1280	FAIL		1 icon svg with zero size		admin/tenantAdmin/admin_my-workspaces/1280.png
/admin/my-workspaces	ADMIN	admin	tenantAdmin	/admin/my-workspaces	1024	FAIL		1 icon svg with zero size		admin/tenantAdmin/admin_my-workspaces/1024.png
/admin/my-workspaces	ADMIN	admin	tenantAdmin	/admin/my-workspaces	768	PASS				admin/tenantAdmin/admin_my-workspaces/768.png
/admin/my-workspaces	ADMIN	admin	tenantAdmin	/admin/my-workspaces	430	PASS				admin/tenantAdmin/admin_my-workspaces/430.png
/admin/my-workspaces	ADMIN	admin	tenantAdmin	/admin/my-workspaces	390	PASS				admin/tenantAdmin/admin_my-workspaces/390.png
/admin/my-workspaces	ADMIN	admin	tenantAdmin	/admin/my-workspaces	360	PASS				admin/tenantAdmin/admin_my-workspaces/360.png
/admin/data-sources	ADMIN	admin	tenantAdmin	/admin/data-sources	1440	FAIL		1 icon svg with zero size	text < 12px: 11.6667px "PostgreSQL"; 11.6667px "·"	admin/tenantAdmin/admin_data-sources/1440.png
/admin/data-sources	ADMIN	admin	tenantAdmin	/admin/data-sources	1280	FAIL		1 icon svg with zero size	text < 12px: 11.6667px "PostgreSQL"; 11.6667px "·"	admin/tenantAdmin/admin_data-sources/1280.png
/admin/data-sources	ADMIN	admin	tenantAdmin	/admin/data-sources	1024	FAIL		1 icon svg with zero size	text < 12px: 11.6667px "PostgreSQL"; 11.6667px "·"	admin/tenantAdmin/admin_data-sources/1024.png
/admin/data-sources	ADMIN	admin	tenantAdmin	/admin/data-sources	768	PASS			text < 12px: 11.6667px "PostgreSQL"; 11.6667px "·"	admin/tenantAdmin/admin_data-sources/768.png
/admin/data-sources	ADMIN	admin	tenantAdmin	/admin/data-sources	430	PASS			text < 12px: 11.6667px "PostgreSQL"; 11.6667px "·"	admin/tenantAdmin/admin_data-sources/430.png
/admin/data-sources	ADMIN	admin	tenantAdmin	/admin/data-sources	390	PASS			text < 12px: 11.6667px "PostgreSQL"; 11.6667px "·"	admin/tenantAdmin/admin_data-sources/390.png
/admin/data-sources	ADMIN	admin	tenantAdmin	/admin/data-sources	360	PASS			text < 12px: 11.6667px "PostgreSQL"; 11.6667px "·"	admin/tenantAdmin/admin_data-sources/360.png
/admin/groups	ADMIN	admin	tenantAdmin	/admin/groups	1440	FAIL	KNOWN_NOT_READY	1 icon svg with zero size		admin/tenantAdmin/admin_groups/1440.png
/admin/groups	ADMIN	admin	tenantAdmin	/admin/groups	1280	FAIL	KNOWN_NOT_READY	1 icon svg with zero size		admin/tenantAdmin/admin_groups/1280.png
/admin/groups	ADMIN	admin	tenantAdmin	/admin/groups	1024	FAIL	KNOWN_NOT_READY	1 icon svg with zero size		admin/tenantAdmin/admin_groups/1024.png
/admin/groups	ADMIN	admin	tenantAdmin	/admin/groups	768	PASS	KNOWN_NOT_READY			admin/tenantAdmin/admin_groups/768.png
/admin/groups	ADMIN	admin	tenantAdmin	/admin/groups	430	PASS	KNOWN_NOT_READY			admin/tenantAdmin/admin_groups/430.png
/admin/groups	ADMIN	admin	tenantAdmin	/admin/groups	390	PASS	KNOWN_NOT_READY			admin/tenantAdmin/admin_groups/390.png
/admin/groups	ADMIN	admin	tenantAdmin	/admin/groups	360	PASS	KNOWN_NOT_READY			admin/tenantAdmin/admin_groups/360.png
/admin/sharing	ADMIN	admin	tenantAdmin	/admin/sharing	1440	FAIL	KNOWN_NOT_READY	1 icon svg with zero size		admin/tenantAdmin/admin_sharing/1440.png
/admin/sharing	ADMIN	admin	tenantAdmin	/admin/sharing	1280	FAIL	KNOWN_NOT_READY	1 icon svg with zero size		admin/tenantAdmin/admin_sharing/1280.png
/admin/sharing	ADMIN	admin	tenantAdmin	/admin/sharing	1024	FAIL	KNOWN_NOT_READY	1 icon svg with zero size		admin/tenantAdmin/admin_sharing/1024.png
/admin/sharing	ADMIN	admin	tenantAdmin	/admin/sharing	768	PASS	KNOWN_NOT_READY			admin/tenantAdmin/admin_sharing/768.png
/admin/sharing	ADMIN	admin	tenantAdmin	/admin/sharing	430	PASS	KNOWN_NOT_READY			admin/tenantAdmin/admin_sharing/430.png
/admin/sharing	ADMIN	admin	tenantAdmin	/admin/sharing	390	PASS	KNOWN_NOT_READY			admin/tenantAdmin/admin_sharing/390.png
/admin/sharing	ADMIN	admin	tenantAdmin	/admin/sharing	360	PASS	KNOWN_NOT_READY			admin/tenantAdmin/admin_sharing/360.png
/admin/byok	ADMIN	admin	tenantAdmin	/admin/byok	1440	FAIL	KNOWN_NOT_READY	1 icon svg with zero size		admin/tenantAdmin/admin_byok/1440.png
/admin/byok	ADMIN	admin	tenantAdmin	/admin/byok	1280	FAIL	KNOWN_NOT_READY	1 icon svg with zero size		admin/tenantAdmin/admin_byok/1280.png
/admin/byok	ADMIN	admin	tenantAdmin	/admin/byok	1024	FAIL	KNOWN_NOT_READY	1 icon svg with zero size		admin/tenantAdmin/admin_byok/1024.png
/admin/byok	ADMIN	admin	tenantAdmin	/admin/byok	768	PASS	KNOWN_NOT_READY			admin/tenantAdmin/admin_byok/768.png
/admin/byok	ADMIN	admin	tenantAdmin	/admin/byok	430	PASS	KNOWN_NOT_READY			admin/tenantAdmin/admin_byok/430.png
/admin/byok	ADMIN	admin	tenantAdmin	/admin/byok	390	PASS	KNOWN_NOT_READY			admin/tenantAdmin/admin_byok/390.png
/admin/byok	ADMIN	admin	tenantAdmin	/admin/byok	360	PASS	KNOWN_NOT_READY			admin/tenantAdmin/admin_byok/360.png
/admin/zzz-khong-ton-tai	ADMIN	admin	tenantAdmin	/admin/zzz-khong-ton-tai	1440	FAIL		1 icon svg with zero size		admin/tenantAdmin/admin_zzz-khong-ton-tai/1440.png
/admin/zzz-khong-ton-tai	ADMIN	admin	tenantAdmin	/admin/zzz-khong-ton-tai	1280	FAIL		1 icon svg with zero size		admin/tenantAdmin/admin_zzz-khong-ton-tai/1280.png
/admin/zzz-khong-ton-tai	ADMIN	admin	tenantAdmin	/admin/zzz-khong-ton-tai	1024	FAIL		1 icon svg with zero size		admin/tenantAdmin/admin_zzz-khong-ton-tai/1024.png
/admin/zzz-khong-ton-tai	ADMIN	admin	tenantAdmin	/admin/zzz-khong-ton-tai	768	PASS				admin/tenantAdmin/admin_zzz-khong-ton-tai/768.png
/admin/zzz-khong-ton-tai	ADMIN	admin	tenantAdmin	/admin/zzz-khong-ton-tai	430	PASS				admin/tenantAdmin/admin_zzz-khong-ton-tai/430.png
/admin/zzz-khong-ton-tai	ADMIN	admin	tenantAdmin	/admin/zzz-khong-ton-tai	390	PASS				admin/tenantAdmin/admin_zzz-khong-ton-tai/390.png
/admin/zzz-khong-ton-tai	ADMIN	admin	tenantAdmin	/admin/zzz-khong-ton-tai	360	PASS				admin/tenantAdmin/admin_zzz-khong-ton-tai/360.png
/admin	ADMIN	admin	workspaceAdmin	/admin	1440	FAIL		1 icon svg with zero size		admin/workspaceAdmin/admin/1440.png
/admin	ADMIN	admin	workspaceAdmin	/admin	1280	FAIL		1 icon svg with zero size		admin/workspaceAdmin/admin/1280.png
/admin	ADMIN	admin	workspaceAdmin	/admin	1024	FAIL		1 icon svg with zero size		admin/workspaceAdmin/admin/1024.png
/admin	ADMIN	admin	workspaceAdmin	/admin	768	PASS				admin/workspaceAdmin/admin/768.png
/admin	ADMIN	admin	workspaceAdmin	/admin	430	PASS				admin/workspaceAdmin/admin/430.png
/admin	ADMIN	admin	workspaceAdmin	/admin	390	PASS				admin/workspaceAdmin/admin/390.png
/admin	ADMIN	admin	workspaceAdmin	/admin	360	PASS				admin/workspaceAdmin/admin/360.png
/admin/people	ADMIN	admin	workspaceAdmin	/admin/people	1440	FAIL		1 icon svg with zero size		admin/workspaceAdmin/admin_people/1440.png
/admin/people	ADMIN	admin	workspaceAdmin	/admin/people	1280	FAIL		1 icon svg with zero size		admin/workspaceAdmin/admin_people/1280.png
/admin/people	ADMIN	admin	workspaceAdmin	/admin/people	1024	FAIL		1 icon svg with zero size		admin/workspaceAdmin/admin_people/1024.png
/admin/people	ADMIN	admin	workspaceAdmin	/admin/people	768	PASS				admin/workspaceAdmin/admin_people/768.png
/admin/people	ADMIN	admin	workspaceAdmin	/admin/people	430	PASS				admin/workspaceAdmin/admin_people/430.png
/admin/people	ADMIN	admin	workspaceAdmin	/admin/people	390	PASS				admin/workspaceAdmin/admin_people/390.png
/admin/people	ADMIN	admin	workspaceAdmin	/admin/people	360	PASS				admin/workspaceAdmin/admin_people/360.png
/admin/my-workspaces	ADMIN	admin	workspaceAdmin	/admin/my-workspaces	1440	FAIL		1 icon svg with zero size		admin/workspaceAdmin/admin_my-workspaces/1440.png
/admin/my-workspaces	ADMIN	admin	workspaceAdmin	/admin/my-workspaces	1280	FAIL		1 icon svg with zero size		admin/workspaceAdmin/admin_my-workspaces/1280.png
/admin/my-workspaces	ADMIN	admin	workspaceAdmin	/admin/my-workspaces	1024	FAIL		1 icon svg with zero size		admin/workspaceAdmin/admin_my-workspaces/1024.png
/admin/my-workspaces	ADMIN	admin	workspaceAdmin	/admin/my-workspaces	768	PASS				admin/workspaceAdmin/admin_my-workspaces/768.png
/admin/my-workspaces	ADMIN	admin	workspaceAdmin	/admin/my-workspaces	430	PASS				admin/workspaceAdmin/admin_my-workspaces/430.png
/admin/my-workspaces	ADMIN	admin	workspaceAdmin	/admin/my-workspaces	390	PASS				admin/workspaceAdmin/admin_my-workspaces/390.png
/admin/my-workspaces	ADMIN	admin	workspaceAdmin	/admin/my-workspaces	360	PASS				admin/workspaceAdmin/admin_my-workspaces/360.png
/admin/data-sources	ADMIN	admin	workspaceAdmin	/admin/data-sources	1440	FAIL		1 icon svg with zero size	text < 12px: 11.6667px "PostgreSQL"; 11.6667px "·"	admin/workspaceAdmin/admin_data-sources/1440.png
/admin/data-sources	ADMIN	admin	workspaceAdmin	/admin/data-sources	1280	FAIL		1 icon svg with zero size	text < 12px: 11.6667px "PostgreSQL"; 11.6667px "·"	admin/workspaceAdmin/admin_data-sources/1280.png
/admin/data-sources	ADMIN	admin	workspaceAdmin	/admin/data-sources	1024	FAIL		1 icon svg with zero size	text < 12px: 11.6667px "PostgreSQL"; 11.6667px "·"	admin/workspaceAdmin/admin_data-sources/1024.png
/admin/data-sources	ADMIN	admin	workspaceAdmin	/admin/data-sources	768	PASS			text < 12px: 11.6667px "PostgreSQL"; 11.6667px "·"	admin/workspaceAdmin/admin_data-sources/768.png
/admin/data-sources	ADMIN	admin	workspaceAdmin	/admin/data-sources	430	PASS			text < 12px: 11.6667px "PostgreSQL"; 11.6667px "·"	admin/workspaceAdmin/admin_data-sources/430.png
/admin/data-sources	ADMIN	admin	workspaceAdmin	/admin/data-sources	390	PASS			text < 12px: 11.6667px "PostgreSQL"; 11.6667px "·"	admin/workspaceAdmin/admin_data-sources/390.png
/admin/data-sources	ADMIN	admin	workspaceAdmin	/admin/data-sources	360	PASS			text < 12px: 11.6667px "PostgreSQL"; 11.6667px "·"	admin/workspaceAdmin/admin_data-sources/360.png
/admin/groups	ADMIN	admin	workspaceAdmin	/admin/groups	1440	FAIL	KNOWN_NOT_READY	1 icon svg with zero size		admin/workspaceAdmin/admin_groups/1440.png
/admin/groups	ADMIN	admin	workspaceAdmin	/admin/groups	1280	FAIL	KNOWN_NOT_READY	1 icon svg with zero size		admin/workspaceAdmin/admin_groups/1280.png
/admin/groups	ADMIN	admin	workspaceAdmin	/admin/groups	1024	FAIL	KNOWN_NOT_READY	1 icon svg with zero size		admin/workspaceAdmin/admin_groups/1024.png
/admin/groups	ADMIN	admin	workspaceAdmin	/admin/groups	768	PASS	KNOWN_NOT_READY			admin/workspaceAdmin/admin_groups/768.png
/admin/groups	ADMIN	admin	workspaceAdmin	/admin/groups	430	PASS	KNOWN_NOT_READY			admin/workspaceAdmin/admin_groups/430.png
/admin/groups	ADMIN	admin	workspaceAdmin	/admin/groups	390	PASS	KNOWN_NOT_READY			admin/workspaceAdmin/admin_groups/390.png
/admin/groups	ADMIN	admin	workspaceAdmin	/admin/groups	360	PASS	KNOWN_NOT_READY			admin/workspaceAdmin/admin_groups/360.png
/admin/sharing	ADMIN	admin	workspaceAdmin	/admin/sharing	1440	FAIL	KNOWN_NOT_READY	1 icon svg with zero size		admin/workspaceAdmin/admin_sharing/1440.png
/admin/sharing	ADMIN	admin	workspaceAdmin	/admin/sharing	1280	FAIL	KNOWN_NOT_READY	1 icon svg with zero size		admin/workspaceAdmin/admin_sharing/1280.png
/admin/sharing	ADMIN	admin	workspaceAdmin	/admin/sharing	1024	FAIL	KNOWN_NOT_READY	1 icon svg with zero size		admin/workspaceAdmin/admin_sharing/1024.png
/admin/sharing	ADMIN	admin	workspaceAdmin	/admin/sharing	768	PASS	KNOWN_NOT_READY			admin/workspaceAdmin/admin_sharing/768.png
/admin/sharing	ADMIN	admin	workspaceAdmin	/admin/sharing	430	PASS	KNOWN_NOT_READY			admin/workspaceAdmin/admin_sharing/430.png
/admin/sharing	ADMIN	admin	workspaceAdmin	/admin/sharing	390	PASS	KNOWN_NOT_READY			admin/workspaceAdmin/admin_sharing/390.png
/admin/sharing	ADMIN	admin	workspaceAdmin	/admin/sharing	360	PASS	KNOWN_NOT_READY			admin/workspaceAdmin/admin_sharing/360.png
/admin/byok	ADMIN	admin	workspaceAdmin	/admin/byok	1440	FAIL	KNOWN_NOT_READY	1 icon svg with zero size		admin/workspaceAdmin/admin_byok/1440.png
/admin/byok	ADMIN	admin	workspaceAdmin	/admin/byok	1280	FAIL	KNOWN_NOT_READY	1 icon svg with zero size		admin/workspaceAdmin/admin_byok/1280.png
/admin/byok	ADMIN	admin	workspaceAdmin	/admin/byok	1024	FAIL	KNOWN_NOT_READY	1 icon svg with zero size		admin/workspaceAdmin/admin_byok/1024.png
/admin/byok	ADMIN	admin	workspaceAdmin	/admin/byok	768	PASS	KNOWN_NOT_READY			admin/workspaceAdmin/admin_byok/768.png
/admin/byok	ADMIN	admin	workspaceAdmin	/admin/byok	430	PASS	KNOWN_NOT_READY			admin/workspaceAdmin/admin_byok/430.png
/admin/byok	ADMIN	admin	workspaceAdmin	/admin/byok	390	PASS	KNOWN_NOT_READY			admin/workspaceAdmin/admin_byok/390.png
/admin/byok	ADMIN	admin	workspaceAdmin	/admin/byok	360	PASS	KNOWN_NOT_READY			admin/workspaceAdmin/admin_byok/360.png
/admin/company	ADMIN	admin	workspaceAdmin	/admin/company	1440	FAIL		1 icon svg with zero size		admin/workspaceAdmin/admin_company/1440.png
/admin/company	ADMIN	admin	workspaceAdmin	/admin/company	1280	FAIL		1 icon svg with zero size		admin/workspaceAdmin/admin_company/1280.png
/admin/company	ADMIN	admin	workspaceAdmin	/admin/company	1024	FAIL		1 icon svg with zero size		admin/workspaceAdmin/admin_company/1024.png
/admin/company	ADMIN	admin	workspaceAdmin	/admin/company	768	PASS				admin/workspaceAdmin/admin_company/768.png
/admin/company	ADMIN	admin	workspaceAdmin	/admin/company	430	PASS				admin/workspaceAdmin/admin_company/430.png
/admin/company	ADMIN	admin	workspaceAdmin	/admin/company	390	PASS				admin/workspaceAdmin/admin_company/390.png
/admin/company	ADMIN	admin	workspaceAdmin	/admin/company	360	PASS				admin/workspaceAdmin/admin_company/360.png
/admin	ADMIN	admin	super	/admin	1440	FAIL		1 icon svg with zero size		admin/super/admin/1440.png
/admin	ADMIN	admin	super	/admin	1280	FAIL		1 icon svg with zero size		admin/super/admin/1280.png
/admin	ADMIN	admin	super	/admin	1024	FAIL		1 icon svg with zero size		admin/super/admin/1024.png
/admin	ADMIN	admin	super	/admin	768	PASS				admin/super/admin/768.png
/admin	ADMIN	admin	super	/admin	430	PASS				admin/super/admin/430.png
/admin	ADMIN	admin	super	/admin	390	PASS				admin/super/admin/390.png
/admin	ADMIN	admin	super	/admin	360	PASS				admin/super/admin/360.png
/admin/users	ADMIN	admin	super	/admin/users	1440	FAIL		1 icon svg with zero size		admin/super/admin_users/1440.png
/admin/users	ADMIN	admin	super	/admin/users	1280	FAIL		1 icon svg with zero size		admin/super/admin_users/1280.png
/admin/users	ADMIN	admin	super	/admin/users	1024	FAIL		1 icon svg with zero size		admin/super/admin_users/1024.png
/admin/users	ADMIN	admin	super	/admin/users	768	PASS				admin/super/admin_users/768.png
/admin/users	ADMIN	admin	super	/admin/users	430	PASS				admin/super/admin_users/430.png
/admin/users	ADMIN	admin	super	/admin/users	390	PASS				admin/super/admin_users/390.png
/admin/users	ADMIN	admin	super	/admin/users	360	PASS				admin/super/admin_users/360.png
/admin/applications	ADMIN	admin	super	/admin/applications	1440	FAIL		1 icon svg with zero size | raw/undefined text: RT transforms-null muzbj03d; RT transforms-null muzbf99r		admin/super/admin_applications/1440.png
/admin/applications	ADMIN	admin	super	/admin/applications	1280	FAIL		1 icon svg with zero size | raw/undefined text: RT transforms-null muzbj03d; RT transforms-null muzbf99r		admin/super/admin_applications/1280.png
/admin/applications	ADMIN	admin	super	/admin/applications	1024	FAIL		1 icon svg with zero size | raw/undefined text: RT transforms-null muzbj03d; RT transforms-null muzbf99r		admin/super/admin_applications/1024.png
/admin/applications	ADMIN	admin	super	/admin/applications	768	FAIL		raw/undefined text: RT transforms-null muzbj03d; RT transforms-null muzbf99r		admin/super/admin_applications/768.png
/admin/applications	ADMIN	admin	super	/admin/applications	430	FAIL		raw/undefined text: RT transforms-null muzbj03d; RT transforms-null muzbf99r		admin/super/admin_applications/430.png
/admin/applications	ADMIN	admin	super	/admin/applications	390	FAIL		raw/undefined text: RT transforms-null muzbj03d; RT transforms-null muzbf99r		admin/super/admin_applications/390.png
/admin/applications	ADMIN	admin	super	/admin/applications	360	FAIL		raw/undefined text: RT transforms-null muzbj03d; RT transforms-null muzbf99r		admin/super/admin_applications/360.png
/admin/ai-governance	ADMIN	admin	super	/admin/ai-governance	1440	FAIL		1 icon svg with zero size		admin/super/admin_ai-governance/1440.png
/admin/ai-governance	ADMIN	admin	super	/admin/ai-governance	1280	FAIL		1 icon svg with zero size		admin/super/admin_ai-governance/1280.png
/admin/ai-governance	ADMIN	admin	super	/admin/ai-governance	1024	FAIL		1 icon svg with zero size		admin/super/admin_ai-governance/1024.png
/admin/ai-governance	ADMIN	admin	super	/admin/ai-governance	768	PASS				admin/super/admin_ai-governance/768.png
/admin/ai-governance	ADMIN	admin	super	/admin/ai-governance	430	PASS				admin/super/admin_ai-governance/430.png
/admin/ai-governance	ADMIN	admin	super	/admin/ai-governance	390	PASS				admin/super/admin_ai-governance/390.png
/admin/ai-governance	ADMIN	admin	super	/admin/ai-governance	360	PASS				admin/super/admin_ai-governance/360.png
/admin/departments	ADMIN	admin	super	/admin/departments	1440	FAIL		1 icon svg with zero size		admin/super/admin_departments/1440.png
/admin/departments	ADMIN	admin	super	/admin/departments	1280	FAIL		1 icon svg with zero size		admin/super/admin_departments/1280.png
/admin/departments	ADMIN	admin	super	/admin/departments	1024	FAIL		1 icon svg with zero size		admin/super/admin_departments/1024.png
/admin/departments	ADMIN	admin	super	/admin/departments	768	PASS				admin/super/admin_departments/768.png
/admin/departments	ADMIN	admin	super	/admin/departments	430	PASS				admin/super/admin_departments/430.png
/admin/departments	ADMIN	admin	super	/admin/departments	390	PASS				admin/super/admin_departments/390.png
/admin/departments	ADMIN	admin	super	/admin/departments	360	PASS				admin/super/admin_departments/360.png
/admin/identity	ADMIN	admin	super	/admin/identity	1440	FAIL		1 icon svg with zero size		admin/super/admin_identity/1440.png
/admin/identity	ADMIN	admin	super	/admin/identity	1280	FAIL		1 icon svg with zero size		admin/super/admin_identity/1280.png
/admin/identity	ADMIN	admin	super	/admin/identity	1024	FAIL		1 icon svg with zero size		admin/super/admin_identity/1024.png
/admin/identity	ADMIN	admin	super	/admin/identity	768	PASS				admin/super/admin_identity/768.png
/admin/identity	ADMIN	admin	super	/admin/identity	430	PASS				admin/super/admin_identity/430.png
/admin/identity	ADMIN	admin	super	/admin/identity	390	PASS				admin/super/admin_identity/390.png
/admin/identity	ADMIN	admin	super	/admin/identity	360	PASS				admin/super/admin_identity/360.png
/admin/templates	ADMIN	admin	super	/admin/templates	1440	FAIL		1 icon svg with zero size		admin/super/admin_templates/1440.png
/admin/templates	ADMIN	admin	super	/admin/templates	1280	FAIL		1 icon svg with zero size		admin/super/admin_templates/1280.png
/admin/templates	ADMIN	admin	super	/admin/templates	1024	FAIL		1 icon svg with zero size		admin/super/admin_templates/1024.png
/admin/templates	ADMIN	admin	super	/admin/templates	768	PASS				admin/super/admin_templates/768.png
/admin/templates	ADMIN	admin	super	/admin/templates	430	PASS				admin/super/admin_templates/430.png
/admin/templates	ADMIN	admin	super	/admin/templates	390	PASS				admin/super/admin_templates/390.png
/admin/templates	ADMIN	admin	super	/admin/templates	360	PASS				admin/super/admin_templates/360.png
/admin/audit	ADMIN	admin	super	/admin/audit	1440	FAIL		1 icon svg with zero size		admin/super/admin_audit/1440.png
/admin/audit	ADMIN	admin	super	/admin/audit	1280	FAIL		1 icon svg with zero size		admin/super/admin_audit/1280.png
/admin/audit	ADMIN	admin	super	/admin/audit	1024	FAIL		1 icon svg with zero size		admin/super/admin_audit/1024.png
/admin/audit	ADMIN	admin	super	/admin/audit	768	PASS				admin/super/admin_audit/768.png
/admin/audit	ADMIN	admin	super	/admin/audit	430	PASS				admin/super/admin_audit/430.png
/admin/audit	ADMIN	admin	super	/admin/audit	390	PASS				admin/super/admin_audit/390.png
/admin/audit	ADMIN	admin	super	/admin/audit	360	PASS				admin/super/admin_audit/360.png
/admin/data-sources	ADMIN	admin	super	/admin/data-sources	1440	FAIL		1 icon svg with zero size		admin/super/admin_data-sources/1440.png
/admin/data-sources	ADMIN	admin	super	/admin/data-sources	1280	FAIL		1 icon svg with zero size		admin/super/admin_data-sources/1280.png
/admin/data-sources	ADMIN	admin	super	/admin/data-sources	1024	FAIL		1 icon svg with zero size		admin/super/admin_data-sources/1024.png
/admin/data-sources	ADMIN	admin	super	/admin/data-sources	768	PASS				admin/super/admin_data-sources/768.png
/admin/data-sources	ADMIN	admin	super	/admin/data-sources	430	PASS				admin/super/admin_data-sources/430.png
/admin/data-sources	ADMIN	admin	super	/admin/data-sources	390	PASS				admin/super/admin_data-sources/390.png
/admin/data-sources	ADMIN	admin	super	/admin/data-sources	360	PASS				admin/super/admin_data-sources/360.png
/admin/groups	ADMIN	admin	super	/admin/groups	1440	FAIL	KNOWN_NOT_READY	1 icon svg with zero size		admin/super/admin_groups/1440.png
/admin/groups	ADMIN	admin	super	/admin/groups	1280	FAIL	KNOWN_NOT_READY	1 icon svg with zero size		admin/super/admin_groups/1280.png
/admin/groups	ADMIN	admin	super	/admin/groups	1024	FAIL	KNOWN_NOT_READY	1 icon svg with zero size		admin/super/admin_groups/1024.png
/admin/groups	ADMIN	admin	super	/admin/groups	768	PASS	KNOWN_NOT_READY			admin/super/admin_groups/768.png
/admin/groups	ADMIN	admin	super	/admin/groups	430	PASS	KNOWN_NOT_READY			admin/super/admin_groups/430.png
/admin/groups	ADMIN	admin	super	/admin/groups	390	PASS	KNOWN_NOT_READY			admin/super/admin_groups/390.png
/admin/groups	ADMIN	admin	super	/admin/groups	360	PASS	KNOWN_NOT_READY			admin/super/admin_groups/360.png
/admin/sharing	ADMIN	admin	super	/admin/sharing	1440	FAIL	KNOWN_NOT_READY	1 icon svg with zero size		admin/super/admin_sharing/1440.png
/admin/sharing	ADMIN	admin	super	/admin/sharing	1280	FAIL	KNOWN_NOT_READY	1 icon svg with zero size		admin/super/admin_sharing/1280.png
/admin/sharing	ADMIN	admin	super	/admin/sharing	1024	FAIL	KNOWN_NOT_READY	1 icon svg with zero size		admin/super/admin_sharing/1024.png
/admin/sharing	ADMIN	admin	super	/admin/sharing	768	PASS	KNOWN_NOT_READY			admin/super/admin_sharing/768.png
/admin/sharing	ADMIN	admin	super	/admin/sharing	430	PASS	KNOWN_NOT_READY			admin/super/admin_sharing/430.png
/admin/sharing	ADMIN	admin	super	/admin/sharing	390	PASS	KNOWN_NOT_READY			admin/super/admin_sharing/390.png
/admin/sharing	ADMIN	admin	super	/admin/sharing	360	PASS	KNOWN_NOT_READY			admin/super/admin_sharing/360.png
/admin/byok	ADMIN	admin	super	/admin/byok	1440	FAIL	KNOWN_NOT_READY	1 icon svg with zero size		admin/super/admin_byok/1440.png
/admin/byok	ADMIN	admin	super	/admin/byok	1280	FAIL	KNOWN_NOT_READY	1 icon svg with zero size		admin/super/admin_byok/1280.png
/admin/byok	ADMIN	admin	super	/admin/byok	1024	FAIL	KNOWN_NOT_READY	1 icon svg with zero size		admin/super/admin_byok/1024.png
/admin/byok	ADMIN	admin	super	/admin/byok	768	PASS	KNOWN_NOT_READY			admin/super/admin_byok/768.png
/admin/byok	ADMIN	admin	super	/admin/byok	430	PASS	KNOWN_NOT_READY			admin/super/admin_byok/430.png
/admin/byok	ADMIN	admin	super	/admin/byok	390	PASS	KNOWN_NOT_READY			admin/super/admin_byok/390.png
/admin/byok	ADMIN	admin	super	/admin/byok	360	PASS	KNOWN_NOT_READY			admin/super/admin_byok/360.png
/studio	STUDIO	studio	workspaceAdmin	/studio	1440	FAIL		1 icon svg with zero size	text < 12px: 11.6667px "Hiện hỗ trợ loại ứng dụng: Web"; 11.6667px "Riêng tư"	studio/workspaceAdmin/studio/1440.png
/studio	STUDIO	studio	workspaceAdmin	/studio	1280	FAIL		1 icon svg with zero size	text < 12px: 11.6667px "Hiện hỗ trợ loại ứng dụng: Web"; 11.6667px "Riêng tư"	studio/workspaceAdmin/studio/1280.png
/studio	STUDIO	studio	workspaceAdmin	/studio	1024	FAIL		1 icon svg with zero size	text < 12px: 11.6667px "Hiện hỗ trợ loại ứng dụng: Web"; 11.6667px "Riêng tư"	studio/workspaceAdmin/studio/1024.png
/studio	STUDIO	studio	workspaceAdmin	/studio	768	PASS			text < 12px: 11.6667px "Hiện hỗ trợ loại ứng dụng: Web"; 11.6667px "Riêng tư"	studio/workspaceAdmin/studio/768.png
/studio	STUDIO	studio	workspaceAdmin	/studio	430	PASS			text < 12px: 11.6667px "Hiện hỗ trợ loại ứng dụng: Web"; 11.6667px "Riêng tư"	studio/workspaceAdmin/studio/430.png
/studio	STUDIO	studio	workspaceAdmin	/studio	390	PASS			text < 12px: 11.6667px "Hiện hỗ trợ loại ứng dụng: Web"; 11.6667px "Riêng tư"	studio/workspaceAdmin/studio/390.png
/studio	STUDIO	studio	workspaceAdmin	/studio	360	PASS			text < 12px: 11.6667px "Hiện hỗ trợ loại ứng dụng: Web"; 11.6667px "Riêng tư"	studio/workspaceAdmin/studio/360.png
/studio/new	STUDIO	studio	workspaceAdmin	/studio/new	1440	FAIL		1 icon svg with zero size	text < 12px: 11.6667px "Có sẵn trong hệ thống: thanh đ"; 11.6667px "Mẫu công ty · 6 mục · v1"	studio/workspaceAdmin/studio_new/1440.png
/studio/new	STUDIO	studio	workspaceAdmin	/studio/new	1280	FAIL		1 icon svg with zero size	text < 12px: 11.6667px "Có sẵn trong hệ thống: thanh đ"; 11.6667px "Mẫu công ty · 6 mục · v1"	studio/workspaceAdmin/studio_new/1280.png
/studio/new	STUDIO	studio	workspaceAdmin	/studio/new	1024	FAIL		1 icon svg with zero size	overlapping controls: input "" × input "Tên ứng dụng"; input "" × input "Tên ứng dụng" | text < 12px: 11.6667px "Có sẵn trong hệ thống: thanh đ"; 11.6667px "Mẫu công ty · 6 mục · v1"	studio/workspaceAdmin/studio_new/1024.png
/studio/new	STUDIO	studio	workspaceAdmin	/studio/new	768	PASS			overlapping controls: input "" × input "Tên ứng dụng"; input "" × input "Tên ứng dụng" | text < 12px: 11.6667px "Có sẵn trong hệ thống: thanh đ"; 11.6667px "Mẫu công ty · 6 mục · v1"	studio/workspaceAdmin/studio_new/768.png
/studio/new	STUDIO	studio	workspaceAdmin	/studio/new	430	PASS			overlapping controls: a.btn.sm "Mở Quản trị công ty" × div.typeCard.selected "Website Sẵn sàng Website một hoặc nhiều"; button.btn.sm "Đăng xuất" × div.typeCard.selected "Website Sẵn sàng Website một hoặc nhiều" | text < 12px: 11.6667px "Có sẵn trong hệ thống: thanh đ"; 11.6667px "Mẫu công ty · 6 mục · v1"	studio/workspaceAdmin/studio_new/430.png
/studio/new	STUDIO	studio	workspaceAdmin	/studio/new	390	PASS			overlapping controls: button.btn.sm "Mở menu điều hướng" × div.typeCard.selected "Website Sẵn sàng Website một hoặc nhiều"; input "Tìm ứng dụng" × div.typeCard.selected "Website Sẵn sàng Website một hoặc nhiều" | text < 12px: 11.6667px "Có sẵn trong hệ thống: thanh đ"; 11.6667px "Mẫu công ty · 6 mục · v1"	studio/workspaceAdmin/studio_new/390.png
/studio/new	STUDIO	studio	workspaceAdmin	/studio/new	360	PASS			overlapping controls: input "" × button.btn.primary "Tạo website" | text < 12px: 11.6667px "Có sẵn trong hệ thống: thanh đ"; 11.6667px "Mẫu công ty · 6 mục · v1"	studio/workspaceAdmin/studio_new/360.png
/studio/projects	STUDIO	studio	workspaceAdmin	/studio/projects	1440	FAIL		1 icon svg with zero size | raw/undefined text: RT transforms-null muzbj03d	text < 12px: 11.6667px "Riêng tư"; 11.6667px "· cập nhật"	studio/workspaceAdmin/studio_projects/1440.png
/studio/projects	STUDIO	studio	workspaceAdmin	/studio/projects	1280	FAIL		1 icon svg with zero size | raw/undefined text: RT transforms-null muzbj03d	text < 12px: 11.6667px "Riêng tư"; 11.6667px "· cập nhật"	studio/workspaceAdmin/studio_projects/1280.png
/studio/projects	STUDIO	studio	workspaceAdmin	/studio/projects	1024	FAIL		1 icon svg with zero size | raw/undefined text: RT transforms-null muzbj03d	text < 12px: 11.6667px "Riêng tư"; 11.6667px "· cập nhật"	studio/workspaceAdmin/studio_projects/1024.png
/studio/projects	STUDIO	studio	workspaceAdmin	/studio/projects	768	FAIL		raw/undefined text: RT transforms-null muzbj03d	text < 12px: 11.6667px "Riêng tư"; 11.6667px "· cập nhật"	studio/workspaceAdmin/studio_projects/768.png
/studio/projects	STUDIO	studio	workspaceAdmin	/studio/projects	430	FAIL		raw/undefined text: RT transforms-null muzbj03d	text < 12px: 11.6667px "Riêng tư"; 11.6667px "· cập nhật"	studio/workspaceAdmin/studio_projects/430.png
/studio/projects	STUDIO	studio	workspaceAdmin	/studio/projects	390	FAIL		raw/undefined text: RT transforms-null muzbj03d	text < 12px: 11.6667px "Riêng tư"; 11.6667px "· cập nhật"	studio/workspaceAdmin/studio_projects/390.png
/studio/projects	STUDIO	studio	workspaceAdmin	/studio/projects	360	FAIL		raw/undefined text: RT transforms-null muzbj03d	text < 12px: 11.6667px "Riêng tư"; 11.6667px "· cập nhật"	studio/workspaceAdmin/studio_projects/360.png
/studio/templates	STUDIO	studio	workspaceAdmin	/studio/templates	1440	FAIL		1 icon svg with zero size	text < 12px: 11px "CRM"; 11px "#"	studio/workspaceAdmin/studio_templates/1440.png
/studio/templates	STUDIO	studio	workspaceAdmin	/studio/templates	1280	FAIL		1 icon svg with zero size	text < 12px: 11px "CRM"; 11px "#"	studio/workspaceAdmin/studio_templates/1280.png
/studio/templates	STUDIO	studio	workspaceAdmin	/studio/templates	1024	FAIL		1 icon svg with zero size	text < 12px: 11px "CRM"; 11px "#"	studio/workspaceAdmin/studio_templates/1024.png
/studio/templates	STUDIO	studio	workspaceAdmin	/studio/templates	768	PASS			text < 12px: 11px "CRM"; 11px "#"	studio/workspaceAdmin/studio_templates/768.png
/studio/templates	STUDIO	studio	workspaceAdmin	/studio/templates	430	PASS			text < 12px: 11px "CRM"; 11px "#"	studio/workspaceAdmin/studio_templates/430.png
/studio/templates	STUDIO	studio	workspaceAdmin	/studio/templates	390	PASS			text < 12px: 11px "CRM"; 11px "#"	studio/workspaceAdmin/studio_templates/390.png
/studio/templates	STUDIO	studio	workspaceAdmin	/studio/templates	360	PASS			text < 12px: 11px "CRM"; 11px "#"	studio/workspaceAdmin/studio_templates/360.png
/studio/components	STUDIO	studio	workspaceAdmin	/studio/components	1440	FAIL		1 icon svg with zero size	text < 12px: 11.6667px "0"; 11.6667px "ứng dụng đang dùng"	studio/workspaceAdmin/studio_components/1440.png
/studio/components	STUDIO	studio	workspaceAdmin	/studio/components	1280	FAIL		1 icon svg with zero size	text < 12px: 11.6667px "0"; 11.6667px "ứng dụng đang dùng"	studio/workspaceAdmin/studio_components/1280.png
/studio/components	STUDIO	studio	workspaceAdmin	/studio/components	1024	FAIL		1 icon svg with zero size	text < 12px: 11.6667px "0"; 11.6667px "ứng dụng đang dùng"	studio/workspaceAdmin/studio_components/1024.png
/studio/components	STUDIO	studio	workspaceAdmin	/studio/components	768	PASS			text < 12px: 11.6667px "0"; 11.6667px "ứng dụng đang dùng"	studio/workspaceAdmin/studio_components/768.png
/studio/components	STUDIO	studio	workspaceAdmin	/studio/components	430	PASS			text < 12px: 11.6667px "0"; 11.6667px "ứng dụng đang dùng"	studio/workspaceAdmin/studio_components/430.png
/studio/components	STUDIO	studio	workspaceAdmin	/studio/components	390	PASS			text < 12px: 11.6667px "0"; 11.6667px "ứng dụng đang dùng"	studio/workspaceAdmin/studio_components/390.png
/studio/components	STUDIO	studio	workspaceAdmin	/studio/components	360	PASS			text < 12px: 11.6667px "0"; 11.6667px "ứng dụng đang dùng"	studio/workspaceAdmin/studio_components/360.png
/studio/activity	STUDIO	studio	workspaceAdmin	/studio/activity	1440	FAIL		1 icon svg with zero size		studio/workspaceAdmin/studio_activity/1440.png
/studio/activity	STUDIO	studio	workspaceAdmin	/studio/activity	1280	FAIL		1 icon svg with zero size		studio/workspaceAdmin/studio_activity/1280.png
/studio/activity	STUDIO	studio	workspaceAdmin	/studio/activity	1024	FAIL		1 icon svg with zero size		studio/workspaceAdmin/studio_activity/1024.png
/studio/activity	STUDIO	studio	workspaceAdmin	/studio/activity	768	PASS				studio/workspaceAdmin/studio_activity/768.png
/studio/activity	STUDIO	studio	workspaceAdmin	/studio/activity	430	PASS				studio/workspaceAdmin/studio_activity/430.png
/studio/activity	STUDIO	studio	workspaceAdmin	/studio/activity	390	PASS				studio/workspaceAdmin/studio_activity/390.png
/studio/activity	STUDIO	studio	workspaceAdmin	/studio/activity	360	PASS				studio/workspaceAdmin/studio_activity/360.png
/studio/site-access	STUDIO	studio	workspaceAdmin	/studio/site-access	1440	FAIL		1 icon svg with zero size		studio/workspaceAdmin/studio_site-access/1440.png
/studio/site-access	STUDIO	studio	workspaceAdmin	/studio/site-access	1280	FAIL		1 icon svg with zero size		studio/workspaceAdmin/studio_site-access/1280.png
/studio/site-access	STUDIO	studio	workspaceAdmin	/studio/site-access	1024	FAIL		1 icon svg with zero size		studio/workspaceAdmin/studio_site-access/1024.png
/studio/site-access	STUDIO	studio	workspaceAdmin	/studio/site-access	768	PASS				studio/workspaceAdmin/studio_site-access/768.png
/studio/site-access	STUDIO	studio	workspaceAdmin	/studio/site-access	430	PASS				studio/workspaceAdmin/studio_site-access/430.png
/studio/site-access	STUDIO	studio	workspaceAdmin	/studio/site-access	390	PASS				studio/workspaceAdmin/studio_site-access/390.png
/studio/site-access	STUDIO	studio	workspaceAdmin	/studio/site-access	360	PASS				studio/workspaceAdmin/studio_site-access/360.png
/studio/zzz-khong-ton-tai	STUDIO	studio	workspaceAdmin	/studio/zzz-khong-ton-tai	1440	FAIL		1 icon svg with zero size		studio/workspaceAdmin/studio_zzz-khong-ton-tai/1440.png
/studio/zzz-khong-ton-tai	STUDIO	studio	workspaceAdmin	/studio/zzz-khong-ton-tai	1280	FAIL		1 icon svg with zero size		studio/workspaceAdmin/studio_zzz-khong-ton-tai/1280.png
/studio/zzz-khong-ton-tai	STUDIO	studio	workspaceAdmin	/studio/zzz-khong-ton-tai	1024	FAIL		1 icon svg with zero size		studio/workspaceAdmin/studio_zzz-khong-ton-tai/1024.png
/studio/zzz-khong-ton-tai	STUDIO	studio	workspaceAdmin	/studio/zzz-khong-ton-tai	768	PASS				studio/workspaceAdmin/studio_zzz-khong-ton-tai/768.png
/studio/zzz-khong-ton-tai	STUDIO	studio	workspaceAdmin	/studio/zzz-khong-ton-tai	430	PASS				studio/workspaceAdmin/studio_zzz-khong-ton-tai/430.png
/studio/zzz-khong-ton-tai	STUDIO	studio	workspaceAdmin	/studio/zzz-khong-ton-tai	390	PASS				studio/workspaceAdmin/studio_zzz-khong-ton-tai/390.png
/studio/zzz-khong-ton-tai	STUDIO	studio	workspaceAdmin	/studio/zzz-khong-ton-tai	360	PASS				studio/workspaceAdmin/studio_zzz-khong-ton-tai/360.png
/studio/projects/fceb042a-ad9c-4dba-8d01-b3529614ebaa/ai	STUDIO	studio	workspaceAdmin	/studio/projects/fceb042a-ad9c-4dba-8d01-b3529614ebaa/ai	1440	PASS			text < 12px: 11px "AI hiện chưa được quản trị viê"; 11px "Gửi ↑"	studio/workspaceAdmin/studio_projects_id_ai/1440.png
/studio/projects/fceb042a-ad9c-4dba-8d01-b3529614ebaa/ai	STUDIO	studio	workspaceAdmin	/studio/projects/fceb042a-ad9c-4dba-8d01-b3529614ebaa/ai	1280	PASS			text < 12px: 11px "AI hiện chưa được quản trị viê"; 11px "Gửi ↑"	studio/workspaceAdmin/studio_projects_id_ai/1280.png
/studio/projects/fceb042a-ad9c-4dba-8d01-b3529614ebaa/ai	STUDIO	studio	workspaceAdmin	/studio/projects/fceb042a-ad9c-4dba-8d01-b3529614ebaa/ai	1024	PASS			text < 12px: 11px "AI hiện chưa được quản trị viê"; 11px "Gửi ↑"	studio/workspaceAdmin/studio_projects_id_ai/1024.png
/studio/projects/fceb042a-ad9c-4dba-8d01-b3529614ebaa/ai	STUDIO	studio	workspaceAdmin	/studio/projects/fceb042a-ad9c-4dba-8d01-b3529614ebaa/ai	768	PASS			text < 12px: 11px "AI hiện chưa được quản trị viê"; 11px "Gửi ↑"	studio/workspaceAdmin/studio_projects_id_ai/768.png
/studio/projects/fceb042a-ad9c-4dba-8d01-b3529614ebaa/ai	STUDIO	studio	workspaceAdmin	/studio/projects/fceb042a-ad9c-4dba-8d01-b3529614ebaa/ai	430	FAIL		1 icon svg with zero size	text < 12px: 11px "AI hiện chưa được quản trị viê"; 11px "Gửi ↑"	studio/workspaceAdmin/studio_projects_id_ai/430.png
/studio/projects/fceb042a-ad9c-4dba-8d01-b3529614ebaa/ai	STUDIO	studio	workspaceAdmin	/studio/projects/fceb042a-ad9c-4dba-8d01-b3529614ebaa/ai	390	FAIL		1 icon svg with zero size	text < 12px: 11px "AI hiện chưa được quản trị viê"; 11px "Gửi ↑"	studio/workspaceAdmin/studio_projects_id_ai/390.png
/studio/projects/fceb042a-ad9c-4dba-8d01-b3529614ebaa/ai	STUDIO	studio	workspaceAdmin	/studio/projects/fceb042a-ad9c-4dba-8d01-b3529614ebaa/ai	360	FAIL		1 icon svg with zero size	overlapping controls: button.starter "Rút gọn tiêu đề hero" × textarea "Mô tả thay đổi" | text < 12px: 11px "AI hiện chưa được quản trị viê"; 11px "Gửi ↑"	studio/workspaceAdmin/studio_projects_id_ai/360.png
/studio/projects/fceb042a-ad9c-4dba-8d01-b3529614ebaa/design	STUDIO	studio	workspaceAdmin	/studio/projects/fceb042a-ad9c-4dba-8d01-b3529614ebaa/design	1440	PASS	KNOWN_NOT_READY		text < 12px: 11px "Trang chủ"; 11px "/" | 0 visible h1	studio/workspaceAdmin/studio_projects_id_design/1440.png
/studio/projects/fceb042a-ad9c-4dba-8d01-b3529614ebaa/design	STUDIO	studio	workspaceAdmin	/studio/projects/fceb042a-ad9c-4dba-8d01-b3529614ebaa/design	1280	PASS	KNOWN_NOT_READY		text < 12px: 11px "Trang chủ"; 11px "/" | 0 visible h1	studio/workspaceAdmin/studio_projects_id_design/1280.png
/studio/projects/fceb042a-ad9c-4dba-8d01-b3529614ebaa/design	STUDIO	studio	workspaceAdmin	/studio/projects/fceb042a-ad9c-4dba-8d01-b3529614ebaa/design	1024	PASS	KNOWN_NOT_READY		text < 12px: 11px "Trang chủ"; 11px "/" | 0 visible h1	studio/workspaceAdmin/studio_projects_id_design/1024.png
/studio/projects/fceb042a-ad9c-4dba-8d01-b3529614ebaa/design	STUDIO	studio	workspaceAdmin	/studio/projects/fceb042a-ad9c-4dba-8d01-b3529614ebaa/design	768	PASS	KNOWN_NOT_READY		text < 12px: 11px "Trang chủ"; 11px "/" | 0 visible h1	studio/workspaceAdmin/studio_projects_id_design/768.png
/studio/projects/fceb042a-ad9c-4dba-8d01-b3529614ebaa/design	STUDIO	studio	workspaceAdmin	/studio/projects/fceb042a-ad9c-4dba-8d01-b3529614ebaa/design	430	PASS	KNOWN_NOT_READY		overlapping controls: div#rail-panel-pages.bx-left-panel "Trang Trang Mọi đường dẫn hợp lệ. Tra" × aside.bx-right "Chưa chọn mục nào Chọn một mục trong “T"; button.bx-btn.sm "Trang" × aside.bx-right "Chưa chọn mục nào Chọn một mục trong “T" | text < 12px: 11px "Trang chủ"; 11px "/" | 0 visible h1	studio/workspaceAdmin/studio_projects_id_design/430.png
/studio/projects/fceb042a-ad9c-4dba-8d01-b3529614ebaa/design	STUDIO	studio	workspaceAdmin	/studio/projects/fceb042a-ad9c-4dba-8d01-b3529614ebaa/design	390	PASS	KNOWN_NOT_READY		overlapping controls: button#rail-tab-actions "Hành động" × aside.bx-right "Chưa chọn mục nào Chọn một mục trong “T"; button#rail-tab-workflows "Workflow" × aside.bx-right "Chưa chọn mục nào Chọn một mục trong “T" | text < 12px: 11px "Trang chủ"; 11px "/" | 0 visible h1	studio/workspaceAdmin/studio_projects_id_design/390.png
/studio/projects/fceb042a-ad9c-4dba-8d01-b3529614ebaa/design	STUDIO	studio	workspaceAdmin	/studio/projects/fceb042a-ad9c-4dba-8d01-b3529614ebaa/design	360	PASS	KNOWN_NOT_READY		overlapping controls: button#rail-tab-actions "Hành động" × aside.bx-right "Chưa chọn mục nào Chọn một mục trong “T"; button#rail-tab-workflows "Workflow" × aside.bx-right "Chưa chọn mục nào Chọn một mục trong “T" | text < 12px: 11px "Trang chủ"; 11px "/" | 0 visible h1	studio/workspaceAdmin/studio_projects_id_design/360.png
/studio/projects/fceb042a-ad9c-4dba-8d01-b3529614ebaa/code	STUDIO	studio	workspaceAdmin	/studio/projects/fceb042a-ad9c-4dba-8d01-b3529614ebaa/code	1440	PASS				studio/workspaceAdmin/studio_projects_id_code/1440.png
/studio/projects/fceb042a-ad9c-4dba-8d01-b3529614ebaa/code	STUDIO	studio	workspaceAdmin	/studio/projects/fceb042a-ad9c-4dba-8d01-b3529614ebaa/code	1280	PASS				studio/workspaceAdmin/studio_projects_id_code/1280.png
/studio/projects/fceb042a-ad9c-4dba-8d01-b3529614ebaa/code	STUDIO	studio	workspaceAdmin	/studio/projects/fceb042a-ad9c-4dba-8d01-b3529614ebaa/code	1024	PASS				studio/workspaceAdmin/studio_projects_id_code/1024.png
/studio/projects/fceb042a-ad9c-4dba-8d01-b3529614ebaa/code	STUDIO	studio	workspaceAdmin	/studio/projects/fceb042a-ad9c-4dba-8d01-b3529614ebaa/code	768	PASS				studio/workspaceAdmin/studio_projects_id_code/768.png
/studio/projects/fceb042a-ad9c-4dba-8d01-b3529614ebaa/code	STUDIO	studio	workspaceAdmin	/studio/projects/fceb042a-ad9c-4dba-8d01-b3529614ebaa/code	430	FAIL		1 icon svg with zero size		studio/workspaceAdmin/studio_projects_id_code/430.png
/studio/projects/fceb042a-ad9c-4dba-8d01-b3529614ebaa/code	STUDIO	studio	workspaceAdmin	/studio/projects/fceb042a-ad9c-4dba-8d01-b3529614ebaa/code	390	FAIL		1 icon svg with zero size		studio/workspaceAdmin/studio_projects_id_code/390.png
/studio/projects/fceb042a-ad9c-4dba-8d01-b3529614ebaa/code	STUDIO	studio	workspaceAdmin	/studio/projects/fceb042a-ad9c-4dba-8d01-b3529614ebaa/code	360	FAIL		1 icon svg with zero size		studio/workspaceAdmin/studio_projects_id_code/360.png
/studio/projects/fceb042a-ad9c-4dba-8d01-b3529614ebaa/members	STUDIO	studio	workspaceAdmin	/studio/projects/fceb042a-ad9c-4dba-8d01-b3529614ebaa/members	1440	PASS			overlapping controls: button.button.primary "Xuất bản" × button.button.icon "Đóng" | text < 12px: 11px "AI hiện chưa được quản trị viê"; 11px "Gửi ↑"	studio/workspaceAdmin/studio_projects_id_members/1440.png
/studio/projects/fceb042a-ad9c-4dba-8d01-b3529614ebaa/members	STUDIO	studio	workspaceAdmin	/studio/projects/fceb042a-ad9c-4dba-8d01-b3529614ebaa/members	1280	PASS			overlapping controls: button.button.primary "Xuất bản" × button.button.icon "Đóng" | text < 12px: 11px "AI hiện chưa được quản trị viê"; 11px "Gửi ↑"	studio/workspaceAdmin/studio_projects_id_members/1280.png
/studio/projects/fceb042a-ad9c-4dba-8d01-b3529614ebaa/members	STUDIO	studio	workspaceAdmin	/studio/projects/fceb042a-ad9c-4dba-8d01-b3529614ebaa/members	1024	PASS			overlapping controls: button.button.primary "Xuất bản" × button.button.icon "Đóng" | text < 12px: 11px "AI hiện chưa được quản trị viê"; 11px "Gửi ↑"	studio/workspaceAdmin/studio_projects_id_members/1024.png
/studio/projects/fceb042a-ad9c-4dba-8d01-b3529614ebaa/members	STUDIO	studio	workspaceAdmin	/studio/projects/fceb042a-ad9c-4dba-8d01-b3529614ebaa/members	768	PASS			overlapping controls: button.starter "Thêm bảng so sánh sản phẩm" × select "Chủ sở hữu Biên tập Xuất bản Chỉ xem"; button.starter "Ẩn phần đánh giá" × button.button "Thêm" | text < 12px: 11px "AI hiện chưa được quản trị viê"; 11px "Gửi ↑"	studio/workspaceAdmin/studio_projects_id_members/768.png
/studio/projects/fceb042a-ad9c-4dba-8d01-b3529614ebaa/members	STUDIO	studio	workspaceAdmin	/studio/projects/fceb042a-ad9c-4dba-8d01-b3529614ebaa/members	430	FAIL		1 icon svg with zero size	overlapping controls: button.starter "Thêm bảng so sánh sản phẩm" × select "Chủ sở hữu Biên tập Xuất bản Chỉ xem"; button.starter "Ẩn phần đánh giá" × button.button "Thêm" | text < 12px: 11px "AI hiện chưa được quản trị viê"; 11px "Gửi ↑"	studio/workspaceAdmin/studio_projects_id_members/430.png
/studio/projects/fceb042a-ad9c-4dba-8d01-b3529614ebaa/members	STUDIO	studio	workspaceAdmin	/studio/projects/fceb042a-ad9c-4dba-8d01-b3529614ebaa/members	390	FAIL		1 icon svg with zero size	overlapping controls: button.starter "Thêm bảng so sánh sản phẩm" × input "Tên đăng nhập hoặc email để thêm vào: Th"; button.starter "Thêm bảng so sánh sản phẩm" × select "Chủ sở hữu Biên tập Xuất bản Chỉ xem" | text < 12px: 11px "AI hiện chưa được quản trị viê"; 11px "Gửi ↑"	studio/workspaceAdmin/studio_projects_id_members/390.png
/studio/projects/fceb042a-ad9c-4dba-8d01-b3529614ebaa/members	STUDIO	studio	workspaceAdmin	/studio/projects/fceb042a-ad9c-4dba-8d01-b3529614ebaa/members	360	FAIL		1 icon svg with zero size	overlapping controls: button.starter "Thêm bảng so sánh sản phẩm" × input "Tên đăng nhập hoặc email để thêm vào: Th"; button.starter "Thêm bảng so sánh sản phẩm" × select "Chủ sở hữu Biên tập Xuất bản Chỉ xem" | text < 12px: 11px "AI hiện chưa được quản trị viê"; 11px "Gửi ↑"	studio/workspaceAdmin/studio_projects_id_members/360.png
/studio/projects/fceb042a-ad9c-4dba-8d01-b3529614ebaa/versions	STUDIO	studio	workspaceAdmin	/studio/projects/fceb042a-ad9c-4dba-8d01-b3529614ebaa/versions	1440	PASS			overlapping controls: button.button.primary "Xuất bản" × button.button.icon "Đóng" | text < 12px: 11px "AI hiện chưa được quản trị viê"; 11px "Gửi ↑"	studio/workspaceAdmin/studio_projects_id_versions/1440.png
/studio/projects/fceb042a-ad9c-4dba-8d01-b3529614ebaa/versions	STUDIO	studio	workspaceAdmin	/studio/projects/fceb042a-ad9c-4dba-8d01-b3529614ebaa/versions	1280	PASS			overlapping controls: button.button.primary "Xuất bản" × button.button.icon "Đóng" | text < 12px: 11px "AI hiện chưa được quản trị viê"; 11px "Gửi ↑"	studio/workspaceAdmin/studio_projects_id_versions/1280.png
/studio/projects/fceb042a-ad9c-4dba-8d01-b3529614ebaa/versions	STUDIO	studio	workspaceAdmin	/studio/projects/fceb042a-ad9c-4dba-8d01-b3529614ebaa/versions	1024	PASS			overlapping controls: button.button.primary "Xuất bản" × button.button.icon "Đóng" | text < 12px: 11px "AI hiện chưa được quản trị viê"; 11px "Gửi ↑"	studio/workspaceAdmin/studio_projects_id_versions/1024.png
/studio/projects/fceb042a-ad9c-4dba-8d01-b3529614ebaa/versions	STUDIO	studio	workspaceAdmin	/studio/projects/fceb042a-ad9c-4dba-8d01-b3529614ebaa/versions	768	PASS			overlapping controls: button.starter "Ẩn phần đánh giá" × button.smallButton "Khôi phục"; button.starter "Rút gọn tiêu đề hero" × button.smallButton "Khôi phục" | text < 12px: 11px "AI hiện chưa được quản trị viê"; 11px "Gửi ↑"	studio/workspaceAdmin/studio_projects_id_versions/768.png
/studio/projects/fceb042a-ad9c-4dba-8d01-b3529614ebaa/versions	STUDIO	studio	workspaceAdmin	/studio/projects/fceb042a-ad9c-4dba-8d01-b3529614ebaa/versions	430	FAIL		1 icon svg with zero size	overlapping controls: button.starter "Thêm bảng so sánh sản phẩm" × button.smallButton "Khôi phục"; button.starter "Thêm một sản phẩm mới" × button.smallButton "Khôi phục" | text < 12px: 11px "AI hiện chưa được quản trị viê"; 11px "Gửi ↑"	studio/workspaceAdmin/studio_projects_id_versions/430.png
/studio/projects/fceb042a-ad9c-4dba-8d01-b3529614ebaa/versions	STUDIO	studio	workspaceAdmin	/studio/projects/fceb042a-ad9c-4dba-8d01-b3529614ebaa/versions	390	FAIL		1 icon svg with zero size	overlapping controls: button.starter "Thêm bảng so sánh sản phẩm" × button.smallButton "Khôi phục"; button.starter "Thêm một sản phẩm mới" × button.smallButton "Khôi phục" | text < 12px: 11px "AI hiện chưa được quản trị viê"; 11px "Gửi ↑"	studio/workspaceAdmin/studio_projects_id_versions/390.png
/studio/projects/fceb042a-ad9c-4dba-8d01-b3529614ebaa/versions	STUDIO	studio	workspaceAdmin	/studio/projects/fceb042a-ad9c-4dba-8d01-b3529614ebaa/versions	360	FAIL		1 icon svg with zero size	overlapping controls: button.starter "Thêm bảng so sánh sản phẩm" × button.smallButton "Khôi phục"; button.starter "Thêm một sản phẩm mới" × button.smallButton "Khôi phục" | text < 12px: 11px "AI hiện chưa được quản trị viê"; 11px "Gửi ↑"	studio/workspaceAdmin/studio_projects_id_versions/360.png
/studio/projects/fceb042a-ad9c-4dba-8d01-b3529614ebaa/assets	STUDIO	studio	workspaceAdmin	/studio/projects/fceb042a-ad9c-4dba-8d01-b3529614ebaa/assets	1440	PASS			overlapping controls: button.button.primary "Xuất bản" × button.button.icon "Đóng" | text < 12px: 11px "AI hiện chưa được quản trị viê"; 11px "Gửi ↑"	studio/workspaceAdmin/studio_projects_id_assets/1440.png
/studio/projects/fceb042a-ad9c-4dba-8d01-b3529614ebaa/assets	STUDIO	studio	workspaceAdmin	/studio/projects/fceb042a-ad9c-4dba-8d01-b3529614ebaa/assets	1280	PASS			overlapping controls: button.button.primary "Xuất bản" × button.button.icon "Đóng" | text < 12px: 11px "AI hiện chưa được quản trị viê"; 11px "Gửi ↑"	studio/workspaceAdmin/studio_projects_id_assets/1280.png
/studio/projects/fceb042a-ad9c-4dba-8d01-b3529614ebaa/assets	STUDIO	studio	workspaceAdmin	/studio/projects/fceb042a-ad9c-4dba-8d01-b3529614ebaa/assets	1024	PASS			overlapping controls: button.button.primary "Xuất bản" × button.button.icon "Đóng" | text < 12px: 11px "AI hiện chưa được quản trị viê"; 11px "Gửi ↑"	studio/workspaceAdmin/studio_projects_id_assets/1024.png
/studio/projects/fceb042a-ad9c-4dba-8d01-b3529614ebaa/assets	STUDIO	studio	workspaceAdmin	/studio/projects/fceb042a-ad9c-4dba-8d01-b3529614ebaa/assets	768	PASS			text < 12px: 11px "AI hiện chưa được quản trị viê"; 11px "Gửi ↑"	studio/workspaceAdmin/studio_projects_id_assets/768.png
/studio/projects/fceb042a-ad9c-4dba-8d01-b3529614ebaa/assets	STUDIO	studio	workspaceAdmin	/studio/projects/fceb042a-ad9c-4dba-8d01-b3529614ebaa/assets	430	FAIL		1 icon svg with zero size	text < 12px: 11px "AI hiện chưa được quản trị viê"; 11px "Gửi ↑"	studio/workspaceAdmin/studio_projects_id_assets/430.png
/studio/projects/fceb042a-ad9c-4dba-8d01-b3529614ebaa/assets	STUDIO	studio	workspaceAdmin	/studio/projects/fceb042a-ad9c-4dba-8d01-b3529614ebaa/assets	390	FAIL		1 icon svg with zero size	text < 12px: 11px "AI hiện chưa được quản trị viê"; 11px "Gửi ↑"	studio/workspaceAdmin/studio_projects_id_assets/390.png
/studio/projects/fceb042a-ad9c-4dba-8d01-b3529614ebaa/assets	STUDIO	studio	workspaceAdmin	/studio/projects/fceb042a-ad9c-4dba-8d01-b3529614ebaa/assets	360	FAIL		1 icon svg with zero size	overlapping controls: button.starter "Rút gọn tiêu đề hero" × textarea "Mô tả thay đổi" | text < 12px: 11px "AI hiện chưa được quản trị viê"; 11px "Gửi ↑"	studio/workspaceAdmin/studio_projects_id_assets/360.png
/studio/projects/fceb042a-ad9c-4dba-8d01-b3529614ebaa/publish	STUDIO	studio	workspaceAdmin	/studio/projects/fceb042a-ad9c-4dba-8d01-b3529614ebaa/publish	1440	PASS			text < 12px: 11px "AI hiện chưa được quản trị viê"; 11px "Gửi ↑"	studio/workspaceAdmin/studio_projects_id_publish/1440.png
/studio/projects/fceb042a-ad9c-4dba-8d01-b3529614ebaa/publish	STUDIO	studio	workspaceAdmin	/studio/projects/fceb042a-ad9c-4dba-8d01-b3529614ebaa/publish	1280	PASS			text < 12px: 11px "AI hiện chưa được quản trị viê"; 11px "Gửi ↑"	studio/workspaceAdmin/studio_projects_id_publish/1280.png
/studio/projects/fceb042a-ad9c-4dba-8d01-b3529614ebaa/publish	STUDIO	studio	workspaceAdmin	/studio/projects/fceb042a-ad9c-4dba-8d01-b3529614ebaa/publish	1024	PASS			text < 12px: 11px "AI hiện chưa được quản trị viê"; 11px "Gửi ↑"	studio/workspaceAdmin/studio_projects_id_publish/1024.png
/studio/projects/fceb042a-ad9c-4dba-8d01-b3529614ebaa/publish	STUDIO	studio	workspaceAdmin	/studio/projects/fceb042a-ad9c-4dba-8d01-b3529614ebaa/publish	768	PASS			overlapping controls: button.starter "Rút gọn tiêu đề hero" × a "http://127.0.0.1:51088/trang-gioi-thieu-"; textarea "Mô tả thay đổi" × button.publishChoice "Riêng tư Chỉ thành viên được cấp quyền." | text < 12px: 11px "AI hiện chưa được quản trị viê"; 11px "Gửi ↑"	studio/workspaceAdmin/studio_projects_id_publish/768.png
/studio/projects/fceb042a-ad9c-4dba-8d01-b3529614ebaa/publish	STUDIO	studio	workspaceAdmin	/studio/projects/fceb042a-ad9c-4dba-8d01-b3529614ebaa/publish	430	FAIL		1 icon svg with zero size	overlapping controls: button.starter "Thêm bảng so sánh sản phẩm" × a "http://127.0.0.1:51088/trang-gioi-thieu-"; button.starter "Ẩn phần đánh giá" × a "http://127.0.0.1:51088/trang-gioi-thieu-" | text < 12px: 11px "AI hiện chưa được quản trị viê"; 11px "Gửi ↑"	studio/workspaceAdmin/studio_projects_id_publish/430.png
/studio/projects/fceb042a-ad9c-4dba-8d01-b3529614ebaa/publish	STUDIO	studio	workspaceAdmin	/studio/projects/fceb042a-ad9c-4dba-8d01-b3529614ebaa/publish	390	FAIL		1 icon svg with zero size	overlapping controls: button.starter "Thêm bảng so sánh sản phẩm" × a "http://127.0.0.1:51088/trang-gioi-thieu-"; button.starter "Thêm một sản phẩm mới" × button.publishChoice "Riêng tư Chỉ thành viên được cấp quyền." | text < 12px: 11px "AI hiện chưa được quản trị viê"; 11px "Gửi ↑"	studio/workspaceAdmin/studio_projects_id_publish/390.png
/studio/projects/fceb042a-ad9c-4dba-8d01-b3529614ebaa/publish	STUDIO	studio	workspaceAdmin	/studio/projects/fceb042a-ad9c-4dba-8d01-b3529614ebaa/publish	360	FAIL		1 icon svg with zero size	overlapping controls: button.starter "Ẩn phần đánh giá" × button.publishChoice "Riêng tư Chỉ thành viên được cấp quyền."; button.starter "Thêm một sản phẩm mới" × button.publishChoice "Riêng tư Chỉ thành viên được cấp quyền." | text < 12px: 11px "AI hiện chưa được quản trị viê"; 11px "Gửi ↑"	studio/workspaceAdmin/studio_projects_id_publish/360.png
/studio/projects/fceb042a-ad9c-4dba-8d01-b3529614ebaa/settings	STUDIO	studio	workspaceAdmin	/studio/projects/fceb042a-ad9c-4dba-8d01-b3529614ebaa/settings	1440	PASS			overlapping controls: button.button.primary "Xuất bản" × button.button.icon "Đóng" | text < 12px: 11px "AI hiện chưa được quản trị viê"; 11px "Gửi ↑"	studio/workspaceAdmin/studio_projects_id_settings/1440.png
/studio/projects/fceb042a-ad9c-4dba-8d01-b3529614ebaa/settings	STUDIO	studio	workspaceAdmin	/studio/projects/fceb042a-ad9c-4dba-8d01-b3529614ebaa/settings	1280	PASS			overlapping controls: button.button.primary "Xuất bản" × button.button.icon "Đóng" | text < 12px: 11px "AI hiện chưa được quản trị viê"; 11px "Gửi ↑"	studio/workspaceAdmin/studio_projects_id_settings/1280.png
/studio/projects/fceb042a-ad9c-4dba-8d01-b3529614ebaa/settings	STUDIO	studio	workspaceAdmin	/studio/projects/fceb042a-ad9c-4dba-8d01-b3529614ebaa/settings	1024	PASS			overlapping controls: button.button.primary "Xuất bản" × button.button.icon "Đóng" | text < 12px: 11px "AI hiện chưa được quản trị viê"; 11px "Gửi ↑"	studio/workspaceAdmin/studio_projects_id_settings/1024.png
/studio/projects/fceb042a-ad9c-4dba-8d01-b3529614ebaa/settings	STUDIO	studio	workspaceAdmin	/studio/projects/fceb042a-ad9c-4dba-8d01-b3529614ebaa/settings	768	PASS			overlapping controls: button.starter "Ẩn phần đánh giá" × select "Không Tài khoản / Mật khẩu SSO (OIDC)"; textarea "Mô tả thay đổi" × input "" | text < 12px: 11px "AI hiện chưa được quản trị viê"; 11px "Gửi ↑"	studio/workspaceAdmin/studio_projects_id_settings/768.png
/studio/projects/fceb042a-ad9c-4dba-8d01-b3529614ebaa/settings	STUDIO	studio	workspaceAdmin	/studio/projects/fceb042a-ad9c-4dba-8d01-b3529614ebaa/settings	430	FAIL		1 icon svg with zero size	overlapping controls: button.starter "Thêm bảng so sánh sản phẩm" × select "Không Tài khoản / Mật khẩu SSO (OIDC)"; button.starter "Rút gọn tiêu đề hero" × input "" | text < 12px: 11px "AI hiện chưa được quản trị viê"; 11px "Gửi ↑"	studio/workspaceAdmin/studio_projects_id_settings/430.png
/studio/projects/fceb042a-ad9c-4dba-8d01-b3529614ebaa/settings	STUDIO	studio	workspaceAdmin	/studio/projects/fceb042a-ad9c-4dba-8d01-b3529614ebaa/settings	390	FAIL		1 icon svg with zero size	overlapping controls: button.starter "Thêm bảng so sánh sản phẩm" × select "Không Tài khoản / Mật khẩu SSO (OIDC)"; button.starter "Rút gọn tiêu đề hero" × input "" | text < 12px: 11px "AI hiện chưa được quản trị viê"; 11px "Gửi ↑"	studio/workspaceAdmin/studio_projects_id_settings/390.png
/studio/projects/fceb042a-ad9c-4dba-8d01-b3529614ebaa/settings	STUDIO	studio	workspaceAdmin	/studio/projects/fceb042a-ad9c-4dba-8d01-b3529614ebaa/settings	360	FAIL		1 icon svg with zero size	overlapping controls: button.starter "Thêm bảng so sánh sản phẩm" × select "Không Tài khoản / Mật khẩu SSO (OIDC)"; button.starter "Rút gọn tiêu đề hero" × textarea "Mô tả thay đổi" | text < 12px: 11px "AI hiện chưa được quản trị viê"; 11px "Gửi ↑"	studio/workspaceAdmin/studio_projects_id_settings/360.png
/studio/projects/fceb042a-ad9c-4dba-8d01-b3529614ebaa/site	STUDIO	studio	workspaceAdmin	/studio/projects/fceb042a-ad9c-4dba-8d01-b3529614ebaa/site	1440	PASS			overlapping controls: button.button.primary "Xuất bản" × button.button.icon "Đóng" | text < 12px: 11px "AI hiện chưa được quản trị viê"; 11px "Gửi ↑"	studio/workspaceAdmin/studio_projects_id_site/1440.png
/studio/projects/fceb042a-ad9c-4dba-8d01-b3529614ebaa/site	STUDIO	studio	workspaceAdmin	/studio/projects/fceb042a-ad9c-4dba-8d01-b3529614ebaa/site	1280	PASS			overlapping controls: button.button.primary "Xuất bản" × button.button.icon "Đóng" | text < 12px: 11px "AI hiện chưa được quản trị viê"; 11px "Gửi ↑"	studio/workspaceAdmin/studio_projects_id_site/1280.png
/studio/projects/fceb042a-ad9c-4dba-8d01-b3529614ebaa/site	STUDIO	studio	workspaceAdmin	/studio/projects/fceb042a-ad9c-4dba-8d01-b3529614ebaa/site	1024	PASS			overlapping controls: button.button.primary "Xuất bản" × button.button.icon "Đóng" | text < 12px: 11px "AI hiện chưa được quản trị viê"; 11px "Gửi ↑"	studio/workspaceAdmin/studio_projects_id_site/1024.png
/studio/projects/fceb042a-ad9c-4dba-8d01-b3529614ebaa/site	STUDIO	studio	workspaceAdmin	/studio/projects/fceb042a-ad9c-4dba-8d01-b3529614ebaa/site	768	PASS			overlapping controls: button.starter "Thêm bảng so sánh sản phẩm" × input ""; button.starter "Ẩn phần đánh giá" × input "" | text < 12px: 11px "AI hiện chưa được quản trị viê"; 11px "Gửi ↑"	studio/workspaceAdmin/studio_projects_id_site/768.png
/studio/projects/fceb042a-ad9c-4dba-8d01-b3529614ebaa/site	STUDIO	studio	workspaceAdmin	/studio/projects/fceb042a-ad9c-4dba-8d01-b3529614ebaa/site	430	FAIL		1 icon svg with zero size	overlapping controls: button.starter "Thêm bảng so sánh sản phẩm" × input ""; button.starter "Ẩn phần đánh giá" × input "" | text < 12px: 11px "AI hiện chưa được quản trị viê"; 11px "Gửi ↑"	studio/workspaceAdmin/studio_projects_id_site/430.png
/studio/projects/fceb042a-ad9c-4dba-8d01-b3529614ebaa/site	STUDIO	studio	workspaceAdmin	/studio/projects/fceb042a-ad9c-4dba-8d01-b3529614ebaa/site	390	FAIL		1 icon svg with zero size	overlapping controls: button.starter "Thêm bảng so sánh sản phẩm" × input ""; button.starter "Ẩn phần đánh giá" × input "" | text < 12px: 11px "AI hiện chưa được quản trị viê"; 11px "Gửi ↑"	studio/workspaceAdmin/studio_projects_id_site/390.png
/studio/projects/fceb042a-ad9c-4dba-8d01-b3529614ebaa/site	STUDIO	studio	workspaceAdmin	/studio/projects/fceb042a-ad9c-4dba-8d01-b3529614ebaa/site	360	FAIL		1 icon svg with zero size	overlapping controls: button.starter "Thêm bảng so sánh sản phẩm" × input ""; button.starter "Ẩn phần đánh giá" × input "" | text < 12px: 11px "AI hiện chưa được quản trị viê"; 11px "Gửi ↑"	studio/workspaceAdmin/studio_projects_id_site/360.png
/studio/projects/e78495f4-ddb9-4187-a731-4d4adef7d23b/design	STUDIO	studio	workspaceAdmin	/studio/projects/e78495f4-ddb9-4187-a731-4d4adef7d23b/design	1440	PASS	KNOWN_NOT_READY		text < 12px: 11px "Trang chủ"; 11px "/" | 0 visible h1	studio/workspaceAdmin/studio_projects_id_design/1440.png
/studio/projects/e78495f4-ddb9-4187-a731-4d4adef7d23b/design	STUDIO	studio	workspaceAdmin	/studio/projects/e78495f4-ddb9-4187-a731-4d4adef7d23b/design	1280	PASS	KNOWN_NOT_READY		text < 12px: 11px "Trang chủ"; 11px "/" | 0 visible h1	studio/workspaceAdmin/studio_projects_id_design/1280.png
/studio/projects/e78495f4-ddb9-4187-a731-4d4adef7d23b/design	STUDIO	studio	workspaceAdmin	/studio/projects/e78495f4-ddb9-4187-a731-4d4adef7d23b/design	1024	PASS	KNOWN_NOT_READY		text < 12px: 11px "Trang chủ"; 11px "/" | 0 visible h1	studio/workspaceAdmin/studio_projects_id_design/1024.png
/studio/projects/e78495f4-ddb9-4187-a731-4d4adef7d23b/design	STUDIO	studio	workspaceAdmin	/studio/projects/e78495f4-ddb9-4187-a731-4d4adef7d23b/design	768	PASS	KNOWN_NOT_READY		text < 12px: 11px "Trang chủ"; 11px "/" | 0 visible h1	studio/workspaceAdmin/studio_projects_id_design/768.png
/studio/projects/e78495f4-ddb9-4187-a731-4d4adef7d23b/design	STUDIO	studio	workspaceAdmin	/studio/projects/e78495f4-ddb9-4187-a731-4d4adef7d23b/design	430	PASS	KNOWN_NOT_READY		overlapping controls: div#rail-panel-pages.bx-left-panel "Trang Trang Mọi đường dẫn hợp lệ. Tra" × aside.bx-right "Chưa chọn mục nào Chọn một mục trong “T"; button.bx-btn.sm "Trang" × aside.bx-right "Chưa chọn mục nào Chọn một mục trong “T" | text < 12px: 11px "Trang chủ"; 11px "/" | 0 visible h1	studio/workspaceAdmin/studio_projects_id_design/430.png
/studio/projects/e78495f4-ddb9-4187-a731-4d4adef7d23b/design	STUDIO	studio	workspaceAdmin	/studio/projects/e78495f4-ddb9-4187-a731-4d4adef7d23b/design	390	PASS	KNOWN_NOT_READY		overlapping controls: button#rail-tab-actions "Hành động" × aside.bx-right "Chưa chọn mục nào Chọn một mục trong “T"; button#rail-tab-workflows "Workflow" × aside.bx-right "Chưa chọn mục nào Chọn một mục trong “T" | text < 12px: 11px "Trang chủ"; 11px "/" | 0 visible h1	studio/workspaceAdmin/studio_projects_id_design/390.png
/studio/projects/e78495f4-ddb9-4187-a731-4d4adef7d23b/design	STUDIO	studio	workspaceAdmin	/studio/projects/e78495f4-ddb9-4187-a731-4d4adef7d23b/design	360	PASS	KNOWN_NOT_READY		overlapping controls: button#rail-tab-actions "Hành động" × aside.bx-right "Chưa chọn mục nào Chọn một mục trong “T"; button#rail-tab-workflows "Workflow" × aside.bx-right "Chưa chọn mục nào Chọn một mục trong “T" | text < 12px: 11px "Trang chủ"; 11px "/" | 0 visible h1	studio/workspaceAdmin/studio_projects_id_design/360.png
/studio/projects/3c9bbddd-ae6a-4a5d-9106-c5a65d2bbc17/design	STUDIO	studio	workspaceAdmin	/studio/projects/3c9bbddd-ae6a-4a5d-9106-c5a65d2bbc17/design	1440	PASS	KNOWN_NOT_READY		text < 12px: 11px "Trang chủ"; 11px "/" | 0 visible h1	studio/workspaceAdmin/studio_projects_id_design/1440.png
/studio/projects/3c9bbddd-ae6a-4a5d-9106-c5a65d2bbc17/design	STUDIO	studio	workspaceAdmin	/studio/projects/3c9bbddd-ae6a-4a5d-9106-c5a65d2bbc17/design	1280	PASS	KNOWN_NOT_READY		text < 12px: 11px "Trang chủ"; 11px "/" | 0 visible h1	studio/workspaceAdmin/studio_projects_id_design/1280.png
/studio/projects/3c9bbddd-ae6a-4a5d-9106-c5a65d2bbc17/design	STUDIO	studio	workspaceAdmin	/studio/projects/3c9bbddd-ae6a-4a5d-9106-c5a65d2bbc17/design	1024	PASS	KNOWN_NOT_READY		text < 12px: 11px "Trang chủ"; 11px "/" | 0 visible h1	studio/workspaceAdmin/studio_projects_id_design/1024.png
/studio/projects/3c9bbddd-ae6a-4a5d-9106-c5a65d2bbc17/design	STUDIO	studio	workspaceAdmin	/studio/projects/3c9bbddd-ae6a-4a5d-9106-c5a65d2bbc17/design	768	PASS	KNOWN_NOT_READY		text < 12px: 11px "Trang chủ"; 11px "/" | 0 visible h1	studio/workspaceAdmin/studio_projects_id_design/768.png
/studio/projects/3c9bbddd-ae6a-4a5d-9106-c5a65d2bbc17/design	STUDIO	studio	workspaceAdmin	/studio/projects/3c9bbddd-ae6a-4a5d-9106-c5a65d2bbc17/design	430	PASS	KNOWN_NOT_READY		overlapping controls: div#rail-panel-pages.bx-left-panel "Trang Trang Mọi đường dẫn hợp lệ. Tra" × aside.bx-right "Chưa chọn mục nào Chọn một mục trong “T"; button.bx-btn.sm "Trang" × aside.bx-right "Chưa chọn mục nào Chọn một mục trong “T" | text < 12px: 11px "Trang chủ"; 11px "/" | 0 visible h1	studio/workspaceAdmin/studio_projects_id_design/430.png
/studio/projects/3c9bbddd-ae6a-4a5d-9106-c5a65d2bbc17/design	STUDIO	studio	workspaceAdmin	/studio/projects/3c9bbddd-ae6a-4a5d-9106-c5a65d2bbc17/design	390	PASS	KNOWN_NOT_READY		overlapping controls: button#rail-tab-actions "Hành động" × aside.bx-right "Chưa chọn mục nào Chọn một mục trong “T"; button#rail-tab-workflows "Workflow" × aside.bx-right "Chưa chọn mục nào Chọn một mục trong “T" | text < 12px: 11px "Trang chủ"; 11px "/" | 0 visible h1	studio/workspaceAdmin/studio_projects_id_design/390.png
/studio/projects/3c9bbddd-ae6a-4a5d-9106-c5a65d2bbc17/design	STUDIO	studio	workspaceAdmin	/studio/projects/3c9bbddd-ae6a-4a5d-9106-c5a65d2bbc17/design	360	PASS	KNOWN_NOT_READY		overlapping controls: button#rail-tab-actions "Hành động" × aside.bx-right "Chưa chọn mục nào Chọn một mục trong “T"; button#rail-tab-workflows "Workflow" × aside.bx-right "Chưa chọn mục nào Chọn một mục trong “T" | text < 12px: 11px "Trang chủ"; 11px "/" | 0 visible h1	studio/workspaceAdmin/studio_projects_id_design/360.png
/auth/no-access	STUDIO	studio	appCreator	/auth/no-access	1440	PASS				studio/appCreator/auth_no-access/1440.png
/auth/no-access	STUDIO	studio	appCreator	/auth/no-access	1280	PASS				studio/appCreator/auth_no-access/1280.png
/auth/no-access	STUDIO	studio	appCreator	/auth/no-access	1024	PASS				studio/appCreator/auth_no-access/1024.png
/auth/no-access	STUDIO	studio	appCreator	/auth/no-access	768	PASS				studio/appCreator/auth_no-access/768.png
/auth/no-access	STUDIO	studio	appCreator	/auth/no-access	430	PASS				studio/appCreator/auth_no-access/430.png
/auth/no-access	STUDIO	studio	appCreator	/auth/no-access	390	PASS				studio/appCreator/auth_no-access/390.png
/auth/no-access	STUDIO	studio	appCreator	/auth/no-access	360	PASS				studio/appCreator/auth_no-access/360.png
/studio	STUDIO	studio	appCreator	/studio	1440	BLOCKED				studio/appCreator/studio/1440.png
/studio	STUDIO	studio	appCreator	/studio	1280	BLOCKED				studio/appCreator/studio/1280.png
/studio	STUDIO	studio	appCreator	/studio	1024	BLOCKED				studio/appCreator/studio/1024.png
/studio	STUDIO	studio	appCreator	/studio	768	BLOCKED		primary navigation unreachable at this width (no sidebar links, no menu button)		studio/appCreator/studio/768.png
/studio	STUDIO	studio	appCreator	/studio	430	BLOCKED		primary navigation unreachable at this width (no sidebar links, no menu button)		studio/appCreator/studio/430.png
/studio	STUDIO	studio	appCreator	/studio	390	BLOCKED		primary navigation unreachable at this width (no sidebar links, no menu button)		studio/appCreator/studio/390.png
/studio	STUDIO	studio	appCreator	/studio	360	BLOCKED		primary navigation unreachable at this width (no sidebar links, no menu button)		studio/appCreator/studio/360.png
/studio/projects	STUDIO	studio	appCreator	/studio/projects	1440	BLOCKED				studio/appCreator/studio_projects/1440.png
/studio/projects	STUDIO	studio	appCreator	/studio/projects	1280	BLOCKED				studio/appCreator/studio_projects/1280.png
/studio/projects	STUDIO	studio	appCreator	/studio/projects	1024	BLOCKED				studio/appCreator/studio_projects/1024.png
/studio/projects	STUDIO	studio	appCreator	/studio/projects	768	BLOCKED		primary navigation unreachable at this width (no sidebar links, no menu button)		studio/appCreator/studio_projects/768.png
/studio/projects	STUDIO	studio	appCreator	/studio/projects	430	BLOCKED		primary navigation unreachable at this width (no sidebar links, no menu button)		studio/appCreator/studio_projects/430.png
/studio/projects	STUDIO	studio	appCreator	/studio/projects	390	BLOCKED		primary navigation unreachable at this width (no sidebar links, no menu button)		studio/appCreator/studio_projects/390.png
/studio/projects	STUDIO	studio	appCreator	/studio/projects	360	BLOCKED		primary navigation unreachable at this width (no sidebar links, no menu button)		studio/appCreator/studio_projects/360.png
/studio/new	STUDIO	studio	appCreator	/studio/new	1440	BLOCKED				studio/appCreator/studio_new/1440.png
/studio/new	STUDIO	studio	appCreator	/studio/new	1280	BLOCKED				studio/appCreator/studio_new/1280.png
/studio/new	STUDIO	studio	appCreator	/studio/new	1024	BLOCKED				studio/appCreator/studio_new/1024.png
/studio/new	STUDIO	studio	appCreator	/studio/new	768	BLOCKED		primary navigation unreachable at this width (no sidebar links, no menu button)		studio/appCreator/studio_new/768.png
/studio/new	STUDIO	studio	appCreator	/studio/new	430	BLOCKED		primary navigation unreachable at this width (no sidebar links, no menu button)		studio/appCreator/studio_new/430.png
/studio/new	STUDIO	studio	appCreator	/studio/new	390	BLOCKED		primary navigation unreachable at this width (no sidebar links, no menu button)		studio/appCreator/studio_new/390.png
/studio/new	STUDIO	studio	appCreator	/studio/new	360	BLOCKED		primary navigation unreachable at this width (no sidebar links, no menu button)		studio/appCreator/studio_new/360.png
/studio/templates	STUDIO	studio	appCreator	/studio/templates	1440	BLOCKED				studio/appCreator/studio_templates/1440.png
/studio/templates	STUDIO	studio	appCreator	/studio/templates	1280	BLOCKED				studio/appCreator/studio_templates/1280.png
/studio/templates	STUDIO	studio	appCreator	/studio/templates	1024	BLOCKED				studio/appCreator/studio_templates/1024.png
/studio/templates	STUDIO	studio	appCreator	/studio/templates	768	BLOCKED		primary navigation unreachable at this width (no sidebar links, no menu button)		studio/appCreator/studio_templates/768.png
/studio/templates	STUDIO	studio	appCreator	/studio/templates	430	BLOCKED		primary navigation unreachable at this width (no sidebar links, no menu button)		studio/appCreator/studio_templates/430.png
/studio/templates	STUDIO	studio	appCreator	/studio/templates	390	BLOCKED		primary navigation unreachable at this width (no sidebar links, no menu button)		studio/appCreator/studio_templates/390.png
/studio/templates	STUDIO	studio	appCreator	/studio/templates	360	BLOCKED		primary navigation unreachable at this width (no sidebar links, no menu button)		studio/appCreator/studio_templates/360.png
/studio/components	STUDIO	studio	appCreator	/studio/components	1440	BLOCKED				studio/appCreator/studio_components/1440.png
/studio/components	STUDIO	studio	appCreator	/studio/components	1280	BLOCKED				studio/appCreator/studio_components/1280.png
/studio/components	STUDIO	studio	appCreator	/studio/components	1024	BLOCKED				studio/appCreator/studio_components/1024.png
/studio/components	STUDIO	studio	appCreator	/studio/components	768	BLOCKED		primary navigation unreachable at this width (no sidebar links, no menu button)		studio/appCreator/studio_components/768.png
/studio/components	STUDIO	studio	appCreator	/studio/components	430	BLOCKED		primary navigation unreachable at this width (no sidebar links, no menu button)		studio/appCreator/studio_components/430.png
/studio/components	STUDIO	studio	appCreator	/studio/components	390	BLOCKED		primary navigation unreachable at this width (no sidebar links, no menu button)		studio/appCreator/studio_components/390.png
/studio/components	STUDIO	studio	appCreator	/studio/components	360	BLOCKED		primary navigation unreachable at this width (no sidebar links, no menu button)		studio/appCreator/studio_components/360.png
/studio/activity	STUDIO	studio	appCreator	/studio/activity	1440	BLOCKED				studio/appCreator/studio_activity/1440.png
/studio/activity	STUDIO	studio	appCreator	/studio/activity	1280	BLOCKED				studio/appCreator/studio_activity/1280.png
/studio/activity	STUDIO	studio	appCreator	/studio/activity	1024	BLOCKED				studio/appCreator/studio_activity/1024.png
/studio/activity	STUDIO	studio	appCreator	/studio/activity	768	BLOCKED		primary navigation unreachable at this width (no sidebar links, no menu button)		studio/appCreator/studio_activity/768.png
/studio/activity	STUDIO	studio	appCreator	/studio/activity	430	BLOCKED		primary navigation unreachable at this width (no sidebar links, no menu button)		studio/appCreator/studio_activity/430.png
/studio/activity	STUDIO	studio	appCreator	/studio/activity	390	BLOCKED		primary navigation unreachable at this width (no sidebar links, no menu button)		studio/appCreator/studio_activity/390.png
/studio/activity	STUDIO	studio	appCreator	/studio/activity	360	BLOCKED		primary navigation unreachable at this width (no sidebar links, no menu button)		studio/appCreator/studio_activity/360.png
/studio/site-access	STUDIO	studio	appCreator	/studio/site-access	1440	BLOCKED				studio/appCreator/studio_site-access/1440.png
/studio/site-access	STUDIO	studio	appCreator	/studio/site-access	1280	BLOCKED				studio/appCreator/studio_site-access/1280.png
/studio/site-access	STUDIO	studio	appCreator	/studio/site-access	1024	BLOCKED				studio/appCreator/studio_site-access/1024.png
/studio/site-access	STUDIO	studio	appCreator	/studio/site-access	768	BLOCKED		primary navigation unreachable at this width (no sidebar links, no menu button)		studio/appCreator/studio_site-access/768.png
/studio/site-access	STUDIO	studio	appCreator	/studio/site-access	430	BLOCKED		primary navigation unreachable at this width (no sidebar links, no menu button)		studio/appCreator/studio_site-access/430.png
/studio/site-access	STUDIO	studio	appCreator	/studio/site-access	390	BLOCKED		primary navigation unreachable at this width (no sidebar links, no menu button)		studio/appCreator/studio_site-access/390.png
/studio/site-access	STUDIO	studio	appCreator	/studio/site-access	360	BLOCKED		primary navigation unreachable at this width (no sidebar links, no menu button)		studio/appCreator/studio_site-access/360.png
/studio/zzz-khong-ton-tai	STUDIO	studio	appCreator	/studio/zzz-khong-ton-tai	1440	BLOCKED				studio/appCreator/studio_zzz-khong-ton-tai/1440.png
/studio/zzz-khong-ton-tai	STUDIO	studio	appCreator	/studio/zzz-khong-ton-tai	1280	BLOCKED				studio/appCreator/studio_zzz-khong-ton-tai/1280.png
/studio/zzz-khong-ton-tai	STUDIO	studio	appCreator	/studio/zzz-khong-ton-tai	1024	BLOCKED				studio/appCreator/studio_zzz-khong-ton-tai/1024.png
/studio/zzz-khong-ton-tai	STUDIO	studio	appCreator	/studio/zzz-khong-ton-tai	768	BLOCKED		primary navigation unreachable at this width (no sidebar links, no menu button)		studio/appCreator/studio_zzz-khong-ton-tai/768.png
/studio/zzz-khong-ton-tai	STUDIO	studio	appCreator	/studio/zzz-khong-ton-tai	430	BLOCKED		primary navigation unreachable at this width (no sidebar links, no menu button)		studio/appCreator/studio_zzz-khong-ton-tai/430.png
/studio/zzz-khong-ton-tai	STUDIO	studio	appCreator	/studio/zzz-khong-ton-tai	390	BLOCKED		primary navigation unreachable at this width (no sidebar links, no menu button)		studio/appCreator/studio_zzz-khong-ton-tai/390.png
/studio/zzz-khong-ton-tai	STUDIO	studio	appCreator	/studio/zzz-khong-ton-tai	360	BLOCKED		primary navigation unreachable at this width (no sidebar links, no menu button)		studio/appCreator/studio_zzz-khong-ton-tai/360.png
/login	AUTH	platform	anon	/login	1440	PASS				platform/anon/login/1440.png
/login	AUTH	platform	anon	/login	1280	PASS				platform/anon/login/1280.png
/login	AUTH	platform	anon	/login	1024	PASS				platform/anon/login/1024.png
/login	AUTH	platform	anon	/login	768	PASS				platform/anon/login/768.png
/login	AUTH	platform	anon	/login	430	PASS				platform/anon/login/430.png
/login	AUTH	platform	anon	/login	390	PASS				platform/anon/login/390.png
/login	AUTH	platform	anon	/login	360	PASS				platform/anon/login/360.png
/auth/no-access	AUTH	platform	anon	/auth/no-access	1440	PASS				platform/anon/auth_no-access/1440.png
/auth/no-access	AUTH	platform	anon	/auth/no-access	1280	PASS				platform/anon/auth_no-access/1280.png
/auth/no-access	AUTH	platform	anon	/auth/no-access	1024	PASS				platform/anon/auth_no-access/1024.png
/auth/no-access	AUTH	platform	anon	/auth/no-access	768	PASS				platform/anon/auth_no-access/768.png
/auth/no-access	AUTH	platform	anon	/auth/no-access	430	PASS				platform/anon/auth_no-access/430.png
/auth/no-access	AUTH	platform	anon	/auth/no-access	390	PASS				platform/anon/auth_no-access/390.png
/auth/no-access	AUTH	platform	anon	/auth/no-access	360	PASS				platform/anon/auth_no-access/360.png
/auth/no-workspace	AUTH	platform	anon	/auth/no-workspace	1440	PASS				platform/anon/auth_no-workspace/1440.png
/auth/no-workspace	AUTH	platform	anon	/auth/no-workspace	1280	PASS				platform/anon/auth_no-workspace/1280.png
/auth/no-workspace	AUTH	platform	anon	/auth/no-workspace	1024	PASS				platform/anon/auth_no-workspace/1024.png
/auth/no-workspace	AUTH	platform	anon	/auth/no-workspace	768	PASS				platform/anon/auth_no-workspace/768.png
/auth/no-workspace	AUTH	platform	anon	/auth/no-workspace	430	PASS				platform/anon/auth_no-workspace/430.png
/auth/no-workspace	AUTH	platform	anon	/auth/no-workspace	390	PASS				platform/anon/auth_no-workspace/390.png
/auth/no-workspace	AUTH	platform	anon	/auth/no-workspace	360	PASS				platform/anon/auth_no-workspace/360.png
/auth/activate	AUTH	platform	anon	/auth/activate	1440	PASS				platform/anon/auth_activate/1440.png
/auth/activate	AUTH	platform	anon	/auth/activate	1280	PASS				platform/anon/auth_activate/1280.png
/auth/activate	AUTH	platform	anon	/auth/activate	1024	PASS				platform/anon/auth_activate/1024.png
/auth/activate	AUTH	platform	anon	/auth/activate	768	PASS				platform/anon/auth_activate/768.png
/auth/activate	AUTH	platform	anon	/auth/activate	430	PASS				platform/anon/auth_activate/430.png
/auth/activate	AUTH	platform	anon	/auth/activate	390	PASS				platform/anon/auth_activate/390.png
/auth/activate	AUTH	platform	anon	/auth/activate	360	PASS				platform/anon/auth_activate/360.png
/platform/zzz-khong-ton-tai	AUTH	platform	anon	/platform/zzz-khong-ton-tai	1440	PASS				platform/anon/platform_zzz-khong-ton-tai/1440.png
/platform/zzz-khong-ton-tai	AUTH	platform	anon	/platform/zzz-khong-ton-tai	1280	PASS				platform/anon/platform_zzz-khong-ton-tai/1280.png
/platform/zzz-khong-ton-tai	AUTH	platform	anon	/platform/zzz-khong-ton-tai	1024	PASS				platform/anon/platform_zzz-khong-ton-tai/1024.png
/platform/zzz-khong-ton-tai	AUTH	platform	anon	/platform/zzz-khong-ton-tai	768	FAIL		primary navigation unreachable at this width (no sidebar links, no menu button)		platform/anon/platform_zzz-khong-ton-tai/768.png
/platform/zzz-khong-ton-tai	AUTH	platform	anon	/platform/zzz-khong-ton-tai	430	FAIL		primary navigation unreachable at this width (no sidebar links, no menu button)		platform/anon/platform_zzz-khong-ton-tai/430.png
/platform/zzz-khong-ton-tai	AUTH	platform	anon	/platform/zzz-khong-ton-tai	390	FAIL		primary navigation unreachable at this width (no sidebar links, no menu button)		platform/anon/platform_zzz-khong-ton-tai/390.png
/platform/zzz-khong-ton-tai	AUTH	platform	anon	/platform/zzz-khong-ton-tai	360	FAIL		primary navigation unreachable at this width (no sidebar links, no menu button)		platform/anon/platform_zzz-khong-ton-tai/360.png
/login	AUTH	admin	anon	/login	1440	PASS				admin/anon/login/1440.png
/login	AUTH	admin	anon	/login	1280	PASS				admin/anon/login/1280.png
/login	AUTH	admin	anon	/login	1024	PASS				admin/anon/login/1024.png
/login	AUTH	admin	anon	/login	768	PASS				admin/anon/login/768.png
/login	AUTH	admin	anon	/login	430	PASS				admin/anon/login/430.png
/login	AUTH	admin	anon	/login	390	PASS				admin/anon/login/390.png
/login	AUTH	admin	anon	/login	360	PASS				admin/anon/login/360.png
/auth/no-access	AUTH	admin	anon	/auth/no-access	1440	PASS				admin/anon/auth_no-access/1440.png
/auth/no-access	AUTH	admin	anon	/auth/no-access	1280	PASS				admin/anon/auth_no-access/1280.png
/auth/no-access	AUTH	admin	anon	/auth/no-access	1024	PASS				admin/anon/auth_no-access/1024.png
/auth/no-access	AUTH	admin	anon	/auth/no-access	768	PASS				admin/anon/auth_no-access/768.png
/auth/no-access	AUTH	admin	anon	/auth/no-access	430	PASS				admin/anon/auth_no-access/430.png
/auth/no-access	AUTH	admin	anon	/auth/no-access	390	PASS				admin/anon/auth_no-access/390.png
/auth/no-access	AUTH	admin	anon	/auth/no-access	360	PASS				admin/anon/auth_no-access/360.png
/auth/no-workspace	AUTH	admin	anon	/auth/no-workspace	1440	PASS				admin/anon/auth_no-workspace/1440.png
/auth/no-workspace	AUTH	admin	anon	/auth/no-workspace	1280	PASS				admin/anon/auth_no-workspace/1280.png
/auth/no-workspace	AUTH	admin	anon	/auth/no-workspace	1024	PASS				admin/anon/auth_no-workspace/1024.png
/auth/no-workspace	AUTH	admin	anon	/auth/no-workspace	768	PASS				admin/anon/auth_no-workspace/768.png
/auth/no-workspace	AUTH	admin	anon	/auth/no-workspace	430	PASS				admin/anon/auth_no-workspace/430.png
/auth/no-workspace	AUTH	admin	anon	/auth/no-workspace	390	PASS				admin/anon/auth_no-workspace/390.png
/auth/no-workspace	AUTH	admin	anon	/auth/no-workspace	360	PASS				admin/anon/auth_no-workspace/360.png
/auth/activate	AUTH	admin	anon	/auth/activate	1440	PASS				admin/anon/auth_activate/1440.png
/auth/activate	AUTH	admin	anon	/auth/activate	1280	PASS				admin/anon/auth_activate/1280.png
/auth/activate	AUTH	admin	anon	/auth/activate	1024	PASS				admin/anon/auth_activate/1024.png
/auth/activate	AUTH	admin	anon	/auth/activate	768	PASS				admin/anon/auth_activate/768.png
/auth/activate	AUTH	admin	anon	/auth/activate	430	PASS				admin/anon/auth_activate/430.png
/auth/activate	AUTH	admin	anon	/auth/activate	390	PASS				admin/anon/auth_activate/390.png
/auth/activate	AUTH	admin	anon	/auth/activate	360	PASS				admin/anon/auth_activate/360.png
/admin/zzz-khong-ton-tai	AUTH	admin	anon	/admin/zzz-khong-ton-tai	1440	PASS				admin/anon/admin_zzz-khong-ton-tai/1440.png
/admin/zzz-khong-ton-tai	AUTH	admin	anon	/admin/zzz-khong-ton-tai	1280	PASS				admin/anon/admin_zzz-khong-ton-tai/1280.png
/admin/zzz-khong-ton-tai	AUTH	admin	anon	/admin/zzz-khong-ton-tai	1024	PASS				admin/anon/admin_zzz-khong-ton-tai/1024.png
/admin/zzz-khong-ton-tai	AUTH	admin	anon	/admin/zzz-khong-ton-tai	768	FAIL		primary navigation unreachable at this width (no sidebar links, no menu button)		admin/anon/admin_zzz-khong-ton-tai/768.png
/admin/zzz-khong-ton-tai	AUTH	admin	anon	/admin/zzz-khong-ton-tai	430	FAIL		primary navigation unreachable at this width (no sidebar links, no menu button)		admin/anon/admin_zzz-khong-ton-tai/430.png
/admin/zzz-khong-ton-tai	AUTH	admin	anon	/admin/zzz-khong-ton-tai	390	FAIL		primary navigation unreachable at this width (no sidebar links, no menu button)		admin/anon/admin_zzz-khong-ton-tai/390.png
/admin/zzz-khong-ton-tai	AUTH	admin	anon	/admin/zzz-khong-ton-tai	360	FAIL		primary navigation unreachable at this width (no sidebar links, no menu button)		admin/anon/admin_zzz-khong-ton-tai/360.png
/login	AUTH	studio	anon	/login	1440	PASS				studio/anon/login/1440.png
/login	AUTH	studio	anon	/login	1280	PASS				studio/anon/login/1280.png
/login	AUTH	studio	anon	/login	1024	PASS				studio/anon/login/1024.png
/login	AUTH	studio	anon	/login	768	PASS				studio/anon/login/768.png
/login	AUTH	studio	anon	/login	430	PASS				studio/anon/login/430.png
/login	AUTH	studio	anon	/login	390	PASS				studio/anon/login/390.png
/login	AUTH	studio	anon	/login	360	PASS				studio/anon/login/360.png
/auth/no-access	AUTH	studio	anon	/auth/no-access	1440	PASS				studio/anon/auth_no-access/1440.png
/auth/no-access	AUTH	studio	anon	/auth/no-access	1280	PASS				studio/anon/auth_no-access/1280.png
/auth/no-access	AUTH	studio	anon	/auth/no-access	1024	PASS				studio/anon/auth_no-access/1024.png
/auth/no-access	AUTH	studio	anon	/auth/no-access	768	PASS				studio/anon/auth_no-access/768.png
/auth/no-access	AUTH	studio	anon	/auth/no-access	430	PASS				studio/anon/auth_no-access/430.png
/auth/no-access	AUTH	studio	anon	/auth/no-access	390	PASS				studio/anon/auth_no-access/390.png
/auth/no-access	AUTH	studio	anon	/auth/no-access	360	PASS				studio/anon/auth_no-access/360.png
/auth/no-workspace	AUTH	studio	anon	/auth/no-workspace	1440	PASS				studio/anon/auth_no-workspace/1440.png
/auth/no-workspace	AUTH	studio	anon	/auth/no-workspace	1280	PASS				studio/anon/auth_no-workspace/1280.png
/auth/no-workspace	AUTH	studio	anon	/auth/no-workspace	1024	PASS				studio/anon/auth_no-workspace/1024.png
/auth/no-workspace	AUTH	studio	anon	/auth/no-workspace	768	PASS				studio/anon/auth_no-workspace/768.png
/auth/no-workspace	AUTH	studio	anon	/auth/no-workspace	430	PASS				studio/anon/auth_no-workspace/430.png
/auth/no-workspace	AUTH	studio	anon	/auth/no-workspace	390	PASS				studio/anon/auth_no-workspace/390.png
/auth/no-workspace	AUTH	studio	anon	/auth/no-workspace	360	PASS				studio/anon/auth_no-workspace/360.png
/auth/activate	AUTH	studio	anon	/auth/activate	1440	PASS				studio/anon/auth_activate/1440.png
/auth/activate	AUTH	studio	anon	/auth/activate	1280	PASS				studio/anon/auth_activate/1280.png
/auth/activate	AUTH	studio	anon	/auth/activate	1024	PASS				studio/anon/auth_activate/1024.png
/auth/activate	AUTH	studio	anon	/auth/activate	768	PASS				studio/anon/auth_activate/768.png
/auth/activate	AUTH	studio	anon	/auth/activate	430	PASS				studio/anon/auth_activate/430.png
/auth/activate	AUTH	studio	anon	/auth/activate	390	PASS				studio/anon/auth_activate/390.png
/auth/activate	AUTH	studio	anon	/auth/activate	360	PASS				studio/anon/auth_activate/360.png
/studio/zzz-khong-ton-tai	AUTH	studio	anon	/studio/zzz-khong-ton-tai	1440	PASS				studio/anon/studio_zzz-khong-ton-tai/1440.png
/studio/zzz-khong-ton-tai	AUTH	studio	anon	/studio/zzz-khong-ton-tai	1280	PASS				studio/anon/studio_zzz-khong-ton-tai/1280.png
/studio/zzz-khong-ton-tai	AUTH	studio	anon	/studio/zzz-khong-ton-tai	1024	PASS				studio/anon/studio_zzz-khong-ton-tai/1024.png
/studio/zzz-khong-ton-tai	AUTH	studio	anon	/studio/zzz-khong-ton-tai	768	FAIL		primary navigation unreachable at this width (no sidebar links, no menu button)		studio/anon/studio_zzz-khong-ton-tai/768.png
/studio/zzz-khong-ton-tai	AUTH	studio	anon	/studio/zzz-khong-ton-tai	430	FAIL		primary navigation unreachable at this width (no sidebar links, no menu button)		studio/anon/studio_zzz-khong-ton-tai/430.png
/studio/zzz-khong-ton-tai	AUTH	studio	anon	/studio/zzz-khong-ton-tai	390	FAIL		primary navigation unreachable at this width (no sidebar links, no menu button)		studio/anon/studio_zzz-khong-ton-tai/390.png
/studio/zzz-khong-ton-tai	AUTH	studio	anon	/studio/zzz-khong-ton-tai	360	FAIL		primary navigation unreachable at this width (no sidebar links, no menu button)		studio/anon/studio_zzz-khong-ton-tai/360.png
/platform/tenants · mở "+ Tạo công ty"	CREATE_COMPANY	platform	super	/platform/tenants	1440	FAIL		1 icon svg with zero size	overlapping controls: a "Công ty TNHH Nước Sạch Việt Nam — Chi nh" × input "" | text < 12px: 11px "Không bắt buộc"	platform/super/platform_tenants/dialog__T_o_c_ng_ty/1440.png
/platform/tenants · mở "+ Tạo công ty"	CREATE_COMPANY	platform	super	/platform/tenants	1024	FAIL		1 icon svg with zero size	overlapping controls: a "Default tenant" × input "" | text < 12px: 11px "Không bắt buộc"	platform/super/platform_tenants/dialog__T_o_c_ng_ty/1024.png
/platform/tenants · mở "+ Tạo công ty"	CREATE_COMPANY	platform	super	/platform/tenants	390	PASS			text < 12px: 11px "Không bắt buộc"	platform/super/platform_tenants/dialog__T_o_c_ng_ty/390.png
/platform/tenants · mở "+ Tạo công ty"	CREATE_COMPANY	platform	super	/platform/tenants	360	PASS			overlapping controls: button.btn.primary "+ Tạo công ty" × input ""; a "Default tenant" × input "Tìm người dùng" | text < 12px: 11px "Không bắt buộc"	platform/super/platform_tenants/dialog__T_o_c_ng_ty/360.png
/platform/users · mở "+ Tạo tài khoản"	ORGANIZATION	platform	super	/platform/users	1440	FAIL		1 icon svg with zero size	overlapping controls: a "Nguyễn Văn Ưu Tiên Đặc Biệt Của Phòng Kế" × select "Không gán workspace"	platform/super/platform_users/dialog__T_o_t_i_kho_n/1440.png
/platform/users · mở "+ Tạo tài khoản"	ORGANIZATION	platform	super	/platform/users	1024	FAIL		1 icon svg with zero size	overlapping controls: a.active "Người dùng" × input ""; a "Workspace" × input ""	platform/super/platform_users/dialog__T_o_t_i_kho_n/1024.png
/platform/users · mở "+ Tạo tài khoản"	ORGANIZATION	platform	super	/platform/users	390	PASS			overlapping controls: a.active "Người dùng" × input ""; a "Workspace" × input ""	platform/super/platform_users/dialog__T_o_t_i_kho_n/390.png
/platform/users · mở "+ Tạo tài khoản"	ORGANIZATION	platform	super	/platform/users	360	PASS			overlapping controls: a.active "Người dùng" × input ""; a "Workspace" × input ""	platform/super/platform_users/dialog__T_o_t_i_kho_n/360.png
/admin/people · mở "+ Tạo tài khoản"	EMPLOYEES	admin	tenantAdmin	/admin/people	1440	FAIL		1 icon svg with zero size	overlapping controls: input "" × input ""; select "Kinh doanh – Marketing" × select "Không gán workspace Kinh doanh – Marketi"	admin/tenantAdmin/admin_people/dialog__T_o_t_i_kho_n/1440.png
/admin/people · mở "+ Tạo tài khoản"	EMPLOYEES	admin	tenantAdmin	/admin/people	1024	FAIL		1 icon svg with zero size	overlapping controls: input "" × input ""; select "Kinh doanh – Marketing" × select "Không gán workspace Kinh doanh – Marketi"	admin/tenantAdmin/admin_people/dialog__T_o_t_i_kho_n/1024.png
/admin/people · mở "+ Tạo tài khoản"	EMPLOYEES	admin	tenantAdmin	/admin/people	390	PASS			overlapping controls: input "" × input ""; button.btn.primary "+ Tạo tài khoản" × input ""	admin/tenantAdmin/admin_people/dialog__T_o_t_i_kho_n/390.png
/admin/people · mở "+ Tạo tài khoản"	EMPLOYEES	admin	tenantAdmin	/admin/people	360	PASS			overlapping controls: input "" × input ""; button.btn.primary "+ Tạo tài khoản" × input ""	admin/tenantAdmin/admin_people/dialog__T_o_t_i_kho_n/360.png
/studio/projects/fceb042a-ad9c-4dba-8d01-b3529614ebaa/design · mở "Phiên bản"	STUDIO	studio	workspaceAdmin	/studio/projects/fceb042a-ad9c-4dba-8d01-b3529614ebaa/design	1440	PASS			overlapping controls: button.button.primary "Xuất bản" × button.button.icon "Đóng" | text < 12px: 11px "Trang chủ"; 11px "/" | 0 visible h1 | focus is not returned to the control that opened the dialog	studio/workspaceAdmin/studio_projects_id_design/dialog_Phi_n_b_n/1440.png
/studio/projects/fceb042a-ad9c-4dba-8d01-b3529614ebaa/design · mở "Tệp"	STUDIO	studio	workspaceAdmin	/studio/projects/fceb042a-ad9c-4dba-8d01-b3529614ebaa/design	1440	PASS			overlapping controls: button.button.primary "Xuất bản" × button.button.icon "Đóng" | text < 12px: 11px "Trang chủ"; 11px "/" | 0 visible h1 | focus is not returned to the control that opened the dialog	studio/workspaceAdmin/studio_projects_id_design/dialog_T_p/1440.png
/studio/projects/fceb042a-ad9c-4dba-8d01-b3529614ebaa/design · mở "Cài đặt project"	STUDIO	studio	workspaceAdmin	/studio/projects/fceb042a-ad9c-4dba-8d01-b3529614ebaa/design	1440	FAIL		dialog footer/primary button is outside the viewport (not reachable without scrolling the page)	text < 12px: 11px "Trang chủ"; 11px "/" | 0 visible h1 | focus is not returned to the control that opened the dialog	studio/workspaceAdmin/studio_projects_id_design/dialog_C_i_t_project/1440.png
/studio/projects/fceb042a-ad9c-4dba-8d01-b3529614ebaa/design · mở "Chia sẻ"	STUDIO	studio	workspaceAdmin	/studio/projects/fceb042a-ad9c-4dba-8d01-b3529614ebaa/design	1440	FAIL		dialog footer/primary button is outside the viewport (not reachable without scrolling the page)	overlapping controls: button.button.primary "Xuất bản" × button.button.icon "Đóng" | text < 12px: 11px "Trang chủ"; 11px "/" | 0 visible h1 | focus is not returned to the control that opened the dialog	studio/workspaceAdmin/studio_projects_id_design/dialog_Chia_s_/1440.png
/studio/projects/fceb042a-ad9c-4dba-8d01-b3529614ebaa/design · mở "Xuất bản"	STUDIO	studio	workspaceAdmin	/studio/projects/fceb042a-ad9c-4dba-8d01-b3529614ebaa/design	1440	PASS			text < 12px: 11px "Trang chủ"; 11px "/" | 0 visible h1 | focus is not returned to the control that opened the dialog	studio/workspaceAdmin/studio_projects_id_design/dialog_Xu_t_b_n/1440.png
/studio/projects/fceb042a-ad9c-4dba-8d01-b3529614ebaa/design · mở "Đổi tên / đường dẫn"	STUDIO	studio	workspaceAdmin	/studio/projects/fceb042a-ad9c-4dba-8d01-b3529614ebaa/design	1440	PASS			text < 12px: 11px "Trang chủ"; 11px "/" | 0 visible h1	studio/workspaceAdmin/studio_projects_id_design/dialog__i_t_n_ng_d_n/1440.png
/studio/projects/fceb042a-ad9c-4dba-8d01-b3529614ebaa/design · mở "Phiên bản"	STUDIO	studio	workspaceAdmin	/studio/projects/fceb042a-ad9c-4dba-8d01-b3529614ebaa/design	1024	PASS			overlapping controls: button "Điện thoại" × button.button.icon "Đóng" | text < 12px: 11px "Trang chủ"; 11px "/" | 0 visible h1 | focus is not returned to the control that opened the dialog	studio/workspaceAdmin/studio_projects_id_design/dialog_Phi_n_b_n/1024.png
/studio/projects/fceb042a-ad9c-4dba-8d01-b3529614ebaa/design · mở "Tệp"	STUDIO	studio	workspaceAdmin	/studio/projects/fceb042a-ad9c-4dba-8d01-b3529614ebaa/design	1024	PASS			overlapping controls: button "Điện thoại" × button.button.icon "Đóng" | text < 12px: 11px "Trang chủ"; 11px "/" | 0 visible h1 | focus is not returned to the control that opened the dialog	studio/workspaceAdmin/studio_projects_id_design/dialog_T_p/1024.png
/studio/projects/fceb042a-ad9c-4dba-8d01-b3529614ebaa/design · mở "Cài đặt project"	STUDIO	studio	workspaceAdmin	/studio/projects/fceb042a-ad9c-4dba-8d01-b3529614ebaa/design	1024	FAIL		dialog footer/primary button is outside the viewport (not reachable without scrolling the page)	overlapping controls: button.bx-handle "⋮⋮" × input "" | text < 12px: 11px "Trang chủ"; 11px "/" | 0 visible h1 | focus is not returned to the control that opened the dialog	studio/workspaceAdmin/studio_projects_id_design/dialog_C_i_t_project/1024.png
/studio/projects/fceb042a-ad9c-4dba-8d01-b3529614ebaa/design · mở "Chia sẻ"	STUDIO	studio	workspaceAdmin	/studio/projects/fceb042a-ad9c-4dba-8d01-b3529614ebaa/design	1024	FAIL		dialog footer/primary button is outside the viewport (not reachable without scrolling the page)	overlapping controls: button "Điện thoại" × button.button.icon "Đóng"; button.bx-handle "⋮⋮" × button.smallButton.danger "Rời" | text < 12px: 11px "Trang chủ"; 11px "/" | 0 visible h1 | focus is not returned to the control that opened the dialog	studio/workspaceAdmin/studio_projects_id_design/dialog_Chia_s_/1024.png
/studio/projects/fceb042a-ad9c-4dba-8d01-b3529614ebaa/design · mở "Xuất bản"	STUDIO	studio	workspaceAdmin	/studio/projects/fceb042a-ad9c-4dba-8d01-b3529614ebaa/design	1024	PASS			overlapping controls: button.bx-mini "Đưa Thanh điều hướng xuống" × button.publishChoice "Riêng tư Chỉ thành viên được cấp quyền."; button.bx-mini "Đưa Đầu trang (Hero) xuống" × button.publishChoice "Riêng tư Chỉ thành viên được cấp quyền." | text < 12px: 11px "Trang chủ"; 11px "/" | 0 visible h1 | focus is not returned to the control that opened the dialog	studio/workspaceAdmin/studio_projects_id_design/dialog_Xu_t_b_n/1024.png
/studio/projects/fceb042a-ad9c-4dba-8d01-b3529614ebaa/design · mở "Đổi tên / đường dẫn"	STUDIO	studio	workspaceAdmin	/studio/projects/fceb042a-ad9c-4dba-8d01-b3529614ebaa/design	1024	PASS			overlapping controls: button.button.icon "Danh sách ứng dụng" × button.bx-drag "Kéo để di chuyển Thanh điều hướng"; button.button.ghost "Website" × button.bx-drag "Kéo để di chuyển Đầu trang (Hero)" | text < 12px: 11px "Trang chủ"; 11px "/" | 0 visible h1	studio/workspaceAdmin/studio_projects_id_design/dialog__i_t_n_ng_d_n/1024.png
/studio/projects/fceb042a-ad9c-4dba-8d01-b3529614ebaa/design · mở "Phiên bản"	STUDIO	studio	workspaceAdmin	/studio/projects/fceb042a-ad9c-4dba-8d01-b3529614ebaa/design	390	PASS			overlapping controls: button#rail-tab-actions "Hành động" × aside.bx-right "Chưa chọn mục nào Chọn một mục trong “T"; button#rail-tab-workflows "Workflow" × aside.bx-right "Chưa chọn mục nào Chọn một mục trong “T" | text < 12px: 11px "Trang chủ"; 11px "/" | 0 visible h1 | focus is not returned to the control that opened the dialog	studio/workspaceAdmin/studio_projects_id_design/dialog_Phi_n_b_n/390.png
/studio/projects/fceb042a-ad9c-4dba-8d01-b3529614ebaa/design · mở "Tệp"	STUDIO	studio	workspaceAdmin	/studio/projects/fceb042a-ad9c-4dba-8d01-b3529614ebaa/design	390	PASS			overlapping controls: button#rail-tab-actions "Hành động" × aside.bx-right "Chưa chọn mục nào Chọn một mục trong “T"; button#rail-tab-workflows "Workflow" × aside.bx-right "Chưa chọn mục nào Chọn một mục trong “T" | text < 12px: 11px "Trang chủ"; 11px "/" | 0 visible h1 | focus is not returned to the control that opened the dialog	studio/workspaceAdmin/studio_projects_id_design/dialog_T_p/390.png
/studio/projects/fceb042a-ad9c-4dba-8d01-b3529614ebaa/design · mở "Cài đặt project"	STUDIO	studio	workspaceAdmin	/studio/projects/fceb042a-ad9c-4dba-8d01-b3529614ebaa/design	390	FAIL		dialog footer/primary button is outside the viewport (not reachable without scrolling the page)	overlapping controls: button "Code" × input ""; button.active "Chỉnh sửa" × input "" | text < 12px: 11px "Trang chủ"; 11px "/" | 0 visible h1 | focus is not returned to the control that opened the dialog	studio/workspaceAdmin/studio_projects_id_design/dialog_C_i_t_project/390.png
/studio/projects/fceb042a-ad9c-4dba-8d01-b3529614ebaa/design · mở "Chia sẻ"	STUDIO	studio	workspaceAdmin	/studio/projects/fceb042a-ad9c-4dba-8d01-b3529614ebaa/design	390	FAIL		dialog footer/primary button is outside the viewport (not reachable without scrolling the page)	overlapping controls: button#rail-tab-actions "Hành động" × aside.bx-right "Chưa chọn mục nào Chọn một mục trong “T"; button#rail-tab-workflows "Workflow" × aside.bx-right "Chưa chọn mục nào Chọn một mục trong “T" | text < 12px: 11px "Trang chủ"; 11px "/" | 0 visible h1 | focus is not returned to the control that opened the dialog	studio/workspaceAdmin/studio_projects_id_design/dialog_Chia_s_/390.png
/studio/projects/fceb042a-ad9c-4dba-8d01-b3529614ebaa/design · mở "Xuất bản"	STUDIO	studio	workspaceAdmin	/studio/projects/fceb042a-ad9c-4dba-8d01-b3529614ebaa/design	390	PASS			overlapping controls: button#rail-tab-actions "Hành động" × aside.bx-right "Chưa chọn mục nào Chọn một mục trong “T"; button#rail-tab-workflows "Workflow" × aside.bx-right "Chưa chọn mục nào Chọn một mục trong “T" | text < 12px: 11px "Trang chủ"; 11px "/" | 0 visible h1 | focus is not returned to the control that opened the dialog	studio/workspaceAdmin/studio_projects_id_design/dialog_Xu_t_b_n/390.png
/studio/projects/fceb042a-ad9c-4dba-8d01-b3529614ebaa/design · mở "Đổi tên / đường dẫn"	STUDIO	studio	workspaceAdmin	/studio/projects/fceb042a-ad9c-4dba-8d01-b3529614ebaa/design	390	PASS			overlapping controls: button#rail-tab-pages.active "Trang" × button.bx-drag "Kéo để di chuyển Chân trang"; button#rail-tab-actions "Hành động" × button.bx-drag "Kéo để di chuyển Chân trang" | text < 12px: 11px "Trang chủ"; 11px "/" | 0 visible h1	studio/workspaceAdmin/studio_projects_id_design/dialog__i_t_n_ng_d_n/390.png
/studio/projects/fceb042a-ad9c-4dba-8d01-b3529614ebaa/design · mở "Phiên bản"	STUDIO	studio	workspaceAdmin	/studio/projects/fceb042a-ad9c-4dba-8d01-b3529614ebaa/design	360	PASS			overlapping controls: button#rail-tab-actions "Hành động" × aside.bx-right "Chưa chọn mục nào Chọn một mục trong “T"; button#rail-tab-workflows "Workflow" × aside.bx-right "Chưa chọn mục nào Chọn một mục trong “T" | text < 12px: 11px "Trang chủ"; 11px "/" | 0 visible h1 | focus is not returned to the control that opened the dialog	studio/workspaceAdmin/studio_projects_id_design/dialog_Phi_n_b_n/360.png
/studio/projects/fceb042a-ad9c-4dba-8d01-b3529614ebaa/design · mở "Tệp"	STUDIO	studio	workspaceAdmin	/studio/projects/fceb042a-ad9c-4dba-8d01-b3529614ebaa/design	360	PASS			overlapping controls: button#rail-tab-actions "Hành động" × aside.bx-right "Chưa chọn mục nào Chọn một mục trong “T"; button#rail-tab-workflows "Workflow" × aside.bx-right "Chưa chọn mục nào Chọn một mục trong “T" | text < 12px: 11px "Trang chủ"; 11px "/" | 0 visible h1 | focus is not returned to the control that opened the dialog	studio/workspaceAdmin/studio_projects_id_design/dialog_T_p/360.png
/studio/projects/fceb042a-ad9c-4dba-8d01-b3529614ebaa/design · mở "Cài đặt project"	STUDIO	studio	workspaceAdmin	/studio/projects/fceb042a-ad9c-4dba-8d01-b3529614ebaa/design	360	FAIL		dialog footer/primary button is outside the viewport (not reachable without scrolling the page)	overlapping controls: button "Code" × select "Mock (cục bộ) Self-host Cloud"; button.active "Chỉnh sửa" × select "Mock (cục bộ) Self-host Cloud" | text < 12px: 11px "Trang chủ"; 11px "/" | 0 visible h1 | focus is not returned to the control that opened the dialog	studio/workspaceAdmin/studio_projects_id_design/dialog_C_i_t_project/360.png
/studio/projects/fceb042a-ad9c-4dba-8d01-b3529614ebaa/design · mở "Chia sẻ"	STUDIO	studio	workspaceAdmin	/studio/projects/fceb042a-ad9c-4dba-8d01-b3529614ebaa/design	360	FAIL		dialog footer/primary button is outside the viewport (not reachable without scrolling the page)	overlapping controls: button#rail-tab-data "Dữ liệu" × select "Quản trị workspace Biên tập Xuất bản Chỉ"; button#rail-tab-forms "Biểu mẫu" × select "Quản trị workspace Biên tập Xuất bản Chỉ" | text < 12px: 11px "Trang chủ"; 11px "/" | 0 visible h1 | focus is not returned to the control that opened the dialog	studio/workspaceAdmin/studio_projects_id_design/dialog_Chia_s_/360.png
/studio/projects/fceb042a-ad9c-4dba-8d01-b3529614ebaa/design · mở "Xuất bản"	STUDIO	studio	workspaceAdmin	/studio/projects/fceb042a-ad9c-4dba-8d01-b3529614ebaa/design	360	PASS			overlapping controls: button#rail-tab-components "Thành phần" × button.button.ghost "Gỡ trang xuống"; button#rail-tab-data "Dữ liệu" × button.button.ghost "Hủy" | text < 12px: 11px "Trang chủ"; 11px "/" | 0 visible h1 | focus is not returned to the control that opened the dialog	studio/workspaceAdmin/studio_projects_id_design/dialog_Xu_t_b_n/360.png
/studio/projects/fceb042a-ad9c-4dba-8d01-b3529614ebaa/design · mở "Đổi tên / đường dẫn"	STUDIO	studio	workspaceAdmin	/studio/projects/fceb042a-ad9c-4dba-8d01-b3529614ebaa/design	360	PASS			overlapping controls: button#rail-tab-pages.active "Trang" × button.bx-drag "Kéo để di chuyển Chân trang"; button#rail-tab-forms "Biểu mẫu" × button.bx-mini "Đưa Chân trang lên" | text < 12px: 11px "Trang chủ"; 11px "/" | 0 visible h1	studio/workspaceAdmin/studio_projects_id_design/dialog__i_t_n_ng_d_n/360.png
/studio/projects/fceb042a-ad9c-4dba-8d01-b3529614ebaa/ai · mở "Phiên bản"	STUDIO	studio	workspaceAdmin	/studio/projects/fceb042a-ad9c-4dba-8d01-b3529614ebaa/ai	1440	PASS			overlapping controls: button.button.primary "Xuất bản" × button.button.icon "Đóng" | text < 12px: 11px "AI hiện chưa được quản trị viê"; 11px "Gửi ↑" | focus is not returned to the control that opened the dialog	studio/workspaceAdmin/studio_projects_id_ai/dialog_Phi_n_b_n/1440.png
/studio/projects/fceb042a-ad9c-4dba-8d01-b3529614ebaa/ai · mở "Tệp"	STUDIO	studio	workspaceAdmin	/studio/projects/fceb042a-ad9c-4dba-8d01-b3529614ebaa/ai	1440	PASS			overlapping controls: button.button.primary "Xuất bản" × button.button.icon "Đóng" | text < 12px: 11px "AI hiện chưa được quản trị viê"; 11px "Gửi ↑" | focus is not returned to the control that opened the dialog	studio/workspaceAdmin/studio_projects_id_ai/dialog_T_p/1440.png
/studio/projects/fceb042a-ad9c-4dba-8d01-b3529614ebaa/ai · mở "Chia sẻ"	STUDIO	studio	workspaceAdmin	/studio/projects/fceb042a-ad9c-4dba-8d01-b3529614ebaa/ai	1440	FAIL		dialog footer/primary button is outside the viewport (not reachable without scrolling the page)	overlapping controls: button.button.primary "Xuất bản" × button.button.icon "Đóng" | text < 12px: 11px "AI hiện chưa được quản trị viê"; 11px "Gửi ↑" | focus is not returned to the control that opened the dialog	studio/workspaceAdmin/studio_projects_id_ai/dialog_Chia_s_/1440.png
/studio/projects/fceb042a-ad9c-4dba-8d01-b3529614ebaa/ai · mở "Cài đặt project"	STUDIO	studio	workspaceAdmin	/studio/projects/fceb042a-ad9c-4dba-8d01-b3529614ebaa/ai	1440	FAIL		dialog footer/primary button is outside the viewport (not reachable without scrolling the page)	text < 12px: 11px "AI hiện chưa được quản trị viê"; 11px "Gửi ↑" | focus is not returned to the control that opened the dialog	studio/workspaceAdmin/studio_projects_id_ai/dialog_C_i_t_project/1440.png
/studio/projects/fceb042a-ad9c-4dba-8d01-b3529614ebaa/ai · mở "Xuất bản"	STUDIO	studio	workspaceAdmin	/studio/projects/fceb042a-ad9c-4dba-8d01-b3529614ebaa/ai	1440	PASS			text < 12px: 11px "AI hiện chưa được quản trị viê"; 11px "Gửi ↑" | focus is not returned to the control that opened the dialog	studio/workspaceAdmin/studio_projects_id_ai/dialog_Xu_t_b_n/1440.png
/studio/projects/fceb042a-ad9c-4dba-8d01-b3529614ebaa/ai · mở "Phiên bản"	STUDIO	studio	workspaceAdmin	/studio/projects/fceb042a-ad9c-4dba-8d01-b3529614ebaa/ai	1024	PASS			overlapping controls: button.button.primary "Xuất bản" × button.button.icon "Đóng" | text < 12px: 11px "AI hiện chưa được quản trị viê"; 11px "Gửi ↑" | focus is not returned to the control that opened the dialog	studio/workspaceAdmin/studio_projects_id_ai/dialog_Phi_n_b_n/1024.png
/studio/projects/fceb042a-ad9c-4dba-8d01-b3529614ebaa/ai · mở "Tệp"	STUDIO	studio	workspaceAdmin	/studio/projects/fceb042a-ad9c-4dba-8d01-b3529614ebaa/ai	1024	PASS			overlapping controls: button.button.primary "Xuất bản" × button.button.icon "Đóng" | text < 12px: 11px "AI hiện chưa được quản trị viê"; 11px "Gửi ↑" | focus is not returned to the control that opened the dialog	studio/workspaceAdmin/studio_projects_id_ai/dialog_T_p/1024.png
/studio/projects/fceb042a-ad9c-4dba-8d01-b3529614ebaa/ai · mở "Chia sẻ"	STUDIO	studio	workspaceAdmin	/studio/projects/fceb042a-ad9c-4dba-8d01-b3529614ebaa/ai	1024	FAIL		dialog footer/primary button is outside the viewport (not reachable without scrolling the page)	overlapping controls: button.button.primary "Xuất bản" × button.button.icon "Đóng" | text < 12px: 11px "AI hiện chưa được quản trị viê"; 11px "Gửi ↑" | focus is not returned to the control that opened the dialog	studio/workspaceAdmin/studio_projects_id_ai/dialog_Chia_s_/1024.png
/studio/projects/fceb042a-ad9c-4dba-8d01-b3529614ebaa/ai · mở "Cài đặt project"	STUDIO	studio	workspaceAdmin	/studio/projects/fceb042a-ad9c-4dba-8d01-b3529614ebaa/ai	1024	FAIL		dialog footer/primary button is outside the viewport (not reachable without scrolling the page)	text < 12px: 11px "AI hiện chưa được quản trị viê"; 11px "Gửi ↑" | focus is not returned to the control that opened the dialog	studio/workspaceAdmin/studio_projects_id_ai/dialog_C_i_t_project/1024.png
/studio/projects/fceb042a-ad9c-4dba-8d01-b3529614ebaa/ai · mở "Xuất bản"	STUDIO	studio	workspaceAdmin	/studio/projects/fceb042a-ad9c-4dba-8d01-b3529614ebaa/ai	1024	PASS			text < 12px: 11px "AI hiện chưa được quản trị viê"; 11px "Gửi ↑" | focus is not returned to the control that opened the dialog	studio/workspaceAdmin/studio_projects_id_ai/dialog_Xu_t_b_n/1024.png
/studio/projects/fceb042a-ad9c-4dba-8d01-b3529614ebaa/ai · mở "Xuất bản"	STUDIO	studio	workspaceAdmin	/studio/projects/fceb042a-ad9c-4dba-8d01-b3529614ebaa/ai	390	FAIL		1 icon svg with zero size	overlapping controls: button.starter "Thêm bảng so sánh sản phẩm" × a "http://127.0.0.1:51088/trang-gioi-thieu-"; button.starter "Thêm một sản phẩm mới" × button.publishChoice "Riêng tư Chỉ thành viên được cấp quyền." | text < 12px: 11px "AI hiện chưa được quản trị viê"; 11px "Gửi ↑" | focus is not returned to the control that opened the dialog	studio/workspaceAdmin/studio_projects_id_ai/dialog_Xu_t_b_n/390.png
/studio/projects/fceb042a-ad9c-4dba-8d01-b3529614ebaa/ai · mở "Xuất bản"	STUDIO	studio	workspaceAdmin	/studio/projects/fceb042a-ad9c-4dba-8d01-b3529614ebaa/ai	360	FAIL		1 icon svg with zero size	overlapping controls: button.starter "Ẩn phần đánh giá" × button.publishChoice "Riêng tư Chỉ thành viên được cấp quyền."; button.starter "Thêm một sản phẩm mới" × button.publishChoice "Riêng tư Chỉ thành viên được cấp quyền." | text < 12px: 11px "AI hiện chưa được quản trị viê"; 11px "Gửi ↑" | focus is not returned to the control that opened the dialog	studio/workspaceAdmin/studio_projects_id_ai/dialog_Xu_t_b_n/360.png
builder · rail "Trang"	STUDIO	studio	workspaceAdmin	/studio/projects/fceb042a-ad9c-4dba-8d01-b3529614ebaa/design	1440	PASS	KNOWN_NOT_READY		text < 12px: 11px "Trang chủ"; 11px "/" | 0 visible h1	studio/workspaceAdmin/builder_rail_Trang_/1440.png
builder · rail "Thành phần"	STUDIO	studio	workspaceAdmin	/studio/projects/fceb042a-ad9c-4dba-8d01-b3529614ebaa/design	1440	PASS	KNOWN_NOT_READY		text < 12px: 11px "Chưa sẵn sàng"; 11px "Chưa sẵn sàng" | 0 visible h1	studio/workspaceAdmin/builder_rail_Th_nh_ph_n_/1440.png
builder · rail "Dữ liệu"	DATA_ACTION_WORKFLOW	studio	workspaceAdmin	/studio/projects/fceb042a-ad9c-4dba-8d01-b3529614ebaa/design	1440	PASS			text < 12px: 11px "chưa"; 11px "Chữ thường, số, dấu gạch ngang" | 0 visible h1	studio/workspaceAdmin/builder_rail_D_li_u_/1440.png
builder · rail "Biểu mẫu"	DATA_ACTION_WORKFLOW	studio	workspaceAdmin	/studio/projects/fceb042a-ad9c-4dba-8d01-b3529614ebaa/design	1440	PASS			0 visible h1	studio/workspaceAdmin/builder_rail_Bi_u_m_u_/1440.png
builder · rail "Hành động"	DATA_ACTION_WORKFLOW	studio	workspaceAdmin	/studio/projects/fceb042a-ad9c-4dba-8d01-b3529614ebaa/design	1440	PASS			text < 12px: 11px "Gắn vào thành phần" | 0 visible h1	studio/workspaceAdmin/builder_rail_H_nh_ng_/1440.png
builder · rail "Workflow"	DATA_ACTION_WORKFLOW	studio	workspaceAdmin	/studio/projects/fceb042a-ad9c-4dba-8d01-b3529614ebaa/design	1440	PASS			0 visible h1	studio/workspaceAdmin/builder_rail_Workflow_/1440.png
builder · rail "Giao diện"	STUDIO	studio	workspaceAdmin	/studio/projects/fceb042a-ad9c-4dba-8d01-b3529614ebaa/design	1440	PASS			0 visible h1	studio/workspaceAdmin/builder_rail_Giao_di_n_/1440.png
builder · rail "AI"	STUDIO	studio	workspaceAdmin	/studio/projects/fceb042a-ad9c-4dba-8d01-b3529614ebaa/design	1440	PASS			0 visible h1	studio/workspaceAdmin/builder_rail_AI_/1440.png
builder · rail "Trang"	STUDIO	studio	workspaceAdmin	/studio/projects/fceb042a-ad9c-4dba-8d01-b3529614ebaa/design	1280	PASS	KNOWN_NOT_READY		text < 12px: 11px "Trang chủ"; 11px "/" | 0 visible h1	studio/workspaceAdmin/builder_rail_Trang_/1280.png
builder · rail "Thành phần"	STUDIO	studio	workspaceAdmin	/studio/projects/fceb042a-ad9c-4dba-8d01-b3529614ebaa/design	1280	PASS	KNOWN_NOT_READY		text < 12px: 11px "Chưa sẵn sàng"; 11px "Chưa sẵn sàng" | 0 visible h1	studio/workspaceAdmin/builder_rail_Th_nh_ph_n_/1280.png
builder · rail "Dữ liệu"	DATA_ACTION_WORKFLOW	studio	workspaceAdmin	/studio/projects/fceb042a-ad9c-4dba-8d01-b3529614ebaa/design	1280	PASS			text < 12px: 11px "chưa"; 11px "Chữ thường, số, dấu gạch ngang" | 0 visible h1	studio/workspaceAdmin/builder_rail_D_li_u_/1280.png
builder · rail "Biểu mẫu"	DATA_ACTION_WORKFLOW	studio	workspaceAdmin	/studio/projects/fceb042a-ad9c-4dba-8d01-b3529614ebaa/design	1280	PASS			0 visible h1	studio/workspaceAdmin/builder_rail_Bi_u_m_u_/1280.png
builder · rail "Hành động"	DATA_ACTION_WORKFLOW	studio	workspaceAdmin	/studio/projects/fceb042a-ad9c-4dba-8d01-b3529614ebaa/design	1280	PASS			text < 12px: 11px "Gắn vào thành phần" | 0 visible h1	studio/workspaceAdmin/builder_rail_H_nh_ng_/1280.png
builder · rail "Workflow"	DATA_ACTION_WORKFLOW	studio	workspaceAdmin	/studio/projects/fceb042a-ad9c-4dba-8d01-b3529614ebaa/design	1280	PASS			0 visible h1	studio/workspaceAdmin/builder_rail_Workflow_/1280.png
builder · rail "Giao diện"	STUDIO	studio	workspaceAdmin	/studio/projects/fceb042a-ad9c-4dba-8d01-b3529614ebaa/design	1280	PASS			0 visible h1	studio/workspaceAdmin/builder_rail_Giao_di_n_/1280.png
builder · rail "AI"	STUDIO	studio	workspaceAdmin	/studio/projects/fceb042a-ad9c-4dba-8d01-b3529614ebaa/design	1280	PASS			0 visible h1	studio/workspaceAdmin/builder_rail_AI_/1280.png
builder · rail "Trang"	STUDIO	studio	workspaceAdmin	/studio/projects/fceb042a-ad9c-4dba-8d01-b3529614ebaa/design	1024	PASS	KNOWN_NOT_READY		text < 12px: 11px "Trang chủ"; 11px "/" | 0 visible h1	studio/workspaceAdmin/builder_rail_Trang_/1024.png
builder · rail "Thành phần"	STUDIO	studio	workspaceAdmin	/studio/projects/fceb042a-ad9c-4dba-8d01-b3529614ebaa/design	1024	PASS	KNOWN_NOT_READY		text < 12px: 11px "Chưa sẵn sàng"; 11px "Chưa sẵn sàng" | 0 visible h1	studio/workspaceAdmin/builder_rail_Th_nh_ph_n_/1024.png
builder · rail "Dữ liệu"	DATA_ACTION_WORKFLOW	studio	workspaceAdmin	/studio/projects/fceb042a-ad9c-4dba-8d01-b3529614ebaa/design	1024	PASS			text < 12px: 11px "chưa"; 11px "Chữ thường, số, dấu gạch ngang" | 0 visible h1	studio/workspaceAdmin/builder_rail_D_li_u_/1024.png
builder · rail "Biểu mẫu"	DATA_ACTION_WORKFLOW	studio	workspaceAdmin	/studio/projects/fceb042a-ad9c-4dba-8d01-b3529614ebaa/design	1024	PASS			0 visible h1	studio/workspaceAdmin/builder_rail_Bi_u_m_u_/1024.png
builder · rail "Hành động"	DATA_ACTION_WORKFLOW	studio	workspaceAdmin	/studio/projects/fceb042a-ad9c-4dba-8d01-b3529614ebaa/design	1024	PASS			text < 12px: 11px "Gắn vào thành phần" | 0 visible h1	studio/workspaceAdmin/builder_rail_H_nh_ng_/1024.png
builder · rail "Workflow"	DATA_ACTION_WORKFLOW	studio	workspaceAdmin	/studio/projects/fceb042a-ad9c-4dba-8d01-b3529614ebaa/design	1024	PASS			0 visible h1	studio/workspaceAdmin/builder_rail_Workflow_/1024.png
builder · rail "Giao diện"	STUDIO	studio	workspaceAdmin	/studio/projects/fceb042a-ad9c-4dba-8d01-b3529614ebaa/design	1024	PASS			0 visible h1	studio/workspaceAdmin/builder_rail_Giao_di_n_/1024.png
builder · rail "AI"	STUDIO	studio	workspaceAdmin	/studio/projects/fceb042a-ad9c-4dba-8d01-b3529614ebaa/design	1024	PASS			0 visible h1	studio/workspaceAdmin/builder_rail_AI_/1024.png
builder · rail "Trang"	STUDIO	studio	workspaceAdmin	/studio/projects/fceb042a-ad9c-4dba-8d01-b3529614ebaa/design	768	PASS	KNOWN_NOT_READY		text < 12px: 11px "Trang chủ"; 11px "/" | 0 visible h1	studio/workspaceAdmin/builder_rail_Trang_/768.png
builder · rail "Thành phần"	STUDIO	studio	workspaceAdmin	/studio/projects/fceb042a-ad9c-4dba-8d01-b3529614ebaa/design	768	PASS	KNOWN_NOT_READY		text < 12px: 11px "Chưa sẵn sàng"; 11px "Chưa sẵn sàng" | 0 visible h1	studio/workspaceAdmin/builder_rail_Th_nh_ph_n_/768.png
builder · rail "Dữ liệu"	DATA_ACTION_WORKFLOW	studio	workspaceAdmin	/studio/projects/fceb042a-ad9c-4dba-8d01-b3529614ebaa/design	768	PASS			text < 12px: 11px "chưa"; 11px "Chữ thường, số, dấu gạch ngang" | 0 visible h1	studio/workspaceAdmin/builder_rail_D_li_u_/768.png
builder · rail "Biểu mẫu"	DATA_ACTION_WORKFLOW	studio	workspaceAdmin	/studio/projects/fceb042a-ad9c-4dba-8d01-b3529614ebaa/design	768	PASS			0 visible h1	studio/workspaceAdmin/builder_rail_Bi_u_m_u_/768.png
builder · rail "Hành động"	DATA_ACTION_WORKFLOW	studio	workspaceAdmin	/studio/projects/fceb042a-ad9c-4dba-8d01-b3529614ebaa/design	768	PASS			text < 12px: 11px "Gắn vào thành phần" | 0 visible h1	studio/workspaceAdmin/builder_rail_H_nh_ng_/768.png
builder · rail "Workflow"	DATA_ACTION_WORKFLOW	studio	workspaceAdmin	/studio/projects/fceb042a-ad9c-4dba-8d01-b3529614ebaa/design	768	PASS			0 visible h1	studio/workspaceAdmin/builder_rail_Workflow_/768.png
builder · rail "Giao diện"	STUDIO	studio	workspaceAdmin	/studio/projects/fceb042a-ad9c-4dba-8d01-b3529614ebaa/design	768	PASS			0 visible h1	studio/workspaceAdmin/builder_rail_Giao_di_n_/768.png
builder · rail "AI"	STUDIO	studio	workspaceAdmin	/studio/projects/fceb042a-ad9c-4dba-8d01-b3529614ebaa/design	768	PASS			0 visible h1	studio/workspaceAdmin/builder_rail_AI_/768.png
builder · rail "Trang"	STUDIO	studio	workspaceAdmin	/studio/projects/fceb042a-ad9c-4dba-8d01-b3529614ebaa/design	430	PASS	KNOWN_NOT_READY		overlapping controls: div#rail-panel-pages.bx-left-panel "Trang Trang Mọi đường dẫn hợp lệ. Tra" × aside.bx-right "Chưa chọn mục nào Chọn một mục trong “T"; button.bx-btn.sm "Trang" × aside.bx-right "Chưa chọn mục nào Chọn một mục trong “T" | text < 12px: 11px "Trang chủ"; 11px "/" | 0 visible h1	studio/workspaceAdmin/builder_rail_Trang_/430.png
builder · rail "Thành phần"	STUDIO	studio	workspaceAdmin	/studio/projects/fceb042a-ad9c-4dba-8d01-b3529614ebaa/design	430	PASS	KNOWN_NOT_READY		overlapping controls: div#rail-panel-components.bx-left-panel "Thành phần Component đã được công ty du" × aside.bx-right "Chưa chọn mục nào Chọn một mục trong “T"; button.bx-handle "⋮⋮" × aside.bx-right "Chưa chọn mục nào Chọn một mục trong “T" | text < 12px: 11px "Chưa sẵn sàng"; 11px "Chưa sẵn sàng" | 0 visible h1	studio/workspaceAdmin/builder_rail_Th_nh_ph_n_/430.png
builder · rail "Dữ liệu"	DATA_ACTION_WORKFLOW	studio	workspaceAdmin	/studio/projects/fceb042a-ad9c-4dba-8d01-b3529614ebaa/design	430	PASS			overlapping controls: div#rail-panel-data.bx-left-panel "Dữ liệu Nguồn → khám phá → truy vấn → á" × aside.bx-right "Chưa chọn mục nào Chọn một mục trong “T"; div#data-wizard-panel-source.bx-tabpanel "Nguồn do quản trị viên cấp cho ứng dụng." × button.bx-handle "⋮⋮" | text < 12px: 11px "chưa"; 11px "Chữ thường, số, dấu gạch ngang" | 0 visible h1	studio/workspaceAdmin/builder_rail_D_li_u_/430.png
builder · rail "Biểu mẫu"	DATA_ACTION_WORKFLOW	studio	workspaceAdmin	/studio/projects/fceb042a-ad9c-4dba-8d01-b3529614ebaa/design	430	PASS			overlapping controls: div#rail-panel-forms.bx-left-panel "Biểu mẫu Các biểu mẫu trong ứng dụng. G" × aside.bx-right "Chưa chọn mục nào Chọn một mục trong “T"; button.bx-handle "⋮⋮" × aside.bx-right "Chưa chọn mục nào Chọn một mục trong “T" | 0 visible h1	studio/workspaceAdmin/builder_rail_Bi_u_m_u_/430.png
builder · rail "Hành động"	DATA_ACTION_WORKFLOW	studio	workspaceAdmin	/studio/projects/fceb042a-ad9c-4dba-8d01-b3529614ebaa/design	430	PASS			overlapping controls: div#rail-panel-actions.bx-left-panel "Hành động Hành động Hành động là khai " × aside.bx-right "Chưa chọn mục nào Chọn một mục trong “T"; button.bx-btn.sm "Hành động" × aside.bx-right "Chưa chọn mục nào Chọn một mục trong “T" | text < 12px: 11px "Gắn vào thành phần" | 0 visible h1	studio/workspaceAdmin/builder_rail_H_nh_ng_/430.png
builder · rail "Workflow"	DATA_ACTION_WORKFLOW	studio	workspaceAdmin	/studio/projects/fceb042a-ad9c-4dba-8d01-b3529614ebaa/design	430	PASS			overlapping controls: div#rail-panel-workflows.bx-left-panel "Workflow Workflow Chuỗi các bước: hành" × aside.bx-right "Chưa chọn mục nào Chọn một mục trong “T"; button.bx-btn.sm "Workflow" × aside.bx-right "Chưa chọn mục nào Chọn một mục trong “T" | 0 visible h1	studio/workspaceAdmin/builder_rail_Workflow_/430.png
builder · rail "Giao diện"	STUDIO	studio	workspaceAdmin	/studio/projects/fceb042a-ad9c-4dba-8d01-b3529614ebaa/design	430	PASS			overlapping controls: div#rail-panel-theme.bx-left-panel "Giao diện Màu (#RRGGBB), phông và độ bo" × aside.bx-right "Chưa chọn mục nào Chọn một mục trong “T"; button.bx-handle "⋮⋮" × aside.bx-right "Chưa chọn mục nào Chọn một mục trong “T" | 0 visible h1	studio/workspaceAdmin/builder_rail_Giao_di_n_/430.png
builder · rail "AI"	STUDIO	studio	workspaceAdmin	/studio/projects/fceb042a-ad9c-4dba-8d01-b3529614ebaa/design	430	PASS			overlapping controls: div#rail-panel-ai.bx-left-panel "AI Mô tả thay đổi bằng lời. Kết quả đi " × aside.bx-right "Chưa chọn mục nào Chọn một mục trong “T"; button.bx-handle "⋮⋮" × aside.bx-right "Chưa chọn mục nào Chọn một mục trong “T" | 0 visible h1	studio/workspaceAdmin/builder_rail_AI_/430.png
builder · rail "Trang"	STUDIO	studio	workspaceAdmin	/studio/projects/fceb042a-ad9c-4dba-8d01-b3529614ebaa/design	390	PASS	KNOWN_NOT_READY		overlapping controls: button#rail-tab-actions "Hành động" × aside.bx-right "Chưa chọn mục nào Chọn một mục trong “T"; button#rail-tab-workflows "Workflow" × aside.bx-right "Chưa chọn mục nào Chọn một mục trong “T" | text < 12px: 11px "Trang chủ"; 11px "/" | 0 visible h1	studio/workspaceAdmin/builder_rail_Trang_/390.png
builder · rail "Thành phần"	STUDIO	studio	workspaceAdmin	/studio/projects/fceb042a-ad9c-4dba-8d01-b3529614ebaa/design	390	PASS	KNOWN_NOT_READY		overlapping controls: button#rail-tab-actions "Hành động" × aside.bx-right "Chưa chọn mục nào Chọn một mục trong “T"; button#rail-tab-workflows "Workflow" × aside.bx-right "Chưa chọn mục nào Chọn một mục trong “T" | text < 12px: 11px "Chưa sẵn sàng"; 11px "Chưa sẵn sàng" | 0 visible h1	studio/workspaceAdmin/builder_rail_Th_nh_ph_n_/390.png
builder · rail "Dữ liệu"	DATA_ACTION_WORKFLOW	studio	workspaceAdmin	/studio/projects/fceb042a-ad9c-4dba-8d01-b3529614ebaa/design	390	PASS			overlapping controls: button#rail-tab-actions "Hành động" × aside.bx-right "Chưa chọn mục nào Chọn một mục trong “T"; button#rail-tab-workflows "Workflow" × aside.bx-right "Chưa chọn mục nào Chọn một mục trong “T" | text < 12px: 11px "chưa"; 11px "Chữ thường, số, dấu gạch ngang" | 0 visible h1	studio/workspaceAdmin/builder_rail_D_li_u_/390.png
builder · rail "Biểu mẫu"	DATA_ACTION_WORKFLOW	studio	workspaceAdmin	/studio/projects/fceb042a-ad9c-4dba-8d01-b3529614ebaa/design	390	PASS			overlapping controls: button#rail-tab-actions "Hành động" × aside.bx-right "Chưa chọn mục nào Chọn một mục trong “T"; button#rail-tab-workflows "Workflow" × aside.bx-right "Chưa chọn mục nào Chọn một mục trong “T" | 0 visible h1	studio/workspaceAdmin/builder_rail_Bi_u_m_u_/390.png
builder · rail "Hành động"	DATA_ACTION_WORKFLOW	studio	workspaceAdmin	/studio/projects/fceb042a-ad9c-4dba-8d01-b3529614ebaa/design	390	PASS			overlapping controls: div#rail-panel-actions.bx-left-panel "Hành động Hành động Hành động là khai " × aside.bx-right "Chưa chọn mục nào Chọn một mục trong “T"; button.bx-btn.sm "Hành động" × aside.bx-right "Chưa chọn mục nào Chọn một mục trong “T" | text < 12px: 11px "Gắn vào thành phần" | 0 visible h1	studio/workspaceAdmin/builder_rail_H_nh_ng_/390.png
builder · rail "Workflow"	DATA_ACTION_WORKFLOW	studio	workspaceAdmin	/studio/projects/fceb042a-ad9c-4dba-8d01-b3529614ebaa/design	390	PASS			overlapping controls: div#rail-panel-workflows.bx-left-panel "Workflow Workflow Chuỗi các bước: hành" × aside.bx-right "Chưa chọn mục nào Chọn một mục trong “T"; button.bx-btn.sm "Workflow" × aside.bx-right "Chưa chọn mục nào Chọn một mục trong “T" | 0 visible h1	studio/workspaceAdmin/builder_rail_Workflow_/390.png
builder · rail "Giao diện"	STUDIO	studio	workspaceAdmin	/studio/projects/fceb042a-ad9c-4dba-8d01-b3529614ebaa/design	390	PASS			overlapping controls: div#rail-panel-theme.bx-left-panel "Giao diện Màu (#RRGGBB), phông và độ bo" × aside.bx-right "Chưa chọn mục nào Chọn một mục trong “T"; select#_r_2_ "Mặc định SYSTEM SERIF MONO ROUNDED" × button.bx-handle "⋮⋮" | 0 visible h1	studio/workspaceAdmin/builder_rail_Giao_di_n_/390.png
builder · rail "AI"	STUDIO	studio	workspaceAdmin	/studio/projects/fceb042a-ad9c-4dba-8d01-b3529614ebaa/design	390	PASS			overlapping controls: div#rail-panel-ai.bx-left-panel "AI Mô tả thay đổi bằng lời. Kết quả đi " × aside.bx-right "Chưa chọn mục nào Chọn một mục trong “T" | 0 visible h1	studio/workspaceAdmin/builder_rail_AI_/390.png
builder · rail "Trang"	STUDIO	studio	workspaceAdmin	/studio/projects/fceb042a-ad9c-4dba-8d01-b3529614ebaa/design	360	PASS	KNOWN_NOT_READY		overlapping controls: button#rail-tab-actions "Hành động" × aside.bx-right "Chưa chọn mục nào Chọn một mục trong “T"; button#rail-tab-workflows "Workflow" × aside.bx-right "Chưa chọn mục nào Chọn một mục trong “T" | text < 12px: 11px "Trang chủ"; 11px "/" | 0 visible h1	studio/workspaceAdmin/builder_rail_Trang_/360.png
builder · rail "Thành phần"	STUDIO	studio	workspaceAdmin	/studio/projects/fceb042a-ad9c-4dba-8d01-b3529614ebaa/design	360	PASS	KNOWN_NOT_READY		overlapping controls: button#rail-tab-actions "Hành động" × aside.bx-right "Chưa chọn mục nào Chọn một mục trong “T"; button#rail-tab-workflows "Workflow" × aside.bx-right "Chưa chọn mục nào Chọn một mục trong “T" | text < 12px: 11px "Chưa sẵn sàng"; 11px "Chưa sẵn sàng" | 0 visible h1	studio/workspaceAdmin/builder_rail_Th_nh_ph_n_/360.png
builder · rail "Dữ liệu"	DATA_ACTION_WORKFLOW	studio	workspaceAdmin	/studio/projects/fceb042a-ad9c-4dba-8d01-b3529614ebaa/design	360	PASS			overlapping controls: button#rail-tab-actions "Hành động" × aside.bx-right "Chưa chọn mục nào Chọn một mục trong “T"; button#rail-tab-workflows "Workflow" × aside.bx-right "Chưa chọn mục nào Chọn một mục trong “T" | text < 12px: 11px "chưa"; 11px "Chữ thường, số, dấu gạch ngang" | 0 visible h1	studio/workspaceAdmin/builder_rail_D_li_u_/360.png
builder · rail "Biểu mẫu"	DATA_ACTION_WORKFLOW	studio	workspaceAdmin	/studio/projects/fceb042a-ad9c-4dba-8d01-b3529614ebaa/design	360	PASS			overlapping controls: button#rail-tab-actions "Hành động" × aside.bx-right "Chưa chọn mục nào Chọn một mục trong “T"; button#rail-tab-workflows "Workflow" × aside.bx-right "Chưa chọn mục nào Chọn một mục trong “T" | 0 visible h1	studio/workspaceAdmin/builder_rail_Bi_u_m_u_/360.png
builder · rail "Hành động"	DATA_ACTION_WORKFLOW	studio	workspaceAdmin	/studio/projects/fceb042a-ad9c-4dba-8d01-b3529614ebaa/design	360	PASS			overlapping controls: div#rail-panel-actions.bx-left-panel "Hành động Hành động Hành động là khai " × aside.bx-right "Chưa chọn mục nào Chọn một mục trong “T"; button.bx-btn.sm "Hành động" × aside.bx-right "Chưa chọn mục nào Chọn một mục trong “T" | text < 12px: 11px "Gắn vào thành phần" | 0 visible h1	studio/workspaceAdmin/builder_rail_H_nh_ng_/360.png
builder · rail "Workflow"	DATA_ACTION_WORKFLOW	studio	workspaceAdmin	/studio/projects/fceb042a-ad9c-4dba-8d01-b3529614ebaa/design	360	PASS			overlapping controls: div#rail-panel-workflows.bx-left-panel "Workflow Workflow Chuỗi các bước: hành" × aside.bx-right "Chưa chọn mục nào Chọn một mục trong “T"; button.bx-btn.sm "Workflow" × aside.bx-right "Chưa chọn mục nào Chọn một mục trong “T" | 0 visible h1	studio/workspaceAdmin/builder_rail_Workflow_/360.png
builder · rail "Giao diện"	STUDIO	studio	workspaceAdmin	/studio/projects/fceb042a-ad9c-4dba-8d01-b3529614ebaa/design	360	PASS			overlapping controls: div#rail-panel-theme.bx-left-panel "Giao diện Màu (#RRGGBB), phông và độ bo" × aside.bx-right "Chưa chọn mục nào Chọn một mục trong “T"; select#_r_3_ "Mặc định NONE SM MD LG" × button.bx-handle "⋮⋮" | 0 visible h1	studio/workspaceAdmin/builder_rail_Giao_di_n_/360.png
builder · rail "AI"	STUDIO	studio	workspaceAdmin	/studio/projects/fceb042a-ad9c-4dba-8d01-b3529614ebaa/design	360	PASS			overlapping controls: div#rail-panel-ai.bx-left-panel "AI Mô tả thay đổi bằng lời. Kết quả đi " × aside.bx-right "Chưa chọn mục nào Chọn một mục trong “T" | 0 visible h1	studio/workspaceAdmin/builder_rail_AI_/360.png
builder · inspector (section selected)	STUDIO	studio	workspaceAdmin	/studio/projects/fceb042a-ad9c-4dba-8d01-b3529614ebaa/design	1440	PASS	KNOWN_NOT_READY		text < 12px: 11px "Trang chủ"; 11px "/" | 0 visible h1	studio/workspaceAdmin/builder_inspector_section_selected_/1440.png
builder · Dùng thử (test mode)	DATA_ACTION_WORKFLOW	studio	workspaceAdmin	/studio/projects/fceb042a-ad9c-4dba-8d01-b3529614ebaa/design	1440	PASS	KNOWN_NOT_READY		text < 12px: 11px "Trang chủ"; 11px "/" | 0 visible h1	studio/workspaceAdmin/builder_D_ng_th_test_mode_/1440.png
builder · Phiên bản (history drawer)	STUDIO	studio	workspaceAdmin	/studio/projects/fceb042a-ad9c-4dba-8d01-b3529614ebaa/design	1440	PASS	KNOWN_NOT_READY		overlapping controls: button.button.primary "Xuất bản" × button.button.icon "Đóng" | text < 12px: 11px "Trang chủ"; 11px "/" | 0 visible h1	studio/workspaceAdmin/builder_Phi_n_b_n_history_drawer_/1440.png
publish · dialog + history expanded	PUBLISH_ROLLBACK	studio	workspaceAdmin	/studio/projects/fceb042a-ad9c-4dba-8d01-b3529614ebaa/design	1440	PASS	KNOWN_NOT_READY		overlapping controls: button.button.ghost "" × button.button.ghost "Hủy"; button.button.ghost "" × button.button.primary "Xuất bản" | text < 12px: 11px "Trang chủ"; 11px "/" | 0 visible h1	studio/workspaceAdmin/publish_dialog_history_expanded/1440.png
builder · inspector (section selected)	STUDIO	studio	workspaceAdmin	/studio/projects/fceb042a-ad9c-4dba-8d01-b3529614ebaa/design	1280	PASS	KNOWN_NOT_READY		text < 12px: 11px "Trang chủ"; 11px "/" | 0 visible h1	studio/workspaceAdmin/builder_inspector_section_selected_/1280.png
builder · Dùng thử (test mode)	DATA_ACTION_WORKFLOW	studio	workspaceAdmin	/studio/projects/fceb042a-ad9c-4dba-8d01-b3529614ebaa/design	1280	PASS	KNOWN_NOT_READY		text < 12px: 11px "Trang chủ"; 11px "/" | 0 visible h1	studio/workspaceAdmin/builder_D_ng_th_test_mode_/1280.png
builder · Phiên bản (history drawer)	STUDIO	studio	workspaceAdmin	/studio/projects/fceb042a-ad9c-4dba-8d01-b3529614ebaa/design	1280	PASS	KNOWN_NOT_READY		overlapping controls: button.button.primary "Xuất bản" × button.button.icon "Đóng" | text < 12px: 11px "Trang chủ"; 11px "/" | 0 visible h1	studio/workspaceAdmin/builder_Phi_n_b_n_history_drawer_/1280.png
publish · dialog + history expanded	PUBLISH_ROLLBACK	studio	workspaceAdmin	/studio/projects/fceb042a-ad9c-4dba-8d01-b3529614ebaa/design	1280	PASS	KNOWN_NOT_READY		overlapping controls: button.button.ghost "" × button.button.ghost "Hủy"; button.button.ghost "" × button.button.primary "Xuất bản" | text < 12px: 11px "Trang chủ"; 11px "/" | 0 visible h1	studio/workspaceAdmin/publish_dialog_history_expanded/1280.png
builder · inspector (section selected)	STUDIO	studio	workspaceAdmin	/studio/projects/fceb042a-ad9c-4dba-8d01-b3529614ebaa/design	1024	PASS	KNOWN_NOT_READY		overlapping controls: button.bx-drag "Kéo để di chuyển Danh sách sản phẩm" × aside.bx-right "Đầu trang (Hero) hero-1 Nội dung Thiết k"; button.bx-mini "Đưa Danh sách sản phẩm lên" × aside.bx-right "Đầu trang (Hero) hero-1 Nội dung Thiết k" | text < 12px: 11px "Trang chủ"; 11px "/" | 0 visible h1	studio/workspaceAdmin/builder_inspector_section_selected_/1024.png
builder · Dùng thử (test mode)	DATA_ACTION_WORKFLOW	studio	workspaceAdmin	/studio/projects/fceb042a-ad9c-4dba-8d01-b3529614ebaa/design	1024	PASS	KNOWN_NOT_READY		overlapping controls: button.bx-btn.sm "Đổi tên / đường dẫn" × aside.bx-right "Chế độ dùng thử Không lưu thay đổi vào "; button.bx-btn.sm "Xóa trang" × aside.bx-right "Chế độ dùng thử Không lưu thay đổi vào " | text < 12px: 11px "Trang chủ"; 11px "/" | 0 visible h1	studio/workspaceAdmin/builder_D_ng_th_test_mode_/1024.png
builder · Phiên bản (history drawer)	STUDIO	studio	workspaceAdmin	/studio/projects/fceb042a-ad9c-4dba-8d01-b3529614ebaa/design	1024	PASS	KNOWN_NOT_READY		overlapping controls: button "Điện thoại" × button.button.icon "Đóng" | text < 12px: 11px "Trang chủ"; 11px "/" | 0 visible h1	studio/workspaceAdmin/builder_Phi_n_b_n_history_drawer_/1024.png
publish · dialog + history expanded	PUBLISH_ROLLBACK	studio	workspaceAdmin	/studio/projects/fceb042a-ad9c-4dba-8d01-b3529614ebaa/design	1024	PASS	KNOWN_NOT_READY		overlapping controls: button.bx-mini "Đưa Đầu trang (Hero) lên" × button.publishChoice "Riêng tư Chỉ thành viên được cấp quyền."; button.bx-mini "Đưa Đầu trang (Hero) xuống" × button.publishChoice "Riêng tư Chỉ thành viên được cấp quyền." | text < 12px: 11px "Trang chủ"; 11px "/" | 0 visible h1	studio/workspaceAdmin/publish_dialog_history_expanded/1024.png
builder · inspector (section selected)	STUDIO	studio	workspaceAdmin	/studio/projects/fceb042a-ad9c-4dba-8d01-b3529614ebaa/design	768	PASS	KNOWN_NOT_READY		overlapping controls: button.bx-drag "Kéo để di chuyển Công nghệ" × aside.bx-right "Đầu trang (Hero) hero-1 Nội dung Thiết k"; button.bx-mini "Đưa Công nghệ lên" × aside.bx-right "Đầu trang (Hero) hero-1 Nội dung Thiết k" | text < 12px: 11px "Trang chủ"; 11px "/" | 0 visible h1	studio/workspaceAdmin/builder_inspector_section_selected_/768.png
builder · Dùng thử (test mode)	DATA_ACTION_WORKFLOW	studio	workspaceAdmin	/studio/projects/fceb042a-ad9c-4dba-8d01-b3529614ebaa/design	768	PASS	KNOWN_NOT_READY		overlapping controls: button.bx-btn.sm "Đổi tên / đường dẫn" × aside.bx-right "Chế độ dùng thử Không lưu thay đổi vào "; button.bx-btn.sm "Xóa trang" × aside.bx-right "Chế độ dùng thử Không lưu thay đổi vào " | text < 12px: 11px "Trang chủ"; 11px "/" | 0 visible h1	studio/workspaceAdmin/builder_D_ng_th_test_mode_/768.png
builder · Phiên bản (history drawer)	STUDIO	studio	workspaceAdmin	/studio/projects/fceb042a-ad9c-4dba-8d01-b3529614ebaa/design	768	PASS	KNOWN_NOT_READY		overlapping controls: button "Điện thoại" × button.button.icon "Đóng" | text < 12px: 11px "Trang chủ"; 11px "/" | 0 visible h1	studio/workspaceAdmin/builder_Phi_n_b_n_history_drawer_/768.png
publish · dialog + history expanded	PUBLISH_ROLLBACK	studio	workspaceAdmin	/studio/projects/fceb042a-ad9c-4dba-8d01-b3529614ebaa/design	768	PASS	KNOWN_NOT_READY		overlapping controls: div#rail-panel-pages.bx-left-panel "Trang Trang Mọi đường dẫn hợp lệ. Tra" × a "http://127.0.0.1:51088/trang-gioi-thieu-"; div#rail-panel-pages.bx-left-panel "Trang Trang Mọi đường dẫn hợp lệ. Tra" × button.publishChoice "Riêng tư Chỉ thành viên được cấp quyền." | text < 12px: 11px "Trang chủ"; 11px "/" | 0 visible h1	studio/workspaceAdmin/publish_dialog_history_expanded/768.png
builder · inspector (section selected)	STUDIO	studio	workspaceAdmin	/studio/projects/fceb042a-ad9c-4dba-8d01-b3529614ebaa/design	430	PASS	KNOWN_NOT_READY		overlapping controls: button#rail-tab-workflows "Workflow" × button.bx-drag "Kéo để di chuyển Thanh điều hướng"; li.bx-sortrow.active "Đầu trang (Hero) Nước sạch mỗi ngày — ph" × aside.bx-right "Đầu trang (Hero) hero-1 Nội dung Thiết k" | text < 12px: 11px "Trang chủ"; 11px "/" | 0 visible h1	studio/workspaceAdmin/builder_inspector_section_selected_/430.png
builder · Dùng thử (test mode)	DATA_ACTION_WORKFLOW	studio	workspaceAdmin	/studio/projects/fceb042a-ad9c-4dba-8d01-b3529614ebaa/design	430	PASS	KNOWN_NOT_READY		overlapping controls: div#rail-panel-pages.bx-left-panel "Trang Mọi đường dẫn hợp lệ. Trang chủ " × aside.bx-right "Chế độ dùng thử Không lưu thay đổi vào "; div.bx-node.page "Trang chủ Trang chủ /" × aside.bx-right "Chế độ dùng thử Không lưu thay đổi vào " | text < 12px: 11px "Trang chủ"; 11px "/" | 0 visible h1	studio/workspaceAdmin/builder_D_ng_th_test_mode_/430.png
builder · Phiên bản (history drawer)	STUDIO	studio	workspaceAdmin	/studio/projects/fceb042a-ad9c-4dba-8d01-b3529614ebaa/design	430	PASS	KNOWN_NOT_READY		overlapping controls: div#rail-panel-pages.bx-left-panel "Trang Trang Mọi đường dẫn hợp lệ. Tra" × aside.bx-right "Chưa chọn mục nào Chọn một mục trong “T"; button.bx-btn.sm "Trang" × aside.bx-right "Chưa chọn mục nào Chọn một mục trong “T" | text < 12px: 11px "Trang chủ"; 11px "/" | 0 visible h1	studio/workspaceAdmin/builder_Phi_n_b_n_history_drawer_/430.png
publish · dialog + history expanded	PUBLISH_ROLLBACK	studio	workspaceAdmin	/studio/projects/fceb042a-ad9c-4dba-8d01-b3529614ebaa/design	430	PASS	KNOWN_NOT_READY		overlapping controls: div#rail-panel-pages.bx-left-panel "Trang Trang Mọi đường dẫn hợp lệ. Tra" × aside.bx-right "Chưa chọn mục nào Chọn một mục trong “T"; button.bx-btn.sm "Trang" × aside.bx-right "Chưa chọn mục nào Chọn một mục trong “T" | text < 12px: 11px "Trang chủ"; 11px "/" | 0 visible h1	studio/workspaceAdmin/publish_dialog_history_expanded/430.png
builder · inspector (section selected)	STUDIO	studio	workspaceAdmin	/studio/projects/fceb042a-ad9c-4dba-8d01-b3529614ebaa/design	390	PASS	KNOWN_NOT_READY		overlapping controls: button#rail-tab-actions "Hành động" × button.bx-drag "Kéo để di chuyển Thanh điều hướng"; li.bx-sortrow.active "Đầu trang (Hero) Nước sạch mỗi ngày — ph" × aside.bx-right "Đầu trang (Hero) hero-1 Nội dung Thiết k" | text < 12px: 11px "Trang chủ"; 11px "/" | 0 visible h1	studio/workspaceAdmin/builder_inspector_section_selected_/390.png
builder · Dùng thử (test mode)	DATA_ACTION_WORKFLOW	studio	workspaceAdmin	/studio/projects/fceb042a-ad9c-4dba-8d01-b3529614ebaa/design	390	PASS	KNOWN_NOT_READY		overlapping controls: button#rail-tab-actions "Hành động" × aside.bx-right "Chế độ dùng thử Không lưu thay đổi vào "; button#rail-tab-workflows "Workflow" × aside.bx-right "Chế độ dùng thử Không lưu thay đổi vào " | text < 12px: 11px "Trang chủ"; 11px "/" | 0 visible h1	studio/workspaceAdmin/builder_D_ng_th_test_mode_/390.png
builder · Phiên bản (history drawer)	STUDIO	studio	workspaceAdmin	/studio/projects/fceb042a-ad9c-4dba-8d01-b3529614ebaa/design	390	PASS	KNOWN_NOT_READY		overlapping controls: button#rail-tab-actions "Hành động" × aside.bx-right "Chưa chọn mục nào Chọn một mục trong “T"; button#rail-tab-workflows "Workflow" × aside.bx-right "Chưa chọn mục nào Chọn một mục trong “T" | text < 12px: 11px "Trang chủ"; 11px "/" | 0 visible h1	studio/workspaceAdmin/builder_Phi_n_b_n_history_drawer_/390.png
publish · dialog + history expanded	PUBLISH_ROLLBACK	studio	workspaceAdmin	/studio/projects/fceb042a-ad9c-4dba-8d01-b3529614ebaa/design	390	PASS	KNOWN_NOT_READY		overlapping controls: button#rail-tab-actions "Hành động" × aside.bx-right "Chưa chọn mục nào Chọn một mục trong “T"; button#rail-tab-workflows "Workflow" × aside.bx-right "Chưa chọn mục nào Chọn một mục trong “T" | text < 12px: 11px "Trang chủ"; 11px "/" | 0 visible h1	studio/workspaceAdmin/publish_dialog_history_expanded/390.png
builder · inspector (section selected)	STUDIO	studio	workspaceAdmin	/studio/projects/fceb042a-ad9c-4dba-8d01-b3529614ebaa/design	360	PASS	KNOWN_NOT_READY		overlapping controls: button#rail-tab-actions "Hành động" × button.bx-drag "Kéo để di chuyển Thanh điều hướng"; li.bx-sortrow.active "Đầu trang (Hero) Nước sạch mỗi ngày — ph" × aside.bx-right "Đầu trang (Hero) hero-1 Nội dung Thiết k" | text < 12px: 11px "Trang chủ"; 11px "/" | 0 visible h1	studio/workspaceAdmin/builder_inspector_section_selected_/360.png
builder · Dùng thử (test mode)	DATA_ACTION_WORKFLOW	studio	workspaceAdmin	/studio/projects/fceb042a-ad9c-4dba-8d01-b3529614ebaa/design	360	PASS	KNOWN_NOT_READY		overlapping controls: button#rail-tab-actions "Hành động" × aside.bx-right "Chế độ dùng thử Không lưu thay đổi vào "; button#rail-tab-workflows "Workflow" × aside.bx-right "Chế độ dùng thử Không lưu thay đổi vào " | text < 12px: 11px "Trang chủ"; 11px "/" | 0 visible h1	studio/workspaceAdmin/builder_D_ng_th_test_mode_/360.png
builder · Phiên bản (history drawer)	STUDIO	studio	workspaceAdmin	/studio/projects/fceb042a-ad9c-4dba-8d01-b3529614ebaa/design	360	PASS	KNOWN_NOT_READY		overlapping controls: button#rail-tab-actions "Hành động" × aside.bx-right "Chưa chọn mục nào Chọn một mục trong “T"; button#rail-tab-workflows "Workflow" × aside.bx-right "Chưa chọn mục nào Chọn một mục trong “T" | text < 12px: 11px "Trang chủ"; 11px "/" | 0 visible h1	studio/workspaceAdmin/builder_Phi_n_b_n_history_drawer_/360.png
publish · dialog + history expanded	PUBLISH_ROLLBACK	studio	workspaceAdmin	/studio/projects/fceb042a-ad9c-4dba-8d01-b3529614ebaa/design	360	PASS	KNOWN_NOT_READY		overlapping controls: button#rail-tab-actions "Hành động" × aside.bx-right "Chưa chọn mục nào Chọn một mục trong “T"; button#rail-tab-workflows "Workflow" × aside.bx-right "Chưa chọn mục nào Chọn một mục trong “T" | text < 12px: 11px "Trang chủ"; 11px "/" | 0 visible h1	studio/workspaceAdmin/publish_dialog_history_expanded/360.png
builder · mode "✦ AI"	STUDIO	studio	workspaceAdmin	/studio/projects/fceb042a-ad9c-4dba-8d01-b3529614ebaa/design	1440	PASS	KNOWN_NOT_READY		text < 12px: 11px "Trang chủ"; 11px "/" | 0 visible h1	studio/workspaceAdmin/builder_mode_AI_/1440.png
builder · mode "Code"	STUDIO	studio	workspaceAdmin	/studio/projects/fceb042a-ad9c-4dba-8d01-b3529614ebaa/design	1440	PASS				studio/workspaceAdmin/builder_mode_Code_/1440.png
builder · mode "✦ AI"	STUDIO	studio	workspaceAdmin	/studio/projects/fceb042a-ad9c-4dba-8d01-b3529614ebaa/design	1280	PASS	KNOWN_NOT_READY		text < 12px: 11px "Trang chủ"; 11px "/" | 0 visible h1	studio/workspaceAdmin/builder_mode_AI_/1280.png
builder · mode "Code"	STUDIO	studio	workspaceAdmin	/studio/projects/fceb042a-ad9c-4dba-8d01-b3529614ebaa/design	1280	PASS				studio/workspaceAdmin/builder_mode_Code_/1280.png
builder · mode "✦ AI"	STUDIO	studio	workspaceAdmin	/studio/projects/fceb042a-ad9c-4dba-8d01-b3529614ebaa/design	1024	PASS	KNOWN_NOT_READY		text < 12px: 11px "Trang chủ"; 11px "/" | 0 visible h1	studio/workspaceAdmin/builder_mode_AI_/1024.png
builder · mode "Code"	STUDIO	studio	workspaceAdmin	/studio/projects/fceb042a-ad9c-4dba-8d01-b3529614ebaa/design	1024	PASS				studio/workspaceAdmin/builder_mode_Code_/1024.png
builder · mode "✦ AI"	STUDIO	studio	workspaceAdmin	/studio/projects/fceb042a-ad9c-4dba-8d01-b3529614ebaa/design	768	PASS	KNOWN_NOT_READY		text < 12px: 11px "Trang chủ"; 11px "/" | 0 visible h1	studio/workspaceAdmin/builder_mode_AI_/768.png
builder · mode "Code"	STUDIO	studio	workspaceAdmin	/studio/projects/fceb042a-ad9c-4dba-8d01-b3529614ebaa/design	768	PASS				studio/workspaceAdmin/builder_mode_Code_/768.png
builder · mode "✦ AI"	STUDIO	studio	workspaceAdmin	/studio/projects/fceb042a-ad9c-4dba-8d01-b3529614ebaa/design	430	PASS	KNOWN_NOT_READY		overlapping controls: div#rail-panel-pages.bx-left-panel "Trang Trang Mọi đường dẫn hợp lệ. Tra" × aside.bx-right "Chưa chọn mục nào Chọn một mục trong “T"; button.bx-btn.sm "Trang" × aside.bx-right "Chưa chọn mục nào Chọn một mục trong “T" | text < 12px: 11px "Trang chủ"; 11px "/" | 0 visible h1	studio/workspaceAdmin/builder_mode_AI_/430.png
builder · mode "Code"	STUDIO	studio	workspaceAdmin	/studio/projects/fceb042a-ad9c-4dba-8d01-b3529614ebaa/design	430	FAIL		1 icon svg with zero size		studio/workspaceAdmin/builder_mode_Code_/430.png
builder · mode "✦ AI"	STUDIO	studio	workspaceAdmin	/studio/projects/fceb042a-ad9c-4dba-8d01-b3529614ebaa/design	390	PASS	KNOWN_NOT_READY		overlapping controls: button#rail-tab-actions "Hành động" × aside.bx-right "Chưa chọn mục nào Chọn một mục trong “T"; button#rail-tab-workflows "Workflow" × aside.bx-right "Chưa chọn mục nào Chọn một mục trong “T" | text < 12px: 11px "Trang chủ"; 11px "/" | 0 visible h1	studio/workspaceAdmin/builder_mode_AI_/390.png
builder · mode "Code"	STUDIO	studio	workspaceAdmin	/studio/projects/fceb042a-ad9c-4dba-8d01-b3529614ebaa/design	390	FAIL		1 icon svg with zero size		studio/workspaceAdmin/builder_mode_Code_/390.png
builder · mode "✦ AI"	STUDIO	studio	workspaceAdmin	/studio/projects/fceb042a-ad9c-4dba-8d01-b3529614ebaa/design	360	PASS	KNOWN_NOT_READY		overlapping controls: button#rail-tab-actions "Hành động" × aside.bx-right "Chưa chọn mục nào Chọn một mục trong “T"; button#rail-tab-workflows "Workflow" × aside.bx-right "Chưa chọn mục nào Chọn một mục trong “T" | text < 12px: 11px "Trang chủ"; 11px "/" | 0 visible h1	studio/workspaceAdmin/builder_mode_AI_/360.png
builder · mode "Code"	STUDIO	studio	workspaceAdmin	/studio/projects/fceb042a-ad9c-4dba-8d01-b3529614ebaa/design	360	FAIL		1 icon svg with zero size		studio/workspaceAdmin/builder_mode_Code_/360.png
/platform/tenants · state loading	CREATE_COMPANY	platform	super	/platform/tenants	1440	FAIL		1 icon svg with zero size		platform/super/platform_tenants/state_loading/1440.png
/platform/tenants · state empty	CREATE_COMPANY	platform	super	/platform/tenants	1440	FAIL		1 icon svg with zero size		platform/super/platform_tenants/state_empty/1440.png
/platform/tenants · state error	CREATE_COMPANY	platform	super	/platform/tenants	1440	FAIL		1 icon svg with zero size		platform/super/platform_tenants/state_error/1440.png
/platform/tenants · state loading	CREATE_COMPANY	platform	super	/platform/tenants	390	PASS				platform/super/platform_tenants/state_loading/390.png
/platform/tenants · state empty	CREATE_COMPANY	platform	super	/platform/tenants	390	PASS				platform/super/platform_tenants/state_empty/390.png
/platform/tenants · state error	CREATE_COMPANY	platform	super	/platform/tenants	390	PASS				platform/super/platform_tenants/state_error/390.png
/platform/users · state loading	ORGANIZATION	platform	super	/platform/users	1440	FAIL		1 icon svg with zero size		platform/super/platform_users/state_loading/1440.png
/platform/users · state empty	ORGANIZATION	platform	super	/platform/users	1440	FAIL		1 icon svg with zero size		platform/super/platform_users/state_empty/1440.png
/platform/users · state error	ORGANIZATION	platform	super	/platform/users	1440	FAIL		1 icon svg with zero size		platform/super/platform_users/state_error/1440.png
/platform/users · state loading	ORGANIZATION	platform	super	/platform/users	390	PASS				platform/super/platform_users/state_loading/390.png
/platform/users · state empty	ORGANIZATION	platform	super	/platform/users	390	PASS				platform/super/platform_users/state_empty/390.png
/platform/users · state error	ORGANIZATION	platform	super	/platform/users	390	PASS				platform/super/platform_users/state_error/390.png
/platform/audit · state loading	ORGANIZATION	platform	super	/platform/audit	1440	FAIL		1 icon svg with zero size		platform/super/platform_audit/state_loading/1440.png
/platform/audit · state empty	ORGANIZATION	platform	super	/platform/audit	1440	FAIL		1 icon svg with zero size		platform/super/platform_audit/state_empty/1440.png
/platform/audit · state error	ORGANIZATION	platform	super	/platform/audit	1440	FAIL		1 icon svg with zero size		platform/super/platform_audit/state_error/1440.png
/platform/audit · state loading	ORGANIZATION	platform	super	/platform/audit	390	PASS				platform/super/platform_audit/state_loading/390.png
/platform/audit · state empty	ORGANIZATION	platform	super	/platform/audit	390	PASS				platform/super/platform_audit/state_empty/390.png
/platform/audit · state error	ORGANIZATION	platform	super	/platform/audit	390	PASS				platform/super/platform_audit/state_error/390.png
/admin/people · state loading	EMPLOYEES	admin	tenantAdmin	/admin/people	1440	FAIL		1 icon svg with zero size	page makes no data GET beyond /auth/*: state not applicable	admin/tenantAdmin/admin_people/state_loading/1440.png
/admin/people · state empty	EMPLOYEES	admin	tenantAdmin	/admin/people	1440	FAIL		1 icon svg with zero size	page makes no data GET beyond /auth/*: state not applicable	admin/tenantAdmin/admin_people/state_empty/1440.png
/admin/people · state error	EMPLOYEES	admin	tenantAdmin	/admin/people	1440	FAIL		1 icon svg with zero size	page makes no data GET beyond /auth/*: state not applicable	admin/tenantAdmin/admin_people/state_error/1440.png
/admin/people · state loading	EMPLOYEES	admin	tenantAdmin	/admin/people	390	PASS			page makes no data GET beyond /auth/*: state not applicable	admin/tenantAdmin/admin_people/state_loading/390.png
/admin/people · state empty	EMPLOYEES	admin	tenantAdmin	/admin/people	390	PASS			page makes no data GET beyond /auth/*: state not applicable	admin/tenantAdmin/admin_people/state_empty/390.png
/admin/people · state error	EMPLOYEES	admin	tenantAdmin	/admin/people	390	PASS			page makes no data GET beyond /auth/*: state not applicable	admin/tenantAdmin/admin_people/state_error/390.png
/admin/my-workspaces · state loading	ORGANIZATION	admin	tenantAdmin	/admin/my-workspaces	1440	FAIL		1 icon svg with zero size		admin/tenantAdmin/admin_my-workspaces/state_loading/1440.png
/admin/my-workspaces · state empty	ORGANIZATION	admin	tenantAdmin	/admin/my-workspaces	1440	FAIL		1 icon svg with zero size		admin/tenantAdmin/admin_my-workspaces/state_empty/1440.png
/admin/my-workspaces · state error	ORGANIZATION	admin	tenantAdmin	/admin/my-workspaces	1440	FAIL		1 icon svg with zero size		admin/tenantAdmin/admin_my-workspaces/state_error/1440.png
/admin/my-workspaces · state loading	ORGANIZATION	admin	tenantAdmin	/admin/my-workspaces	390	PASS				admin/tenantAdmin/admin_my-workspaces/state_loading/390.png
/admin/my-workspaces · state empty	ORGANIZATION	admin	tenantAdmin	/admin/my-workspaces	390	PASS				admin/tenantAdmin/admin_my-workspaces/state_empty/390.png
/admin/my-workspaces · state error	ORGANIZATION	admin	tenantAdmin	/admin/my-workspaces	390	PASS				admin/tenantAdmin/admin_my-workspaces/state_error/390.png
/studio/projects · state loading	STUDIO	studio	workspaceAdmin	/studio/projects	1440	FAIL		1 icon svg with zero size		studio/workspaceAdmin/studio_projects/state_loading/1440.png
/studio/projects · state empty	STUDIO	studio	workspaceAdmin	/studio/projects	1440	FAIL		1 icon svg with zero size		studio/workspaceAdmin/studio_projects/state_empty/1440.png
/studio/projects · state error	STUDIO	studio	workspaceAdmin	/studio/projects	1440	FAIL		1 icon svg with zero size		studio/workspaceAdmin/studio_projects/state_error/1440.png
/studio/projects · state loading	STUDIO	studio	workspaceAdmin	/studio/projects	390	PASS				studio/workspaceAdmin/studio_projects/state_loading/390.png
/studio/projects · state empty	STUDIO	studio	workspaceAdmin	/studio/projects	390	PASS				studio/workspaceAdmin/studio_projects/state_empty/390.png
/studio/projects · state error	STUDIO	studio	workspaceAdmin	/studio/projects	390	PASS				studio/workspaceAdmin/studio_projects/state_error/390.png
/studio/templates · state loading	STUDIO	studio	workspaceAdmin	/studio/templates	1440	FAIL		1 icon svg with zero size		studio/workspaceAdmin/studio_templates/state_loading/1440.png
/studio/templates · state empty	STUDIO	studio	workspaceAdmin	/studio/templates	1440	FAIL		1 icon svg with zero size		studio/workspaceAdmin/studio_templates/state_empty/1440.png
/studio/templates · state error	STUDIO	studio	workspaceAdmin	/studio/templates	1440	FAIL		1 icon svg with zero size		studio/workspaceAdmin/studio_templates/state_error/1440.png
/studio/templates · state loading	STUDIO	studio	workspaceAdmin	/studio/templates	390	PASS				studio/workspaceAdmin/studio_templates/state_loading/390.png
/studio/templates · state empty	STUDIO	studio	workspaceAdmin	/studio/templates	390	PASS				studio/workspaceAdmin/studio_templates/state_empty/390.png
/studio/templates · state error	STUDIO	studio	workspaceAdmin	/studio/templates	390	PASS				studio/workspaceAdmin/studio_templates/state_error/390.png
/studio/activity · state loading	STUDIO	studio	workspaceAdmin	/studio/activity	1440	FAIL		1 icon svg with zero size		studio/workspaceAdmin/studio_activity/state_loading/1440.png
/studio/activity · state empty	STUDIO	studio	workspaceAdmin	/studio/activity	1440	FAIL		1 icon svg with zero size		studio/workspaceAdmin/studio_activity/state_empty/1440.png
/studio/activity · state error	STUDIO	studio	workspaceAdmin	/studio/activity	1440	FAIL		1 icon svg with zero size		studio/workspaceAdmin/studio_activity/state_error/1440.png
/studio/activity · state loading	STUDIO	studio	workspaceAdmin	/studio/activity	390	PASS				studio/workspaceAdmin/studio_activity/state_loading/390.png
/studio/activity · state empty	STUDIO	studio	workspaceAdmin	/studio/activity	390	PASS				studio/workspaceAdmin/studio_activity/state_empty/390.png
/studio/activity · state error	STUDIO	studio	workspaceAdmin	/studio/activity	390	PASS				studio/workspaceAdmin/studio_activity/state_error/390.png
/platform · keyboard (Tab ×25)	PLATFORM	platform	super	/platform	1440	PASS				
/admin · keyboard (Tab ×15)	ADMIN	admin	tenantAdmin	/admin	1440	PASS				
/studio · keyboard (Tab ×19)	STUDIO	studio	workspaceAdmin	/studio	1440	PASS				
/studio/projects/fceb042a-ad9c-4dba-8d01-b3529614ebaa/design · keyboard (Tab ×54)	STUDIO	studio	workspaceAdmin	/studio/projects/fceb042a-ad9c-4dba-8d01-b3529614ebaa/design	1440	PASS				
/login · keyboard (Tab ×4)	PLATFORM	platform	anon	/login	1440	PASS			4 focus stops without a visible/aria name	
platform · sidebar navigation (14 links)	PLATFORM	platform	super	/platform	1440	PASS				
admin · sidebar navigation (10 links)	ADMIN	admin	tenantAdmin	/admin	1440	PASS				
studio · sidebar navigation (6 links)	STUDIO	studio	workspaceAdmin	/studio	1440	FAIL		"Tạo ứng dụng" not marked aria-current		
