CASE_ID	DOMAIN	SEVERITY	STATUS	EVIDENCE_CLASS	LAST_TESTED_SHA	LAST_TESTED_DATE	AUTOMATION	OWNER	BLOCKER	STACK_CLASS	RETEST_REQUIRED	EVIDENCE_PATH	BACKEND_SHA	FRONTEND_SHA	INTEGRATION_SHA	ENVIRONMENT	PROVENANCE	BATCH
C0-MIG-01	C0_ARCHITECTURE	P1	PASS	JUNIT_XML	8e91172ffc31db2c8b2eaf2eb75ba07cb8701bec	2026-10-06	JUNIT	C0	-	TESTCONTAINERS	YES	docs/parallel/c6/evidence/mac-8e91172-gate/backend-testcases.tsv	8e91172ffc31db2c8b2eaf2eb75ba07cb8701bec	NA	8e91172ffc31db2c8b2eaf2eb75ba07cb8701bec	macOS arm64, JDK21, Docker Testcontainers (Gradle unit/integration tests; no full stack)	qa_master_state.json[C0-MIG-01]@8e91172;row=junit	1-7
C0-MIG-02	C0_ARCHITECTURE	P0	PASS	JUNIT_XML	8e91172ffc31db2c8b2eaf2eb75ba07cb8701bec	2026-10-06	JUNIT	C0	-	TESTCONTAINERS	YES	docs/parallel/c6/evidence/mac-8e91172-gate/backend-testcases.tsv	8e91172ffc31db2c8b2eaf2eb75ba07cb8701bec	NA	8e91172ffc31db2c8b2eaf2eb75ba07cb8701bec	macOS arm64, JDK21, Docker Testcontainers (Gradle unit/integration tests; no full stack)	qa_master_state.json[C0-MIG-02]@8e91172;row=junit	1-7
C0-MIG-03	C0_ARCHITECTURE	P0	PASS	JUNIT_XML	8e91172ffc31db2c8b2eaf2eb75ba07cb8701bec	2026-10-06	JUNIT	C0	-	TESTCONTAINERS	YES	docs/parallel/c6/evidence/mac-8e91172-gate/backend-testcases.tsv	8e91172ffc31db2c8b2eaf2eb75ba07cb8701bec	NA	8e91172ffc31db2c8b2eaf2eb75ba07cb8701bec	macOS arm64, JDK21, Docker Testcontainers (Gradle unit/integration tests; no full stack)	qa_master_state.json[C0-MIG-03]@8e91172;row=junit	1-7
C0-MIG-04	C0_ARCHITECTURE	P1	PASS	JUNIT_XML	8e91172ffc31db2c8b2eaf2eb75ba07cb8701bec	2026-10-06	JUNIT	C0	-	TESTCONTAINERS	YES	docs/parallel/c6/evidence/mac-8e91172-gate/backend-testcases.tsv	8e91172ffc31db2c8b2eaf2eb75ba07cb8701bec	NA	8e91172ffc31db2c8b2eaf2eb75ba07cb8701bec	macOS arm64, JDK21, Docker Testcontainers (Gradle unit/integration tests; no full stack)	qa_master_state.json[C0-MIG-04]@8e91172;row=junit	1-7
C0-MIG-05	C0_ARCHITECTURE	P1	PASS	JUNIT_XML	8e91172ffc31db2c8b2eaf2eb75ba07cb8701bec	2026-10-06	JUNIT	C0	-	TESTCONTAINERS	YES	docs/parallel/c6/evidence/mac-8e91172-gate/backend-testcases.tsv	8e91172ffc31db2c8b2eaf2eb75ba07cb8701bec	NA	8e91172ffc31db2c8b2eaf2eb75ba07cb8701bec	macOS arm64, JDK21, Docker Testcontainers (Gradle unit/integration tests; no full stack)	qa_master_state.json[C0-MIG-05]@8e91172;row=junit	1-7
C0-MIG-06	C0_ARCHITECTURE	P1	PASS	JUNIT_XML	8e91172ffc31db2c8b2eaf2eb75ba07cb8701bec	2026-10-06	JUNIT	C0	-	TESTCONTAINERS	YES	docs/parallel/c6/evidence/mac-8e91172-gate/backend-testcases.tsv	8e91172ffc31db2c8b2eaf2eb75ba07cb8701bec	NA	8e91172ffc31db2c8b2eaf2eb75ba07cb8701bec	macOS arm64, JDK21, Docker Testcontainers (Gradle unit/integration tests; no full stack)	qa_master_state.json[C0-MIG-06]@8e91172;row=junit	1-7
C0-MIG-07	C0_ARCHITECTURE	P1	PASS	JUNIT_XML	8e91172ffc31db2c8b2eaf2eb75ba07cb8701bec	2026-10-06	JUNIT	C0	-	TESTCONTAINERS	YES	docs/parallel/c6/evidence/mac-8e91172-gate/backend-testcases.tsv	8e91172ffc31db2c8b2eaf2eb75ba07cb8701bec	NA	8e91172ffc31db2c8b2eaf2eb75ba07cb8701bec	macOS arm64, JDK21, Docker Testcontainers (Gradle unit/integration tests; no full stack)	qa_master_state.json[C0-MIG-07]@8e91172;row=junit	1-7
C0-MIG-08	C0_ARCHITECTURE	P1	PASS	JUNIT_XML	8e91172ffc31db2c8b2eaf2eb75ba07cb8701bec	2026-10-06	JUNIT	C0	-	TESTCONTAINERS	YES	docs/parallel/c6/evidence/mac-8e91172-gate/backend-testcases.tsv	8e91172ffc31db2c8b2eaf2eb75ba07cb8701bec	NA	8e91172ffc31db2c8b2eaf2eb75ba07cb8701bec	macOS arm64, JDK21, Docker Testcontainers (Gradle unit/integration tests; no full stack)	qa_master_state.json[C0-MIG-08]@8e91172;row=junit	1-7
C0-MIG-09	C0_ARCHITECTURE	P0	PASS	JUNIT_XML	8e91172ffc31db2c8b2eaf2eb75ba07cb8701bec	2026-10-06	JUNIT	C0	-	TESTCONTAINERS	YES	docs/parallel/c6/evidence/mac-8e91172-gate/backend-testcases.tsv	8e91172ffc31db2c8b2eaf2eb75ba07cb8701bec	NA	8e91172ffc31db2c8b2eaf2eb75ba07cb8701bec	macOS arm64, JDK21, Docker Testcontainers (Gradle unit/integration tests; no full stack)	qa_master_state.json[C0-MIG-09]@8e91172;row=junit	1-7
C0-MIG-10	C0_ARCHITECTURE	P1	PASS	JUNIT_XML	8e91172ffc31db2c8b2eaf2eb75ba07cb8701bec	2026-10-06	JUNIT	C0	-	TESTCONTAINERS	YES	docs/parallel/c6/evidence/mac-8e91172-gate/backend-testcases.tsv	8e91172ffc31db2c8b2eaf2eb75ba07cb8701bec	NA	8e91172ffc31db2c8b2eaf2eb75ba07cb8701bec	macOS arm64, JDK21, Docker Testcontainers (Gradle unit/integration tests; no full stack)	qa_master_state.json[C0-MIG-10]@8e91172;row=junit	1-7
C0-MIG-11	C0_ARCHITECTURE	P1	PASS	JUNIT_XML	8e91172ffc31db2c8b2eaf2eb75ba07cb8701bec	2026-10-06	JUNIT	C0	-	TESTCONTAINERS	YES	docs/parallel/c6/evidence/mac-8e91172-gate/backend-testcases.tsv	8e91172ffc31db2c8b2eaf2eb75ba07cb8701bec	NA	8e91172ffc31db2c8b2eaf2eb75ba07cb8701bec	macOS arm64, JDK21, Docker Testcontainers (Gradle unit/integration tests; no full stack)	qa_master_state.json[C0-MIG-11]@8e91172;row=junit	1-7
C0-MIG-12	C0_ARCHITECTURE	P0	PASS	JUNIT_XML	8e91172ffc31db2c8b2eaf2eb75ba07cb8701bec	2026-10-06	JUNIT	C0	-	TESTCONTAINERS	YES	docs/parallel/c6/evidence/mac-8e91172-gate/backend-testcases.tsv	8e91172ffc31db2c8b2eaf2eb75ba07cb8701bec	NA	8e91172ffc31db2c8b2eaf2eb75ba07cb8701bec	macOS arm64, JDK21, Docker Testcontainers (Gradle unit/integration tests; no full stack)	qa_master_state.json[C0-MIG-12]@8e91172;row=junit	1-7
C0-MIG-13	C0_ARCHITECTURE	P0	PASS	JUNIT_XML	8e91172ffc31db2c8b2eaf2eb75ba07cb8701bec	2026-10-06	JUNIT	C0	-	TESTCONTAINERS	YES	docs/parallel/c6/evidence/mac-8e91172-gate/backend-testcases.tsv	8e91172ffc31db2c8b2eaf2eb75ba07cb8701bec	NA	8e91172ffc31db2c8b2eaf2eb75ba07cb8701bec	macOS arm64, JDK21, Docker Testcontainers (Gradle unit/integration tests; no full stack)	qa_master_state.json[C0-MIG-13]@8e91172;row=junit	1-7
C0-MIG-14	C0_ARCHITECTURE	P0	PASS	JUNIT_XML	8e91172ffc31db2c8b2eaf2eb75ba07cb8701bec	2026-10-06	JUNIT	C0	-	TESTCONTAINERS	YES	docs/parallel/c6/evidence/mac-8e91172-gate/backend-testcases.tsv	8e91172ffc31db2c8b2eaf2eb75ba07cb8701bec	NA	8e91172ffc31db2c8b2eaf2eb75ba07cb8701bec	macOS arm64, JDK21, Docker Testcontainers (Gradle unit/integration tests; no full stack)	qa_master_state.json[C0-MIG-14]@8e91172;row=junit	1-7
C0-MIG-15	C0_ARCHITECTURE	P1	PASS	JUNIT_XML	8e91172ffc31db2c8b2eaf2eb75ba07cb8701bec	2026-10-06	JUNIT	C0	-	TESTCONTAINERS	YES	docs/parallel/c6/evidence/mac-8e91172-gate/backend-testcases.tsv	8e91172ffc31db2c8b2eaf2eb75ba07cb8701bec	NA	8e91172ffc31db2c8b2eaf2eb75ba07cb8701bec	macOS arm64, JDK21, Docker Testcontainers (Gradle unit/integration tests; no full stack)	qa_master_state.json[C0-MIG-15]@8e91172;row=junit	1-7
C0-MIG-16	C0_ARCHITECTURE	P2	PASS	JUNIT_XML	8e91172ffc31db2c8b2eaf2eb75ba07cb8701bec	2026-10-06	JUNIT	C0	-	TESTCONTAINERS	YES	docs/parallel/c6/evidence/mac-8e91172-gate/backend-testcases.tsv	8e91172ffc31db2c8b2eaf2eb75ba07cb8701bec	NA	8e91172ffc31db2c8b2eaf2eb75ba07cb8701bec	macOS arm64, JDK21, Docker Testcontainers (Gradle unit/integration tests; no full stack)	qa_master_state.json[C0-MIG-16]@8e91172;row=junit	1-7
C0-MIG-17	C0_ARCHITECTURE	P0	PASS	JUNIT_XML	8e91172ffc31db2c8b2eaf2eb75ba07cb8701bec	2026-10-06	JUNIT	C0	-	TESTCONTAINERS	YES	docs/parallel/c6/evidence/mac-8e91172-gate/backend-testcases.tsv	8e91172ffc31db2c8b2eaf2eb75ba07cb8701bec	NA	8e91172ffc31db2c8b2eaf2eb75ba07cb8701bec	macOS arm64, JDK21, Docker Testcontainers (Gradle unit/integration tests; no full stack)	qa_master_state.json[C0-MIG-17]@8e91172;row=junit	1-7
C0-MIG-18	C0_ARCHITECTURE	P1	PASS	JUNIT_XML	8e91172ffc31db2c8b2eaf2eb75ba07cb8701bec	2026-10-06	JUNIT	C0	-	TESTCONTAINERS	YES	docs/parallel/c6/evidence/mac-8e91172-gate/backend-testcases.tsv	8e91172ffc31db2c8b2eaf2eb75ba07cb8701bec	NA	8e91172ffc31db2c8b2eaf2eb75ba07cb8701bec	macOS arm64, JDK21, Docker Testcontainers (Gradle unit/integration tests; no full stack)	qa_master_state.json[C0-MIG-18]@8e91172;row=junit	1-7
C0-MIG-19	C0_ARCHITECTURE	P1	PASS	JUNIT_XML	8e91172ffc31db2c8b2eaf2eb75ba07cb8701bec	2026-10-06	JUNIT	C0	-	TESTCONTAINERS	YES	docs/parallel/c6/evidence/mac-8e91172-gate/backend-testcases.tsv	8e91172ffc31db2c8b2eaf2eb75ba07cb8701bec	NA	8e91172ffc31db2c8b2eaf2eb75ba07cb8701bec	macOS arm64, JDK21, Docker Testcontainers (Gradle unit/integration tests; no full stack)	qa_master_state.json[C0-MIG-19]@8e91172;row=junit	1-7
C0-MIG-20	C0_ARCHITECTURE	P1	PASS	JUNIT_XML	8e91172ffc31db2c8b2eaf2eb75ba07cb8701bec	2026-10-06	JUNIT	C0	-	TESTCONTAINERS	YES	docs/parallel/c6/evidence/mac-8e91172-gate/backend-testcases.tsv	8e91172ffc31db2c8b2eaf2eb75ba07cb8701bec	NA	8e91172ffc31db2c8b2eaf2eb75ba07cb8701bec	macOS arm64, JDK21, Docker Testcontainers (Gradle unit/integration tests; no full stack)	qa_master_state.json[C0-MIG-20]@8e91172;row=junit	1-7
C0-MIG-21	C0_ARCHITECTURE	P0	PASS	STATIC_LOG	8e91172ffc31db2c8b2eaf2eb75ba07cb8701bec	2026-10-06	STATIC_GREP	C0	-	TESTCONTAINERS	YES	docs/parallel/c6/evidence/mac-8e91172-nostack/STATIC_QA.log	8e91172ffc31db2c8b2eaf2eb75ba07cb8701bec	8e91172ffc31db2c8b2eaf2eb75ba07cb8701bec	8e91172ffc31db2c8b2eaf2eb75ba07cb8701bec	macOS arm64, JDK21, Docker Testcontainers (Gradle unit/integration tests; no full stack)	qa_master_state.json[C0-MIG-21]@8e91172;row=static	1-7
C0-MIG-22	C0_ARCHITECTURE	P1	PASS	STATIC_LOG	8e91172ffc31db2c8b2eaf2eb75ba07cb8701bec	2026-10-06	STATIC_GREP	C0	-	TESTCONTAINERS	YES	docs/parallel/c6/evidence/mac-8e91172-nostack/STATIC_QA.log	8e91172ffc31db2c8b2eaf2eb75ba07cb8701bec	8e91172ffc31db2c8b2eaf2eb75ba07cb8701bec	8e91172ffc31db2c8b2eaf2eb75ba07cb8701bec	macOS arm64, JDK21, Docker Testcontainers (Gradle unit/integration tests; no full stack)	qa_master_state.json[C0-MIG-22]@8e91172;row=static	1-7
C0-MIG-23	C0_ARCHITECTURE	P0	GAP	NONE	8e91172ffc31db2c8b2eaf2eb75ba07cb8701bec	2026-10-06	NONE	C0	-	TESTCONTAINERS	YES	-	8e91172ffc31db2c8b2eaf2eb75ba07cb8701bec	NA	8e91172ffc31db2c8b2eaf2eb75ba07cb8701bec	macOS arm64, JDK21, Docker Testcontainers (Gradle unit/integration tests; no full stack)	qa_master_state.json[C0-MIG-23]@8e91172;row=gap	1-7
C0-MIG-24	C0_ARCHITECTURE	P1	BLOCKED	NONE	8e91172ffc31db2c8b2eaf2eb75ba07cb8701bec	2026-10-06	NONE	C0	BLK-C6-05	FULL_STACK_NOT_AVAILABLE	YES	-	8e91172ffc31db2c8b2eaf2eb75ba07cb8701bec	NA	8e91172ffc31db2c8b2eaf2eb75ba07cb8701bec	macOS arm64, JDK21, Docker Testcontainers (Gradle unit/integration tests; no full stack)	qa_master_state.json[C0-MIG-24]@8e91172;row=blocked	1-7
C0-WIR-01	C0_ARCHITECTURE	P0	PASS	JUNIT_XML	8e91172ffc31db2c8b2eaf2eb75ba07cb8701bec	2026-10-06	JUNIT	C0	-	TESTCONTAINERS	YES	docs/parallel/c6/evidence/mac-8e91172-gate/backend-testcases.tsv	8e91172ffc31db2c8b2eaf2eb75ba07cb8701bec	NA	8e91172ffc31db2c8b2eaf2eb75ba07cb8701bec	macOS arm64, JDK21, Docker Testcontainers (Gradle unit/integration tests; no full stack)	qa_master_state.json[C0-WIR-01]@8e91172;row=junit	1-7
C0-WIR-02	C0_ARCHITECTURE	P0	PASS	JUNIT_XML	8e91172ffc31db2c8b2eaf2eb75ba07cb8701bec	2026-10-06	JUNIT	C0	-	TESTCONTAINERS	YES	docs/parallel/c6/evidence/mac-8e91172-gate/backend-testcases.tsv	8e91172ffc31db2c8b2eaf2eb75ba07cb8701bec	NA	8e91172ffc31db2c8b2eaf2eb75ba07cb8701bec	macOS arm64, JDK21, Docker Testcontainers (Gradle unit/integration tests; no full stack)	qa_master_state.json[C0-WIR-02]@8e91172;row=junit	1-7
C0-WIR-03	C0_ARCHITECTURE	P0	PASS	JUNIT_XML	8e91172ffc31db2c8b2eaf2eb75ba07cb8701bec	2026-10-06	JUNIT	C0	-	TESTCONTAINERS	YES	docs/parallel/c6/evidence/mac-8e91172-gate/backend-testcases.tsv	8e91172ffc31db2c8b2eaf2eb75ba07cb8701bec	NA	8e91172ffc31db2c8b2eaf2eb75ba07cb8701bec	macOS arm64, JDK21, Docker Testcontainers (Gradle unit/integration tests; no full stack)	qa_master_state.json[C0-WIR-03]@8e91172;row=junit	1-7
C0-WIR-04	C0_ARCHITECTURE	P2	PASS	JUNIT_XML	8e91172ffc31db2c8b2eaf2eb75ba07cb8701bec	2026-10-06	JUNIT	C0	-	TESTCONTAINERS	YES	docs/parallel/c6/evidence/mac-8e91172-gate/backend-testcases.tsv	8e91172ffc31db2c8b2eaf2eb75ba07cb8701bec	NA	8e91172ffc31db2c8b2eaf2eb75ba07cb8701bec	macOS arm64, JDK21, Docker Testcontainers (Gradle unit/integration tests; no full stack)	qa_master_state.json[C0-WIR-04]@8e91172;row=junit	1-7
C0-WIR-05	C0_ARCHITECTURE	P0	PASS	JUNIT_XML	8e91172ffc31db2c8b2eaf2eb75ba07cb8701bec	2026-10-06	JUNIT	C0	-	TESTCONTAINERS	YES	docs/parallel/c6/evidence/mac-8e91172-gate/backend-testcases.tsv	8e91172ffc31db2c8b2eaf2eb75ba07cb8701bec	NA	8e91172ffc31db2c8b2eaf2eb75ba07cb8701bec	macOS arm64, JDK21, Docker Testcontainers (Gradle unit/integration tests; no full stack)	qa_master_state.json[C0-WIR-05]@8e91172;row=junit	1-7
C0-WIR-06	C0_ARCHITECTURE	P0	PASS	STATIC_LOG	8e91172ffc31db2c8b2eaf2eb75ba07cb8701bec	2026-10-06	STATIC_GREP	C0	-	TESTCONTAINERS	YES	docs/parallel/c6/evidence/mac-8e91172-nostack/STATIC_QA.log	8e91172ffc31db2c8b2eaf2eb75ba07cb8701bec	8e91172ffc31db2c8b2eaf2eb75ba07cb8701bec	8e91172ffc31db2c8b2eaf2eb75ba07cb8701bec	macOS arm64, JDK21, Docker Testcontainers (Gradle unit/integration tests; no full stack)	qa_master_state.json[C0-WIR-06]@8e91172;row=static	1-7
C0-WIR-07	C0_ARCHITECTURE	P0	PASS	JUNIT_XML	8e91172ffc31db2c8b2eaf2eb75ba07cb8701bec	2026-10-06	JUNIT	C0	-	TESTCONTAINERS	YES	docs/parallel/c6/evidence/mac-8e91172-gate/backend-testcases.tsv	8e91172ffc31db2c8b2eaf2eb75ba07cb8701bec	NA	8e91172ffc31db2c8b2eaf2eb75ba07cb8701bec	macOS arm64, JDK21, Docker Testcontainers (Gradle unit/integration tests; no full stack)	qa_master_state.json[C0-WIR-07]@8e91172;row=junit	1-7
C0-WIR-08	C0_ARCHITECTURE	P0	PASS	JUNIT_XML	8e91172ffc31db2c8b2eaf2eb75ba07cb8701bec	2026-10-06	JUNIT	C0	-	TESTCONTAINERS	YES	docs/parallel/c6/evidence/mac-8e91172-gate/backend-testcases.tsv	8e91172ffc31db2c8b2eaf2eb75ba07cb8701bec	NA	8e91172ffc31db2c8b2eaf2eb75ba07cb8701bec	macOS arm64, JDK21, Docker Testcontainers (Gradle unit/integration tests; no full stack)	qa_master_state.json[C0-WIR-08]@8e91172;row=junit	1-7
C0-WIR-09	C0_ARCHITECTURE	P1	PASS	JUNIT_XML	8e91172ffc31db2c8b2eaf2eb75ba07cb8701bec	2026-10-06	JUNIT	C0	-	TESTCONTAINERS	YES	docs/parallel/c6/evidence/mac-8e91172-gate/backend-testcases.tsv	8e91172ffc31db2c8b2eaf2eb75ba07cb8701bec	NA	8e91172ffc31db2c8b2eaf2eb75ba07cb8701bec	macOS arm64, JDK21, Docker Testcontainers (Gradle unit/integration tests; no full stack)	qa_master_state.json[C0-WIR-09]@8e91172;row=junit	1-7
C0-WIR-10	C0_ARCHITECTURE	P0	PASS	JUNIT_XML	8e91172ffc31db2c8b2eaf2eb75ba07cb8701bec	2026-10-06	JUNIT	C0	-	TESTCONTAINERS	YES	docs/parallel/c6/evidence/mac-8e91172-gate/backend-testcases.tsv	8e91172ffc31db2c8b2eaf2eb75ba07cb8701bec	NA	8e91172ffc31db2c8b2eaf2eb75ba07cb8701bec	macOS arm64, JDK21, Docker Testcontainers (Gradle unit/integration tests; no full stack)	qa_master_state.json[C0-WIR-10]@8e91172;row=junit	1-7
C0-WIR-11	C0_ARCHITECTURE	P1	PASS	JUNIT_XML	8e91172ffc31db2c8b2eaf2eb75ba07cb8701bec	2026-10-06	JUNIT	C0	-	TESTCONTAINERS	YES	docs/parallel/c6/evidence/mac-8e91172-gate/backend-testcases.tsv	8e91172ffc31db2c8b2eaf2eb75ba07cb8701bec	NA	8e91172ffc31db2c8b2eaf2eb75ba07cb8701bec	macOS arm64, JDK21, Docker Testcontainers (Gradle unit/integration tests; no full stack)	qa_master_state.json[C0-WIR-11]@8e91172;row=junit	1-7
C0-WIR-12	C0_ARCHITECTURE	P0	PASS	JUNIT_XML	8e91172ffc31db2c8b2eaf2eb75ba07cb8701bec	2026-10-06	JUNIT	C0	-	TESTCONTAINERS	YES	docs/parallel/c6/evidence/mac-8e91172-gate/backend-testcases.tsv	8e91172ffc31db2c8b2eaf2eb75ba07cb8701bec	NA	8e91172ffc31db2c8b2eaf2eb75ba07cb8701bec	macOS arm64, JDK21, Docker Testcontainers (Gradle unit/integration tests; no full stack)	qa_master_state.json[C0-WIR-12]@8e91172;row=junit	1-7
C0-WIR-13	C0_ARCHITECTURE	P1	PASS	JUNIT_XML	8e91172ffc31db2c8b2eaf2eb75ba07cb8701bec	2026-10-06	JUNIT	C0	-	TESTCONTAINERS	YES	docs/parallel/c6/evidence/mac-8e91172-gate/backend-testcases.tsv	8e91172ffc31db2c8b2eaf2eb75ba07cb8701bec	NA	8e91172ffc31db2c8b2eaf2eb75ba07cb8701bec	macOS arm64, JDK21, Docker Testcontainers (Gradle unit/integration tests; no full stack)	qa_master_state.json[C0-WIR-13]@8e91172;row=junit	1-7
C0-WIR-14	C0_ARCHITECTURE	P1	PASS	JUNIT_XML	8e91172ffc31db2c8b2eaf2eb75ba07cb8701bec	2026-10-06	JUNIT	C0	-	TESTCONTAINERS	YES	docs/parallel/c6/evidence/mac-8e91172-gate/backend-testcases.tsv	8e91172ffc31db2c8b2eaf2eb75ba07cb8701bec	NA	8e91172ffc31db2c8b2eaf2eb75ba07cb8701bec	macOS arm64, JDK21, Docker Testcontainers (Gradle unit/integration tests; no full stack)	qa_master_state.json[C0-WIR-14]@8e91172;row=junit	1-7
C0-WIR-15	C0_ARCHITECTURE	P1	PASS	JUNIT_XML	8e91172ffc31db2c8b2eaf2eb75ba07cb8701bec	2026-10-06	JUNIT	C0	-	TESTCONTAINERS	YES	docs/parallel/c6/evidence/mac-8e91172-gate/backend-testcases.tsv	8e91172ffc31db2c8b2eaf2eb75ba07cb8701bec	NA	8e91172ffc31db2c8b2eaf2eb75ba07cb8701bec	macOS arm64, JDK21, Docker Testcontainers (Gradle unit/integration tests; no full stack)	qa_master_state.json[C0-WIR-15]@8e91172;row=junit	1-7
C0-WIR-16	C0_ARCHITECTURE	P1	PASS	JUNIT_XML	8e91172ffc31db2c8b2eaf2eb75ba07cb8701bec	2026-10-06	JUNIT	C0	-	TESTCONTAINERS	YES	docs/parallel/c6/evidence/mac-8e91172-gate/backend-testcases.tsv	8e91172ffc31db2c8b2eaf2eb75ba07cb8701bec	NA	8e91172ffc31db2c8b2eaf2eb75ba07cb8701bec	macOS arm64, JDK21, Docker Testcontainers (Gradle unit/integration tests; no full stack)	qa_master_state.json[C0-WIR-16]@8e91172;row=junit	1-7
C0-WIR-17	C0_ARCHITECTURE	P1	PASS	JUNIT_XML	8e91172ffc31db2c8b2eaf2eb75ba07cb8701bec	2026-10-06	JUNIT	C0	-	TESTCONTAINERS	YES	docs/parallel/c6/evidence/mac-8e91172-gate/backend-testcases.tsv	8e91172ffc31db2c8b2eaf2eb75ba07cb8701bec	NA	8e91172ffc31db2c8b2eaf2eb75ba07cb8701bec	macOS arm64, JDK21, Docker Testcontainers (Gradle unit/integration tests; no full stack)	qa_master_state.json[C0-WIR-17]@8e91172;row=junit	1-7
C0-ARCH-01	C0_ARCHITECTURE	P1	PASS	JUNIT_XML	8e91172ffc31db2c8b2eaf2eb75ba07cb8701bec	2026-10-06	JUNIT	C0	-	TESTCONTAINERS	YES	docs/parallel/c6/evidence/mac-8e91172-gate/backend-testcases.tsv	8e91172ffc31db2c8b2eaf2eb75ba07cb8701bec	NA	8e91172ffc31db2c8b2eaf2eb75ba07cb8701bec	macOS arm64, JDK21, Docker Testcontainers (Gradle unit/integration tests; no full stack)	qa_master_state.json[C0-ARCH-01]@8e91172;row=junit	1-7
C0-ARCH-02	C0_ARCHITECTURE	P2	PASS	JUNIT_XML	8e91172ffc31db2c8b2eaf2eb75ba07cb8701bec	2026-10-06	JUNIT	C0	-	TESTCONTAINERS	YES	docs/parallel/c6/evidence/mac-8e91172-gate/backend-testcases.tsv	8e91172ffc31db2c8b2eaf2eb75ba07cb8701bec	NA	8e91172ffc31db2c8b2eaf2eb75ba07cb8701bec	macOS arm64, JDK21, Docker Testcontainers (Gradle unit/integration tests; no full stack)	qa_master_state.json[C0-ARCH-02]@8e91172;row=junit	1-7
C0-ARCH-03	C0_ARCHITECTURE	P1	PASS	STATIC_LOG	8e91172ffc31db2c8b2eaf2eb75ba07cb8701bec	2026-10-06	STATIC_GREP	C0	-	TESTCONTAINERS	YES	docs/parallel/c6/evidence/mac-8e91172-nostack/STATIC_QA.log	8e91172ffc31db2c8b2eaf2eb75ba07cb8701bec	8e91172ffc31db2c8b2eaf2eb75ba07cb8701bec	8e91172ffc31db2c8b2eaf2eb75ba07cb8701bec	macOS arm64, JDK21, Docker Testcontainers (Gradle unit/integration tests; no full stack)	qa_master_state.json[C0-ARCH-03]@8e91172;row=static	1-7
C0-ARCH-04	C0_ARCHITECTURE	P0	PASS	JUNIT_XML	8e91172ffc31db2c8b2eaf2eb75ba07cb8701bec	2026-10-06	JUNIT	C0	-	TESTCONTAINERS	YES	docs/parallel/c6/evidence/mac-8e91172-gate/backend-testcases.tsv	8e91172ffc31db2c8b2eaf2eb75ba07cb8701bec	NA	8e91172ffc31db2c8b2eaf2eb75ba07cb8701bec	macOS arm64, JDK21, Docker Testcontainers (Gradle unit/integration tests; no full stack)	qa_master_state.json[C0-ARCH-04]@8e91172;row=junit	1-7
C0-ARCH-05	C0_ARCHITECTURE	P1	GAP	NONE	8e91172ffc31db2c8b2eaf2eb75ba07cb8701bec	2026-10-06	NONE	C0	-	TESTCONTAINERS	YES	-	8e91172ffc31db2c8b2eaf2eb75ba07cb8701bec	NA	8e91172ffc31db2c8b2eaf2eb75ba07cb8701bec	macOS arm64, JDK21, Docker Testcontainers (Gradle unit/integration tests; no full stack)	qa_master_state.json[C0-ARCH-05]@8e91172;row=gap	1-7
C0-ARCH-06	C0_ARCHITECTURE	P1	BLOCKED	NONE	8e91172ffc31db2c8b2eaf2eb75ba07cb8701bec	2026-10-06	NONE	C3	BLK-C6-05	FULL_STACK_NOT_AVAILABLE	YES	-	8e91172ffc31db2c8b2eaf2eb75ba07cb8701bec	NA	8e91172ffc31db2c8b2eaf2eb75ba07cb8701bec	macOS arm64, JDK21, Docker Testcontainers (Gradle unit/integration tests; no full stack)	qa_master_state.json[C0-ARCH-06]@8e91172;row=blocked	1-7
C0-PER-01	C0_ARCHITECTURE	P0	PASS	JUNIT_XML	8e91172ffc31db2c8b2eaf2eb75ba07cb8701bec	2026-10-06	JUNIT	C3	-	TESTCONTAINERS	YES	docs/parallel/c6/evidence/mac-8e91172-gate/backend-testcases.tsv	8e91172ffc31db2c8b2eaf2eb75ba07cb8701bec	NA	8e91172ffc31db2c8b2eaf2eb75ba07cb8701bec	macOS arm64, JDK21, Docker Testcontainers (Gradle unit/integration tests; no full stack)	qa_master_state.json[C0-PER-01]@8e91172;row=junit	1-7
C0-PER-02	C0_ARCHITECTURE	P0	PASS	JUNIT_XML	8e91172ffc31db2c8b2eaf2eb75ba07cb8701bec	2026-10-06	JUNIT	C3	-	TESTCONTAINERS	YES	docs/parallel/c6/evidence/mac-8e91172-gate/backend-testcases.tsv	8e91172ffc31db2c8b2eaf2eb75ba07cb8701bec	NA	8e91172ffc31db2c8b2eaf2eb75ba07cb8701bec	macOS arm64, JDK21, Docker Testcontainers (Gradle unit/integration tests; no full stack)	qa_master_state.json[C0-PER-02]@8e91172;row=junit	1-7
C0-PER-03	C0_ARCHITECTURE	P1	PASS	JUNIT_XML	8e91172ffc31db2c8b2eaf2eb75ba07cb8701bec	2026-10-06	JUNIT	C3	-	TESTCONTAINERS	YES	docs/parallel/c6/evidence/mac-8e91172-gate/backend-testcases.tsv	8e91172ffc31db2c8b2eaf2eb75ba07cb8701bec	NA	8e91172ffc31db2c8b2eaf2eb75ba07cb8701bec	macOS arm64, JDK21, Docker Testcontainers (Gradle unit/integration tests; no full stack)	qa_master_state.json[C0-PER-03]@8e91172;row=junit	1-7
C0-PER-04	C0_ARCHITECTURE	P0	PASS	JUNIT_XML	8e91172ffc31db2c8b2eaf2eb75ba07cb8701bec	2026-10-06	JUNIT	C3	-	TESTCONTAINERS	YES	docs/parallel/c6/evidence/mac-8e91172-gate/backend-testcases.tsv	8e91172ffc31db2c8b2eaf2eb75ba07cb8701bec	NA	8e91172ffc31db2c8b2eaf2eb75ba07cb8701bec	macOS arm64, JDK21, Docker Testcontainers (Gradle unit/integration tests; no full stack)	qa_master_state.json[C0-PER-04]@8e91172;row=junit	1-7
C0-PER-05	C0_ARCHITECTURE	P2	PASS	JUNIT_XML	8e91172ffc31db2c8b2eaf2eb75ba07cb8701bec	2026-10-06	JUNIT	C3	-	TESTCONTAINERS	YES	docs/parallel/c6/evidence/mac-8e91172-gate/backend-testcases.tsv	8e91172ffc31db2c8b2eaf2eb75ba07cb8701bec	NA	8e91172ffc31db2c8b2eaf2eb75ba07cb8701bec	macOS arm64, JDK21, Docker Testcontainers (Gradle unit/integration tests; no full stack)	qa_master_state.json[C0-PER-05]@8e91172;row=junit	1-7
C0-PER-06	C0_ARCHITECTURE	P1	PASS	JUNIT_XML	8e91172ffc31db2c8b2eaf2eb75ba07cb8701bec	2026-10-06	JUNIT	C3	-	TESTCONTAINERS	YES	docs/parallel/c6/evidence/mac-8e91172-gate/backend-testcases.tsv	8e91172ffc31db2c8b2eaf2eb75ba07cb8701bec	NA	8e91172ffc31db2c8b2eaf2eb75ba07cb8701bec	macOS arm64, JDK21, Docker Testcontainers (Gradle unit/integration tests; no full stack)	qa_master_state.json[C0-PER-06]@8e91172;row=junit	1-7
C0-PER-07	C0_ARCHITECTURE	P1	PASS	JUNIT_XML	8e91172ffc31db2c8b2eaf2eb75ba07cb8701bec	2026-10-06	JUNIT	C1	-	TESTCONTAINERS	YES	docs/parallel/c6/evidence/mac-8e91172-gate/backend-testcases.tsv	8e91172ffc31db2c8b2eaf2eb75ba07cb8701bec	NA	8e91172ffc31db2c8b2eaf2eb75ba07cb8701bec	macOS arm64, JDK21, Docker Testcontainers (Gradle unit/integration tests; no full stack)	qa_master_state.json[C0-PER-07]@8e91172;row=junit	1-7
C0-PER-08	C0_ARCHITECTURE	P0	PASS	JUNIT_XML	8e91172ffc31db2c8b2eaf2eb75ba07cb8701bec	2026-10-06	JUNIT	C4	-	TESTCONTAINERS	YES	docs/parallel/c6/evidence/mac-8e91172-gate/backend-testcases.tsv	8e91172ffc31db2c8b2eaf2eb75ba07cb8701bec	NA	8e91172ffc31db2c8b2eaf2eb75ba07cb8701bec	macOS arm64, JDK21, Docker Testcontainers (Gradle unit/integration tests; no full stack)	qa_master_state.json[C0-PER-08]@8e91172;row=junit	1-7
C0-PER-09	C0_ARCHITECTURE	P0	PASS	JUNIT_XML	8e91172ffc31db2c8b2eaf2eb75ba07cb8701bec	2026-10-06	JUNIT	C4	-	TESTCONTAINERS	YES	docs/parallel/c6/evidence/mac-8e91172-gate/backend-testcases.tsv	8e91172ffc31db2c8b2eaf2eb75ba07cb8701bec	NA	8e91172ffc31db2c8b2eaf2eb75ba07cb8701bec	macOS arm64, JDK21, Docker Testcontainers (Gradle unit/integration tests; no full stack)	qa_master_state.json[C0-PER-09]@8e91172;row=junit	1-7
C0-PER-10	C0_ARCHITECTURE	P0	PASS	JUNIT_XML	8e91172ffc31db2c8b2eaf2eb75ba07cb8701bec	2026-10-06	JUNIT	C4	-	TESTCONTAINERS	YES	docs/parallel/c6/evidence/mac-8e91172-gate/backend-testcases.tsv	8e91172ffc31db2c8b2eaf2eb75ba07cb8701bec	NA	8e91172ffc31db2c8b2eaf2eb75ba07cb8701bec	macOS arm64, JDK21, Docker Testcontainers (Gradle unit/integration tests; no full stack)	qa_master_state.json[C0-PER-10]@8e91172;row=junit	1-7
C0-PER-11	C0_ARCHITECTURE	P0	PASS	JUNIT_XML	8e91172ffc31db2c8b2eaf2eb75ba07cb8701bec	2026-10-06	JUNIT	C4	-	TESTCONTAINERS	YES	docs/parallel/c6/evidence/mac-8e91172-gate/backend-testcases.tsv	8e91172ffc31db2c8b2eaf2eb75ba07cb8701bec	NA	8e91172ffc31db2c8b2eaf2eb75ba07cb8701bec	macOS arm64, JDK21, Docker Testcontainers (Gradle unit/integration tests; no full stack)	qa_master_state.json[C0-PER-11]@8e91172;row=junit	1-7
C0-PER-12	C0_ARCHITECTURE	P1	PASS	JUNIT_XML	8e91172ffc31db2c8b2eaf2eb75ba07cb8701bec	2026-10-06	JUNIT	C4	-	TESTCONTAINERS	YES	docs/parallel/c6/evidence/mac-8e91172-gate/backend-testcases.tsv	8e91172ffc31db2c8b2eaf2eb75ba07cb8701bec	NA	8e91172ffc31db2c8b2eaf2eb75ba07cb8701bec	macOS arm64, JDK21, Docker Testcontainers (Gradle unit/integration tests; no full stack)	qa_master_state.json[C0-PER-12]@8e91172;row=junit	1-7
C0-PER-13	C0_ARCHITECTURE	P0	PASS	JUNIT_XML	8e91172ffc31db2c8b2eaf2eb75ba07cb8701bec	2026-10-06	JUNIT	C4	-	TESTCONTAINERS	YES	docs/parallel/c6/evidence/mac-8e91172-gate/backend-testcases.tsv	8e91172ffc31db2c8b2eaf2eb75ba07cb8701bec	NA	8e91172ffc31db2c8b2eaf2eb75ba07cb8701bec	macOS arm64, JDK21, Docker Testcontainers (Gradle unit/integration tests; no full stack)	qa_master_state.json[C0-PER-13]@8e91172;row=junit	1-7
C0-PER-14	C0_ARCHITECTURE	P0	PASS	JUNIT_XML	8e91172ffc31db2c8b2eaf2eb75ba07cb8701bec	2026-10-06	JUNIT	C4	-	TESTCONTAINERS	YES	docs/parallel/c6/evidence/mac-8e91172-gate/backend-testcases.tsv	8e91172ffc31db2c8b2eaf2eb75ba07cb8701bec	NA	8e91172ffc31db2c8b2eaf2eb75ba07cb8701bec	macOS arm64, JDK21, Docker Testcontainers (Gradle unit/integration tests; no full stack)	qa_master_state.json[C0-PER-14]@8e91172;row=junit	1-7
C0-PER-15	C0_ARCHITECTURE	P1	PASS	JUNIT_XML	8e91172ffc31db2c8b2eaf2eb75ba07cb8701bec	2026-10-06	JUNIT	C4	-	TESTCONTAINERS	YES	docs/parallel/c6/evidence/mac-8e91172-gate/backend-testcases.tsv	8e91172ffc31db2c8b2eaf2eb75ba07cb8701bec	NA	8e91172ffc31db2c8b2eaf2eb75ba07cb8701bec	macOS arm64, JDK21, Docker Testcontainers (Gradle unit/integration tests; no full stack)	qa_master_state.json[C0-PER-15]@8e91172;row=junit	1-7
C0-PER-16	C0_ARCHITECTURE	P1	PASS	JUNIT_XML	8e91172ffc31db2c8b2eaf2eb75ba07cb8701bec	2026-10-06	JUNIT	C4	-	TESTCONTAINERS	YES	docs/parallel/c6/evidence/mac-8e91172-gate/backend-testcases.tsv	8e91172ffc31db2c8b2eaf2eb75ba07cb8701bec	NA	8e91172ffc31db2c8b2eaf2eb75ba07cb8701bec	macOS arm64, JDK21, Docker Testcontainers (Gradle unit/integration tests; no full stack)	qa_master_state.json[C0-PER-16]@8e91172;row=junit	1-7
C0-PER-17	C0_ARCHITECTURE	P0	PASS	JUNIT_XML	8e91172ffc31db2c8b2eaf2eb75ba07cb8701bec	2026-10-06	JUNIT	C4	-	TESTCONTAINERS	YES	docs/parallel/c6/evidence/mac-8e91172-gate/backend-testcases.tsv	8e91172ffc31db2c8b2eaf2eb75ba07cb8701bec	NA	8e91172ffc31db2c8b2eaf2eb75ba07cb8701bec	macOS arm64, JDK21, Docker Testcontainers (Gradle unit/integration tests; no full stack)	qa_master_state.json[C0-PER-17]@8e91172;row=junit	1-7
C0-PER-18	C0_ARCHITECTURE	P0	PASS	JUNIT_XML	8e91172ffc31db2c8b2eaf2eb75ba07cb8701bec	2026-10-06	JUNIT	C4	-	TESTCONTAINERS	YES	docs/parallel/c6/evidence/mac-8e91172-gate/backend-testcases.tsv	8e91172ffc31db2c8b2eaf2eb75ba07cb8701bec	NA	8e91172ffc31db2c8b2eaf2eb75ba07cb8701bec	macOS arm64, JDK21, Docker Testcontainers (Gradle unit/integration tests; no full stack)	qa_master_state.json[C0-PER-18]@8e91172;row=junit	1-7
C0-PER-19	C0_ARCHITECTURE	P0	PASS	JUNIT_XML	8e91172ffc31db2c8b2eaf2eb75ba07cb8701bec	2026-10-06	JUNIT	C4	-	TESTCONTAINERS	YES	docs/parallel/c6/evidence/mac-8e91172-gate/backend-testcases.tsv	8e91172ffc31db2c8b2eaf2eb75ba07cb8701bec	NA	8e91172ffc31db2c8b2eaf2eb75ba07cb8701bec	macOS arm64, JDK21, Docker Testcontainers (Gradle unit/integration tests; no full stack)	qa_master_state.json[C0-PER-19]@8e91172;row=junit	1-7
C0-PER-20	C0_ARCHITECTURE	P1	PASS	JUNIT_XML	8e91172ffc31db2c8b2eaf2eb75ba07cb8701bec	2026-10-06	JUNIT	C4	-	TESTCONTAINERS	YES	docs/parallel/c6/evidence/mac-8e91172-gate/backend-testcases.tsv	8e91172ffc31db2c8b2eaf2eb75ba07cb8701bec	NA	8e91172ffc31db2c8b2eaf2eb75ba07cb8701bec	macOS arm64, JDK21, Docker Testcontainers (Gradle unit/integration tests; no full stack)	qa_master_state.json[C0-PER-20]@8e91172;row=junit	1-7
C0-PER-21	C0_ARCHITECTURE	P0	PASS	JUNIT_XML	8e91172ffc31db2c8b2eaf2eb75ba07cb8701bec	2026-10-06	JUNIT	C4	-	TESTCONTAINERS	YES	docs/parallel/c6/evidence/mac-8e91172-gate/backend-testcases.tsv	8e91172ffc31db2c8b2eaf2eb75ba07cb8701bec	NA	8e91172ffc31db2c8b2eaf2eb75ba07cb8701bec	macOS arm64, JDK21, Docker Testcontainers (Gradle unit/integration tests; no full stack)	qa_master_state.json[C0-PER-21]@8e91172;row=junit	1-7
C0-PER-22	C0_ARCHITECTURE	P1	PASS	JUNIT_XML	8e91172ffc31db2c8b2eaf2eb75ba07cb8701bec	2026-10-06	JUNIT	C4	-	TESTCONTAINERS	YES	docs/parallel/c6/evidence/mac-8e91172-gate/backend-testcases.tsv	8e91172ffc31db2c8b2eaf2eb75ba07cb8701bec	NA	8e91172ffc31db2c8b2eaf2eb75ba07cb8701bec	macOS arm64, JDK21, Docker Testcontainers (Gradle unit/integration tests; no full stack)	qa_master_state.json[C0-PER-22]@8e91172;row=junit	1-7
C0-PER-23	C0_ARCHITECTURE	P0	PASS	JUNIT_XML	8e91172ffc31db2c8b2eaf2eb75ba07cb8701bec	2026-10-06	JUNIT	C4	-	TESTCONTAINERS	YES	docs/parallel/c6/evidence/mac-8e91172-gate/backend-testcases.tsv	8e91172ffc31db2c8b2eaf2eb75ba07cb8701bec	NA	8e91172ffc31db2c8b2eaf2eb75ba07cb8701bec	macOS arm64, JDK21, Docker Testcontainers (Gradle unit/integration tests; no full stack)	qa_master_state.json[C0-PER-23]@8e91172;row=junit	1-7
C0-PER-24	C0_ARCHITECTURE	P1	PASS	JUNIT_XML	8e91172ffc31db2c8b2eaf2eb75ba07cb8701bec	2026-10-06	JUNIT	C4	-	TESTCONTAINERS	YES	docs/parallel/c6/evidence/mac-8e91172-gate/backend-testcases.tsv	8e91172ffc31db2c8b2eaf2eb75ba07cb8701bec	NA	8e91172ffc31db2c8b2eaf2eb75ba07cb8701bec	macOS arm64, JDK21, Docker Testcontainers (Gradle unit/integration tests; no full stack)	qa_master_state.json[C0-PER-24]@8e91172;row=junit	1-7
C0-PER-25	C0_ARCHITECTURE	P0	BLOCKED	NONE	8e91172ffc31db2c8b2eaf2eb75ba07cb8701bec	2026-10-06	NONE	C0	BLK-C6-05	FULL_STACK_NOT_AVAILABLE	YES	-	8e91172ffc31db2c8b2eaf2eb75ba07cb8701bec	NA	8e91172ffc31db2c8b2eaf2eb75ba07cb8701bec	macOS arm64, JDK21, Docker Testcontainers (Gradle unit/integration tests; no full stack)	qa_master_state.json[C0-PER-25]@8e91172;row=blocked	1-7
C0-BLD-01	C0_ARCHITECTURE	P1	FAIL	DERIVED	8e91172ffc31db2c8b2eaf2eb75ba07cb8701bec	2026-10-06	MANUAL_OR_DERIVED	C0	BUG-C6-006	TESTCONTAINERS	YES	-	8e91172ffc31db2c8b2eaf2eb75ba07cb8701bec	NA	8e91172ffc31db2c8b2eaf2eb75ba07cb8701bec	macOS arm64, JDK21, Docker Testcontainers (Gradle unit/integration tests; no full stack)	qa_master_state.json[C0-BLD-01]@8e91172;row=fail	1-7
C0-BLD-02	C0_ARCHITECTURE	P1	PASS	JUNIT_XML	8e91172ffc31db2c8b2eaf2eb75ba07cb8701bec	2026-10-06	JUNIT	C0	-	TESTCONTAINERS	YES	docs/parallel/c6/evidence/mac-8e91172-gate/backend-testcases.tsv	8e91172ffc31db2c8b2eaf2eb75ba07cb8701bec	NA	8e91172ffc31db2c8b2eaf2eb75ba07cb8701bec	macOS arm64, JDK21, Docker Testcontainers (Gradle unit/integration tests; no full stack)	qa_master_state.json[C0-BLD-02]@8e91172;row=junit	1-7
C0-BLD-03	C0_ARCHITECTURE	P1	PASS	NODE_TEST_LOG	8e91172ffc31db2c8b2eaf2eb75ba07cb8701bec	2026-10-06	NODE_TEST	C0	-	TESTCONTAINERS	YES	docs/parallel/c6/evidence/mac-8e91172-nostack/RESULTS.txt	8e91172ffc31db2c8b2eaf2eb75ba07cb8701bec	8e91172ffc31db2c8b2eaf2eb75ba07cb8701bec	8e91172ffc31db2c8b2eaf2eb75ba07cb8701bec	macOS arm64, JDK21, Docker Testcontainers (Gradle unit/integration tests; no full stack)	qa_master_state.json[C0-BLD-03]@8e91172;row=fe	1-7
C0-BLD-04	C0_ARCHITECTURE	P1	PASS	NODE_TEST_LOG	8e91172ffc31db2c8b2eaf2eb75ba07cb8701bec	2026-10-06	NODE_TEST	C0	-	TESTCONTAINERS	YES	docs/parallel/c6/evidence/mac-8e91172-nostack/RESULTS.txt	8e91172ffc31db2c8b2eaf2eb75ba07cb8701bec	8e91172ffc31db2c8b2eaf2eb75ba07cb8701bec	8e91172ffc31db2c8b2eaf2eb75ba07cb8701bec	macOS arm64, JDK21, Docker Testcontainers (Gradle unit/integration tests; no full stack)	qa_master_state.json[C0-BLD-04]@8e91172;row=fe	1-7
C0-BLD-05	C0_ARCHITECTURE	P3	FAIL	DERIVED	8e91172ffc31db2c8b2eaf2eb75ba07cb8701bec	2026-10-06	MANUAL_OR_DERIVED	C0	BUG-C6-008	TESTCONTAINERS	YES	-	8e91172ffc31db2c8b2eaf2eb75ba07cb8701bec	NA	8e91172ffc31db2c8b2eaf2eb75ba07cb8701bec	macOS arm64, JDK21, Docker Testcontainers (Gradle unit/integration tests; no full stack)	qa_master_state.json[C0-BLD-05]@8e91172;row=fail	1-7
C1-AUTH-01	C1_IAM	P0	PASS	JUNIT_XML	8e91172ffc31db2c8b2eaf2eb75ba07cb8701bec	2026-10-06	JUNIT	C1	-	TESTCONTAINERS	YES	docs/parallel/c6/evidence/mac-8e91172-gate/backend-testcases.tsv	8e91172ffc31db2c8b2eaf2eb75ba07cb8701bec	NA	8e91172ffc31db2c8b2eaf2eb75ba07cb8701bec	macOS arm64, JDK21, Docker Testcontainers (Gradle unit/integration tests; no full stack)	qa_master_state.json[C1-AUTH-01]@8e91172;row=junit	1-7
C1-AUTH-02	C1_IAM	P1	PASS	JUNIT_XML	8e91172ffc31db2c8b2eaf2eb75ba07cb8701bec	2026-10-06	JUNIT	C1	-	TESTCONTAINERS	YES	docs/parallel/c6/evidence/mac-8e91172-gate/backend-testcases.tsv	8e91172ffc31db2c8b2eaf2eb75ba07cb8701bec	NA	8e91172ffc31db2c8b2eaf2eb75ba07cb8701bec	macOS arm64, JDK21, Docker Testcontainers (Gradle unit/integration tests; no full stack)	qa_master_state.json[C1-AUTH-02]@8e91172;row=junit	1-7
C1-AUTH-03	C1_IAM	P0	PASS	JUNIT_XML	8e91172ffc31db2c8b2eaf2eb75ba07cb8701bec	2026-10-06	JUNIT	C1	-	TESTCONTAINERS	YES	docs/parallel/c6/evidence/mac-8e91172-gate/backend-testcases.tsv	8e91172ffc31db2c8b2eaf2eb75ba07cb8701bec	NA	8e91172ffc31db2c8b2eaf2eb75ba07cb8701bec	macOS arm64, JDK21, Docker Testcontainers (Gradle unit/integration tests; no full stack)	qa_master_state.json[C1-AUTH-03]@8e91172;row=junit	1-7
C1-AUTH-04	C1_IAM	P1	PASS	JUNIT_XML	8e91172ffc31db2c8b2eaf2eb75ba07cb8701bec	2026-10-06	JUNIT	C1	-	TESTCONTAINERS	YES	docs/parallel/c6/evidence/mac-8e91172-gate/backend-testcases.tsv	8e91172ffc31db2c8b2eaf2eb75ba07cb8701bec	NA	8e91172ffc31db2c8b2eaf2eb75ba07cb8701bec	macOS arm64, JDK21, Docker Testcontainers (Gradle unit/integration tests; no full stack)	qa_master_state.json[C1-AUTH-04]@8e91172;row=junit	1-7
C1-AUTH-05	C1_IAM	P0	PASS	JUNIT_XML	8e91172ffc31db2c8b2eaf2eb75ba07cb8701bec	2026-10-06	JUNIT	C1	-	TESTCONTAINERS	YES	docs/parallel/c6/evidence/mac-8e91172-gate/backend-testcases.tsv	8e91172ffc31db2c8b2eaf2eb75ba07cb8701bec	NA	8e91172ffc31db2c8b2eaf2eb75ba07cb8701bec	macOS arm64, JDK21, Docker Testcontainers (Gradle unit/integration tests; no full stack)	qa_master_state.json[C1-AUTH-05]@8e91172;row=junit	1-7
C1-AUTH-06	C1_IAM	P1	PASS	JUNIT_XML	8e91172ffc31db2c8b2eaf2eb75ba07cb8701bec	2026-10-06	JUNIT	C1	-	TESTCONTAINERS	YES	docs/parallel/c6/evidence/mac-8e91172-gate/backend-testcases.tsv	8e91172ffc31db2c8b2eaf2eb75ba07cb8701bec	NA	8e91172ffc31db2c8b2eaf2eb75ba07cb8701bec	macOS arm64, JDK21, Docker Testcontainers (Gradle unit/integration tests; no full stack)	qa_master_state.json[C1-AUTH-06]@8e91172;row=junit	1-7
C1-AUTH-07	C1_IAM	P0	PASS	JUNIT_XML	8e91172ffc31db2c8b2eaf2eb75ba07cb8701bec	2026-10-06	JUNIT	C1	-	TESTCONTAINERS	YES	docs/parallel/c6/evidence/mac-8e91172-gate/backend-testcases.tsv	8e91172ffc31db2c8b2eaf2eb75ba07cb8701bec	NA	8e91172ffc31db2c8b2eaf2eb75ba07cb8701bec	macOS arm64, JDK21, Docker Testcontainers (Gradle unit/integration tests; no full stack)	qa_master_state.json[C1-AUTH-07]@8e91172;row=junit	1-7
C1-AUTH-08	C1_IAM	P0	PASS	JUNIT_XML	8e91172ffc31db2c8b2eaf2eb75ba07cb8701bec	2026-10-06	JUNIT	C1	-	TESTCONTAINERS	YES	docs/parallel/c6/evidence/mac-8e91172-gate/backend-testcases.tsv	8e91172ffc31db2c8b2eaf2eb75ba07cb8701bec	NA	8e91172ffc31db2c8b2eaf2eb75ba07cb8701bec	macOS arm64, JDK21, Docker Testcontainers (Gradle unit/integration tests; no full stack)	qa_master_state.json[C1-AUTH-08]@8e91172;row=junit	1-7
C1-AUTH-09	C1_IAM	P1	PASS	JUNIT_XML	8e91172ffc31db2c8b2eaf2eb75ba07cb8701bec	2026-10-06	JUNIT	C1	-	TESTCONTAINERS	YES	docs/parallel/c6/evidence/mac-8e91172-gate/backend-testcases.tsv	8e91172ffc31db2c8b2eaf2eb75ba07cb8701bec	NA	8e91172ffc31db2c8b2eaf2eb75ba07cb8701bec	macOS arm64, JDK21, Docker Testcontainers (Gradle unit/integration tests; no full stack)	qa_master_state.json[C1-AUTH-09]@8e91172;row=junit	1-7
C1-AUTH-10	C1_IAM	P1	PASS	JUNIT_XML	8e91172ffc31db2c8b2eaf2eb75ba07cb8701bec	2026-10-06	JUNIT	C1	-	TESTCONTAINERS	YES	docs/parallel/c6/evidence/mac-8e91172-gate/backend-testcases.tsv	8e91172ffc31db2c8b2eaf2eb75ba07cb8701bec	NA	8e91172ffc31db2c8b2eaf2eb75ba07cb8701bec	macOS arm64, JDK21, Docker Testcontainers (Gradle unit/integration tests; no full stack)	qa_master_state.json[C1-AUTH-10]@8e91172;row=junit	1-7
C1-AUTH-11	C1_IAM	P1	PASS	JUNIT_XML	8e91172ffc31db2c8b2eaf2eb75ba07cb8701bec	2026-10-06	JUNIT	C1	-	TESTCONTAINERS	YES	docs/parallel/c6/evidence/mac-8e91172-gate/backend-testcases.tsv	8e91172ffc31db2c8b2eaf2eb75ba07cb8701bec	NA	8e91172ffc31db2c8b2eaf2eb75ba07cb8701bec	macOS arm64, JDK21, Docker Testcontainers (Gradle unit/integration tests; no full stack)	qa_master_state.json[C1-AUTH-11]@8e91172;row=junit	1-7
C1-AUTH-12	C1_IAM	P1	PASS	JUNIT_XML	8e91172ffc31db2c8b2eaf2eb75ba07cb8701bec	2026-10-06	JUNIT	C1	-	TESTCONTAINERS	YES	docs/parallel/c6/evidence/mac-8e91172-gate/backend-testcases.tsv	8e91172ffc31db2c8b2eaf2eb75ba07cb8701bec	NA	8e91172ffc31db2c8b2eaf2eb75ba07cb8701bec	macOS arm64, JDK21, Docker Testcontainers (Gradle unit/integration tests; no full stack)	qa_master_state.json[C1-AUTH-12]@8e91172;row=junit	1-7
C1-AUTH-13	C1_IAM	P1	BLOCKED	NONE	8e91172ffc31db2c8b2eaf2eb75ba07cb8701bec	2026-10-06	NONE	C1	BLK-C6-05	FULL_STACK_NOT_AVAILABLE	YES	-	8e91172ffc31db2c8b2eaf2eb75ba07cb8701bec	NA	8e91172ffc31db2c8b2eaf2eb75ba07cb8701bec	macOS arm64, JDK21, Docker Testcontainers (Gradle unit/integration tests; no full stack)	qa_master_state.json[C1-AUTH-13]@8e91172;row=blocked	1-7
C1-AUTH-14	C1_IAM	P1	GAP	NONE	8e91172ffc31db2c8b2eaf2eb75ba07cb8701bec	2026-10-06	NONE	C1	-	TESTCONTAINERS	YES	-	8e91172ffc31db2c8b2eaf2eb75ba07cb8701bec	NA	8e91172ffc31db2c8b2eaf2eb75ba07cb8701bec	macOS arm64, JDK21, Docker Testcontainers (Gradle unit/integration tests; no full stack)	qa_master_state.json[C1-AUTH-14]@8e91172;row=gap	1-7
C1-TEN-01	C1_IAM	P0	PASS	JUNIT_XML	8e91172ffc31db2c8b2eaf2eb75ba07cb8701bec	2026-10-06	JUNIT	C1	-	TESTCONTAINERS	YES	docs/parallel/c6/evidence/mac-8e91172-gate/backend-testcases.tsv	8e91172ffc31db2c8b2eaf2eb75ba07cb8701bec	NA	8e91172ffc31db2c8b2eaf2eb75ba07cb8701bec	macOS arm64, JDK21, Docker Testcontainers (Gradle unit/integration tests; no full stack)	qa_master_state.json[C1-TEN-01]@8e91172;row=junit	1-7
C1-TEN-02	C1_IAM	P0	PASS	JUNIT_XML	8e91172ffc31db2c8b2eaf2eb75ba07cb8701bec	2026-10-06	JUNIT	C1	-	TESTCONTAINERS	YES	docs/parallel/c6/evidence/mac-8e91172-gate/backend-testcases.tsv	8e91172ffc31db2c8b2eaf2eb75ba07cb8701bec	NA	8e91172ffc31db2c8b2eaf2eb75ba07cb8701bec	macOS arm64, JDK21, Docker Testcontainers (Gradle unit/integration tests; no full stack)	qa_master_state.json[C1-TEN-02]@8e91172;row=junit	1-7
C1-TEN-03	C1_IAM	P0	PASS	JUNIT_XML	8e91172ffc31db2c8b2eaf2eb75ba07cb8701bec	2026-10-06	JUNIT	C1	-	TESTCONTAINERS	YES	docs/parallel/c6/evidence/mac-8e91172-gate/backend-testcases.tsv	8e91172ffc31db2c8b2eaf2eb75ba07cb8701bec	NA	8e91172ffc31db2c8b2eaf2eb75ba07cb8701bec	macOS arm64, JDK21, Docker Testcontainers (Gradle unit/integration tests; no full stack)	qa_master_state.json[C1-TEN-03]@8e91172;row=junit	1-7
C1-TEN-04	C1_IAM	P0	PASS	JUNIT_XML	8e91172ffc31db2c8b2eaf2eb75ba07cb8701bec	2026-10-06	JUNIT	C1	-	TESTCONTAINERS	YES	docs/parallel/c6/evidence/mac-8e91172-gate/backend-testcases.tsv	8e91172ffc31db2c8b2eaf2eb75ba07cb8701bec	NA	8e91172ffc31db2c8b2eaf2eb75ba07cb8701bec	macOS arm64, JDK21, Docker Testcontainers (Gradle unit/integration tests; no full stack)	qa_master_state.json[C1-TEN-04]@8e91172;row=junit	1-7
C1-TEN-05	C1_IAM	P0	PASS	JUNIT_XML	8e91172ffc31db2c8b2eaf2eb75ba07cb8701bec	2026-10-06	JUNIT	C1	-	TESTCONTAINERS	YES	docs/parallel/c6/evidence/mac-8e91172-gate/backend-testcases.tsv	8e91172ffc31db2c8b2eaf2eb75ba07cb8701bec	NA	8e91172ffc31db2c8b2eaf2eb75ba07cb8701bec	macOS arm64, JDK21, Docker Testcontainers (Gradle unit/integration tests; no full stack)	qa_master_state.json[C1-TEN-05]@8e91172;row=junit	1-7
C1-TEN-06	C1_IAM	P0	PASS	JUNIT_XML	8e91172ffc31db2c8b2eaf2eb75ba07cb8701bec	2026-10-06	JUNIT	C1	-	TESTCONTAINERS	YES	docs/parallel/c6/evidence/mac-8e91172-gate/backend-testcases.tsv	8e91172ffc31db2c8b2eaf2eb75ba07cb8701bec	NA	8e91172ffc31db2c8b2eaf2eb75ba07cb8701bec	macOS arm64, JDK21, Docker Testcontainers (Gradle unit/integration tests; no full stack)	qa_master_state.json[C1-TEN-06]@8e91172;row=junit	1-7
C1-TEN-07	C1_IAM	P1	PASS	JUNIT_XML	8e91172ffc31db2c8b2eaf2eb75ba07cb8701bec	2026-10-06	JUNIT	C1	-	TESTCONTAINERS	YES	docs/parallel/c6/evidence/mac-8e91172-gate/backend-testcases.tsv	8e91172ffc31db2c8b2eaf2eb75ba07cb8701bec	NA	8e91172ffc31db2c8b2eaf2eb75ba07cb8701bec	macOS arm64, JDK21, Docker Testcontainers (Gradle unit/integration tests; no full stack)	qa_master_state.json[C1-TEN-07]@8e91172;row=junit	1-7
C1-TEN-08	C1_IAM	P0	PASS	JUNIT_XML	8e91172ffc31db2c8b2eaf2eb75ba07cb8701bec	2026-10-06	JUNIT	C1	-	TESTCONTAINERS	YES	docs/parallel/c6/evidence/mac-8e91172-gate/backend-testcases.tsv	8e91172ffc31db2c8b2eaf2eb75ba07cb8701bec	NA	8e91172ffc31db2c8b2eaf2eb75ba07cb8701bec	macOS arm64, JDK21, Docker Testcontainers (Gradle unit/integration tests; no full stack)	qa_master_state.json[C1-TEN-08]@8e91172;row=junit	1-7
C1-TEN-09	C1_IAM	P0	PASS	JUNIT_XML	8e91172ffc31db2c8b2eaf2eb75ba07cb8701bec	2026-10-06	JUNIT	C1	-	TESTCONTAINERS	YES	docs/parallel/c6/evidence/mac-8e91172-gate/backend-testcases.tsv	8e91172ffc31db2c8b2eaf2eb75ba07cb8701bec	NA	8e91172ffc31db2c8b2eaf2eb75ba07cb8701bec	macOS arm64, JDK21, Docker Testcontainers (Gradle unit/integration tests; no full stack)	qa_master_state.json[C1-TEN-09]@8e91172;row=junit	1-7
C1-TEN-10	C1_IAM	P0	PASS	JUNIT_XML	8e91172ffc31db2c8b2eaf2eb75ba07cb8701bec	2026-10-06	JUNIT	C1	-	TESTCONTAINERS	YES	docs/parallel/c6/evidence/mac-8e91172-gate/backend-testcases.tsv	8e91172ffc31db2c8b2eaf2eb75ba07cb8701bec	NA	8e91172ffc31db2c8b2eaf2eb75ba07cb8701bec	macOS arm64, JDK21, Docker Testcontainers (Gradle unit/integration tests; no full stack)	qa_master_state.json[C1-TEN-10]@8e91172;row=junit	1-7
C1-TEN-11	C1_IAM	P0	PASS	JUNIT_XML	8e91172ffc31db2c8b2eaf2eb75ba07cb8701bec	2026-10-06	JUNIT	C1	-	TESTCONTAINERS	YES	docs/parallel/c6/evidence/mac-8e91172-gate/backend-testcases.tsv	8e91172ffc31db2c8b2eaf2eb75ba07cb8701bec	NA	8e91172ffc31db2c8b2eaf2eb75ba07cb8701bec	macOS arm64, JDK21, Docker Testcontainers (Gradle unit/integration tests; no full stack)	qa_master_state.json[C1-TEN-11]@8e91172;row=junit	1-7
C1-TEN-12	C1_IAM	P0	PASS	JUNIT_XML	8e91172ffc31db2c8b2eaf2eb75ba07cb8701bec	2026-10-06	JUNIT	C1	-	TESTCONTAINERS	YES	docs/parallel/c6/evidence/mac-8e91172-gate/backend-testcases.tsv	8e91172ffc31db2c8b2eaf2eb75ba07cb8701bec	NA	8e91172ffc31db2c8b2eaf2eb75ba07cb8701bec	macOS arm64, JDK21, Docker Testcontainers (Gradle unit/integration tests; no full stack)	qa_master_state.json[C1-TEN-12]@8e91172;row=junit	1-7
C1-TEN-13	C1_IAM	P1	PASS	JUNIT_XML	8e91172ffc31db2c8b2eaf2eb75ba07cb8701bec	2026-10-06	JUNIT	C1	-	TESTCONTAINERS	YES	docs/parallel/c6/evidence/mac-8e91172-gate/backend-testcases.tsv	8e91172ffc31db2c8b2eaf2eb75ba07cb8701bec	NA	8e91172ffc31db2c8b2eaf2eb75ba07cb8701bec	macOS arm64, JDK21, Docker Testcontainers (Gradle unit/integration tests; no full stack)	qa_master_state.json[C1-TEN-13]@8e91172;row=junit	1-7
C1-TEN-14	C1_IAM	P0	PASS	JUNIT_XML	8e91172ffc31db2c8b2eaf2eb75ba07cb8701bec	2026-10-06	JUNIT	C1	-	TESTCONTAINERS	YES	docs/parallel/c6/evidence/mac-8e91172-gate/backend-testcases.tsv	8e91172ffc31db2c8b2eaf2eb75ba07cb8701bec	NA	8e91172ffc31db2c8b2eaf2eb75ba07cb8701bec	macOS arm64, JDK21, Docker Testcontainers (Gradle unit/integration tests; no full stack)	qa_master_state.json[C1-TEN-14]@8e91172;row=junit	1-7
C1-TEN-15	C1_IAM	P0	PASS	JUNIT_XML	8e91172ffc31db2c8b2eaf2eb75ba07cb8701bec	2026-10-06	JUNIT	C1	-	TESTCONTAINERS	YES	docs/parallel/c6/evidence/mac-8e91172-gate/backend-testcases.tsv	8e91172ffc31db2c8b2eaf2eb75ba07cb8701bec	NA	8e91172ffc31db2c8b2eaf2eb75ba07cb8701bec	macOS arm64, JDK21, Docker Testcontainers (Gradle unit/integration tests; no full stack)	qa_master_state.json[C1-TEN-15]@8e91172;row=junit	1-7
C1-TEN-16	C1_IAM	P0	PASS	JUNIT_XML	8e91172ffc31db2c8b2eaf2eb75ba07cb8701bec	2026-10-06	JUNIT	C1	-	TESTCONTAINERS	YES	docs/parallel/c6/evidence/mac-8e91172-gate/backend-testcases.tsv	8e91172ffc31db2c8b2eaf2eb75ba07cb8701bec	NA	8e91172ffc31db2c8b2eaf2eb75ba07cb8701bec	macOS arm64, JDK21, Docker Testcontainers (Gradle unit/integration tests; no full stack)	qa_master_state.json[C1-TEN-16]@8e91172;row=junit	1-7
C1-TEN-17	C1_IAM	P0	PASS	JUNIT_XML	8e91172ffc31db2c8b2eaf2eb75ba07cb8701bec	2026-10-06	JUNIT	C1	-	TESTCONTAINERS	YES	docs/parallel/c6/evidence/mac-8e91172-gate/backend-testcases.tsv	8e91172ffc31db2c8b2eaf2eb75ba07cb8701bec	NA	8e91172ffc31db2c8b2eaf2eb75ba07cb8701bec	macOS arm64, JDK21, Docker Testcontainers (Gradle unit/integration tests; no full stack)	qa_master_state.json[C1-TEN-17]@8e91172;row=junit	1-7
C1-TEN-18	C1_IAM	P1	PASS	JUNIT_XML	8e91172ffc31db2c8b2eaf2eb75ba07cb8701bec	2026-10-06	JUNIT	C1	-	TESTCONTAINERS	YES	docs/parallel/c6/evidence/mac-8e91172-gate/backend-testcases.tsv	8e91172ffc31db2c8b2eaf2eb75ba07cb8701bec	NA	8e91172ffc31db2c8b2eaf2eb75ba07cb8701bec	macOS arm64, JDK21, Docker Testcontainers (Gradle unit/integration tests; no full stack)	qa_master_state.json[C1-TEN-18]@8e91172;row=junit	1-7
C1-TEN-19	C1_IAM	P0	BLOCKED	NONE	8e91172ffc31db2c8b2eaf2eb75ba07cb8701bec	2026-10-06	NONE	C1	BLK-C6-05	FULL_STACK_NOT_AVAILABLE	YES	-	8e91172ffc31db2c8b2eaf2eb75ba07cb8701bec	NA	8e91172ffc31db2c8b2eaf2eb75ba07cb8701bec	macOS arm64, JDK21, Docker Testcontainers (Gradle unit/integration tests; no full stack)	qa_master_state.json[C1-TEN-19]@8e91172;row=blocked	1-7
C1-TEN-20	C1_IAM	P1	PASS	JUNIT_XML	8e91172ffc31db2c8b2eaf2eb75ba07cb8701bec	2026-10-06	JUNIT	C1	-	TESTCONTAINERS	YES	docs/parallel/c6/evidence/mac-8e91172-gate/backend-testcases.tsv	8e91172ffc31db2c8b2eaf2eb75ba07cb8701bec	NA	8e91172ffc31db2c8b2eaf2eb75ba07cb8701bec	macOS arm64, JDK21, Docker Testcontainers (Gradle unit/integration tests; no full stack)	qa_master_state.json[C1-TEN-20]@8e91172;row=junit	1-7
C1-PRM-01	C1_IAM	P0	PASS	JUNIT_XML	8e91172ffc31db2c8b2eaf2eb75ba07cb8701bec	2026-10-06	JUNIT	C1	-	TESTCONTAINERS	YES	docs/parallel/c6/evidence/mac-8e91172-gate/backend-testcases.tsv	8e91172ffc31db2c8b2eaf2eb75ba07cb8701bec	NA	8e91172ffc31db2c8b2eaf2eb75ba07cb8701bec	macOS arm64, JDK21, Docker Testcontainers (Gradle unit/integration tests; no full stack)	qa_master_state.json[C1-PRM-01]@8e91172;row=junit	1-7
C1-PRM-02	C1_IAM	P0	PASS	JUNIT_XML	8e91172ffc31db2c8b2eaf2eb75ba07cb8701bec	2026-10-06	JUNIT	C1	-	TESTCONTAINERS	YES	docs/parallel/c6/evidence/mac-8e91172-gate/backend-testcases.tsv	8e91172ffc31db2c8b2eaf2eb75ba07cb8701bec	NA	8e91172ffc31db2c8b2eaf2eb75ba07cb8701bec	macOS arm64, JDK21, Docker Testcontainers (Gradle unit/integration tests; no full stack)	qa_master_state.json[C1-PRM-02]@8e91172;row=junit	1-7
C1-PRM-03	C1_IAM	P0	PASS	JUNIT_XML	8e91172ffc31db2c8b2eaf2eb75ba07cb8701bec	2026-10-06	JUNIT	C1	-	TESTCONTAINERS	YES	docs/parallel/c6/evidence/mac-8e91172-gate/backend-testcases.tsv	8e91172ffc31db2c8b2eaf2eb75ba07cb8701bec	NA	8e91172ffc31db2c8b2eaf2eb75ba07cb8701bec	macOS arm64, JDK21, Docker Testcontainers (Gradle unit/integration tests; no full stack)	qa_master_state.json[C1-PRM-03]@8e91172;row=junit	1-7
C1-PRM-04	C1_IAM	P0	PASS	JUNIT_XML	8e91172ffc31db2c8b2eaf2eb75ba07cb8701bec	2026-10-06	JUNIT	C1	-	TESTCONTAINERS	YES	docs/parallel/c6/evidence/mac-8e91172-gate/backend-testcases.tsv	8e91172ffc31db2c8b2eaf2eb75ba07cb8701bec	NA	8e91172ffc31db2c8b2eaf2eb75ba07cb8701bec	macOS arm64, JDK21, Docker Testcontainers (Gradle unit/integration tests; no full stack)	qa_master_state.json[C1-PRM-04]@8e91172;row=junit	1-7
C1-PRM-05	C1_IAM	P0	PASS	JUNIT_XML	8e91172ffc31db2c8b2eaf2eb75ba07cb8701bec	2026-10-06	JUNIT	C1	-	TESTCONTAINERS	YES	docs/parallel/c6/evidence/mac-8e91172-gate/backend-testcases.tsv	8e91172ffc31db2c8b2eaf2eb75ba07cb8701bec	NA	8e91172ffc31db2c8b2eaf2eb75ba07cb8701bec	macOS arm64, JDK21, Docker Testcontainers (Gradle unit/integration tests; no full stack)	qa_master_state.json[C1-PRM-05]@8e91172;row=junit	1-7
C1-PRM-06	C1_IAM	P0	PASS	JUNIT_XML	8e91172ffc31db2c8b2eaf2eb75ba07cb8701bec	2026-10-06	JUNIT	C1	-	TESTCONTAINERS	YES	docs/parallel/c6/evidence/mac-8e91172-gate/backend-testcases.tsv	8e91172ffc31db2c8b2eaf2eb75ba07cb8701bec	NA	8e91172ffc31db2c8b2eaf2eb75ba07cb8701bec	macOS arm64, JDK21, Docker Testcontainers (Gradle unit/integration tests; no full stack)	qa_master_state.json[C1-PRM-06]@8e91172;row=junit	1-7
C1-PRM-07	C1_IAM	P0	PASS	DERIVED	8e91172ffc31db2c8b2eaf2eb75ba07cb8701bec	2026-10-06	NONE	C1	-	TESTCONTAINERS	YES	-	8e91172ffc31db2c8b2eaf2eb75ba07cb8701bec	NA	8e91172ffc31db2c8b2eaf2eb75ba07cb8701bec	macOS arm64, JDK21, Docker Testcontainers (Gradle unit/integration tests; no full stack)	qa_master_state.json[C1-PRM-07]@8e91172;row=gap	1-7
C1-PRM-08	C1_IAM	P0	PASS	JUNIT_XML	8e91172ffc31db2c8b2eaf2eb75ba07cb8701bec	2026-10-06	JUNIT	C1	-	TESTCONTAINERS	YES	docs/parallel/c6/evidence/mac-8e91172-gate/backend-testcases.tsv	8e91172ffc31db2c8b2eaf2eb75ba07cb8701bec	NA	8e91172ffc31db2c8b2eaf2eb75ba07cb8701bec	macOS arm64, JDK21, Docker Testcontainers (Gradle unit/integration tests; no full stack)	qa_master_state.json[C1-PRM-08]@8e91172;row=junit	1-7
C1-PRM-09	C1_IAM	P0	PASS	JUNIT_XML	8e91172ffc31db2c8b2eaf2eb75ba07cb8701bec	2026-10-06	JUNIT	C1	-	TESTCONTAINERS	YES	docs/parallel/c6/evidence/mac-8e91172-gate/backend-testcases.tsv	8e91172ffc31db2c8b2eaf2eb75ba07cb8701bec	NA	8e91172ffc31db2c8b2eaf2eb75ba07cb8701bec	macOS arm64, JDK21, Docker Testcontainers (Gradle unit/integration tests; no full stack)	qa_master_state.json[C1-PRM-09]@8e91172;row=junit	1-7
C1-PRM-10	C1_IAM	P0	PASS	DERIVED	8e91172ffc31db2c8b2eaf2eb75ba07cb8701bec	2026-10-06	NONE	C1	-	TESTCONTAINERS	YES	-	8e91172ffc31db2c8b2eaf2eb75ba07cb8701bec	NA	8e91172ffc31db2c8b2eaf2eb75ba07cb8701bec	macOS arm64, JDK21, Docker Testcontainers (Gradle unit/integration tests; no full stack)	qa_master_state.json[C1-PRM-10]@8e91172;row=gap	1-7
C1-PRM-11	C1_IAM	P0	PASS	JUNIT_XML	8e91172ffc31db2c8b2eaf2eb75ba07cb8701bec	2026-10-06	JUNIT	C1	-	TESTCONTAINERS	YES	docs/parallel/c6/evidence/mac-8e91172-gate/backend-testcases.tsv	8e91172ffc31db2c8b2eaf2eb75ba07cb8701bec	NA	8e91172ffc31db2c8b2eaf2eb75ba07cb8701bec	macOS arm64, JDK21, Docker Testcontainers (Gradle unit/integration tests; no full stack)	qa_master_state.json[C1-PRM-11]@8e91172;row=junit	1-7
C1-PRM-12	C1_IAM	P0	PASS	JUNIT_XML	8e91172ffc31db2c8b2eaf2eb75ba07cb8701bec	2026-10-06	JUNIT	C1	-	TESTCONTAINERS	YES	docs/parallel/c6/evidence/mac-8e91172-gate/backend-testcases.tsv	8e91172ffc31db2c8b2eaf2eb75ba07cb8701bec	NA	8e91172ffc31db2c8b2eaf2eb75ba07cb8701bec	macOS arm64, JDK21, Docker Testcontainers (Gradle unit/integration tests; no full stack)	qa_master_state.json[C1-PRM-12]@8e91172;row=junit	1-7
C1-PRM-13	C1_IAM	P1	PASS	JUNIT_XML	8e91172ffc31db2c8b2eaf2eb75ba07cb8701bec	2026-10-06	JUNIT	C1	-	TESTCONTAINERS	YES	docs/parallel/c6/evidence/mac-8e91172-gate/backend-testcases.tsv	8e91172ffc31db2c8b2eaf2eb75ba07cb8701bec	NA	8e91172ffc31db2c8b2eaf2eb75ba07cb8701bec	macOS arm64, JDK21, Docker Testcontainers (Gradle unit/integration tests; no full stack)	qa_master_state.json[C1-PRM-13]@8e91172;row=junit	1-7
C1-PRM-14	C1_IAM	P0	PASS	JUNIT_XML	8e91172ffc31db2c8b2eaf2eb75ba07cb8701bec	2026-10-06	JUNIT	C1	-	TESTCONTAINERS	YES	docs/parallel/c6/evidence/mac-8e91172-gate/backend-testcases.tsv	8e91172ffc31db2c8b2eaf2eb75ba07cb8701bec	NA	8e91172ffc31db2c8b2eaf2eb75ba07cb8701bec	macOS arm64, JDK21, Docker Testcontainers (Gradle unit/integration tests; no full stack)	qa_master_state.json[C1-PRM-14]@8e91172;row=junit	1-7
C1-PRM-15	C1_IAM	P1	PASS	JUNIT_XML	8e91172ffc31db2c8b2eaf2eb75ba07cb8701bec	2026-10-06	JUNIT	C1	-	TESTCONTAINERS	YES	docs/parallel/c6/evidence/mac-8e91172-gate/backend-testcases.tsv	8e91172ffc31db2c8b2eaf2eb75ba07cb8701bec	NA	8e91172ffc31db2c8b2eaf2eb75ba07cb8701bec	macOS arm64, JDK21, Docker Testcontainers (Gradle unit/integration tests; no full stack)	qa_master_state.json[C1-PRM-15]@8e91172;row=junit	1-7
C1-PRM-16	C1_IAM	P0	PASS	JUNIT_XML	8e91172ffc31db2c8b2eaf2eb75ba07cb8701bec	2026-10-06	JUNIT	C1	-	TESTCONTAINERS	YES	docs/parallel/c6/evidence/mac-8e91172-gate/backend-testcases.tsv	8e91172ffc31db2c8b2eaf2eb75ba07cb8701bec	NA	8e91172ffc31db2c8b2eaf2eb75ba07cb8701bec	macOS arm64, JDK21, Docker Testcontainers (Gradle unit/integration tests; no full stack)	qa_master_state.json[C1-PRM-16]@8e91172;row=junit	1-7
C1-PRM-17	C1_IAM	P1	PASS	JUNIT_XML	8e91172ffc31db2c8b2eaf2eb75ba07cb8701bec	2026-10-06	JUNIT	C1	-	TESTCONTAINERS	YES	docs/parallel/c6/evidence/mac-8e91172-gate/backend-testcases.tsv	8e91172ffc31db2c8b2eaf2eb75ba07cb8701bec	NA	8e91172ffc31db2c8b2eaf2eb75ba07cb8701bec	macOS arm64, JDK21, Docker Testcontainers (Gradle unit/integration tests; no full stack)	qa_master_state.json[C1-PRM-17]@8e91172;row=junit	1-7
C1-PRM-18	C1_IAM	P0	PASS	JUNIT_XML	8e91172ffc31db2c8b2eaf2eb75ba07cb8701bec	2026-10-06	JUNIT	C1	-	TESTCONTAINERS	YES	docs/parallel/c6/evidence/mac-8e91172-gate/backend-testcases.tsv	8e91172ffc31db2c8b2eaf2eb75ba07cb8701bec	NA	8e91172ffc31db2c8b2eaf2eb75ba07cb8701bec	macOS arm64, JDK21, Docker Testcontainers (Gradle unit/integration tests; no full stack)	qa_master_state.json[C1-PRM-18]@8e91172;row=junit	1-7
C1-PRM-19	C1_IAM	P1	PASS	JUNIT_XML	8e91172ffc31db2c8b2eaf2eb75ba07cb8701bec	2026-10-06	JUNIT	C1	-	TESTCONTAINERS	YES	docs/parallel/c6/evidence/mac-8e91172-gate/backend-testcases.tsv	8e91172ffc31db2c8b2eaf2eb75ba07cb8701bec	NA	8e91172ffc31db2c8b2eaf2eb75ba07cb8701bec	macOS arm64, JDK21, Docker Testcontainers (Gradle unit/integration tests; no full stack)	qa_master_state.json[C1-PRM-19]@8e91172;row=junit	1-7
C1-ESC-01	C1_IAM	P0	PASS	JUNIT_XML	8e91172ffc31db2c8b2eaf2eb75ba07cb8701bec	2026-10-06	JUNIT	C1	-	TESTCONTAINERS	YES	docs/parallel/c6/evidence/mac-8e91172-gate/backend-testcases.tsv	8e91172ffc31db2c8b2eaf2eb75ba07cb8701bec	NA	8e91172ffc31db2c8b2eaf2eb75ba07cb8701bec	macOS arm64, JDK21, Docker Testcontainers (Gradle unit/integration tests; no full stack)	qa_master_state.json[C1-ESC-01]@8e91172;row=junit	1-7
C1-ESC-02	C1_IAM	P0	PASS	JUNIT_XML	8e91172ffc31db2c8b2eaf2eb75ba07cb8701bec	2026-10-06	JUNIT	C1	-	TESTCONTAINERS	YES	docs/parallel/c6/evidence/mac-8e91172-gate/backend-testcases.tsv	8e91172ffc31db2c8b2eaf2eb75ba07cb8701bec	NA	8e91172ffc31db2c8b2eaf2eb75ba07cb8701bec	macOS arm64, JDK21, Docker Testcontainers (Gradle unit/integration tests; no full stack)	qa_master_state.json[C1-ESC-02]@8e91172;row=junit	1-7
C1-ESC-03	C1_IAM	P0	PASS	JUNIT_XML	8e91172ffc31db2c8b2eaf2eb75ba07cb8701bec	2026-10-06	JUNIT	C1	-	TESTCONTAINERS	YES	docs/parallel/c6/evidence/mac-8e91172-gate/backend-testcases.tsv	8e91172ffc31db2c8b2eaf2eb75ba07cb8701bec	NA	8e91172ffc31db2c8b2eaf2eb75ba07cb8701bec	macOS arm64, JDK21, Docker Testcontainers (Gradle unit/integration tests; no full stack)	qa_master_state.json[C1-ESC-03]@8e91172;row=junit	1-7
C1-ESC-04	C1_IAM	P0	PASS	JUNIT_XML	8e91172ffc31db2c8b2eaf2eb75ba07cb8701bec	2026-10-06	JUNIT	C1	-	TESTCONTAINERS	YES	docs/parallel/c6/evidence/mac-8e91172-gate/backend-testcases.tsv	8e91172ffc31db2c8b2eaf2eb75ba07cb8701bec	NA	8e91172ffc31db2c8b2eaf2eb75ba07cb8701bec	macOS arm64, JDK21, Docker Testcontainers (Gradle unit/integration tests; no full stack)	qa_master_state.json[C1-ESC-04]@8e91172;row=junit	1-7
C1-ESC-05	C1_IAM	P0	PASS	JUNIT_XML	8e91172ffc31db2c8b2eaf2eb75ba07cb8701bec	2026-10-06	JUNIT	C1	-	TESTCONTAINERS	YES	docs/parallel/c6/evidence/mac-8e91172-gate/backend-testcases.tsv	8e91172ffc31db2c8b2eaf2eb75ba07cb8701bec	NA	8e91172ffc31db2c8b2eaf2eb75ba07cb8701bec	macOS arm64, JDK21, Docker Testcontainers (Gradle unit/integration tests; no full stack)	qa_master_state.json[C1-ESC-05]@8e91172;row=junit	1-7
C1-ESC-06	C1_IAM	P1	PASS	JUNIT_XML	8e91172ffc31db2c8b2eaf2eb75ba07cb8701bec	2026-10-06	JUNIT	C1	-	TESTCONTAINERS	YES	docs/parallel/c6/evidence/mac-8e91172-gate/backend-testcases.tsv	8e91172ffc31db2c8b2eaf2eb75ba07cb8701bec	NA	8e91172ffc31db2c8b2eaf2eb75ba07cb8701bec	macOS arm64, JDK21, Docker Testcontainers (Gradle unit/integration tests; no full stack)	qa_master_state.json[C1-ESC-06]@8e91172;row=junit	1-7
C1-SEC-01	C1_IAM	P0	PASS	JUNIT_XML	8e91172ffc31db2c8b2eaf2eb75ba07cb8701bec	2026-10-06	JUNIT	C1	-	TESTCONTAINERS	YES	docs/parallel/c6/evidence/mac-8e91172-gate/backend-testcases.tsv	8e91172ffc31db2c8b2eaf2eb75ba07cb8701bec	NA	8e91172ffc31db2c8b2eaf2eb75ba07cb8701bec	macOS arm64, JDK21, Docker Testcontainers (Gradle unit/integration tests; no full stack)	qa_master_state.json[C1-SEC-01]@8e91172;row=junit	1-7
C1-SEC-02	C1_IAM	P0	PASS	JUNIT_XML	8e91172ffc31db2c8b2eaf2eb75ba07cb8701bec	2026-10-06	JUNIT	C1	-	TESTCONTAINERS	YES	docs/parallel/c6/evidence/mac-8e91172-gate/backend-testcases.tsv	8e91172ffc31db2c8b2eaf2eb75ba07cb8701bec	NA	8e91172ffc31db2c8b2eaf2eb75ba07cb8701bec	macOS arm64, JDK21, Docker Testcontainers (Gradle unit/integration tests; no full stack)	qa_master_state.json[C1-SEC-02]@8e91172;row=junit	1-7
C1-SEC-03	C1_IAM	P0	PASS	JUNIT_XML	8e91172ffc31db2c8b2eaf2eb75ba07cb8701bec	2026-10-06	JUNIT	C1	-	TESTCONTAINERS	YES	docs/parallel/c6/evidence/mac-8e91172-gate/backend-testcases.tsv	8e91172ffc31db2c8b2eaf2eb75ba07cb8701bec	NA	8e91172ffc31db2c8b2eaf2eb75ba07cb8701bec	macOS arm64, JDK21, Docker Testcontainers (Gradle unit/integration tests; no full stack)	qa_master_state.json[C1-SEC-03]@8e91172;row=junit	1-7
C1-SEC-04	C1_IAM	P0	PASS	JUNIT_XML	8e91172ffc31db2c8b2eaf2eb75ba07cb8701bec	2026-10-06	JUNIT	C1	-	TESTCONTAINERS	YES	docs/parallel/c6/evidence/mac-8e91172-gate/backend-testcases.tsv	8e91172ffc31db2c8b2eaf2eb75ba07cb8701bec	NA	8e91172ffc31db2c8b2eaf2eb75ba07cb8701bec	macOS arm64, JDK21, Docker Testcontainers (Gradle unit/integration tests; no full stack)	qa_master_state.json[C1-SEC-04]@8e91172;row=junit	1-7
C1-SEC-05	C1_IAM	P0	PASS	JUNIT_XML	8e91172ffc31db2c8b2eaf2eb75ba07cb8701bec	2026-10-06	JUNIT	C1	-	TESTCONTAINERS	YES	docs/parallel/c6/evidence/mac-8e91172-gate/backend-testcases.tsv	8e91172ffc31db2c8b2eaf2eb75ba07cb8701bec	NA	8e91172ffc31db2c8b2eaf2eb75ba07cb8701bec	macOS arm64, JDK21, Docker Testcontainers (Gradle unit/integration tests; no full stack)	qa_master_state.json[C1-SEC-05]@8e91172;row=junit	1-7
C1-SEC-06	C1_IAM	P0	PASS	JUNIT_XML	8e91172ffc31db2c8b2eaf2eb75ba07cb8701bec	2026-10-06	JUNIT	C1	-	TESTCONTAINERS	YES	docs/parallel/c6/evidence/mac-8e91172-gate/backend-testcases.tsv	8e91172ffc31db2c8b2eaf2eb75ba07cb8701bec	NA	8e91172ffc31db2c8b2eaf2eb75ba07cb8701bec	macOS arm64, JDK21, Docker Testcontainers (Gradle unit/integration tests; no full stack)	qa_master_state.json[C1-SEC-06]@8e91172;row=junit	1-7
C1-SEC-07	C1_IAM	P0	PASS	JUNIT_XML	8e91172ffc31db2c8b2eaf2eb75ba07cb8701bec	2026-10-06	JUNIT	C1	-	TESTCONTAINERS	YES	docs/parallel/c6/evidence/mac-8e91172-gate/backend-testcases.tsv	8e91172ffc31db2c8b2eaf2eb75ba07cb8701bec	NA	8e91172ffc31db2c8b2eaf2eb75ba07cb8701bec	macOS arm64, JDK21, Docker Testcontainers (Gradle unit/integration tests; no full stack)	qa_master_state.json[C1-SEC-07]@8e91172;row=junit	1-7
C1-SEC-08	C1_IAM	P1	PASS	JUNIT_XML	8e91172ffc31db2c8b2eaf2eb75ba07cb8701bec	2026-10-06	JUNIT	C1	-	TESTCONTAINERS	YES	docs/parallel/c6/evidence/mac-8e91172-gate/backend-testcases.tsv	8e91172ffc31db2c8b2eaf2eb75ba07cb8701bec	NA	8e91172ffc31db2c8b2eaf2eb75ba07cb8701bec	macOS arm64, JDK21, Docker Testcontainers (Gradle unit/integration tests; no full stack)	qa_master_state.json[C1-SEC-08]@8e91172;row=junit	1-7
C1-SEC-09	C1_IAM	P0	PASS	JUNIT_XML	8e91172ffc31db2c8b2eaf2eb75ba07cb8701bec	2026-10-06	JUNIT	C1	-	TESTCONTAINERS	YES	docs/parallel/c6/evidence/mac-8e91172-gate/backend-testcases.tsv	8e91172ffc31db2c8b2eaf2eb75ba07cb8701bec	NA	8e91172ffc31db2c8b2eaf2eb75ba07cb8701bec	macOS arm64, JDK21, Docker Testcontainers (Gradle unit/integration tests; no full stack)	qa_master_state.json[C1-SEC-09]@8e91172;row=junit	1-7
C1-SEC-10	C1_IAM	P0	PASS	JUNIT_XML	8e91172ffc31db2c8b2eaf2eb75ba07cb8701bec	2026-10-06	JUNIT	C1	-	TESTCONTAINERS	YES	docs/parallel/c6/evidence/mac-8e91172-gate/backend-testcases.tsv	8e91172ffc31db2c8b2eaf2eb75ba07cb8701bec	NA	8e91172ffc31db2c8b2eaf2eb75ba07cb8701bec	macOS arm64, JDK21, Docker Testcontainers (Gradle unit/integration tests; no full stack)	qa_master_state.json[C1-SEC-10]@8e91172;row=junit	1-7
C1-SEC-11	C1_IAM	P0	PASS	JUNIT_XML	8e91172ffc31db2c8b2eaf2eb75ba07cb8701bec	2026-10-06	JUNIT	C1	-	TESTCONTAINERS	YES	docs/parallel/c6/evidence/mac-8e91172-gate/backend-testcases.tsv	8e91172ffc31db2c8b2eaf2eb75ba07cb8701bec	NA	8e91172ffc31db2c8b2eaf2eb75ba07cb8701bec	macOS arm64, JDK21, Docker Testcontainers (Gradle unit/integration tests; no full stack)	qa_master_state.json[C1-SEC-11]@8e91172;row=junit	1-7
C1-SEC-12	C1_IAM	P0	PASS	JUNIT_XML	8e91172ffc31db2c8b2eaf2eb75ba07cb8701bec	2026-10-06	JUNIT	C1	-	TESTCONTAINERS	YES	docs/parallel/c6/evidence/mac-8e91172-gate/backend-testcases.tsv	8e91172ffc31db2c8b2eaf2eb75ba07cb8701bec	NA	8e91172ffc31db2c8b2eaf2eb75ba07cb8701bec	macOS arm64, JDK21, Docker Testcontainers (Gradle unit/integration tests; no full stack)	qa_master_state.json[C1-SEC-12]@8e91172;row=junit	1-7
C1-SEC-13	C1_IAM	P1	PASS	JUNIT_XML	8e91172ffc31db2c8b2eaf2eb75ba07cb8701bec	2026-10-06	JUNIT	C1	-	TESTCONTAINERS	YES	docs/parallel/c6/evidence/mac-8e91172-gate/backend-testcases.tsv	8e91172ffc31db2c8b2eaf2eb75ba07cb8701bec	NA	8e91172ffc31db2c8b2eaf2eb75ba07cb8701bec	macOS arm64, JDK21, Docker Testcontainers (Gradle unit/integration tests; no full stack)	qa_master_state.json[C1-SEC-13]@8e91172;row=junit	1-7
C1-SEC-14	C1_IAM	P1	PASS	JUNIT_XML	8e91172ffc31db2c8b2eaf2eb75ba07cb8701bec	2026-10-06	JUNIT	C1	-	TESTCONTAINERS	YES	docs/parallel/c6/evidence/mac-8e91172-gate/backend-testcases.tsv	8e91172ffc31db2c8b2eaf2eb75ba07cb8701bec	NA	8e91172ffc31db2c8b2eaf2eb75ba07cb8701bec	macOS arm64, JDK21, Docker Testcontainers (Gradle unit/integration tests; no full stack)	qa_master_state.json[C1-SEC-14]@8e91172;row=junit	1-7
C1-SEC-15	C1_IAM	P1	PASS	JUNIT_XML	8e91172ffc31db2c8b2eaf2eb75ba07cb8701bec	2026-10-06	JUNIT	C1	-	TESTCONTAINERS	YES	docs/parallel/c6/evidence/mac-8e91172-gate/backend-testcases.tsv	8e91172ffc31db2c8b2eaf2eb75ba07cb8701bec	NA	8e91172ffc31db2c8b2eaf2eb75ba07cb8701bec	macOS arm64, JDK21, Docker Testcontainers (Gradle unit/integration tests; no full stack)	qa_master_state.json[C1-SEC-15]@8e91172;row=junit	1-7
C1-SEC-16	C1_IAM	P1	PASS	JUNIT_XML	8e91172ffc31db2c8b2eaf2eb75ba07cb8701bec	2026-10-06	JUNIT	C1	-	TESTCONTAINERS	YES	docs/parallel/c6/evidence/mac-8e91172-gate/backend-testcases.tsv	8e91172ffc31db2c8b2eaf2eb75ba07cb8701bec	NA	8e91172ffc31db2c8b2eaf2eb75ba07cb8701bec	macOS arm64, JDK21, Docker Testcontainers (Gradle unit/integration tests; no full stack)	qa_master_state.json[C1-SEC-16]@8e91172;row=junit	1-7
C1-SEC-17	C1_IAM	P0	PASS	JUNIT_XML	8e91172ffc31db2c8b2eaf2eb75ba07cb8701bec	2026-10-06	JUNIT	C1	-	TESTCONTAINERS	YES	docs/parallel/c6/evidence/mac-8e91172-gate/backend-testcases.tsv	8e91172ffc31db2c8b2eaf2eb75ba07cb8701bec	NA	8e91172ffc31db2c8b2eaf2eb75ba07cb8701bec	macOS arm64, JDK21, Docker Testcontainers (Gradle unit/integration tests; no full stack)	qa_master_state.json[C1-SEC-17]@8e91172;row=junit	1-7
C1-SEC-18	C1_IAM	P1	PASS	JUNIT_XML	8e91172ffc31db2c8b2eaf2eb75ba07cb8701bec	2026-10-06	JUNIT	C1	-	TESTCONTAINERS	YES	docs/parallel/c6/evidence/mac-8e91172-gate/backend-testcases.tsv	8e91172ffc31db2c8b2eaf2eb75ba07cb8701bec	NA	8e91172ffc31db2c8b2eaf2eb75ba07cb8701bec	macOS arm64, JDK21, Docker Testcontainers (Gradle unit/integration tests; no full stack)	qa_master_state.json[C1-SEC-18]@8e91172;row=junit	1-7
C1-SEC-19	C1_IAM	P1	PASS	JUNIT_XML	8e91172ffc31db2c8b2eaf2eb75ba07cb8701bec	2026-10-06	JUNIT	C1	-	TESTCONTAINERS	YES	docs/parallel/c6/evidence/mac-8e91172-gate/backend-testcases.tsv	8e91172ffc31db2c8b2eaf2eb75ba07cb8701bec	NA	8e91172ffc31db2c8b2eaf2eb75ba07cb8701bec	macOS arm64, JDK21, Docker Testcontainers (Gradle unit/integration tests; no full stack)	qa_master_state.json[C1-SEC-19]@8e91172;row=junit	1-7
C1-SEC-20	C1_IAM	P0	PASS	HARNESS_RESULTS	8e91172ffc31db2c8b2eaf2eb75ba07cb8701bec	2026-10-06	HARNESS_STEP	C1	-	TESTCONTAINERS	YES	docs/parallel/c6/evidence/mac-8e91172-nostack/RESULTS.txt	8e91172ffc31db2c8b2eaf2eb75ba07cb8701bec	NA	8e91172ffc31db2c8b2eaf2eb75ba07cb8701bec	macOS arm64, JDK21, Docker Testcontainers (Gradle unit/integration tests; no full stack)	qa_master_state.json[C1-SEC-20]@8e91172;row=res	1-7
C1-SEC-21	C1_IAM	P1	PASS	JUNIT_XML	8e91172ffc31db2c8b2eaf2eb75ba07cb8701bec	2026-10-06	JUNIT	C1	-	TESTCONTAINERS	YES	docs/parallel/c6/evidence/mac-8e91172-gate/backend-testcases.tsv	8e91172ffc31db2c8b2eaf2eb75ba07cb8701bec	NA	8e91172ffc31db2c8b2eaf2eb75ba07cb8701bec	macOS arm64, JDK21, Docker Testcontainers (Gradle unit/integration tests; no full stack)	qa_master_state.json[C1-SEC-21]@8e91172;row=junit	1-7
C1-SEC-22	C1_IAM	P2	PASS	DERIVED	8e91172ffc31db2c8b2eaf2eb75ba07cb8701bec	2026-10-06	NONE	C1	-	TESTCONTAINERS	YES	-	8e91172ffc31db2c8b2eaf2eb75ba07cb8701bec	NA	8e91172ffc31db2c8b2eaf2eb75ba07cb8701bec	macOS arm64, JDK21, Docker Testcontainers (Gradle unit/integration tests; no full stack)	qa_master_state.json[C1-SEC-22]@8e91172;row=gap	1-7
C1-SEC-23	C1_IAM	P1	PASS	JUNIT_XML	8e91172ffc31db2c8b2eaf2eb75ba07cb8701bec	2026-10-06	JUNIT	C1	-	TESTCONTAINERS	YES	docs/parallel/c6/evidence/mac-8e91172-gate/backend-testcases.tsv	8e91172ffc31db2c8b2eaf2eb75ba07cb8701bec	NA	8e91172ffc31db2c8b2eaf2eb75ba07cb8701bec	macOS arm64, JDK21, Docker Testcontainers (Gradle unit/integration tests; no full stack)	qa_master_state.json[C1-SEC-23]@8e91172;row=junit	1-7
C1-AUD-01	C1_IAM	P0	PASS	DERIVED	8e91172ffc31db2c8b2eaf2eb75ba07cb8701bec	2026-10-06	NONE	C1	-	TESTCONTAINERS	YES	-	8e91172ffc31db2c8b2eaf2eb75ba07cb8701bec	NA	8e91172ffc31db2c8b2eaf2eb75ba07cb8701bec	macOS arm64, JDK21, Docker Testcontainers (Gradle unit/integration tests; no full stack)	qa_master_state.json[C1-AUD-01]@8e91172;row=gap	1-7
C1-AUD-02	C1_IAM	P0	PASS	JUNIT_XML	8e91172ffc31db2c8b2eaf2eb75ba07cb8701bec	2026-10-06	JUNIT	C1	-	TESTCONTAINERS	YES	docs/parallel/c6/evidence/mac-8e91172-gate/backend-testcases.tsv	8e91172ffc31db2c8b2eaf2eb75ba07cb8701bec	NA	8e91172ffc31db2c8b2eaf2eb75ba07cb8701bec	macOS arm64, JDK21, Docker Testcontainers (Gradle unit/integration tests; no full stack)	qa_master_state.json[C1-AUD-02]@8e91172;row=junit	1-7
C1-AUD-03	C1_IAM	P0	PASS	JUNIT_XML	8e91172ffc31db2c8b2eaf2eb75ba07cb8701bec	2026-10-06	JUNIT	C1	-	TESTCONTAINERS	YES	docs/parallel/c6/evidence/mac-8e91172-gate/backend-testcases.tsv	8e91172ffc31db2c8b2eaf2eb75ba07cb8701bec	NA	8e91172ffc31db2c8b2eaf2eb75ba07cb8701bec	macOS arm64, JDK21, Docker Testcontainers (Gradle unit/integration tests; no full stack)	qa_master_state.json[C1-AUD-03]@8e91172;row=junit	1-7
C1-AUD-04	C1_IAM	P1	PASS	JUNIT_XML	8e91172ffc31db2c8b2eaf2eb75ba07cb8701bec	2026-10-06	JUNIT	C1	-	TESTCONTAINERS	YES	docs/parallel/c6/evidence/mac-8e91172-gate/backend-testcases.tsv	8e91172ffc31db2c8b2eaf2eb75ba07cb8701bec	NA	8e91172ffc31db2c8b2eaf2eb75ba07cb8701bec	macOS arm64, JDK21, Docker Testcontainers (Gradle unit/integration tests; no full stack)	qa_master_state.json[C1-AUD-04]@8e91172;row=junit	1-7
C1-AUD-05	C1_IAM	P2	PASS	JUNIT_XML	8e91172ffc31db2c8b2eaf2eb75ba07cb8701bec	2026-10-06	JUNIT	C1	-	TESTCONTAINERS	YES	docs/parallel/c6/evidence/mac-8e91172-gate/backend-testcases.tsv	8e91172ffc31db2c8b2eaf2eb75ba07cb8701bec	NA	8e91172ffc31db2c8b2eaf2eb75ba07cb8701bec	macOS arm64, JDK21, Docker Testcontainers (Gradle unit/integration tests; no full stack)	qa_master_state.json[C1-AUD-05]@8e91172;row=junit	1-7
C2-DEF-01	C2_BUILD	P0	PASS	JUNIT_XML	8e91172ffc31db2c8b2eaf2eb75ba07cb8701bec	2026-10-06	JUNIT	C2	-	TESTCONTAINERS	YES	docs/parallel/c6/evidence/mac-8e91172-gate/backend-testcases.tsv	8e91172ffc31db2c8b2eaf2eb75ba07cb8701bec	NA	8e91172ffc31db2c8b2eaf2eb75ba07cb8701bec	macOS arm64, JDK21, Docker Testcontainers (Gradle unit/integration tests; no full stack)	qa_master_state.json[C2-DEF-01]@8e91172;row=junit	1-7
C2-DEF-02	C2_BUILD	P0	PASS	JUNIT_XML	8e91172ffc31db2c8b2eaf2eb75ba07cb8701bec	2026-10-06	JUNIT	C2	-	TESTCONTAINERS	YES	docs/parallel/c6/evidence/mac-8e91172-gate/backend-testcases.tsv	8e91172ffc31db2c8b2eaf2eb75ba07cb8701bec	NA	8e91172ffc31db2c8b2eaf2eb75ba07cb8701bec	macOS arm64, JDK21, Docker Testcontainers (Gradle unit/integration tests; no full stack)	qa_master_state.json[C2-DEF-02]@8e91172;row=junit	1-7
C2-DEF-03	C2_BUILD	P0	PASS	JUNIT_XML	8e91172ffc31db2c8b2eaf2eb75ba07cb8701bec	2026-10-06	JUNIT	C2	-	TESTCONTAINERS	YES	docs/parallel/c6/evidence/mac-8e91172-gate/backend-testcases.tsv	8e91172ffc31db2c8b2eaf2eb75ba07cb8701bec	NA	8e91172ffc31db2c8b2eaf2eb75ba07cb8701bec	macOS arm64, JDK21, Docker Testcontainers (Gradle unit/integration tests; no full stack)	qa_master_state.json[C2-DEF-03]@8e91172;row=junit	1-7
C2-DEF-04	C2_BUILD	P1	PASS	JUNIT_XML	8e91172ffc31db2c8b2eaf2eb75ba07cb8701bec	2026-10-06	JUNIT	C2	-	TESTCONTAINERS	YES	docs/parallel/c6/evidence/mac-8e91172-gate/backend-testcases.tsv	8e91172ffc31db2c8b2eaf2eb75ba07cb8701bec	NA	8e91172ffc31db2c8b2eaf2eb75ba07cb8701bec	macOS arm64, JDK21, Docker Testcontainers (Gradle unit/integration tests; no full stack)	qa_master_state.json[C2-DEF-04]@8e91172;row=junit	1-7
C2-DEF-05	C2_BUILD	P0	PASS	JUNIT_XML	8e91172ffc31db2c8b2eaf2eb75ba07cb8701bec	2026-10-06	JUNIT	C2	-	TESTCONTAINERS	YES	docs/parallel/c6/evidence/mac-8e91172-gate/backend-testcases.tsv	8e91172ffc31db2c8b2eaf2eb75ba07cb8701bec	NA	8e91172ffc31db2c8b2eaf2eb75ba07cb8701bec	macOS arm64, JDK21, Docker Testcontainers (Gradle unit/integration tests; no full stack)	qa_master_state.json[C2-DEF-05]@8e91172;row=junit	1-7
C2-DEF-06	C2_BUILD	P0	PASS	JUNIT_XML	8e91172ffc31db2c8b2eaf2eb75ba07cb8701bec	2026-10-06	JUNIT	C2	-	TESTCONTAINERS	YES	docs/parallel/c6/evidence/mac-8e91172-gate/backend-testcases.tsv	8e91172ffc31db2c8b2eaf2eb75ba07cb8701bec	NA	8e91172ffc31db2c8b2eaf2eb75ba07cb8701bec	macOS arm64, JDK21, Docker Testcontainers (Gradle unit/integration tests; no full stack)	qa_master_state.json[C2-DEF-06]@8e91172;row=junit	1-7
C2-DEF-07	C2_BUILD	P1	PASS	JUNIT_XML	8e91172ffc31db2c8b2eaf2eb75ba07cb8701bec	2026-10-06	JUNIT	C2	-	TESTCONTAINERS	YES	docs/parallel/c6/evidence/mac-8e91172-gate/backend-testcases.tsv	8e91172ffc31db2c8b2eaf2eb75ba07cb8701bec	NA	8e91172ffc31db2c8b2eaf2eb75ba07cb8701bec	macOS arm64, JDK21, Docker Testcontainers (Gradle unit/integration tests; no full stack)	qa_master_state.json[C2-DEF-07]@8e91172;row=junit	1-7
C2-DEF-08	C2_BUILD	P1	PASS	JUNIT_XML	8e91172ffc31db2c8b2eaf2eb75ba07cb8701bec	2026-10-06	JUNIT	C2	-	TESTCONTAINERS	YES	docs/parallel/c6/evidence/mac-8e91172-gate/backend-testcases.tsv	8e91172ffc31db2c8b2eaf2eb75ba07cb8701bec	NA	8e91172ffc31db2c8b2eaf2eb75ba07cb8701bec	macOS arm64, JDK21, Docker Testcontainers (Gradle unit/integration tests; no full stack)	qa_master_state.json[C2-DEF-08]@8e91172;row=junit	1-7
C2-DEF-09	C2_BUILD	P1	PASS	JUNIT_XML	8e91172ffc31db2c8b2eaf2eb75ba07cb8701bec	2026-10-06	JUNIT	C2	-	TESTCONTAINERS	YES	docs/parallel/c6/evidence/mac-8e91172-gate/backend-testcases.tsv	8e91172ffc31db2c8b2eaf2eb75ba07cb8701bec	NA	8e91172ffc31db2c8b2eaf2eb75ba07cb8701bec	macOS arm64, JDK21, Docker Testcontainers (Gradle unit/integration tests; no full stack)	qa_master_state.json[C2-DEF-09]@8e91172;row=junit	1-7
C2-DEF-10	C2_BUILD	P0	PASS	JUNIT_XML	8e91172ffc31db2c8b2eaf2eb75ba07cb8701bec	2026-10-06	JUNIT	C2	-	TESTCONTAINERS	YES	docs/parallel/c6/evidence/mac-8e91172-gate/backend-testcases.tsv	8e91172ffc31db2c8b2eaf2eb75ba07cb8701bec	NA	8e91172ffc31db2c8b2eaf2eb75ba07cb8701bec	macOS arm64, JDK21, Docker Testcontainers (Gradle unit/integration tests; no full stack)	qa_master_state.json[C2-DEF-10]@8e91172;row=junit	1-7
C2-DEF-11	C2_BUILD	P1	PASS	JUNIT_XML	8e91172ffc31db2c8b2eaf2eb75ba07cb8701bec	2026-10-06	JUNIT	C2	-	TESTCONTAINERS	YES	docs/parallel/c6/evidence/mac-8e91172-gate/backend-testcases.tsv	8e91172ffc31db2c8b2eaf2eb75ba07cb8701bec	NA	8e91172ffc31db2c8b2eaf2eb75ba07cb8701bec	macOS arm64, JDK21, Docker Testcontainers (Gradle unit/integration tests; no full stack)	qa_master_state.json[C2-DEF-11]@8e91172;row=junit	1-7
C2-DEF-12	C2_BUILD	P2	PASS	JUNIT_XML	8e91172ffc31db2c8b2eaf2eb75ba07cb8701bec	2026-10-06	JUNIT	C2	-	TESTCONTAINERS	YES	docs/parallel/c6/evidence/mac-8e91172-gate/backend-testcases.tsv	8e91172ffc31db2c8b2eaf2eb75ba07cb8701bec	NA	8e91172ffc31db2c8b2eaf2eb75ba07cb8701bec	macOS arm64, JDK21, Docker Testcontainers (Gradle unit/integration tests; no full stack)	qa_master_state.json[C2-DEF-12]@8e91172;row=junit	1-7
C2-DEF-13	C2_BUILD	P1	PASS	JUNIT_XML	8e91172ffc31db2c8b2eaf2eb75ba07cb8701bec	2026-10-06	JUNIT	C2	-	TESTCONTAINERS	YES	docs/parallel/c6/evidence/mac-8e91172-gate/backend-testcases.tsv	8e91172ffc31db2c8b2eaf2eb75ba07cb8701bec	NA	8e91172ffc31db2c8b2eaf2eb75ba07cb8701bec	macOS arm64, JDK21, Docker Testcontainers (Gradle unit/integration tests; no full stack)	qa_master_state.json[C2-DEF-13]@8e91172;row=junit	1-7
C2-DEF-14	C2_BUILD	P1	PASS	JUNIT_XML	8e91172ffc31db2c8b2eaf2eb75ba07cb8701bec	2026-10-06	JUNIT	C2	-	TESTCONTAINERS	YES	docs/parallel/c6/evidence/mac-8e91172-gate/backend-testcases.tsv	8e91172ffc31db2c8b2eaf2eb75ba07cb8701bec	NA	8e91172ffc31db2c8b2eaf2eb75ba07cb8701bec	macOS arm64, JDK21, Docker Testcontainers (Gradle unit/integration tests; no full stack)	qa_master_state.json[C2-DEF-14]@8e91172;row=junit	1-7
C2-PUB-01	C2_BUILD	P1	PASS	JUNIT_XML	8e91172ffc31db2c8b2eaf2eb75ba07cb8701bec	2026-10-06	JUNIT	C2	-	TESTCONTAINERS	YES	docs/parallel/c6/evidence/mac-8e91172-gate/backend-testcases.tsv	8e91172ffc31db2c8b2eaf2eb75ba07cb8701bec	NA	8e91172ffc31db2c8b2eaf2eb75ba07cb8701bec	macOS arm64, JDK21, Docker Testcontainers (Gradle unit/integration tests; no full stack)	qa_master_state.json[C2-PUB-01]@8e91172;row=junit	1-7
C2-PUB-02	C2_BUILD	P0	PASS	JUNIT_XML	8e91172ffc31db2c8b2eaf2eb75ba07cb8701bec	2026-10-06	JUNIT	C2	-	TESTCONTAINERS	YES	docs/parallel/c6/evidence/mac-8e91172-gate/backend-testcases.tsv	8e91172ffc31db2c8b2eaf2eb75ba07cb8701bec	NA	8e91172ffc31db2c8b2eaf2eb75ba07cb8701bec	macOS arm64, JDK21, Docker Testcontainers (Gradle unit/integration tests; no full stack)	qa_master_state.json[C2-PUB-02]@8e91172;row=junit	1-7
C2-PUB-03	C2_BUILD	P0	PASS	JUNIT_XML	8e91172ffc31db2c8b2eaf2eb75ba07cb8701bec	2026-10-06	JUNIT	C2	-	TESTCONTAINERS	YES	docs/parallel/c6/evidence/mac-8e91172-gate/backend-testcases.tsv	8e91172ffc31db2c8b2eaf2eb75ba07cb8701bec	NA	8e91172ffc31db2c8b2eaf2eb75ba07cb8701bec	macOS arm64, JDK21, Docker Testcontainers (Gradle unit/integration tests; no full stack)	qa_master_state.json[C2-PUB-03]@8e91172;row=junit	1-7
C2-PUB-04	C2_BUILD	P1	PASS	JUNIT_XML	8e91172ffc31db2c8b2eaf2eb75ba07cb8701bec	2026-10-06	JUNIT	C2	-	TESTCONTAINERS	YES	docs/parallel/c6/evidence/mac-8e91172-gate/backend-testcases.tsv	8e91172ffc31db2c8b2eaf2eb75ba07cb8701bec	NA	8e91172ffc31db2c8b2eaf2eb75ba07cb8701bec	macOS arm64, JDK21, Docker Testcontainers (Gradle unit/integration tests; no full stack)	qa_master_state.json[C2-PUB-04]@8e91172;row=junit	1-7
C2-PUB-05	C2_BUILD	P0	PASS	JUNIT_XML	8e91172ffc31db2c8b2eaf2eb75ba07cb8701bec	2026-10-06	JUNIT	C2	-	TESTCONTAINERS	YES	docs/parallel/c6/evidence/mac-8e91172-gate/backend-testcases.tsv	8e91172ffc31db2c8b2eaf2eb75ba07cb8701bec	NA	8e91172ffc31db2c8b2eaf2eb75ba07cb8701bec	macOS arm64, JDK21, Docker Testcontainers (Gradle unit/integration tests; no full stack)	qa_master_state.json[C2-PUB-05]@8e91172;row=junit	1-7
C2-PUB-06	C2_BUILD	P1	PASS	JUNIT_XML	8e91172ffc31db2c8b2eaf2eb75ba07cb8701bec	2026-10-06	JUNIT	C2	-	TESTCONTAINERS	YES	docs/parallel/c6/evidence/mac-8e91172-gate/backend-testcases.tsv	8e91172ffc31db2c8b2eaf2eb75ba07cb8701bec	NA	8e91172ffc31db2c8b2eaf2eb75ba07cb8701bec	macOS arm64, JDK21, Docker Testcontainers (Gradle unit/integration tests; no full stack)	qa_master_state.json[C2-PUB-06]@8e91172;row=junit	1-7
C2-PUB-07	C2_BUILD	P0	PASS	JUNIT_XML	8e91172ffc31db2c8b2eaf2eb75ba07cb8701bec	2026-10-06	JUNIT	C2	-	TESTCONTAINERS	YES	docs/parallel/c6/evidence/mac-8e91172-gate/backend-testcases.tsv	8e91172ffc31db2c8b2eaf2eb75ba07cb8701bec	NA	8e91172ffc31db2c8b2eaf2eb75ba07cb8701bec	macOS arm64, JDK21, Docker Testcontainers (Gradle unit/integration tests; no full stack)	qa_master_state.json[C2-PUB-07]@8e91172;row=junit	1-7
C2-PUB-08	C2_BUILD	P1	PASS	JUNIT_XML	8e91172ffc31db2c8b2eaf2eb75ba07cb8701bec	2026-10-06	JUNIT	C2	-	TESTCONTAINERS	YES	docs/parallel/c6/evidence/mac-8e91172-gate/backend-testcases.tsv	8e91172ffc31db2c8b2eaf2eb75ba07cb8701bec	NA	8e91172ffc31db2c8b2eaf2eb75ba07cb8701bec	macOS arm64, JDK21, Docker Testcontainers (Gradle unit/integration tests; no full stack)	qa_master_state.json[C2-PUB-08]@8e91172;row=junit	1-7
C2-PUB-09	C2_BUILD	P1	PASS	JUNIT_XML	8e91172ffc31db2c8b2eaf2eb75ba07cb8701bec	2026-10-06	JUNIT	C2	-	TESTCONTAINERS	YES	docs/parallel/c6/evidence/mac-8e91172-gate/backend-testcases.tsv	8e91172ffc31db2c8b2eaf2eb75ba07cb8701bec	NA	8e91172ffc31db2c8b2eaf2eb75ba07cb8701bec	macOS arm64, JDK21, Docker Testcontainers (Gradle unit/integration tests; no full stack)	qa_master_state.json[C2-PUB-09]@8e91172;row=junit	1-7
C2-PUB-10	C2_BUILD	P0	PASS	JUNIT_XML	8e91172ffc31db2c8b2eaf2eb75ba07cb8701bec	2026-10-06	JUNIT	C2	-	TESTCONTAINERS	YES	docs/parallel/c6/evidence/mac-8e91172-gate/backend-testcases.tsv	8e91172ffc31db2c8b2eaf2eb75ba07cb8701bec	NA	8e91172ffc31db2c8b2eaf2eb75ba07cb8701bec	macOS arm64, JDK21, Docker Testcontainers (Gradle unit/integration tests; no full stack)	qa_master_state.json[C2-PUB-10]@8e91172;row=junit	1-7
C2-PUB-11	C2_BUILD	P0	PASS	JUNIT_XML	8e91172ffc31db2c8b2eaf2eb75ba07cb8701bec	2026-10-06	JUNIT	C2	-	TESTCONTAINERS	YES	docs/parallel/c6/evidence/mac-8e91172-gate/backend-testcases.tsv	8e91172ffc31db2c8b2eaf2eb75ba07cb8701bec	NA	8e91172ffc31db2c8b2eaf2eb75ba07cb8701bec	macOS arm64, JDK21, Docker Testcontainers (Gradle unit/integration tests; no full stack)	qa_master_state.json[C2-PUB-11]@8e91172;row=junit	1-7
C2-PUB-12	C2_BUILD	P2	PASS	JUNIT_XML	8e91172ffc31db2c8b2eaf2eb75ba07cb8701bec	2026-10-06	JUNIT	C2	-	TESTCONTAINERS	YES	docs/parallel/c6/evidence/mac-8e91172-gate/backend-testcases.tsv	8e91172ffc31db2c8b2eaf2eb75ba07cb8701bec	NA	8e91172ffc31db2c8b2eaf2eb75ba07cb8701bec	macOS arm64, JDK21, Docker Testcontainers (Gradle unit/integration tests; no full stack)	qa_master_state.json[C2-PUB-12]@8e91172;row=junit	1-7
C2-DEP-01	C2_BUILD	P0	PASS	JUNIT_XML	8e91172ffc31db2c8b2eaf2eb75ba07cb8701bec	2026-10-06	JUNIT	C2	-	TESTCONTAINERS	YES	docs/parallel/c6/evidence/mac-8e91172-gate/backend-testcases.tsv	8e91172ffc31db2c8b2eaf2eb75ba07cb8701bec	NA	8e91172ffc31db2c8b2eaf2eb75ba07cb8701bec	macOS arm64, JDK21, Docker Testcontainers (Gradle unit/integration tests; no full stack)	qa_master_state.json[C2-DEP-01]@8e91172;row=junit	1-7
C2-DEP-02	C2_BUILD	P1	PASS	JUNIT_XML	8e91172ffc31db2c8b2eaf2eb75ba07cb8701bec	2026-10-06	JUNIT	C2	-	TESTCONTAINERS	YES	docs/parallel/c6/evidence/mac-8e91172-gate/backend-testcases.tsv	8e91172ffc31db2c8b2eaf2eb75ba07cb8701bec	NA	8e91172ffc31db2c8b2eaf2eb75ba07cb8701bec	macOS arm64, JDK21, Docker Testcontainers (Gradle unit/integration tests; no full stack)	qa_master_state.json[C2-DEP-02]@8e91172;row=junit	1-7
C2-DEP-03	C2_BUILD	P1	PASS	JUNIT_XML	8e91172ffc31db2c8b2eaf2eb75ba07cb8701bec	2026-10-06	JUNIT	C2	-	TESTCONTAINERS	YES	docs/parallel/c6/evidence/mac-8e91172-gate/backend-testcases.tsv	8e91172ffc31db2c8b2eaf2eb75ba07cb8701bec	NA	8e91172ffc31db2c8b2eaf2eb75ba07cb8701bec	macOS arm64, JDK21, Docker Testcontainers (Gradle unit/integration tests; no full stack)	qa_master_state.json[C2-DEP-03]@8e91172;row=junit	1-7
C2-DEP-04	C2_BUILD	P0	PASS	JUNIT_XML	8e91172ffc31db2c8b2eaf2eb75ba07cb8701bec	2026-10-06	JUNIT	C2	-	TESTCONTAINERS	YES	docs/parallel/c6/evidence/mac-8e91172-gate/backend-testcases.tsv	8e91172ffc31db2c8b2eaf2eb75ba07cb8701bec	NA	8e91172ffc31db2c8b2eaf2eb75ba07cb8701bec	macOS arm64, JDK21, Docker Testcontainers (Gradle unit/integration tests; no full stack)	qa_master_state.json[C2-DEP-04]@8e91172;row=junit	1-7
C2-DEP-05	C2_BUILD	P0	PASS	JUNIT_XML	8e91172ffc31db2c8b2eaf2eb75ba07cb8701bec	2026-10-06	JUNIT	C2	-	TESTCONTAINERS	YES	docs/parallel/c6/evidence/mac-8e91172-gate/backend-testcases.tsv	8e91172ffc31db2c8b2eaf2eb75ba07cb8701bec	NA	8e91172ffc31db2c8b2eaf2eb75ba07cb8701bec	macOS arm64, JDK21, Docker Testcontainers (Gradle unit/integration tests; no full stack)	qa_master_state.json[C2-DEP-05]@8e91172;row=junit	1-7
C2-DEP-06	C2_BUILD	P1	PASS	JUNIT_XML	8e91172ffc31db2c8b2eaf2eb75ba07cb8701bec	2026-10-06	JUNIT	C2	-	TESTCONTAINERS	YES	docs/parallel/c6/evidence/mac-8e91172-gate/backend-testcases.tsv	8e91172ffc31db2c8b2eaf2eb75ba07cb8701bec	NA	8e91172ffc31db2c8b2eaf2eb75ba07cb8701bec	macOS arm64, JDK21, Docker Testcontainers (Gradle unit/integration tests; no full stack)	qa_master_state.json[C2-DEP-06]@8e91172;row=junit	1-7
C2-DEP-07	C2_BUILD	P2	PASS	JUNIT_XML	8e91172ffc31db2c8b2eaf2eb75ba07cb8701bec	2026-10-06	JUNIT	C2	-	TESTCONTAINERS	YES	docs/parallel/c6/evidence/mac-8e91172-gate/backend-testcases.tsv	8e91172ffc31db2c8b2eaf2eb75ba07cb8701bec	NA	8e91172ffc31db2c8b2eaf2eb75ba07cb8701bec	macOS arm64, JDK21, Docker Testcontainers (Gradle unit/integration tests; no full stack)	qa_master_state.json[C2-DEP-07]@8e91172;row=junit	1-7
C2-DEP-08	C2_BUILD	P0	BLOCKED	NONE	8e91172ffc31db2c8b2eaf2eb75ba07cb8701bec	2026-10-06	NONE	C2	BLK-C6-05	FULL_STACK_NOT_AVAILABLE	YES	-	8e91172ffc31db2c8b2eaf2eb75ba07cb8701bec	NA	8e91172ffc31db2c8b2eaf2eb75ba07cb8701bec	macOS arm64, JDK21, Docker Testcontainers (Gradle unit/integration tests; no full stack)	qa_master_state.json[C2-DEP-08]@8e91172;row=blocked	1-7
C2-DEP-09	C2_BUILD	P0	BLOCKED	NONE	8e91172ffc31db2c8b2eaf2eb75ba07cb8701bec	2026-10-06	NONE	C2	BLK-C6-05	FULL_STACK_NOT_AVAILABLE	YES	-	8e91172ffc31db2c8b2eaf2eb75ba07cb8701bec	NA	8e91172ffc31db2c8b2eaf2eb75ba07cb8701bec	macOS arm64, JDK21, Docker Testcontainers (Gradle unit/integration tests; no full stack)	qa_master_state.json[C2-DEP-09]@8e91172;row=blocked	1-7
C2-DEP-10	C2_BUILD	P1	BLOCKED	NONE	8e91172ffc31db2c8b2eaf2eb75ba07cb8701bec	2026-10-06	NONE	C2	BLK-C6-05	FULL_STACK_NOT_AVAILABLE	YES	-	8e91172ffc31db2c8b2eaf2eb75ba07cb8701bec	NA	8e91172ffc31db2c8b2eaf2eb75ba07cb8701bec	macOS arm64, JDK21, Docker Testcontainers (Gradle unit/integration tests; no full stack)	qa_master_state.json[C2-DEP-10]@8e91172;row=blocked	1-7
C2-DEP-11	C2_BUILD	P1	PASS	JUNIT_XML	8e91172ffc31db2c8b2eaf2eb75ba07cb8701bec	2026-10-06	JUNIT	C2	-	TESTCONTAINERS	YES	docs/parallel/c6/evidence/mac-8e91172-gate/backend-testcases.tsv	8e91172ffc31db2c8b2eaf2eb75ba07cb8701bec	NA	8e91172ffc31db2c8b2eaf2eb75ba07cb8701bec	macOS arm64, JDK21, Docker Testcontainers (Gradle unit/integration tests; no full stack)	qa_master_state.json[C2-DEP-11]@8e91172;row=junit	1-7
C2-DEP-12	C2_BUILD	P1	BLOCKED	NONE	8e91172ffc31db2c8b2eaf2eb75ba07cb8701bec	2026-10-06	NONE	C2	BLK-C6-05	FULL_STACK_NOT_AVAILABLE	YES	-	8e91172ffc31db2c8b2eaf2eb75ba07cb8701bec	NA	8e91172ffc31db2c8b2eaf2eb75ba07cb8701bec	macOS arm64, JDK21, Docker Testcontainers (Gradle unit/integration tests; no full stack)	qa_master_state.json[C2-DEP-12]@8e91172;row=blocked	1-7
C2-DEP-13	C2_BUILD	P1	BLOCKED	NONE	8e91172ffc31db2c8b2eaf2eb75ba07cb8701bec	2026-10-06	NONE	C2	BLK-C6-05	FULL_STACK_NOT_AVAILABLE	YES	-	8e91172ffc31db2c8b2eaf2eb75ba07cb8701bec	NA	8e91172ffc31db2c8b2eaf2eb75ba07cb8701bec	macOS arm64, JDK21, Docker Testcontainers (Gradle unit/integration tests; no full stack)	qa_master_state.json[C2-DEP-13]@8e91172;row=blocked	1-7
C2-DEP-14	C2_BUILD	P1	BLOCKED	NONE	8e91172ffc31db2c8b2eaf2eb75ba07cb8701bec	2026-10-06	NONE	C2	BLK-C6-05	FULL_STACK_NOT_AVAILABLE	YES	-	8e91172ffc31db2c8b2eaf2eb75ba07cb8701bec	NA	8e91172ffc31db2c8b2eaf2eb75ba07cb8701bec	macOS arm64, JDK21, Docker Testcontainers (Gradle unit/integration tests; no full stack)	qa_master_state.json[C2-DEP-14]@8e91172;row=blocked	1-7
C3-SRC-01	C3_DATA	P1	PASS	JUNIT_XML	8e91172ffc31db2c8b2eaf2eb75ba07cb8701bec	2026-10-06	JUNIT	C3	-	TESTCONTAINERS	YES	docs/parallel/c6/evidence/mac-8e91172-gate/backend-testcases.tsv	8e91172ffc31db2c8b2eaf2eb75ba07cb8701bec	NA	8e91172ffc31db2c8b2eaf2eb75ba07cb8701bec	macOS arm64, JDK21, Docker Testcontainers (Gradle unit/integration tests; no full stack)	qa_master_state.json[C3-SRC-01]@8e91172;row=junit	1-7
C3-SRC-02	C3_DATA	P1	PASS	JUNIT_XML	8e91172ffc31db2c8b2eaf2eb75ba07cb8701bec	2026-10-06	JUNIT	C3	-	TESTCONTAINERS	YES	docs/parallel/c6/evidence/mac-8e91172-gate/backend-testcases.tsv	8e91172ffc31db2c8b2eaf2eb75ba07cb8701bec	NA	8e91172ffc31db2c8b2eaf2eb75ba07cb8701bec	macOS arm64, JDK21, Docker Testcontainers (Gradle unit/integration tests; no full stack)	qa_master_state.json[C3-SRC-02]@8e91172;row=junit	1-7
C3-SRC-03	C3_DATA	P1	PASS	JUNIT_XML	8e91172ffc31db2c8b2eaf2eb75ba07cb8701bec	2026-10-06	JUNIT	C3	-	TESTCONTAINERS	YES	docs/parallel/c6/evidence/mac-8e91172-gate/backend-testcases.tsv	8e91172ffc31db2c8b2eaf2eb75ba07cb8701bec	NA	8e91172ffc31db2c8b2eaf2eb75ba07cb8701bec	macOS arm64, JDK21, Docker Testcontainers (Gradle unit/integration tests; no full stack)	qa_master_state.json[C3-SRC-03]@8e91172;row=junit	1-7
C3-SRC-04	C3_DATA	P1	PASS	JUNIT_XML	8e91172ffc31db2c8b2eaf2eb75ba07cb8701bec	2026-10-06	JUNIT	C3	-	TESTCONTAINERS	YES	docs/parallel/c6/evidence/mac-8e91172-gate/backend-testcases.tsv	8e91172ffc31db2c8b2eaf2eb75ba07cb8701bec	NA	8e91172ffc31db2c8b2eaf2eb75ba07cb8701bec	macOS arm64, JDK21, Docker Testcontainers (Gradle unit/integration tests; no full stack)	qa_master_state.json[C3-SRC-04]@8e91172;row=junit	1-7
C3-SRC-05	C3_DATA	P1	PASS	JUNIT_XML	8e91172ffc31db2c8b2eaf2eb75ba07cb8701bec	2026-10-06	JUNIT	C3	-	TESTCONTAINERS	YES	docs/parallel/c6/evidence/mac-8e91172-gate/backend-testcases.tsv	8e91172ffc31db2c8b2eaf2eb75ba07cb8701bec	NA	8e91172ffc31db2c8b2eaf2eb75ba07cb8701bec	macOS arm64, JDK21, Docker Testcontainers (Gradle unit/integration tests; no full stack)	qa_master_state.json[C3-SRC-05]@8e91172;row=junit	1-7
C3-SRC-06	C3_DATA	P1	BLOCKED	NONE	8e91172ffc31db2c8b2eaf2eb75ba07cb8701bec	2026-10-06	NONE	C3	BLK-C6-05	FULL_STACK_NOT_AVAILABLE	YES	-	8e91172ffc31db2c8b2eaf2eb75ba07cb8701bec	NA	8e91172ffc31db2c8b2eaf2eb75ba07cb8701bec	macOS arm64, JDK21, Docker Testcontainers (Gradle unit/integration tests; no full stack)	qa_master_state.json[C3-SRC-06]@8e91172;row=blocked	1-7
C3-SRC-07	C3_DATA	P0	BLOCKED	NONE	8e91172ffc31db2c8b2eaf2eb75ba07cb8701bec	2026-10-06	NONE	C3	BLK-C6-05	FULL_STACK_NOT_AVAILABLE	YES	-	8e91172ffc31db2c8b2eaf2eb75ba07cb8701bec	NA	8e91172ffc31db2c8b2eaf2eb75ba07cb8701bec	macOS arm64, JDK21, Docker Testcontainers (Gradle unit/integration tests; no full stack)	qa_master_state.json[C3-SRC-07]@8e91172;row=blocked	1-7
C3-SRC-08	C3_DATA	P0	BLOCKED	NONE	8e91172ffc31db2c8b2eaf2eb75ba07cb8701bec	2026-10-06	NONE	C3	BLK-C6-05	FULL_STACK_NOT_AVAILABLE	YES	-	8e91172ffc31db2c8b2eaf2eb75ba07cb8701bec	NA	8e91172ffc31db2c8b2eaf2eb75ba07cb8701bec	macOS arm64, JDK21, Docker Testcontainers (Gradle unit/integration tests; no full stack)	qa_master_state.json[C3-SRC-08]@8e91172;row=blocked	1-7
C3-QRY-01	C3_DATA	P1	PASS	JUNIT_XML	8e91172ffc31db2c8b2eaf2eb75ba07cb8701bec	2026-10-06	JUNIT	C3	-	TESTCONTAINERS	YES	docs/parallel/c6/evidence/mac-8e91172-gate/backend-testcases.tsv	8e91172ffc31db2c8b2eaf2eb75ba07cb8701bec	NA	8e91172ffc31db2c8b2eaf2eb75ba07cb8701bec	macOS arm64, JDK21, Docker Testcontainers (Gradle unit/integration tests; no full stack)	qa_master_state.json[C3-QRY-01]@8e91172;row=junit	1-7
C3-QRY-02	C3_DATA	P1	PASS	JUNIT_XML	8e91172ffc31db2c8b2eaf2eb75ba07cb8701bec	2026-10-06	JUNIT	C3	-	TESTCONTAINERS	YES	docs/parallel/c6/evidence/mac-8e91172-gate/backend-testcases.tsv	8e91172ffc31db2c8b2eaf2eb75ba07cb8701bec	NA	8e91172ffc31db2c8b2eaf2eb75ba07cb8701bec	macOS arm64, JDK21, Docker Testcontainers (Gradle unit/integration tests; no full stack)	qa_master_state.json[C3-QRY-02]@8e91172;row=junit	1-7
C3-QRY-03	C3_DATA	P0	PASS	JUNIT_XML	8e91172ffc31db2c8b2eaf2eb75ba07cb8701bec	2026-10-06	JUNIT	C3	-	TESTCONTAINERS	YES	docs/parallel/c6/evidence/mac-8e91172-gate/backend-testcases.tsv	8e91172ffc31db2c8b2eaf2eb75ba07cb8701bec	NA	8e91172ffc31db2c8b2eaf2eb75ba07cb8701bec	macOS arm64, JDK21, Docker Testcontainers (Gradle unit/integration tests; no full stack)	qa_master_state.json[C3-QRY-03]@8e91172;row=junit	1-7
C3-QRY-04	C3_DATA	P1	PASS	JUNIT_XML	8e91172ffc31db2c8b2eaf2eb75ba07cb8701bec	2026-10-06	JUNIT	C3	-	TESTCONTAINERS	YES	docs/parallel/c6/evidence/mac-8e91172-gate/backend-testcases.tsv	8e91172ffc31db2c8b2eaf2eb75ba07cb8701bec	NA	8e91172ffc31db2c8b2eaf2eb75ba07cb8701bec	macOS arm64, JDK21, Docker Testcontainers (Gradle unit/integration tests; no full stack)	qa_master_state.json[C3-QRY-04]@8e91172;row=junit	1-7
C3-QRY-05	C3_DATA	P1	PASS	JUNIT_XML	8e91172ffc31db2c8b2eaf2eb75ba07cb8701bec	2026-10-06	JUNIT	C3	-	TESTCONTAINERS	YES	docs/parallel/c6/evidence/mac-8e91172-gate/backend-testcases.tsv	8e91172ffc31db2c8b2eaf2eb75ba07cb8701bec	NA	8e91172ffc31db2c8b2eaf2eb75ba07cb8701bec	macOS arm64, JDK21, Docker Testcontainers (Gradle unit/integration tests; no full stack)	qa_master_state.json[C3-QRY-05]@8e91172;row=junit	1-7
C3-QRY-06	C3_DATA	P1	PASS	JUNIT_XML	8e91172ffc31db2c8b2eaf2eb75ba07cb8701bec	2026-10-06	JUNIT	C3	-	TESTCONTAINERS	YES	docs/parallel/c6/evidence/mac-8e91172-gate/backend-testcases.tsv	8e91172ffc31db2c8b2eaf2eb75ba07cb8701bec	NA	8e91172ffc31db2c8b2eaf2eb75ba07cb8701bec	macOS arm64, JDK21, Docker Testcontainers (Gradle unit/integration tests; no full stack)	qa_master_state.json[C3-QRY-06]@8e91172;row=junit	1-7
C3-QRY-07	C3_DATA	P1	PASS	JUNIT_XML	8e91172ffc31db2c8b2eaf2eb75ba07cb8701bec	2026-10-06	JUNIT	C3	-	TESTCONTAINERS	YES	docs/parallel/c6/evidence/mac-8e91172-gate/backend-testcases.tsv	8e91172ffc31db2c8b2eaf2eb75ba07cb8701bec	NA	8e91172ffc31db2c8b2eaf2eb75ba07cb8701bec	macOS arm64, JDK21, Docker Testcontainers (Gradle unit/integration tests; no full stack)	qa_master_state.json[C3-QRY-07]@8e91172;row=junit	1-7
C3-QRY-08	C3_DATA	P1	PASS	JUNIT_XML	8e91172ffc31db2c8b2eaf2eb75ba07cb8701bec	2026-10-06	JUNIT	C3	-	TESTCONTAINERS	YES	docs/parallel/c6/evidence/mac-8e91172-gate/backend-testcases.tsv	8e91172ffc31db2c8b2eaf2eb75ba07cb8701bec	NA	8e91172ffc31db2c8b2eaf2eb75ba07cb8701bec	macOS arm64, JDK21, Docker Testcontainers (Gradle unit/integration tests; no full stack)	qa_master_state.json[C3-QRY-08]@8e91172;row=junit	1-7
C3-QRY-09	C3_DATA	P2	PASS	JUNIT_XML	8e91172ffc31db2c8b2eaf2eb75ba07cb8701bec	2026-10-06	JUNIT	C3	-	TESTCONTAINERS	YES	docs/parallel/c6/evidence/mac-8e91172-gate/backend-testcases.tsv	8e91172ffc31db2c8b2eaf2eb75ba07cb8701bec	NA	8e91172ffc31db2c8b2eaf2eb75ba07cb8701bec	macOS arm64, JDK21, Docker Testcontainers (Gradle unit/integration tests; no full stack)	qa_master_state.json[C3-QRY-09]@8e91172;row=junit	1-7
C3-QRY-10	C3_DATA	P1	PASS	JUNIT_XML	8e91172ffc31db2c8b2eaf2eb75ba07cb8701bec	2026-10-06	JUNIT	C3	-	TESTCONTAINERS	YES	docs/parallel/c6/evidence/mac-8e91172-gate/backend-testcases.tsv	8e91172ffc31db2c8b2eaf2eb75ba07cb8701bec	NA	8e91172ffc31db2c8b2eaf2eb75ba07cb8701bec	macOS arm64, JDK21, Docker Testcontainers (Gradle unit/integration tests; no full stack)	qa_master_state.json[C3-QRY-10]@8e91172;row=junit	1-7
C3-QRY-11	C3_DATA	P2	PASS	JUNIT_XML	8e91172ffc31db2c8b2eaf2eb75ba07cb8701bec	2026-10-06	JUNIT	C3	-	TESTCONTAINERS	YES	docs/parallel/c6/evidence/mac-8e91172-gate/backend-testcases.tsv	8e91172ffc31db2c8b2eaf2eb75ba07cb8701bec	NA	8e91172ffc31db2c8b2eaf2eb75ba07cb8701bec	macOS arm64, JDK21, Docker Testcontainers (Gradle unit/integration tests; no full stack)	qa_master_state.json[C3-QRY-11]@8e91172;row=junit	1-7
C3-QRY-12	C3_DATA	P1	PASS	JUNIT_XML	8e91172ffc31db2c8b2eaf2eb75ba07cb8701bec	2026-10-06	JUNIT	C3	-	TESTCONTAINERS	YES	docs/parallel/c6/evidence/mac-8e91172-gate/backend-testcases.tsv	8e91172ffc31db2c8b2eaf2eb75ba07cb8701bec	NA	8e91172ffc31db2c8b2eaf2eb75ba07cb8701bec	macOS arm64, JDK21, Docker Testcontainers (Gradle unit/integration tests; no full stack)	qa_master_state.json[C3-QRY-12]@8e91172;row=junit	1-7
C3-QRY-13	C3_DATA	P2	GAP	NONE	8e91172ffc31db2c8b2eaf2eb75ba07cb8701bec	2026-10-06	NONE	C3	-	TESTCONTAINERS	YES	-	8e91172ffc31db2c8b2eaf2eb75ba07cb8701bec	NA	8e91172ffc31db2c8b2eaf2eb75ba07cb8701bec	macOS arm64, JDK21, Docker Testcontainers (Gradle unit/integration tests; no full stack)	qa_master_state.json[C3-QRY-13]@8e91172;row=gap	1-7
C3-MUT-01	C3_DATA	P0	PASS	JUNIT_XML	8e91172ffc31db2c8b2eaf2eb75ba07cb8701bec	2026-10-06	JUNIT	C3	-	TESTCONTAINERS	YES	docs/parallel/c6/evidence/mac-8e91172-gate/backend-testcases.tsv	8e91172ffc31db2c8b2eaf2eb75ba07cb8701bec	NA	8e91172ffc31db2c8b2eaf2eb75ba07cb8701bec	macOS arm64, JDK21, Docker Testcontainers (Gradle unit/integration tests; no full stack)	qa_master_state.json[C3-MUT-01]@8e91172;row=junit	1-7
C3-MUT-02	C3_DATA	P0	PASS	JUNIT_XML	8e91172ffc31db2c8b2eaf2eb75ba07cb8701bec	2026-10-06	JUNIT	C3	-	TESTCONTAINERS	YES	docs/parallel/c6/evidence/mac-8e91172-gate/backend-testcases.tsv	8e91172ffc31db2c8b2eaf2eb75ba07cb8701bec	NA	8e91172ffc31db2c8b2eaf2eb75ba07cb8701bec	macOS arm64, JDK21, Docker Testcontainers (Gradle unit/integration tests; no full stack)	qa_master_state.json[C3-MUT-02]@8e91172;row=junit	1-7
C3-MUT-03	C3_DATA	P0	PASS	JUNIT_XML	8e91172ffc31db2c8b2eaf2eb75ba07cb8701bec	2026-10-06	JUNIT	C3	-	TESTCONTAINERS	YES	docs/parallel/c6/evidence/mac-8e91172-gate/backend-testcases.tsv	8e91172ffc31db2c8b2eaf2eb75ba07cb8701bec	NA	8e91172ffc31db2c8b2eaf2eb75ba07cb8701bec	macOS arm64, JDK21, Docker Testcontainers (Gradle unit/integration tests; no full stack)	qa_master_state.json[C3-MUT-03]@8e91172;row=junit	1-7
C3-MUT-04	C3_DATA	P0	PASS	JUNIT_XML	8e91172ffc31db2c8b2eaf2eb75ba07cb8701bec	2026-10-06	JUNIT	C3	-	TESTCONTAINERS	YES	docs/parallel/c6/evidence/mac-8e91172-gate/backend-testcases.tsv	8e91172ffc31db2c8b2eaf2eb75ba07cb8701bec	NA	8e91172ffc31db2c8b2eaf2eb75ba07cb8701bec	macOS arm64, JDK21, Docker Testcontainers (Gradle unit/integration tests; no full stack)	qa_master_state.json[C3-MUT-04]@8e91172;row=junit	1-7
C3-MUT-05	C3_DATA	P0	PASS	JUNIT_XML	8e91172ffc31db2c8b2eaf2eb75ba07cb8701bec	2026-10-06	JUNIT	C3	-	TESTCONTAINERS	YES	docs/parallel/c6/evidence/mac-8e91172-gate/backend-testcases.tsv	8e91172ffc31db2c8b2eaf2eb75ba07cb8701bec	NA	8e91172ffc31db2c8b2eaf2eb75ba07cb8701bec	macOS arm64, JDK21, Docker Testcontainers (Gradle unit/integration tests; no full stack)	qa_master_state.json[C3-MUT-05]@8e91172;row=junit	1-7
C3-MUT-06	C3_DATA	P1	PASS	JUNIT_XML	8e91172ffc31db2c8b2eaf2eb75ba07cb8701bec	2026-10-06	JUNIT	C3	-	TESTCONTAINERS	YES	docs/parallel/c6/evidence/mac-8e91172-gate/backend-testcases.tsv	8e91172ffc31db2c8b2eaf2eb75ba07cb8701bec	NA	8e91172ffc31db2c8b2eaf2eb75ba07cb8701bec	macOS arm64, JDK21, Docker Testcontainers (Gradle unit/integration tests; no full stack)	qa_master_state.json[C3-MUT-06]@8e91172;row=junit	1-7
C3-MUT-07	C3_DATA	P0	PASS	JUNIT_XML	8e91172ffc31db2c8b2eaf2eb75ba07cb8701bec	2026-10-06	JUNIT	C3	-	TESTCONTAINERS	YES	docs/parallel/c6/evidence/mac-8e91172-gate/backend-testcases.tsv	8e91172ffc31db2c8b2eaf2eb75ba07cb8701bec	NA	8e91172ffc31db2c8b2eaf2eb75ba07cb8701bec	macOS arm64, JDK21, Docker Testcontainers (Gradle unit/integration tests; no full stack)	qa_master_state.json[C3-MUT-07]@8e91172;row=junit	1-7
C3-MUT-08	C3_DATA	P0	BLOCKED	NONE	8e91172ffc31db2c8b2eaf2eb75ba07cb8701bec	2026-10-06	NONE	C3	BLK-C6-05	FULL_STACK_NOT_AVAILABLE	YES	-	8e91172ffc31db2c8b2eaf2eb75ba07cb8701bec	NA	8e91172ffc31db2c8b2eaf2eb75ba07cb8701bec	macOS arm64, JDK21, Docker Testcontainers (Gradle unit/integration tests; no full stack)	qa_master_state.json[C3-MUT-08]@8e91172;row=blocked	1-7
C3-MUT-09	C3_DATA	P0	BLOCKED	NONE	8e91172ffc31db2c8b2eaf2eb75ba07cb8701bec	2026-10-06	NONE	C3	-	TESTCONTAINERS	YES	-	8e91172ffc31db2c8b2eaf2eb75ba07cb8701bec	NA	8e91172ffc31db2c8b2eaf2eb75ba07cb8701bec	macOS arm64, JDK21, Docker Testcontainers (Gradle unit/integration tests; no full stack)	qa_master_state.json[C3-MUT-09]@8e91172;row=gap	1-7
C3-MUT-10	C3_DATA	P0	BLOCKED	NONE	8e91172ffc31db2c8b2eaf2eb75ba07cb8701bec	2026-10-06	NONE	C3	BLK-C6-05	FULL_STACK_NOT_AVAILABLE	YES	-	8e91172ffc31db2c8b2eaf2eb75ba07cb8701bec	NA	8e91172ffc31db2c8b2eaf2eb75ba07cb8701bec	macOS arm64, JDK21, Docker Testcontainers (Gradle unit/integration tests; no full stack)	qa_master_state.json[C3-MUT-10]@8e91172;row=blocked	1-7
C3-IDM-01	C3_DATA	P0	PASS	JUNIT_XML	8e91172ffc31db2c8b2eaf2eb75ba07cb8701bec	2026-10-06	JUNIT	C3	-	TESTCONTAINERS	YES	docs/parallel/c6/evidence/mac-8e91172-gate/backend-testcases.tsv	8e91172ffc31db2c8b2eaf2eb75ba07cb8701bec	NA	8e91172ffc31db2c8b2eaf2eb75ba07cb8701bec	macOS arm64, JDK21, Docker Testcontainers (Gradle unit/integration tests; no full stack)	qa_master_state.json[C3-IDM-01]@8e91172;row=junit	1-7
C3-IDM-02	C3_DATA	P0	PASS	JUNIT_XML	8e91172ffc31db2c8b2eaf2eb75ba07cb8701bec	2026-10-06	JUNIT	C3	-	TESTCONTAINERS	YES	docs/parallel/c6/evidence/mac-8e91172-gate/backend-testcases.tsv	8e91172ffc31db2c8b2eaf2eb75ba07cb8701bec	NA	8e91172ffc31db2c8b2eaf2eb75ba07cb8701bec	macOS arm64, JDK21, Docker Testcontainers (Gradle unit/integration tests; no full stack)	qa_master_state.json[C3-IDM-02]@8e91172;row=junit	1-7
C3-IDM-03	C3_DATA	P1	PASS	JUNIT_XML	8e91172ffc31db2c8b2eaf2eb75ba07cb8701bec	2026-10-06	JUNIT	C3	-	TESTCONTAINERS	YES	docs/parallel/c6/evidence/mac-8e91172-gate/backend-testcases.tsv	8e91172ffc31db2c8b2eaf2eb75ba07cb8701bec	NA	8e91172ffc31db2c8b2eaf2eb75ba07cb8701bec	macOS arm64, JDK21, Docker Testcontainers (Gradle unit/integration tests; no full stack)	qa_master_state.json[C3-IDM-03]@8e91172;row=junit	1-7
C3-IDM-04	C3_DATA	P0	PASS	JUNIT_XML	8e91172ffc31db2c8b2eaf2eb75ba07cb8701bec	2026-10-06	JUNIT	C3	-	TESTCONTAINERS	YES	docs/parallel/c6/evidence/mac-8e91172-gate/backend-testcases.tsv	8e91172ffc31db2c8b2eaf2eb75ba07cb8701bec	NA	8e91172ffc31db2c8b2eaf2eb75ba07cb8701bec	macOS arm64, JDK21, Docker Testcontainers (Gradle unit/integration tests; no full stack)	qa_master_state.json[C3-IDM-04]@8e91172;row=junit	1-7
C3-IDM-05	C3_DATA	P1	PASS	JUNIT_XML	8e91172ffc31db2c8b2eaf2eb75ba07cb8701bec	2026-10-06	JUNIT	C3	-	TESTCONTAINERS	YES	docs/parallel/c6/evidence/mac-8e91172-gate/backend-testcases.tsv	8e91172ffc31db2c8b2eaf2eb75ba07cb8701bec	NA	8e91172ffc31db2c8b2eaf2eb75ba07cb8701bec	macOS arm64, JDK21, Docker Testcontainers (Gradle unit/integration tests; no full stack)	qa_master_state.json[C3-IDM-05]@8e91172;row=junit	1-7
C3-IDM-06	C3_DATA	P0	PASS	JUNIT_XML	8e91172ffc31db2c8b2eaf2eb75ba07cb8701bec	2026-10-06	JUNIT	C3	-	TESTCONTAINERS	YES	docs/parallel/c6/evidence/mac-8e91172-gate/backend-testcases.tsv	8e91172ffc31db2c8b2eaf2eb75ba07cb8701bec	NA	8e91172ffc31db2c8b2eaf2eb75ba07cb8701bec	macOS arm64, JDK21, Docker Testcontainers (Gradle unit/integration tests; no full stack)	qa_master_state.json[C3-IDM-06]@8e91172;row=junit	1-7
C3-IDM-07	C3_DATA	P1	PASS	JUNIT_XML	8e91172ffc31db2c8b2eaf2eb75ba07cb8701bec	2026-10-06	JUNIT	C3	-	TESTCONTAINERS	YES	docs/parallel/c6/evidence/mac-8e91172-gate/backend-testcases.tsv	8e91172ffc31db2c8b2eaf2eb75ba07cb8701bec	NA	8e91172ffc31db2c8b2eaf2eb75ba07cb8701bec	macOS arm64, JDK21, Docker Testcontainers (Gradle unit/integration tests; no full stack)	qa_master_state.json[C3-IDM-07]@8e91172;row=junit	1-7
C3-IDM-08	C3_DATA	P2	PASS	JUNIT_XML	8e91172ffc31db2c8b2eaf2eb75ba07cb8701bec	2026-10-06	JUNIT	C3	-	TESTCONTAINERS	YES	docs/parallel/c6/evidence/mac-8e91172-gate/backend-testcases.tsv	8e91172ffc31db2c8b2eaf2eb75ba07cb8701bec	NA	8e91172ffc31db2c8b2eaf2eb75ba07cb8701bec	macOS arm64, JDK21, Docker Testcontainers (Gradle unit/integration tests; no full stack)	qa_master_state.json[C3-IDM-08]@8e91172;row=junit	1-7
C3-IDM-09	C3_DATA	P0	BLOCKED	NONE	8e91172ffc31db2c8b2eaf2eb75ba07cb8701bec	2026-10-06	NONE	C3	BLK-C6-05	FULL_STACK_NOT_AVAILABLE	YES	-	8e91172ffc31db2c8b2eaf2eb75ba07cb8701bec	NA	8e91172ffc31db2c8b2eaf2eb75ba07cb8701bec	macOS arm64, JDK21, Docker Testcontainers (Gradle unit/integration tests; no full stack)	qa_master_state.json[C3-IDM-09]@8e91172;row=blocked	1-7
C3-WHK-01	C3_DATA	P1	PASS	JUNIT_XML	8e91172ffc31db2c8b2eaf2eb75ba07cb8701bec	2026-10-06	JUNIT	C3	-	TESTCONTAINERS	YES	docs/parallel/c6/evidence/mac-8e91172-gate/backend-testcases.tsv	8e91172ffc31db2c8b2eaf2eb75ba07cb8701bec	NA	8e91172ffc31db2c8b2eaf2eb75ba07cb8701bec	macOS arm64, JDK21, Docker Testcontainers (Gradle unit/integration tests; no full stack)	qa_master_state.json[C3-WHK-01]@8e91172;row=junit	1-7
C3-WHK-02	C3_DATA	P1	PASS	JUNIT_XML	8e91172ffc31db2c8b2eaf2eb75ba07cb8701bec	2026-10-06	JUNIT	C3	-	TESTCONTAINERS	YES	docs/parallel/c6/evidence/mac-8e91172-gate/backend-testcases.tsv	8e91172ffc31db2c8b2eaf2eb75ba07cb8701bec	NA	8e91172ffc31db2c8b2eaf2eb75ba07cb8701bec	macOS arm64, JDK21, Docker Testcontainers (Gradle unit/integration tests; no full stack)	qa_master_state.json[C3-WHK-02]@8e91172;row=junit	1-7
C3-WHK-03	C3_DATA	P1	PASS	JUNIT_XML	8e91172ffc31db2c8b2eaf2eb75ba07cb8701bec	2026-10-06	JUNIT	C3	-	TESTCONTAINERS	YES	docs/parallel/c6/evidence/mac-8e91172-gate/backend-testcases.tsv	8e91172ffc31db2c8b2eaf2eb75ba07cb8701bec	NA	8e91172ffc31db2c8b2eaf2eb75ba07cb8701bec	macOS arm64, JDK21, Docker Testcontainers (Gradle unit/integration tests; no full stack)	qa_master_state.json[C3-WHK-03]@8e91172;row=junit	1-7
C4-ACT-01	C4_ACTION	P0	PASS	JUNIT_XML	8e91172ffc31db2c8b2eaf2eb75ba07cb8701bec	2026-10-06	JUNIT	C4	-	TESTCONTAINERS	YES	docs/parallel/c6/evidence/mac-8e91172-gate/backend-testcases.tsv	8e91172ffc31db2c8b2eaf2eb75ba07cb8701bec	NA	8e91172ffc31db2c8b2eaf2eb75ba07cb8701bec	macOS arm64, JDK21, Docker Testcontainers (Gradle unit/integration tests; no full stack)	qa_master_state.json[C4-ACT-01]@8e91172;row=junit	1-7
C4-ACT-02	C4_ACTION	P0	PASS	JUNIT_XML	8e91172ffc31db2c8b2eaf2eb75ba07cb8701bec	2026-10-06	JUNIT	C4	-	TESTCONTAINERS	YES	docs/parallel/c6/evidence/mac-8e91172-gate/backend-testcases.tsv	8e91172ffc31db2c8b2eaf2eb75ba07cb8701bec	NA	8e91172ffc31db2c8b2eaf2eb75ba07cb8701bec	macOS arm64, JDK21, Docker Testcontainers (Gradle unit/integration tests; no full stack)	qa_master_state.json[C4-ACT-02]@8e91172;row=junit	1-7
C4-ACT-03	C4_ACTION	P0	PASS	JUNIT_XML	8e91172ffc31db2c8b2eaf2eb75ba07cb8701bec	2026-10-06	JUNIT	C4	-	TESTCONTAINERS	YES	docs/parallel/c6/evidence/mac-8e91172-gate/backend-testcases.tsv	8e91172ffc31db2c8b2eaf2eb75ba07cb8701bec	NA	8e91172ffc31db2c8b2eaf2eb75ba07cb8701bec	macOS arm64, JDK21, Docker Testcontainers (Gradle unit/integration tests; no full stack)	qa_master_state.json[C4-ACT-03]@8e91172;row=junit	1-7
C4-ACT-04	C4_ACTION	P1	PASS	JUNIT_XML	8e91172ffc31db2c8b2eaf2eb75ba07cb8701bec	2026-10-06	JUNIT	C4	-	TESTCONTAINERS	YES	docs/parallel/c6/evidence/mac-8e91172-gate/backend-testcases.tsv	8e91172ffc31db2c8b2eaf2eb75ba07cb8701bec	NA	8e91172ffc31db2c8b2eaf2eb75ba07cb8701bec	macOS arm64, JDK21, Docker Testcontainers (Gradle unit/integration tests; no full stack)	qa_master_state.json[C4-ACT-04]@8e91172;row=junit	1-7
C4-ACT-05	C4_ACTION	P1	PASS	JUNIT_XML	8e91172ffc31db2c8b2eaf2eb75ba07cb8701bec	2026-10-06	JUNIT	C4	-	TESTCONTAINERS	YES	docs/parallel/c6/evidence/mac-8e91172-gate/backend-testcases.tsv	8e91172ffc31db2c8b2eaf2eb75ba07cb8701bec	NA	8e91172ffc31db2c8b2eaf2eb75ba07cb8701bec	macOS arm64, JDK21, Docker Testcontainers (Gradle unit/integration tests; no full stack)	qa_master_state.json[C4-ACT-05]@8e91172;row=junit	1-7
C4-ACT-06	C4_ACTION	P0	PASS	JUNIT_XML	8e91172ffc31db2c8b2eaf2eb75ba07cb8701bec	2026-10-06	JUNIT	C4	-	TESTCONTAINERS	YES	docs/parallel/c6/evidence/mac-8e91172-gate/backend-testcases.tsv	8e91172ffc31db2c8b2eaf2eb75ba07cb8701bec	NA	8e91172ffc31db2c8b2eaf2eb75ba07cb8701bec	macOS arm64, JDK21, Docker Testcontainers (Gradle unit/integration tests; no full stack)	qa_master_state.json[C4-ACT-06]@8e91172;row=junit	1-7
C4-ACT-07	C4_ACTION	P1	PASS	JUNIT_XML	8e91172ffc31db2c8b2eaf2eb75ba07cb8701bec	2026-10-06	JUNIT	C4	-	TESTCONTAINERS	YES	docs/parallel/c6/evidence/mac-8e91172-gate/backend-testcases.tsv	8e91172ffc31db2c8b2eaf2eb75ba07cb8701bec	NA	8e91172ffc31db2c8b2eaf2eb75ba07cb8701bec	macOS arm64, JDK21, Docker Testcontainers (Gradle unit/integration tests; no full stack)	qa_master_state.json[C4-ACT-07]@8e91172;row=junit	1-7
C4-ACT-08	C4_ACTION	P0	PASS	JUNIT_XML	8e91172ffc31db2c8b2eaf2eb75ba07cb8701bec	2026-10-06	JUNIT	C4	-	TESTCONTAINERS	YES	docs/parallel/c6/evidence/mac-8e91172-gate/backend-testcases.tsv	8e91172ffc31db2c8b2eaf2eb75ba07cb8701bec	NA	8e91172ffc31db2c8b2eaf2eb75ba07cb8701bec	macOS arm64, JDK21, Docker Testcontainers (Gradle unit/integration tests; no full stack)	qa_master_state.json[C4-ACT-08]@8e91172;row=junit	1-7
C4-ACT-09	C4_ACTION	P0	PASS	JUNIT_XML	8e91172ffc31db2c8b2eaf2eb75ba07cb8701bec	2026-10-06	JUNIT	C4	-	TESTCONTAINERS	YES	docs/parallel/c6/evidence/mac-8e91172-gate/backend-testcases.tsv	8e91172ffc31db2c8b2eaf2eb75ba07cb8701bec	NA	8e91172ffc31db2c8b2eaf2eb75ba07cb8701bec	macOS arm64, JDK21, Docker Testcontainers (Gradle unit/integration tests; no full stack)	qa_master_state.json[C4-ACT-09]@8e91172;row=junit	1-7
C4-ACT-10	C4_ACTION	P1	PASS	JUNIT_XML	8e91172ffc31db2c8b2eaf2eb75ba07cb8701bec	2026-10-06	JUNIT	C4	-	TESTCONTAINERS	YES	docs/parallel/c6/evidence/mac-8e91172-gate/backend-testcases.tsv	8e91172ffc31db2c8b2eaf2eb75ba07cb8701bec	NA	8e91172ffc31db2c8b2eaf2eb75ba07cb8701bec	macOS arm64, JDK21, Docker Testcontainers (Gradle unit/integration tests; no full stack)	qa_master_state.json[C4-ACT-10]@8e91172;row=junit	1-7
C4-ACT-11	C4_ACTION	P1	PASS	JUNIT_XML	8e91172ffc31db2c8b2eaf2eb75ba07cb8701bec	2026-10-06	JUNIT	C4	-	TESTCONTAINERS	YES	docs/parallel/c6/evidence/mac-8e91172-gate/backend-testcases.tsv	8e91172ffc31db2c8b2eaf2eb75ba07cb8701bec	NA	8e91172ffc31db2c8b2eaf2eb75ba07cb8701bec	macOS arm64, JDK21, Docker Testcontainers (Gradle unit/integration tests; no full stack)	qa_master_state.json[C4-ACT-11]@8e91172;row=junit	1-7
C4-ACT-12	C4_ACTION	P0	PASS	JUNIT_XML	8e91172ffc31db2c8b2eaf2eb75ba07cb8701bec	2026-10-06	JUNIT	C4	-	TESTCONTAINERS	YES	docs/parallel/c6/evidence/mac-8e91172-gate/backend-testcases.tsv	8e91172ffc31db2c8b2eaf2eb75ba07cb8701bec	NA	8e91172ffc31db2c8b2eaf2eb75ba07cb8701bec	macOS arm64, JDK21, Docker Testcontainers (Gradle unit/integration tests; no full stack)	qa_master_state.json[C4-ACT-12]@8e91172;row=junit	1-7
C4-ACT-13	C4_ACTION	P1	PASS	JUNIT_XML	8e91172ffc31db2c8b2eaf2eb75ba07cb8701bec	2026-10-06	JUNIT	C4	-	TESTCONTAINERS	YES	docs/parallel/c6/evidence/mac-8e91172-gate/backend-testcases.tsv	8e91172ffc31db2c8b2eaf2eb75ba07cb8701bec	NA	8e91172ffc31db2c8b2eaf2eb75ba07cb8701bec	macOS arm64, JDK21, Docker Testcontainers (Gradle unit/integration tests; no full stack)	qa_master_state.json[C4-ACT-13]@8e91172;row=junit	1-7
C4-ACT-14	C4_ACTION	P1	PASS	JUNIT_XML	8e91172ffc31db2c8b2eaf2eb75ba07cb8701bec	2026-10-06	JUNIT	C4	-	TESTCONTAINERS	YES	docs/parallel/c6/evidence/mac-8e91172-gate/backend-testcases.tsv	8e91172ffc31db2c8b2eaf2eb75ba07cb8701bec	NA	8e91172ffc31db2c8b2eaf2eb75ba07cb8701bec	macOS arm64, JDK21, Docker Testcontainers (Gradle unit/integration tests; no full stack)	qa_master_state.json[C4-ACT-14]@8e91172;row=junit	1-7
C4-ACT-15	C4_ACTION	P1	PASS	JUNIT_XML	8e91172ffc31db2c8b2eaf2eb75ba07cb8701bec	2026-10-06	JUNIT	C4	-	TESTCONTAINERS	YES	docs/parallel/c6/evidence/mac-8e91172-gate/backend-testcases.tsv	8e91172ffc31db2c8b2eaf2eb75ba07cb8701bec	NA	8e91172ffc31db2c8b2eaf2eb75ba07cb8701bec	macOS arm64, JDK21, Docker Testcontainers (Gradle unit/integration tests; no full stack)	qa_master_state.json[C4-ACT-15]@8e91172;row=junit	1-7
C4-ACT-16	C4_ACTION	P1	PASS	JUNIT_XML	8e91172ffc31db2c8b2eaf2eb75ba07cb8701bec	2026-10-06	JUNIT	C4	-	TESTCONTAINERS	YES	docs/parallel/c6/evidence/mac-8e91172-gate/backend-testcases.tsv	8e91172ffc31db2c8b2eaf2eb75ba07cb8701bec	NA	8e91172ffc31db2c8b2eaf2eb75ba07cb8701bec	macOS arm64, JDK21, Docker Testcontainers (Gradle unit/integration tests; no full stack)	qa_master_state.json[C4-ACT-16]@8e91172;row=junit	1-7
C4-ACT-17	C4_ACTION	P0	PASS	JUNIT_XML	8e91172ffc31db2c8b2eaf2eb75ba07cb8701bec	2026-10-06	JUNIT	C4	-	TESTCONTAINERS	YES	docs/parallel/c6/evidence/mac-8e91172-gate/backend-testcases.tsv	8e91172ffc31db2c8b2eaf2eb75ba07cb8701bec	NA	8e91172ffc31db2c8b2eaf2eb75ba07cb8701bec	macOS arm64, JDK21, Docker Testcontainers (Gradle unit/integration tests; no full stack)	qa_master_state.json[C4-ACT-17]@8e91172;row=junit	1-7
C4-ACT-18	C4_ACTION	P1	PASS	JUNIT_XML	8e91172ffc31db2c8b2eaf2eb75ba07cb8701bec	2026-10-06	JUNIT	C4	-	TESTCONTAINERS	YES	docs/parallel/c6/evidence/mac-8e91172-gate/backend-testcases.tsv	8e91172ffc31db2c8b2eaf2eb75ba07cb8701bec	NA	8e91172ffc31db2c8b2eaf2eb75ba07cb8701bec	macOS arm64, JDK21, Docker Testcontainers (Gradle unit/integration tests; no full stack)	qa_master_state.json[C4-ACT-18]@8e91172;row=junit	1-7
C4-ACT-19	C4_ACTION	P1	PASS	JUNIT_XML	8e91172ffc31db2c8b2eaf2eb75ba07cb8701bec	2026-10-06	JUNIT	C4	-	TESTCONTAINERS	YES	docs/parallel/c6/evidence/mac-8e91172-gate/backend-testcases.tsv	8e91172ffc31db2c8b2eaf2eb75ba07cb8701bec	NA	8e91172ffc31db2c8b2eaf2eb75ba07cb8701bec	macOS arm64, JDK21, Docker Testcontainers (Gradle unit/integration tests; no full stack)	qa_master_state.json[C4-ACT-19]@8e91172;row=junit	1-7
C4-ACT-20	C4_ACTION	P1	PASS	JUNIT_XML	8e91172ffc31db2c8b2eaf2eb75ba07cb8701bec	2026-10-06	JUNIT	C4	-	TESTCONTAINERS	YES	docs/parallel/c6/evidence/mac-8e91172-gate/backend-testcases.tsv	8e91172ffc31db2c8b2eaf2eb75ba07cb8701bec	NA	8e91172ffc31db2c8b2eaf2eb75ba07cb8701bec	macOS arm64, JDK21, Docker Testcontainers (Gradle unit/integration tests; no full stack)	qa_master_state.json[C4-ACT-20]@8e91172;row=junit	1-7
C4-ACT-21	C4_ACTION	P1	PASS	JUNIT_XML	8e91172ffc31db2c8b2eaf2eb75ba07cb8701bec	2026-10-06	JUNIT	C4	-	TESTCONTAINERS	YES	docs/parallel/c6/evidence/mac-8e91172-gate/backend-testcases.tsv	8e91172ffc31db2c8b2eaf2eb75ba07cb8701bec	NA	8e91172ffc31db2c8b2eaf2eb75ba07cb8701bec	macOS arm64, JDK21, Docker Testcontainers (Gradle unit/integration tests; no full stack)	qa_master_state.json[C4-ACT-21]@8e91172;row=junit	1-7
C4-ACT-22	C4_ACTION	P1	BLOCKED	NONE	8e91172ffc31db2c8b2eaf2eb75ba07cb8701bec	2026-10-06	NONE	C4	BLK-C6-05	FULL_STACK_NOT_AVAILABLE	YES	-	8e91172ffc31db2c8b2eaf2eb75ba07cb8701bec	NA	8e91172ffc31db2c8b2eaf2eb75ba07cb8701bec	macOS arm64, JDK21, Docker Testcontainers (Gradle unit/integration tests; no full stack)	qa_master_state.json[C4-ACT-22]@8e91172;row=blocked	1-7
C4-ABN-01	C4_ACTION	P0	PASS	JUNIT_XML	8e91172ffc31db2c8b2eaf2eb75ba07cb8701bec	2026-10-06	JUNIT	C4	-	TESTCONTAINERS	YES	docs/parallel/c6/evidence/mac-8e91172-gate/backend-testcases.tsv	8e91172ffc31db2c8b2eaf2eb75ba07cb8701bec	NA	8e91172ffc31db2c8b2eaf2eb75ba07cb8701bec	macOS arm64, JDK21, Docker Testcontainers (Gradle unit/integration tests; no full stack)	qa_master_state.json[C4-ABN-01]@8e91172;row=junit	1-7
C4-ABN-02	C4_ACTION	P1	PASS	JUNIT_XML	8e91172ffc31db2c8b2eaf2eb75ba07cb8701bec	2026-10-06	JUNIT	C4	-	TESTCONTAINERS	YES	docs/parallel/c6/evidence/mac-8e91172-gate/backend-testcases.tsv	8e91172ffc31db2c8b2eaf2eb75ba07cb8701bec	NA	8e91172ffc31db2c8b2eaf2eb75ba07cb8701bec	macOS arm64, JDK21, Docker Testcontainers (Gradle unit/integration tests; no full stack)	qa_master_state.json[C4-ABN-02]@8e91172;row=junit	1-7
C4-ABN-03	C4_ACTION	P0	PASS	JUNIT_XML	8e91172ffc31db2c8b2eaf2eb75ba07cb8701bec	2026-10-06	JUNIT	C4	-	TESTCONTAINERS	YES	docs/parallel/c6/evidence/mac-8e91172-gate/backend-testcases.tsv	8e91172ffc31db2c8b2eaf2eb75ba07cb8701bec	NA	8e91172ffc31db2c8b2eaf2eb75ba07cb8701bec	macOS arm64, JDK21, Docker Testcontainers (Gradle unit/integration tests; no full stack)	qa_master_state.json[C4-ABN-03]@8e91172;row=junit	1-7
C4-ABN-04	C4_ACTION	P0	PASS	JUNIT_XML	8e91172ffc31db2c8b2eaf2eb75ba07cb8701bec	2026-10-06	JUNIT	C4	-	TESTCONTAINERS	YES	docs/parallel/c6/evidence/mac-8e91172-gate/backend-testcases.tsv	8e91172ffc31db2c8b2eaf2eb75ba07cb8701bec	NA	8e91172ffc31db2c8b2eaf2eb75ba07cb8701bec	macOS arm64, JDK21, Docker Testcontainers (Gradle unit/integration tests; no full stack)	qa_master_state.json[C4-ABN-04]@8e91172;row=junit	1-7
C4-ABN-05	C4_ACTION	P1	PASS	JUNIT_XML	8e91172ffc31db2c8b2eaf2eb75ba07cb8701bec	2026-10-06	JUNIT	C4	-	TESTCONTAINERS	YES	docs/parallel/c6/evidence/mac-8e91172-gate/backend-testcases.tsv	8e91172ffc31db2c8b2eaf2eb75ba07cb8701bec	NA	8e91172ffc31db2c8b2eaf2eb75ba07cb8701bec	macOS arm64, JDK21, Docker Testcontainers (Gradle unit/integration tests; no full stack)	qa_master_state.json[C4-ABN-05]@8e91172;row=junit	1-7
C4-WFL-01	C4_ACTION	P1	PASS	JUNIT_XML	8e91172ffc31db2c8b2eaf2eb75ba07cb8701bec	2026-10-06	JUNIT	C4	-	TESTCONTAINERS	YES	docs/parallel/c6/evidence/mac-8e91172-gate/backend-testcases.tsv	8e91172ffc31db2c8b2eaf2eb75ba07cb8701bec	NA	8e91172ffc31db2c8b2eaf2eb75ba07cb8701bec	macOS arm64, JDK21, Docker Testcontainers (Gradle unit/integration tests; no full stack)	qa_master_state.json[C4-WFL-01]@8e91172;row=junit	1-7
C4-WFL-02	C4_ACTION	P0	PASS	JUNIT_XML	8e91172ffc31db2c8b2eaf2eb75ba07cb8701bec	2026-10-06	JUNIT	C4	-	TESTCONTAINERS	YES	docs/parallel/c6/evidence/mac-8e91172-gate/backend-testcases.tsv	8e91172ffc31db2c8b2eaf2eb75ba07cb8701bec	NA	8e91172ffc31db2c8b2eaf2eb75ba07cb8701bec	macOS arm64, JDK21, Docker Testcontainers (Gradle unit/integration tests; no full stack)	qa_master_state.json[C4-WFL-02]@8e91172;row=junit	1-7
C4-WFL-03	C4_ACTION	P1	PASS	JUNIT_XML	8e91172ffc31db2c8b2eaf2eb75ba07cb8701bec	2026-10-06	JUNIT	C4	-	TESTCONTAINERS	YES	docs/parallel/c6/evidence/mac-8e91172-gate/backend-testcases.tsv	8e91172ffc31db2c8b2eaf2eb75ba07cb8701bec	NA	8e91172ffc31db2c8b2eaf2eb75ba07cb8701bec	macOS arm64, JDK21, Docker Testcontainers (Gradle unit/integration tests; no full stack)	qa_master_state.json[C4-WFL-03]@8e91172;row=junit	1-7
C4-WFL-04	C4_ACTION	P1	PASS	JUNIT_XML	8e91172ffc31db2c8b2eaf2eb75ba07cb8701bec	2026-10-06	JUNIT	C4	-	TESTCONTAINERS	YES	docs/parallel/c6/evidence/mac-8e91172-gate/backend-testcases.tsv	8e91172ffc31db2c8b2eaf2eb75ba07cb8701bec	NA	8e91172ffc31db2c8b2eaf2eb75ba07cb8701bec	macOS arm64, JDK21, Docker Testcontainers (Gradle unit/integration tests; no full stack)	qa_master_state.json[C4-WFL-04]@8e91172;row=junit	1-7
C4-WFL-05	C4_ACTION	P1	PASS	JUNIT_XML	8e91172ffc31db2c8b2eaf2eb75ba07cb8701bec	2026-10-06	JUNIT	C4	-	TESTCONTAINERS	YES	docs/parallel/c6/evidence/mac-8e91172-gate/backend-testcases.tsv	8e91172ffc31db2c8b2eaf2eb75ba07cb8701bec	NA	8e91172ffc31db2c8b2eaf2eb75ba07cb8701bec	macOS arm64, JDK21, Docker Testcontainers (Gradle unit/integration tests; no full stack)	qa_master_state.json[C4-WFL-05]@8e91172;row=junit	1-7
C4-WFL-06	C4_ACTION	P1	PASS	JUNIT_XML	8e91172ffc31db2c8b2eaf2eb75ba07cb8701bec	2026-10-06	JUNIT	C4	-	TESTCONTAINERS	YES	docs/parallel/c6/evidence/mac-8e91172-gate/backend-testcases.tsv	8e91172ffc31db2c8b2eaf2eb75ba07cb8701bec	NA	8e91172ffc31db2c8b2eaf2eb75ba07cb8701bec	macOS arm64, JDK21, Docker Testcontainers (Gradle unit/integration tests; no full stack)	qa_master_state.json[C4-WFL-06]@8e91172;row=junit	1-7
C4-WFL-07	C4_ACTION	P0	PASS	JUNIT_XML	8e91172ffc31db2c8b2eaf2eb75ba07cb8701bec	2026-10-06	JUNIT	C4	-	TESTCONTAINERS	YES	docs/parallel/c6/evidence/mac-8e91172-gate/backend-testcases.tsv	8e91172ffc31db2c8b2eaf2eb75ba07cb8701bec	NA	8e91172ffc31db2c8b2eaf2eb75ba07cb8701bec	macOS arm64, JDK21, Docker Testcontainers (Gradle unit/integration tests; no full stack)	qa_master_state.json[C4-WFL-07]@8e91172;row=junit	1-7
C4-WFL-08	C4_ACTION	P0	PASS	JUNIT_XML	8e91172ffc31db2c8b2eaf2eb75ba07cb8701bec	2026-10-06	JUNIT	C4	-	TESTCONTAINERS	YES	docs/parallel/c6/evidence/mac-8e91172-gate/backend-testcases.tsv	8e91172ffc31db2c8b2eaf2eb75ba07cb8701bec	NA	8e91172ffc31db2c8b2eaf2eb75ba07cb8701bec	macOS arm64, JDK21, Docker Testcontainers (Gradle unit/integration tests; no full stack)	qa_master_state.json[C4-WFL-08]@8e91172;row=junit	1-7
C4-WFL-09	C4_ACTION	P0	PASS	JUNIT_XML	8e91172ffc31db2c8b2eaf2eb75ba07cb8701bec	2026-10-06	JUNIT	C4	-	TESTCONTAINERS	YES	docs/parallel/c6/evidence/mac-8e91172-gate/backend-testcases.tsv	8e91172ffc31db2c8b2eaf2eb75ba07cb8701bec	NA	8e91172ffc31db2c8b2eaf2eb75ba07cb8701bec	macOS arm64, JDK21, Docker Testcontainers (Gradle unit/integration tests; no full stack)	qa_master_state.json[C4-WFL-09]@8e91172;row=junit	1-7
C4-WFL-10	C4_ACTION	P0	PASS	JUNIT_XML	8e91172ffc31db2c8b2eaf2eb75ba07cb8701bec	2026-10-06	JUNIT	C4	-	TESTCONTAINERS	YES	docs/parallel/c6/evidence/mac-8e91172-gate/backend-testcases.tsv	8e91172ffc31db2c8b2eaf2eb75ba07cb8701bec	NA	8e91172ffc31db2c8b2eaf2eb75ba07cb8701bec	macOS arm64, JDK21, Docker Testcontainers (Gradle unit/integration tests; no full stack)	qa_master_state.json[C4-WFL-10]@8e91172;row=junit	1-7
C4-WFL-11	C4_ACTION	P1	PASS	JUNIT_XML	8e91172ffc31db2c8b2eaf2eb75ba07cb8701bec	2026-10-06	JUNIT	C4	-	TESTCONTAINERS	YES	docs/parallel/c6/evidence/mac-8e91172-gate/backend-testcases.tsv	8e91172ffc31db2c8b2eaf2eb75ba07cb8701bec	NA	8e91172ffc31db2c8b2eaf2eb75ba07cb8701bec	macOS arm64, JDK21, Docker Testcontainers (Gradle unit/integration tests; no full stack)	qa_master_state.json[C4-WFL-11]@8e91172;row=junit	1-7
C4-WFL-12	C4_ACTION	P1	PASS	JUNIT_XML	8e91172ffc31db2c8b2eaf2eb75ba07cb8701bec	2026-10-06	JUNIT	C4	-	TESTCONTAINERS	YES	docs/parallel/c6/evidence/mac-8e91172-gate/backend-testcases.tsv	8e91172ffc31db2c8b2eaf2eb75ba07cb8701bec	NA	8e91172ffc31db2c8b2eaf2eb75ba07cb8701bec	macOS arm64, JDK21, Docker Testcontainers (Gradle unit/integration tests; no full stack)	qa_master_state.json[C4-WFL-12]@8e91172;row=junit	1-7
C4-WFL-13	C4_ACTION	P1	PASS	JUNIT_XML	8e91172ffc31db2c8b2eaf2eb75ba07cb8701bec	2026-10-06	JUNIT	C4	-	TESTCONTAINERS	YES	docs/parallel/c6/evidence/mac-8e91172-gate/backend-testcases.tsv	8e91172ffc31db2c8b2eaf2eb75ba07cb8701bec	NA	8e91172ffc31db2c8b2eaf2eb75ba07cb8701bec	macOS arm64, JDK21, Docker Testcontainers (Gradle unit/integration tests; no full stack)	qa_master_state.json[C4-WFL-13]@8e91172;row=junit	1-7
C4-WFL-14	C4_ACTION	P1	PASS	JUNIT_XML	8e91172ffc31db2c8b2eaf2eb75ba07cb8701bec	2026-10-06	JUNIT	C4	-	TESTCONTAINERS	YES	docs/parallel/c6/evidence/mac-8e91172-gate/backend-testcases.tsv	8e91172ffc31db2c8b2eaf2eb75ba07cb8701bec	NA	8e91172ffc31db2c8b2eaf2eb75ba07cb8701bec	macOS arm64, JDK21, Docker Testcontainers (Gradle unit/integration tests; no full stack)	qa_master_state.json[C4-WFL-14]@8e91172;row=junit	1-7
C4-WFL-15	C4_ACTION	P0	PASS	JUNIT_XML	8e91172ffc31db2c8b2eaf2eb75ba07cb8701bec	2026-10-06	JUNIT	C4	-	TESTCONTAINERS	YES	docs/parallel/c6/evidence/mac-8e91172-gate/backend-testcases.tsv	8e91172ffc31db2c8b2eaf2eb75ba07cb8701bec	NA	8e91172ffc31db2c8b2eaf2eb75ba07cb8701bec	macOS arm64, JDK21, Docker Testcontainers (Gradle unit/integration tests; no full stack)	qa_master_state.json[C4-WFL-15]@8e91172;row=junit	1-7
C4-WFL-16	C4_ACTION	P0	PASS	JUNIT_XML	8e91172ffc31db2c8b2eaf2eb75ba07cb8701bec	2026-10-06	JUNIT	C4	-	TESTCONTAINERS	YES	docs/parallel/c6/evidence/mac-8e91172-gate/backend-testcases.tsv	8e91172ffc31db2c8b2eaf2eb75ba07cb8701bec	NA	8e91172ffc31db2c8b2eaf2eb75ba07cb8701bec	macOS arm64, JDK21, Docker Testcontainers (Gradle unit/integration tests; no full stack)	qa_master_state.json[C4-WFL-16]@8e91172;row=junit	1-7
C4-WFL-17	C4_ACTION	P0	PASS	JUNIT_XML	8e91172ffc31db2c8b2eaf2eb75ba07cb8701bec	2026-10-06	JUNIT	C4	-	TESTCONTAINERS	YES	docs/parallel/c6/evidence/mac-8e91172-gate/backend-testcases.tsv	8e91172ffc31db2c8b2eaf2eb75ba07cb8701bec	NA	8e91172ffc31db2c8b2eaf2eb75ba07cb8701bec	macOS arm64, JDK21, Docker Testcontainers (Gradle unit/integration tests; no full stack)	qa_master_state.json[C4-WFL-17]@8e91172;row=junit	1-7
C4-WFL-18	C4_ACTION	P1	PASS	JUNIT_XML	8e91172ffc31db2c8b2eaf2eb75ba07cb8701bec	2026-10-06	JUNIT	C4	-	TESTCONTAINERS	YES	docs/parallel/c6/evidence/mac-8e91172-gate/backend-testcases.tsv	8e91172ffc31db2c8b2eaf2eb75ba07cb8701bec	NA	8e91172ffc31db2c8b2eaf2eb75ba07cb8701bec	macOS arm64, JDK21, Docker Testcontainers (Gradle unit/integration tests; no full stack)	qa_master_state.json[C4-WFL-18]@8e91172;row=junit	1-7
C4-WFL-19	C4_ACTION	P1	PASS	JUNIT_XML	8e91172ffc31db2c8b2eaf2eb75ba07cb8701bec	2026-10-06	JUNIT	C4	-	TESTCONTAINERS	YES	docs/parallel/c6/evidence/mac-8e91172-gate/backend-testcases.tsv	8e91172ffc31db2c8b2eaf2eb75ba07cb8701bec	NA	8e91172ffc31db2c8b2eaf2eb75ba07cb8701bec	macOS arm64, JDK21, Docker Testcontainers (Gradle unit/integration tests; no full stack)	qa_master_state.json[C4-WFL-19]@8e91172;row=junit	1-7
C4-QUE-01	C4_ACTION	P0	PASS	JUNIT_XML	8e91172ffc31db2c8b2eaf2eb75ba07cb8701bec	2026-10-06	JUNIT	C4	-	TESTCONTAINERS	YES	docs/parallel/c6/evidence/mac-8e91172-gate/backend-testcases.tsv	8e91172ffc31db2c8b2eaf2eb75ba07cb8701bec	NA	8e91172ffc31db2c8b2eaf2eb75ba07cb8701bec	macOS arm64, JDK21, Docker Testcontainers (Gradle unit/integration tests; no full stack)	qa_master_state.json[C4-QUE-01]@8e91172;row=junit	1-7
C4-QUE-02	C4_ACTION	P0	PASS	JUNIT_XML	8e91172ffc31db2c8b2eaf2eb75ba07cb8701bec	2026-10-06	JUNIT	C4	-	TESTCONTAINERS	YES	docs/parallel/c6/evidence/mac-8e91172-gate/backend-testcases.tsv	8e91172ffc31db2c8b2eaf2eb75ba07cb8701bec	NA	8e91172ffc31db2c8b2eaf2eb75ba07cb8701bec	macOS arm64, JDK21, Docker Testcontainers (Gradle unit/integration tests; no full stack)	qa_master_state.json[C4-QUE-02]@8e91172;row=junit	1-7
C4-QUE-03	C4_ACTION	P0	PASS	JUNIT_XML	8e91172ffc31db2c8b2eaf2eb75ba07cb8701bec	2026-10-06	JUNIT	C4	-	TESTCONTAINERS	YES	docs/parallel/c6/evidence/mac-8e91172-gate/backend-testcases.tsv	8e91172ffc31db2c8b2eaf2eb75ba07cb8701bec	NA	8e91172ffc31db2c8b2eaf2eb75ba07cb8701bec	macOS arm64, JDK21, Docker Testcontainers (Gradle unit/integration tests; no full stack)	qa_master_state.json[C4-QUE-03]@8e91172;row=junit	1-7
C4-QUE-04	C4_ACTION	P1	PASS	JUNIT_XML	8e91172ffc31db2c8b2eaf2eb75ba07cb8701bec	2026-10-06	JUNIT	C4	-	TESTCONTAINERS	YES	docs/parallel/c6/evidence/mac-8e91172-gate/backend-testcases.tsv	8e91172ffc31db2c8b2eaf2eb75ba07cb8701bec	NA	8e91172ffc31db2c8b2eaf2eb75ba07cb8701bec	macOS arm64, JDK21, Docker Testcontainers (Gradle unit/integration tests; no full stack)	qa_master_state.json[C4-QUE-04]@8e91172;row=junit	1-7
C4-QUE-05	C4_ACTION	P1	PASS	JUNIT_XML	8e91172ffc31db2c8b2eaf2eb75ba07cb8701bec	2026-10-06	JUNIT	C4	-	TESTCONTAINERS	YES	docs/parallel/c6/evidence/mac-8e91172-gate/backend-testcases.tsv	8e91172ffc31db2c8b2eaf2eb75ba07cb8701bec	NA	8e91172ffc31db2c8b2eaf2eb75ba07cb8701bec	macOS arm64, JDK21, Docker Testcontainers (Gradle unit/integration tests; no full stack)	qa_master_state.json[C4-QUE-05]@8e91172;row=junit	1-7
C4-QUE-06	C4_ACTION	P0	BLOCKED	NONE	8e91172ffc31db2c8b2eaf2eb75ba07cb8701bec	2026-10-06	NONE	C4	BLK-C6-05	FULL_STACK_NOT_AVAILABLE	YES	-	8e91172ffc31db2c8b2eaf2eb75ba07cb8701bec	NA	8e91172ffc31db2c8b2eaf2eb75ba07cb8701bec	macOS arm64, JDK21, Docker Testcontainers (Gradle unit/integration tests; no full stack)	qa_master_state.json[C4-QUE-06]@8e91172;row=blocked	1-7
C4-QUE-07	C4_ACTION	P0	BLOCKED	NONE	8e91172ffc31db2c8b2eaf2eb75ba07cb8701bec	2026-10-06	NONE	C4	BLK-C6-05	FULL_STACK_NOT_AVAILABLE	YES	-	8e91172ffc31db2c8b2eaf2eb75ba07cb8701bec	NA	8e91172ffc31db2c8b2eaf2eb75ba07cb8701bec	macOS arm64, JDK21, Docker Testcontainers (Gradle unit/integration tests; no full stack)	qa_master_state.json[C4-QUE-07]@8e91172;row=blocked	1-7
C4-LSE-01	C4_ACTION	P0	PASS	JUNIT_XML	8e91172ffc31db2c8b2eaf2eb75ba07cb8701bec	2026-10-06	JUNIT	C4	-	TESTCONTAINERS	YES	docs/parallel/c6/evidence/mac-8e91172-gate/backend-testcases.tsv	8e91172ffc31db2c8b2eaf2eb75ba07cb8701bec	NA	8e91172ffc31db2c8b2eaf2eb75ba07cb8701bec	macOS arm64, JDK21, Docker Testcontainers (Gradle unit/integration tests; no full stack)	qa_master_state.json[C4-LSE-01]@8e91172;row=junit	1-7
C4-LSE-02	C4_ACTION	P1	PASS	JUNIT_XML	8e91172ffc31db2c8b2eaf2eb75ba07cb8701bec	2026-10-06	JUNIT	C4	-	TESTCONTAINERS	YES	docs/parallel/c6/evidence/mac-8e91172-gate/backend-testcases.tsv	8e91172ffc31db2c8b2eaf2eb75ba07cb8701bec	NA	8e91172ffc31db2c8b2eaf2eb75ba07cb8701bec	macOS arm64, JDK21, Docker Testcontainers (Gradle unit/integration tests; no full stack)	qa_master_state.json[C4-LSE-02]@8e91172;row=junit	1-7
C4-LSE-03	C4_ACTION	P0	PASS	JUNIT_XML	8e91172ffc31db2c8b2eaf2eb75ba07cb8701bec	2026-10-06	JUNIT	C4	-	TESTCONTAINERS	YES	docs/parallel/c6/evidence/mac-8e91172-gate/backend-testcases.tsv	8e91172ffc31db2c8b2eaf2eb75ba07cb8701bec	NA	8e91172ffc31db2c8b2eaf2eb75ba07cb8701bec	macOS arm64, JDK21, Docker Testcontainers (Gradle unit/integration tests; no full stack)	qa_master_state.json[C4-LSE-03]@8e91172;row=junit	1-7
C4-LSE-04	C4_ACTION	P1	PASS	JUNIT_XML	8e91172ffc31db2c8b2eaf2eb75ba07cb8701bec	2026-10-06	JUNIT	C4	-	TESTCONTAINERS	YES	docs/parallel/c6/evidence/mac-8e91172-gate/backend-testcases.tsv	8e91172ffc31db2c8b2eaf2eb75ba07cb8701bec	NA	8e91172ffc31db2c8b2eaf2eb75ba07cb8701bec	macOS arm64, JDK21, Docker Testcontainers (Gradle unit/integration tests; no full stack)	qa_master_state.json[C4-LSE-04]@8e91172;row=junit	1-7
C4-LSE-05	C4_ACTION	P0	PASS	JUNIT_XML	8e91172ffc31db2c8b2eaf2eb75ba07cb8701bec	2026-10-06	JUNIT	C4	-	TESTCONTAINERS	YES	docs/parallel/c6/evidence/mac-8e91172-gate/backend-testcases.tsv	8e91172ffc31db2c8b2eaf2eb75ba07cb8701bec	NA	8e91172ffc31db2c8b2eaf2eb75ba07cb8701bec	macOS arm64, JDK21, Docker Testcontainers (Gradle unit/integration tests; no full stack)	qa_master_state.json[C4-LSE-05]@8e91172;row=junit	1-7
C4-LSE-06	C4_ACTION	P0	PASS	JUNIT_XML	8e91172ffc31db2c8b2eaf2eb75ba07cb8701bec	2026-10-06	JUNIT	C4	-	TESTCONTAINERS	YES	docs/parallel/c6/evidence/mac-8e91172-gate/backend-testcases.tsv	8e91172ffc31db2c8b2eaf2eb75ba07cb8701bec	NA	8e91172ffc31db2c8b2eaf2eb75ba07cb8701bec	macOS arm64, JDK21, Docker Testcontainers (Gradle unit/integration tests; no full stack)	qa_master_state.json[C4-LSE-06]@8e91172;row=junit	1-7
C4-SCH-01	C4_ACTION	P1	PASS	JUNIT_XML	8e91172ffc31db2c8b2eaf2eb75ba07cb8701bec	2026-10-06	JUNIT	C4	-	TESTCONTAINERS	YES	docs/parallel/c6/evidence/mac-8e91172-gate/backend-testcases.tsv	8e91172ffc31db2c8b2eaf2eb75ba07cb8701bec	NA	8e91172ffc31db2c8b2eaf2eb75ba07cb8701bec	macOS arm64, JDK21, Docker Testcontainers (Gradle unit/integration tests; no full stack)	qa_master_state.json[C4-SCH-01]@8e91172;row=junit	1-7
C4-SCH-02	C4_ACTION	P0	PASS	JUNIT_XML	8e91172ffc31db2c8b2eaf2eb75ba07cb8701bec	2026-10-06	JUNIT	C4	-	TESTCONTAINERS	YES	docs/parallel/c6/evidence/mac-8e91172-gate/backend-testcases.tsv	8e91172ffc31db2c8b2eaf2eb75ba07cb8701bec	NA	8e91172ffc31db2c8b2eaf2eb75ba07cb8701bec	macOS arm64, JDK21, Docker Testcontainers (Gradle unit/integration tests; no full stack)	qa_master_state.json[C4-SCH-02]@8e91172;row=junit	1-7
C4-SCH-03	C4_ACTION	P1	PASS	JUNIT_XML	8e91172ffc31db2c8b2eaf2eb75ba07cb8701bec	2026-10-06	JUNIT	C4	-	TESTCONTAINERS	YES	docs/parallel/c6/evidence/mac-8e91172-gate/backend-testcases.tsv	8e91172ffc31db2c8b2eaf2eb75ba07cb8701bec	NA	8e91172ffc31db2c8b2eaf2eb75ba07cb8701bec	macOS arm64, JDK21, Docker Testcontainers (Gradle unit/integration tests; no full stack)	qa_master_state.json[C4-SCH-03]@8e91172;row=junit	1-7
C4-SCH-04	C4_ACTION	P1	PASS	JUNIT_XML	8e91172ffc31db2c8b2eaf2eb75ba07cb8701bec	2026-10-06	JUNIT	C4	-	TESTCONTAINERS	YES	docs/parallel/c6/evidence/mac-8e91172-gate/backend-testcases.tsv	8e91172ffc31db2c8b2eaf2eb75ba07cb8701bec	NA	8e91172ffc31db2c8b2eaf2eb75ba07cb8701bec	macOS arm64, JDK21, Docker Testcontainers (Gradle unit/integration tests; no full stack)	qa_master_state.json[C4-SCH-04]@8e91172;row=junit	1-7
C4-SCH-05	C4_ACTION	P1	PASS	JUNIT_XML	8e91172ffc31db2c8b2eaf2eb75ba07cb8701bec	2026-10-06	JUNIT	C4	-	TESTCONTAINERS	YES	docs/parallel/c6/evidence/mac-8e91172-gate/backend-testcases.tsv	8e91172ffc31db2c8b2eaf2eb75ba07cb8701bec	NA	8e91172ffc31db2c8b2eaf2eb75ba07cb8701bec	macOS arm64, JDK21, Docker Testcontainers (Gradle unit/integration tests; no full stack)	qa_master_state.json[C4-SCH-05]@8e91172;row=junit	1-7
C4-SCH-06	C4_ACTION	P1	PASS	JUNIT_XML	8e91172ffc31db2c8b2eaf2eb75ba07cb8701bec	2026-10-06	JUNIT	C4	-	TESTCONTAINERS	YES	docs/parallel/c6/evidence/mac-8e91172-gate/backend-testcases.tsv	8e91172ffc31db2c8b2eaf2eb75ba07cb8701bec	NA	8e91172ffc31db2c8b2eaf2eb75ba07cb8701bec	macOS arm64, JDK21, Docker Testcontainers (Gradle unit/integration tests; no full stack)	qa_master_state.json[C4-SCH-06]@8e91172;row=junit	1-7
C4-SCH-07	C4_ACTION	P1	PASS	JUNIT_XML	8e91172ffc31db2c8b2eaf2eb75ba07cb8701bec	2026-10-06	JUNIT	C4	-	TESTCONTAINERS	YES	docs/parallel/c6/evidence/mac-8e91172-gate/backend-testcases.tsv	8e91172ffc31db2c8b2eaf2eb75ba07cb8701bec	NA	8e91172ffc31db2c8b2eaf2eb75ba07cb8701bec	macOS arm64, JDK21, Docker Testcontainers (Gradle unit/integration tests; no full stack)	qa_master_state.json[C4-SCH-07]@8e91172;row=junit	1-7
C4-APR-01	C4_ACTION	P1	PASS	JUNIT_XML	8e91172ffc31db2c8b2eaf2eb75ba07cb8701bec	2026-10-06	JUNIT	C4	-	TESTCONTAINERS	YES	docs/parallel/c6/evidence/mac-8e91172-gate/backend-testcases.tsv	8e91172ffc31db2c8b2eaf2eb75ba07cb8701bec	NA	8e91172ffc31db2c8b2eaf2eb75ba07cb8701bec	macOS arm64, JDK21, Docker Testcontainers (Gradle unit/integration tests; no full stack)	qa_master_state.json[C4-APR-01]@8e91172;row=junit	1-7
C4-NOT-01	C4_ACTION	P2	PASS	JUNIT_XML	8e91172ffc31db2c8b2eaf2eb75ba07cb8701bec	2026-10-06	JUNIT	C4	-	TESTCONTAINERS	YES	docs/parallel/c6/evidence/mac-8e91172-gate/backend-testcases.tsv	8e91172ffc31db2c8b2eaf2eb75ba07cb8701bec	NA	8e91172ffc31db2c8b2eaf2eb75ba07cb8701bec	macOS arm64, JDK21, Docker Testcontainers (Gradle unit/integration tests; no full stack)	qa_master_state.json[C4-NOT-01]@8e91172;row=junit	1-7
C4-RET-01	C4_ACTION	P2	PASS	JUNIT_XML	8e91172ffc31db2c8b2eaf2eb75ba07cb8701bec	2026-10-06	JUNIT	C4	-	TESTCONTAINERS	YES	docs/parallel/c6/evidence/mac-8e91172-gate/backend-testcases.tsv	8e91172ffc31db2c8b2eaf2eb75ba07cb8701bec	NA	8e91172ffc31db2c8b2eaf2eb75ba07cb8701bec	macOS arm64, JDK21, Docker Testcontainers (Gradle unit/integration tests; no full stack)	qa_master_state.json[C4-RET-01]@8e91172;row=junit	1-7
C4-REC-01	C4_ACTION	P0	BLOCKED	NONE	8e91172ffc31db2c8b2eaf2eb75ba07cb8701bec	2026-10-06	NONE	C4	BLK-C6-05	FULL_STACK_NOT_AVAILABLE	YES	-	8e91172ffc31db2c8b2eaf2eb75ba07cb8701bec	NA	8e91172ffc31db2c8b2eaf2eb75ba07cb8701bec	macOS arm64, JDK21, Docker Testcontainers (Gradle unit/integration tests; no full stack)	qa_master_state.json[C4-REC-01]@8e91172;row=blocked	1-7
C4-REC-02	C4_ACTION	P1	BLOCKED	NONE	8e91172ffc31db2c8b2eaf2eb75ba07cb8701bec	2026-10-06	NONE	C4	BLK-C6-05	FULL_STACK_NOT_AVAILABLE	YES	-	8e91172ffc31db2c8b2eaf2eb75ba07cb8701bec	NA	8e91172ffc31db2c8b2eaf2eb75ba07cb8701bec	macOS arm64, JDK21, Docker Testcontainers (Gradle unit/integration tests; no full stack)	qa_master_state.json[C4-REC-02]@8e91172;row=blocked	1-7
C4-REC-03	C4_ACTION	P1	BLOCKED	NONE	8e91172ffc31db2c8b2eaf2eb75ba07cb8701bec	2026-10-06	NONE	C4	BLK-C6-05	FULL_STACK_NOT_AVAILABLE	YES	-	8e91172ffc31db2c8b2eaf2eb75ba07cb8701bec	NA	8e91172ffc31db2c8b2eaf2eb75ba07cb8701bec	macOS arm64, JDK21, Docker Testcontainers (Gradle unit/integration tests; no full stack)	qa_master_state.json[C4-REC-03]@8e91172;row=blocked	1-7
C5-TYP-01	C5_STUDIO	P1	PASS	NODE_TEST_LOG	8e91172ffc31db2c8b2eaf2eb75ba07cb8701bec	2026-10-06	NODE_TEST	C5	-	NONE	YES	docs/parallel/c6/evidence/mac-8e91172-nostack/RESULTS.txt	8e91172ffc31db2c8b2eaf2eb75ba07cb8701bec	8e91172ffc31db2c8b2eaf2eb75ba07cb8701bec	8e91172ffc31db2c8b2eaf2eb75ba07cb8701bec	macOS arm64, JDK21, Docker Testcontainers (Gradle unit/integration tests; no full stack)	qa_master_state.json[C5-TYP-01]@8e91172;row=fe	1-7
C5-UNT-01	C5_STUDIO	P1	PASS	NODE_TEST_LOG	8e91172ffc31db2c8b2eaf2eb75ba07cb8701bec	2026-10-06	NODE_TEST	C5	-	NONE	YES	docs/parallel/c6/evidence/mac-8e91172-nostack/RESULTS.txt	8e91172ffc31db2c8b2eaf2eb75ba07cb8701bec	8e91172ffc31db2c8b2eaf2eb75ba07cb8701bec	8e91172ffc31db2c8b2eaf2eb75ba07cb8701bec	macOS arm64, JDK21, Docker Testcontainers (Gradle unit/integration tests; no full stack)	qa_master_state.json[C5-UNT-01]@8e91172;row=fe	1-7
C5-UNT-02	C5_STUDIO	P1	PASS	NODE_TEST_LOG	8e91172ffc31db2c8b2eaf2eb75ba07cb8701bec	2026-10-06	NODE_TEST	C5	-	NONE	YES	docs/parallel/c6/evidence/mac-8e91172-nostack/RESULTS.txt	8e91172ffc31db2c8b2eaf2eb75ba07cb8701bec	8e91172ffc31db2c8b2eaf2eb75ba07cb8701bec	8e91172ffc31db2c8b2eaf2eb75ba07cb8701bec	macOS arm64, JDK21, Docker Testcontainers (Gradle unit/integration tests; no full stack)	qa_master_state.json[C5-UNT-02]@8e91172;row=fe	1-7
C5-UNT-03	C5_STUDIO	P1	PASS	NODE_TEST_LOG	8e91172ffc31db2c8b2eaf2eb75ba07cb8701bec	2026-10-06	NODE_TEST	C5	-	NONE	YES	docs/parallel/c6/evidence/mac-8e91172-nostack/RESULTS.txt	8e91172ffc31db2c8b2eaf2eb75ba07cb8701bec	8e91172ffc31db2c8b2eaf2eb75ba07cb8701bec	8e91172ffc31db2c8b2eaf2eb75ba07cb8701bec	macOS arm64, JDK21, Docker Testcontainers (Gradle unit/integration tests; no full stack)	qa_master_state.json[C5-UNT-03]@8e91172;row=fe	1-7
C5-UNT-04	C5_STUDIO	P1	PASS	NODE_TEST_LOG	8e91172ffc31db2c8b2eaf2eb75ba07cb8701bec	2026-10-06	NODE_TEST	C5	-	NONE	YES	docs/parallel/c6/evidence/mac-8e91172-nostack/RESULTS.txt	8e91172ffc31db2c8b2eaf2eb75ba07cb8701bec	8e91172ffc31db2c8b2eaf2eb75ba07cb8701bec	8e91172ffc31db2c8b2eaf2eb75ba07cb8701bec	macOS arm64, JDK21, Docker Testcontainers (Gradle unit/integration tests; no full stack)	qa_master_state.json[C5-UNT-04]@8e91172;row=fe	1-7
C5-UNT-05	C5_STUDIO	P1	PASS	NODE_TEST_LOG	8e91172ffc31db2c8b2eaf2eb75ba07cb8701bec	2026-10-06	NODE_TEST	C5	-	NONE	YES	docs/parallel/c6/evidence/mac-8e91172-nostack/RESULTS.txt	8e91172ffc31db2c8b2eaf2eb75ba07cb8701bec	8e91172ffc31db2c8b2eaf2eb75ba07cb8701bec	8e91172ffc31db2c8b2eaf2eb75ba07cb8701bec	macOS arm64, JDK21, Docker Testcontainers (Gradle unit/integration tests; no full stack)	qa_master_state.json[C5-UNT-05]@8e91172;row=fe	1-7
C5-UNT-06	C5_STUDIO	P1	PASS	NODE_TEST_LOG	8e91172ffc31db2c8b2eaf2eb75ba07cb8701bec	2026-10-06	NODE_TEST	C5	-	NONE	YES	docs/parallel/c6/evidence/mac-8e91172-nostack/RESULTS.txt	8e91172ffc31db2c8b2eaf2eb75ba07cb8701bec	8e91172ffc31db2c8b2eaf2eb75ba07cb8701bec	8e91172ffc31db2c8b2eaf2eb75ba07cb8701bec	macOS arm64, JDK21, Docker Testcontainers (Gradle unit/integration tests; no full stack)	qa_master_state.json[C5-UNT-06]@8e91172;row=fe	1-7
C5-UNT-07	C5_STUDIO	P1	PASS	NODE_TEST_LOG	8e91172ffc31db2c8b2eaf2eb75ba07cb8701bec	2026-10-06	NODE_TEST	C5	-	NONE	YES	docs/parallel/c6/evidence/mac-8e91172-nostack/RESULTS.txt	8e91172ffc31db2c8b2eaf2eb75ba07cb8701bec	8e91172ffc31db2c8b2eaf2eb75ba07cb8701bec	8e91172ffc31db2c8b2eaf2eb75ba07cb8701bec	macOS arm64, JDK21, Docker Testcontainers (Gradle unit/integration tests; no full stack)	qa_master_state.json[C5-UNT-07]@8e91172;row=fe	1-7
C5-UNT-08	C5_STUDIO	P2	FAIL	DERIVED	8e91172ffc31db2c8b2eaf2eb75ba07cb8701bec	2026-10-06	MANUAL_OR_DERIVED	C5	BUG-C6-004	NONE	YES	-	8e91172ffc31db2c8b2eaf2eb75ba07cb8701bec	NA	8e91172ffc31db2c8b2eaf2eb75ba07cb8701bec	macOS arm64, JDK21, Docker Testcontainers (Gradle unit/integration tests; no full stack)	qa_master_state.json[C5-UNT-08]@8e91172;row=fail	1-7
C5-BLD-01	C5_STUDIO	P1	PASS	NODE_TEST_LOG	8e91172ffc31db2c8b2eaf2eb75ba07cb8701bec	2026-10-06	NODE_TEST	C5	-	NONE	YES	docs/parallel/c6/evidence/mac-8e91172-nostack/RESULTS.txt	8e91172ffc31db2c8b2eaf2eb75ba07cb8701bec	8e91172ffc31db2c8b2eaf2eb75ba07cb8701bec	8e91172ffc31db2c8b2eaf2eb75ba07cb8701bec	macOS arm64, JDK21, Docker Testcontainers (Gradle unit/integration tests; no full stack)	qa_master_state.json[C5-BLD-01]@8e91172;row=fe	1-7
C5-BRW-01	C5_STUDIO	P1	PASS	HARNESS_RESULTS	8e91172ffc31db2c8b2eaf2eb75ba07cb8701bec	2026-10-06	HARNESS_STEP	C5	-	NONE	YES	docs/parallel/c6/evidence/mac-8e91172-nostack/RESULTS.txt	8e91172ffc31db2c8b2eaf2eb75ba07cb8701bec	NA	8e91172ffc31db2c8b2eaf2eb75ba07cb8701bec	macOS arm64, JDK21, Docker Testcontainers (Gradle unit/integration tests; no full stack)	qa_master_state.json[C5-BRW-01]@8e91172;row=res	1-7
C5-BRW-02	C5_STUDIO	P1	RETEST	DERIVED	8e91172ffc31db2c8b2eaf2eb75ba07cb8701bec	2026-10-06	MANUAL_OR_DERIVED	C5	-	NONE	YES	-	8e91172ffc31db2c8b2eaf2eb75ba07cb8701bec	NA	8e91172ffc31db2c8b2eaf2eb75ba07cb8701bec	macOS arm64, JDK21, Docker Testcontainers (Gradle unit/integration tests; no full stack)	qa_master_state.json[C5-BRW-02]@8e91172;row=stale	1-7
C5-A11Y-01	C5_STUDIO	P2	BLOCKED	NONE	8e91172ffc31db2c8b2eaf2eb75ba07cb8701bec	2026-10-06	NONE	C5	BLK-C6-05	FULL_STACK_NOT_AVAILABLE	YES	-	8e91172ffc31db2c8b2eaf2eb75ba07cb8701bec	NA	8e91172ffc31db2c8b2eaf2eb75ba07cb8701bec	macOS arm64, JDK21, Docker Testcontainers (Gradle unit/integration tests; no full stack)	qa_master_state.json[C5-A11Y-01]@8e91172;row=blocked	1-7
C5-STU-01	C5_STUDIO	P1	BLOCKED	NONE	8e91172ffc31db2c8b2eaf2eb75ba07cb8701bec	2026-10-06	NONE	C5	BLK-C6-05	FULL_STACK_NOT_AVAILABLE	YES	-	8e91172ffc31db2c8b2eaf2eb75ba07cb8701bec	NA	8e91172ffc31db2c8b2eaf2eb75ba07cb8701bec	macOS arm64, JDK21, Docker Testcontainers (Gradle unit/integration tests; no full stack)	qa_master_state.json[C5-STU-01]@8e91172;row=blocked	1-7
C5-STU-02	C5_STUDIO	P1	BLOCKED	NONE	8e91172ffc31db2c8b2eaf2eb75ba07cb8701bec	2026-10-06	NONE	C5	BLK-C6-05	FULL_STACK_NOT_AVAILABLE	YES	-	8e91172ffc31db2c8b2eaf2eb75ba07cb8701bec	NA	8e91172ffc31db2c8b2eaf2eb75ba07cb8701bec	macOS arm64, JDK21, Docker Testcontainers (Gradle unit/integration tests; no full stack)	qa_master_state.json[C5-STU-02]@8e91172;row=blocked	1-7
C5-STU-03	C5_STUDIO	P0	GAP	NONE	8e91172ffc31db2c8b2eaf2eb75ba07cb8701bec	2026-10-06	NONE	C5	-	NONE	YES	-	8e91172ffc31db2c8b2eaf2eb75ba07cb8701bec	NA	8e91172ffc31db2c8b2eaf2eb75ba07cb8701bec	macOS arm64, JDK21, Docker Testcontainers (Gradle unit/integration tests; no full stack)	qa_master_state.json[C5-STU-03]@8e91172;row=gap	1-7
C5-STU-04	C5_STUDIO	P1	BLOCKED	NONE	8e91172ffc31db2c8b2eaf2eb75ba07cb8701bec	2026-10-06	NONE	C5	BLK-C6-05	FULL_STACK_NOT_AVAILABLE	YES	-	8e91172ffc31db2c8b2eaf2eb75ba07cb8701bec	NA	8e91172ffc31db2c8b2eaf2eb75ba07cb8701bec	macOS arm64, JDK21, Docker Testcontainers (Gradle unit/integration tests; no full stack)	qa_master_state.json[C5-STU-04]@8e91172;row=blocked	1-7
C5-STU-05	C5_STUDIO	P1	BLOCKED	NONE	8e91172ffc31db2c8b2eaf2eb75ba07cb8701bec	2026-10-06	NONE	C5	BLK-C6-05	FULL_STACK_NOT_AVAILABLE	YES	-	8e91172ffc31db2c8b2eaf2eb75ba07cb8701bec	NA	8e91172ffc31db2c8b2eaf2eb75ba07cb8701bec	macOS arm64, JDK21, Docker Testcontainers (Gradle unit/integration tests; no full stack)	qa_master_state.json[C5-STU-05]@8e91172;row=blocked	1-7
C5-STU-06	C5_STUDIO	P0	GAP	NONE	8e91172ffc31db2c8b2eaf2eb75ba07cb8701bec	2026-10-06	NONE	C5	-	NONE	YES	-	8e91172ffc31db2c8b2eaf2eb75ba07cb8701bec	NA	8e91172ffc31db2c8b2eaf2eb75ba07cb8701bec	macOS arm64, JDK21, Docker Testcontainers (Gradle unit/integration tests; no full stack)	qa_master_state.json[C5-STU-06]@8e91172;row=gap	1-7
C5-STU-07	C5_STUDIO	P0	GAP	NONE	8e91172ffc31db2c8b2eaf2eb75ba07cb8701bec	2026-10-06	NONE	C5	-	NONE	YES	-	8e91172ffc31db2c8b2eaf2eb75ba07cb8701bec	NA	8e91172ffc31db2c8b2eaf2eb75ba07cb8701bec	macOS arm64, JDK21, Docker Testcontainers (Gradle unit/integration tests; no full stack)	qa_master_state.json[C5-STU-07]@8e91172;row=gap	1-7
C5-STU-08	C5_STUDIO	P3	GAP	NONE	8e91172ffc31db2c8b2eaf2eb75ba07cb8701bec	2026-10-06	NONE	C5	-	NONE	YES	-	8e91172ffc31db2c8b2eaf2eb75ba07cb8701bec	NA	8e91172ffc31db2c8b2eaf2eb75ba07cb8701bec	macOS arm64, JDK21, Docker Testcontainers (Gradle unit/integration tests; no full stack)	qa_master_state.json[C5-STU-08]@8e91172;row=gap	1-7
E2E-01	SYSTEM_E2E	P2	PASS	HARNESS_RESULTS	8e91172ffc31db2c8b2eaf2eb75ba07cb8701bec	2026-10-06	HARNESS_STEP	C5	-	NONE	YES	docs/parallel/c6/evidence/mac-8e91172-nostack/RESULTS.txt	8e91172ffc31db2c8b2eaf2eb75ba07cb8701bec	NA	8e91172ffc31db2c8b2eaf2eb75ba07cb8701bec	macOS arm64, JDK21, Docker Testcontainers (Gradle unit/integration tests; no full stack)	qa_master_state.json[E2E-01]@8e91172;row=res	1-7
E2E-02	SYSTEM_E2E	P1	BLOCKED	NONE	8e91172ffc31db2c8b2eaf2eb75ba07cb8701bec	2026-10-06	NONE	C5	BLK-C6-05	FULL_STACK_NOT_AVAILABLE	YES	-	8e91172ffc31db2c8b2eaf2eb75ba07cb8701bec	NA	8e91172ffc31db2c8b2eaf2eb75ba07cb8701bec	macOS arm64, JDK21, Docker Testcontainers (Gradle unit/integration tests; no full stack)	qa_master_state.json[E2E-02]@8e91172;row=blocked	1-7
E2E-03	SYSTEM_E2E	P1	BLOCKED	NONE	8e91172ffc31db2c8b2eaf2eb75ba07cb8701bec	2026-10-06	NONE	C5	BLK-C6-05	FULL_STACK_NOT_AVAILABLE	YES	-	8e91172ffc31db2c8b2eaf2eb75ba07cb8701bec	NA	8e91172ffc31db2c8b2eaf2eb75ba07cb8701bec	macOS arm64, JDK21, Docker Testcontainers (Gradle unit/integration tests; no full stack)	qa_master_state.json[E2E-03]@8e91172;row=blocked	1-7
E2E-04	SYSTEM_E2E	P1	BLOCKED	NONE	8e91172ffc31db2c8b2eaf2eb75ba07cb8701bec	2026-10-06	NONE	C2	BLK-C6-05	FULL_STACK_NOT_AVAILABLE	YES	-	8e91172ffc31db2c8b2eaf2eb75ba07cb8701bec	NA	8e91172ffc31db2c8b2eaf2eb75ba07cb8701bec	macOS arm64, JDK21, Docker Testcontainers (Gradle unit/integration tests; no full stack)	qa_master_state.json[E2E-04]@8e91172;row=blocked	1-7
E2E-05	SYSTEM_E2E	P1	BLOCKED	NONE	8e91172ffc31db2c8b2eaf2eb75ba07cb8701bec	2026-10-06	NONE	C2	BLK-C6-05	FULL_STACK_NOT_AVAILABLE	YES	-	8e91172ffc31db2c8b2eaf2eb75ba07cb8701bec	NA	8e91172ffc31db2c8b2eaf2eb75ba07cb8701bec	macOS arm64, JDK21, Docker Testcontainers (Gradle unit/integration tests; no full stack)	qa_master_state.json[E2E-05]@8e91172;row=blocked	1-7
E2E-06	SYSTEM_E2E	P2	BLOCKED	NONE	8e91172ffc31db2c8b2eaf2eb75ba07cb8701bec	2026-10-06	NONE	C5	BLK-C6-05	FULL_STACK_NOT_AVAILABLE	YES	-	8e91172ffc31db2c8b2eaf2eb75ba07cb8701bec	NA	8e91172ffc31db2c8b2eaf2eb75ba07cb8701bec	macOS arm64, JDK21, Docker Testcontainers (Gradle unit/integration tests; no full stack)	qa_master_state.json[E2E-06]@8e91172;row=blocked	1-7
E2E-07	SYSTEM_E2E	P1	BLOCKED	NONE	8e91172ffc31db2c8b2eaf2eb75ba07cb8701bec	2026-10-06	NONE	C1	BLK-C6-05	FULL_STACK_NOT_AVAILABLE	YES	-	8e91172ffc31db2c8b2eaf2eb75ba07cb8701bec	NA	8e91172ffc31db2c8b2eaf2eb75ba07cb8701bec	macOS arm64, JDK21, Docker Testcontainers (Gradle unit/integration tests; no full stack)	qa_master_state.json[E2E-07]@8e91172;row=blocked	1-7
E2E-08	SYSTEM_E2E	P2	BLOCKED	NONE	8e91172ffc31db2c8b2eaf2eb75ba07cb8701bec	2026-10-06	NONE	C2	BLK-C6-05	FULL_STACK_NOT_AVAILABLE	YES	-	8e91172ffc31db2c8b2eaf2eb75ba07cb8701bec	NA	8e91172ffc31db2c8b2eaf2eb75ba07cb8701bec	macOS arm64, JDK21, Docker Testcontainers (Gradle unit/integration tests; no full stack)	qa_master_state.json[E2E-08]@8e91172;row=blocked	1-7
E2E-SMK	SYSTEM_E2E	P1	BLOCKED	NONE	8e91172ffc31db2c8b2eaf2eb75ba07cb8701bec	2026-10-06	NONE	C0	BLK-C6-05	FULL_STACK_NOT_AVAILABLE	YES	-	8e91172ffc31db2c8b2eaf2eb75ba07cb8701bec	NA	8e91172ffc31db2c8b2eaf2eb75ba07cb8701bec	macOS arm64, JDK21, Docker Testcontainers (Gradle unit/integration tests; no full stack)	qa_master_state.json[E2E-SMK]@8e91172;row=blocked	1-7
E2E-STK	SYSTEM_E2E	P1	FAIL	DERIVED	8e91172ffc31db2c8b2eaf2eb75ba07cb8701bec	2026-10-06	MANUAL_OR_DERIVED	C0	BLK-C6-05,BUG-C6-007	FULL_STACK_NOT_AVAILABLE	YES	-	8e91172ffc31db2c8b2eaf2eb75ba07cb8701bec	NA	8e91172ffc31db2c8b2eaf2eb75ba07cb8701bec	macOS arm64, JDK21, Docker Testcontainers (Gradle unit/integration tests; no full stack)	qa_master_state.json[E2E-STK]@8e91172;row=fail	1-7
E2E-CH-01	SYSTEM_E2E	P1	GAP	NONE	8e91172ffc31db2c8b2eaf2eb75ba07cb8701bec	2026-10-06	NONE	C5	-	NONE	YES	-	8e91172ffc31db2c8b2eaf2eb75ba07cb8701bec	NA	8e91172ffc31db2c8b2eaf2eb75ba07cb8701bec	macOS arm64, JDK21, Docker Testcontainers (Gradle unit/integration tests; no full stack)	qa_master_state.json[E2E-CH-01]@8e91172;row=gap	1-7
E2E-CH-02	SYSTEM_E2E	P1	GAP	NONE	8e91172ffc31db2c8b2eaf2eb75ba07cb8701bec	2026-10-06	NONE	C5	-	NONE	YES	-	8e91172ffc31db2c8b2eaf2eb75ba07cb8701bec	NA	8e91172ffc31db2c8b2eaf2eb75ba07cb8701bec	macOS arm64, JDK21, Docker Testcontainers (Gradle unit/integration tests; no full stack)	qa_master_state.json[E2E-CH-02]@8e91172;row=gap	1-7
E2E-CH-03	SYSTEM_E2E	P1	BLOCKED	NONE	8e91172ffc31db2c8b2eaf2eb75ba07cb8701bec	2026-10-06	NONE	C3	BLK-C6-05	FULL_STACK_NOT_AVAILABLE	YES	-	8e91172ffc31db2c8b2eaf2eb75ba07cb8701bec	NA	8e91172ffc31db2c8b2eaf2eb75ba07cb8701bec	macOS arm64, JDK21, Docker Testcontainers (Gradle unit/integration tests; no full stack)	qa_master_state.json[E2E-CH-03]@8e91172;row=blocked	1-7
E2E-CH-04	SYSTEM_E2E	P1	BLOCKED	NONE	8e91172ffc31db2c8b2eaf2eb75ba07cb8701bec	2026-10-06	NONE	C3	BLK-C6-05	FULL_STACK_NOT_AVAILABLE	YES	-	8e91172ffc31db2c8b2eaf2eb75ba07cb8701bec	NA	8e91172ffc31db2c8b2eaf2eb75ba07cb8701bec	macOS arm64, JDK21, Docker Testcontainers (Gradle unit/integration tests; no full stack)	qa_master_state.json[E2E-CH-04]@8e91172;row=blocked	1-7
E2E-CH-05	SYSTEM_E2E	P0	BLOCKED	NONE	8e91172ffc31db2c8b2eaf2eb75ba07cb8701bec	2026-10-06	NONE	C3	BLK-C6-05	FULL_STACK_NOT_AVAILABLE	YES	-	8e91172ffc31db2c8b2eaf2eb75ba07cb8701bec	NA	8e91172ffc31db2c8b2eaf2eb75ba07cb8701bec	macOS arm64, JDK21, Docker Testcontainers (Gradle unit/integration tests; no full stack)	qa_master_state.json[E2E-CH-05]@8e91172;row=blocked	1-7
E2E-CH-06	SYSTEM_E2E	P1	BLOCKED	NONE	8e91172ffc31db2c8b2eaf2eb75ba07cb8701bec	2026-10-06	NONE	C4	BLK-C6-05	FULL_STACK_NOT_AVAILABLE	YES	-	8e91172ffc31db2c8b2eaf2eb75ba07cb8701bec	NA	8e91172ffc31db2c8b2eaf2eb75ba07cb8701bec	macOS arm64, JDK21, Docker Testcontainers (Gradle unit/integration tests; no full stack)	qa_master_state.json[E2E-CH-06]@8e91172;row=blocked	1-7
E2E-CH-07	SYSTEM_E2E	P0	BLOCKED	NONE	8e91172ffc31db2c8b2eaf2eb75ba07cb8701bec	2026-10-06	NONE	C4	BLK-C6-05	FULL_STACK_NOT_AVAILABLE	YES	-	8e91172ffc31db2c8b2eaf2eb75ba07cb8701bec	NA	8e91172ffc31db2c8b2eaf2eb75ba07cb8701bec	macOS arm64, JDK21, Docker Testcontainers (Gradle unit/integration tests; no full stack)	qa_master_state.json[E2E-CH-07]@8e91172;row=blocked	1-7
E2E-CH-08	SYSTEM_E2E	P1	BLOCKED	NONE	8e91172ffc31db2c8b2eaf2eb75ba07cb8701bec	2026-10-06	NONE	C2	BLK-C6-05	FULL_STACK_NOT_AVAILABLE	YES	-	8e91172ffc31db2c8b2eaf2eb75ba07cb8701bec	NA	8e91172ffc31db2c8b2eaf2eb75ba07cb8701bec	macOS arm64, JDK21, Docker Testcontainers (Gradle unit/integration tests; no full stack)	qa_master_state.json[E2E-CH-08]@8e91172;row=blocked	1-7
E2E-CH-09	SYSTEM_E2E	P0	BLOCKED	NONE	8e91172ffc31db2c8b2eaf2eb75ba07cb8701bec	2026-10-06	NONE	C2	BLK-C6-05	FULL_STACK_NOT_AVAILABLE	YES	-	8e91172ffc31db2c8b2eaf2eb75ba07cb8701bec	NA	8e91172ffc31db2c8b2eaf2eb75ba07cb8701bec	macOS arm64, JDK21, Docker Testcontainers (Gradle unit/integration tests; no full stack)	qa_master_state.json[E2E-CH-09]@8e91172;row=blocked	1-7
E2E-CH-10	SYSTEM_E2E	P0	BLOCKED	NONE	8e91172ffc31db2c8b2eaf2eb75ba07cb8701bec	2026-10-06	NONE	C1	BLK-C6-05	FULL_STACK_NOT_AVAILABLE	YES	-	8e91172ffc31db2c8b2eaf2eb75ba07cb8701bec	NA	8e91172ffc31db2c8b2eaf2eb75ba07cb8701bec	macOS arm64, JDK21, Docker Testcontainers (Gradle unit/integration tests; no full stack)	qa_master_state.json[E2E-CH-10]@8e91172;row=blocked	1-7
REC-R01	FAILURE_RECOVERY	P0	BLOCKED	NONE	8e91172ffc31db2c8b2eaf2eb75ba07cb8701bec	2026-10-06	NONE	C2	BLK-C6-05	FULL_STACK_NOT_AVAILABLE	YES	-	8e91172ffc31db2c8b2eaf2eb75ba07cb8701bec	NA	8e91172ffc31db2c8b2eaf2eb75ba07cb8701bec	macOS arm64, JDK21, Docker Testcontainers (Gradle unit/integration tests; no full stack)	qa_master_state.json[REC-R01]@8e91172;row=blocked	1-7
REC-R02	FAILURE_RECOVERY	P0	BLOCKED	NONE	8e91172ffc31db2c8b2eaf2eb75ba07cb8701bec	2026-10-06	NONE	C2	BLK-C6-05	FULL_STACK_NOT_AVAILABLE	YES	-	8e91172ffc31db2c8b2eaf2eb75ba07cb8701bec	NA	8e91172ffc31db2c8b2eaf2eb75ba07cb8701bec	macOS arm64, JDK21, Docker Testcontainers (Gradle unit/integration tests; no full stack)	qa_master_state.json[REC-R02]@8e91172;row=blocked	1-7
REC-R03	FAILURE_RECOVERY	P0	BLOCKED	NONE	8e91172ffc31db2c8b2eaf2eb75ba07cb8701bec	2026-10-06	NONE	C2	BLK-C6-05	FULL_STACK_NOT_AVAILABLE	YES	-	8e91172ffc31db2c8b2eaf2eb75ba07cb8701bec	NA	8e91172ffc31db2c8b2eaf2eb75ba07cb8701bec	macOS arm64, JDK21, Docker Testcontainers (Gradle unit/integration tests; no full stack)	qa_master_state.json[REC-R03]@8e91172;row=blocked	1-7
REC-R04	FAILURE_RECOVERY	P0	BLOCKED	NONE	8e91172ffc31db2c8b2eaf2eb75ba07cb8701bec	2026-10-06	NONE	C2	BLK-C6-05	FULL_STACK_NOT_AVAILABLE	YES	-	8e91172ffc31db2c8b2eaf2eb75ba07cb8701bec	NA	8e91172ffc31db2c8b2eaf2eb75ba07cb8701bec	macOS arm64, JDK21, Docker Testcontainers (Gradle unit/integration tests; no full stack)	qa_master_state.json[REC-R04]@8e91172;row=blocked	1-7
REC-R05	FAILURE_RECOVERY	P0	BLOCKED	NONE	8e91172ffc31db2c8b2eaf2eb75ba07cb8701bec	2026-10-06	NONE	C0	BLK-C6-05	FULL_STACK_NOT_AVAILABLE	YES	-	8e91172ffc31db2c8b2eaf2eb75ba07cb8701bec	NA	8e91172ffc31db2c8b2eaf2eb75ba07cb8701bec	macOS arm64, JDK21, Docker Testcontainers (Gradle unit/integration tests; no full stack)	qa_master_state.json[REC-R05]@8e91172;row=blocked	1-7
REC-R06	FAILURE_RECOVERY	P0	BLOCKED	NONE	8e91172ffc31db2c8b2eaf2eb75ba07cb8701bec	2026-10-06	NONE	C1	BLK-C6-05	FULL_STACK_NOT_AVAILABLE	YES	-	8e91172ffc31db2c8b2eaf2eb75ba07cb8701bec	NA	8e91172ffc31db2c8b2eaf2eb75ba07cb8701bec	macOS arm64, JDK21, Docker Testcontainers (Gradle unit/integration tests; no full stack)	qa_master_state.json[REC-R06]@8e91172;row=blocked	1-7
REC-R07	FAILURE_RECOVERY	P0	BLOCKED	NONE	8e91172ffc31db2c8b2eaf2eb75ba07cb8701bec	2026-10-06	NONE	C2	BLK-C6-05	FULL_STACK_NOT_AVAILABLE	YES	-	8e91172ffc31db2c8b2eaf2eb75ba07cb8701bec	NA	8e91172ffc31db2c8b2eaf2eb75ba07cb8701bec	macOS arm64, JDK21, Docker Testcontainers (Gradle unit/integration tests; no full stack)	qa_master_state.json[REC-R07]@8e91172;row=blocked	1-7
REC-R08	FAILURE_RECOVERY	P0	BLOCKED	NONE	8e91172ffc31db2c8b2eaf2eb75ba07cb8701bec	2026-10-06	NONE	C0	BLK-C6-05	FULL_STACK_NOT_AVAILABLE	YES	-	8e91172ffc31db2c8b2eaf2eb75ba07cb8701bec	NA	8e91172ffc31db2c8b2eaf2eb75ba07cb8701bec	macOS arm64, JDK21, Docker Testcontainers (Gradle unit/integration tests; no full stack)	qa_master_state.json[REC-R08]@8e91172;row=blocked	1-7
REC-R09	FAILURE_RECOVERY	P0	BLOCKED	NONE	8e91172ffc31db2c8b2eaf2eb75ba07cb8701bec	2026-10-06	NONE	C4	BLK-C6-05	FULL_STACK_NOT_AVAILABLE	YES	-	8e91172ffc31db2c8b2eaf2eb75ba07cb8701bec	NA	8e91172ffc31db2c8b2eaf2eb75ba07cb8701bec	macOS arm64, JDK21, Docker Testcontainers (Gradle unit/integration tests; no full stack)	qa_master_state.json[REC-R09]@8e91172;row=blocked	1-7
REC-R10	FAILURE_RECOVERY	P0	BLOCKED	NONE	8e91172ffc31db2c8b2eaf2eb75ba07cb8701bec	2026-10-06	NONE	C3	BLK-C6-05	FULL_STACK_NOT_AVAILABLE	YES	-	8e91172ffc31db2c8b2eaf2eb75ba07cb8701bec	NA	8e91172ffc31db2c8b2eaf2eb75ba07cb8701bec	macOS arm64, JDK21, Docker Testcontainers (Gradle unit/integration tests; no full stack)	qa_master_state.json[REC-R10]@8e91172;row=blocked	1-7
REC-R11	FAILURE_RECOVERY	P0	BLOCKED	NONE	8e91172ffc31db2c8b2eaf2eb75ba07cb8701bec	2026-10-06	NONE	C4	BLK-C6-05	FULL_STACK_NOT_AVAILABLE	YES	-	8e91172ffc31db2c8b2eaf2eb75ba07cb8701bec	NA	8e91172ffc31db2c8b2eaf2eb75ba07cb8701bec	macOS arm64, JDK21, Docker Testcontainers (Gradle unit/integration tests; no full stack)	qa_master_state.json[REC-R11]@8e91172;row=blocked	1-7
REC-R12	FAILURE_RECOVERY	P1	GAP	NONE	8e91172ffc31db2c8b2eaf2eb75ba07cb8701bec	2026-10-06	NONE	C0	-	TESTCONTAINERS	YES	-	8e91172ffc31db2c8b2eaf2eb75ba07cb8701bec	NA	8e91172ffc31db2c8b2eaf2eb75ba07cb8701bec	macOS arm64, JDK21, Docker Testcontainers (Gradle unit/integration tests; no full stack)	qa_master_state.json[REC-R12]@8e91172;row=gap	1-7
REC-R13	FAILURE_RECOVERY	P1	GAP	NONE	8e91172ffc31db2c8b2eaf2eb75ba07cb8701bec	2026-10-06	NONE	C2	-	TESTCONTAINERS	YES	-	8e91172ffc31db2c8b2eaf2eb75ba07cb8701bec	NA	8e91172ffc31db2c8b2eaf2eb75ba07cb8701bec	macOS arm64, JDK21, Docker Testcontainers (Gradle unit/integration tests; no full stack)	qa_master_state.json[REC-R13]@8e91172;row=gap	1-7
REC-R14	FAILURE_RECOVERY	P2	GAP	NONE	8e91172ffc31db2c8b2eaf2eb75ba07cb8701bec	2026-10-06	NONE	C0	-	TESTCONTAINERS	YES	-	8e91172ffc31db2c8b2eaf2eb75ba07cb8701bec	NA	8e91172ffc31db2c8b2eaf2eb75ba07cb8701bec	macOS arm64, JDK21, Docker Testcontainers (Gradle unit/integration tests; no full stack)	qa_master_state.json[REC-R14]@8e91172;row=gap	1-7
REC-R15	FAILURE_RECOVERY	P1	PASS	JUNIT_XML	8e91172ffc31db2c8b2eaf2eb75ba07cb8701bec	2026-10-06	JUNIT	C4	-	TESTCONTAINERS	YES	docs/parallel/c6/evidence/mac-8e91172-gate/backend-testcases.tsv	8e91172ffc31db2c8b2eaf2eb75ba07cb8701bec	NA	8e91172ffc31db2c8b2eaf2eb75ba07cb8701bec	macOS arm64, JDK21, Docker Testcontainers (Gradle unit/integration tests; no full stack)	qa_master_state.json[REC-R15]@8e91172;row=junit	1-7
REC-R16	FAILURE_RECOVERY	P0	PASS	JUNIT_XML	8e91172ffc31db2c8b2eaf2eb75ba07cb8701bec	2026-10-06	JUNIT	C4	-	TESTCONTAINERS	YES	docs/parallel/c6/evidence/mac-8e91172-gate/backend-testcases.tsv	8e91172ffc31db2c8b2eaf2eb75ba07cb8701bec	NA	8e91172ffc31db2c8b2eaf2eb75ba07cb8701bec	macOS arm64, JDK21, Docker Testcontainers (Gradle unit/integration tests; no full stack)	qa_master_state.json[REC-R16]@8e91172;row=junit	1-7
PERF-01	PERFORMANCE	P1	GAP	NONE	8e91172ffc31db2c8b2eaf2eb75ba07cb8701bec	2026-10-06	NONE	C3	-	NONE	YES	-	8e91172ffc31db2c8b2eaf2eb75ba07cb8701bec	NA	8e91172ffc31db2c8b2eaf2eb75ba07cb8701bec	macOS arm64, JDK21, Docker Testcontainers (Gradle unit/integration tests; no full stack)	qa_master_state.json[PERF-01]@8e91172;row=gap	1-7
PERF-02	PERFORMANCE	P0	GAP	NONE	8e91172ffc31db2c8b2eaf2eb75ba07cb8701bec	2026-10-06	NONE	C3	-	NONE	YES	-	8e91172ffc31db2c8b2eaf2eb75ba07cb8701bec	NA	8e91172ffc31db2c8b2eaf2eb75ba07cb8701bec	macOS arm64, JDK21, Docker Testcontainers (Gradle unit/integration tests; no full stack)	qa_master_state.json[PERF-02]@8e91172;row=gap	1-7
PERF-03	PERFORMANCE	P1	GAP	NONE	8e91172ffc31db2c8b2eaf2eb75ba07cb8701bec	2026-10-06	NONE	C4	-	NONE	YES	-	8e91172ffc31db2c8b2eaf2eb75ba07cb8701bec	NA	8e91172ffc31db2c8b2eaf2eb75ba07cb8701bec	macOS arm64, JDK21, Docker Testcontainers (Gradle unit/integration tests; no full stack)	qa_master_state.json[PERF-03]@8e91172;row=gap	1-7
PERF-04	PERFORMANCE	P1	GAP	NONE	8e91172ffc31db2c8b2eaf2eb75ba07cb8701bec	2026-10-06	NONE	C4	-	NONE	YES	-	8e91172ffc31db2c8b2eaf2eb75ba07cb8701bec	NA	8e91172ffc31db2c8b2eaf2eb75ba07cb8701bec	macOS arm64, JDK21, Docker Testcontainers (Gradle unit/integration tests; no full stack)	qa_master_state.json[PERF-04]@8e91172;row=gap	1-7
PERF-05	PERFORMANCE	P1	GAP	NONE	8e91172ffc31db2c8b2eaf2eb75ba07cb8701bec	2026-10-06	NONE	C2	-	NONE	YES	-	8e91172ffc31db2c8b2eaf2eb75ba07cb8701bec	NA	8e91172ffc31db2c8b2eaf2eb75ba07cb8701bec	macOS arm64, JDK21, Docker Testcontainers (Gradle unit/integration tests; no full stack)	qa_master_state.json[PERF-05]@8e91172;row=gap	1-7
PERF-06	PERFORMANCE	P2	GAP	NONE	8e91172ffc31db2c8b2eaf2eb75ba07cb8701bec	2026-10-06	NONE	C5	-	NONE	YES	-	8e91172ffc31db2c8b2eaf2eb75ba07cb8701bec	NA	8e91172ffc31db2c8b2eaf2eb75ba07cb8701bec	macOS arm64, JDK21, Docker Testcontainers (Gradle unit/integration tests; no full stack)	qa_master_state.json[PERF-06]@8e91172;row=gap	1-7
PERF-07	PERFORMANCE	P1	GAP	NONE	8e91172ffc31db2c8b2eaf2eb75ba07cb8701bec	2026-10-06	NONE	C1	-	NONE	YES	-	8e91172ffc31db2c8b2eaf2eb75ba07cb8701bec	NA	8e91172ffc31db2c8b2eaf2eb75ba07cb8701bec	macOS arm64, JDK21, Docker Testcontainers (Gradle unit/integration tests; no full stack)	qa_master_state.json[PERF-07]@8e91172;row=gap	1-7
PERF-08	PERFORMANCE	P1	GAP	NONE	8e91172ffc31db2c8b2eaf2eb75ba07cb8701bec	2026-10-06	NONE	C0	-	NONE	YES	-	8e91172ffc31db2c8b2eaf2eb75ba07cb8701bec	NA	8e91172ffc31db2c8b2eaf2eb75ba07cb8701bec	macOS arm64, JDK21, Docker Testcontainers (Gradle unit/integration tests; no full stack)	qa_master_state.json[PERF-08]@8e91172;row=gap	1-7
PERF-09	PERFORMANCE	P2	GAP	NONE	8e91172ffc31db2c8b2eaf2eb75ba07cb8701bec	2026-10-06	NONE	C0	-	NONE	YES	-	8e91172ffc31db2c8b2eaf2eb75ba07cb8701bec	NA	8e91172ffc31db2c8b2eaf2eb75ba07cb8701bec	macOS arm64, JDK21, Docker Testcontainers (Gradle unit/integration tests; no full stack)	qa_master_state.json[PERF-09]@8e91172;row=gap	1-7
PERF-10	PERFORMANCE	P1	GAP	NONE	8e91172ffc31db2c8b2eaf2eb75ba07cb8701bec	2026-10-06	NONE	C3	-	NONE	YES	-	8e91172ffc31db2c8b2eaf2eb75ba07cb8701bec	NA	8e91172ffc31db2c8b2eaf2eb75ba07cb8701bec	macOS arm64, JDK21, Docker Testcontainers (Gradle unit/integration tests; no full stack)	qa_master_state.json[PERF-10]@8e91172;row=gap	1-7
NF-DOC-01	NON-FUNCTIONAL	P3	FAIL	DERIVED	8e91172ffc31db2c8b2eaf2eb75ba07cb8701bec	2026-10-06	MANUAL_OR_DERIVED	C0	BUG-C6-001	TESTCONTAINERS	YES	-	8e91172ffc31db2c8b2eaf2eb75ba07cb8701bec	NA	8e91172ffc31db2c8b2eaf2eb75ba07cb8701bec	macOS arm64, JDK21, Docker Testcontainers (Gradle unit/integration tests; no full stack)	qa_master_state.json[NF-DOC-01]@8e91172;row=fail	1-7
NF-DOC-02	NON-FUNCTIONAL	P3	FAIL	DERIVED	8e91172ffc31db2c8b2eaf2eb75ba07cb8701bec	2026-10-06	MANUAL_OR_DERIVED	C0	BUG-C6-002	TESTCONTAINERS	YES	-	8e91172ffc31db2c8b2eaf2eb75ba07cb8701bec	NA	8e91172ffc31db2c8b2eaf2eb75ba07cb8701bec	macOS arm64, JDK21, Docker Testcontainers (Gradle unit/integration tests; no full stack)	qa_master_state.json[NF-DOC-02]@8e91172;row=fail	1-7
NF-DOC-03	NON-FUNCTIONAL	P3	FAIL	DERIVED	8e91172ffc31db2c8b2eaf2eb75ba07cb8701bec	2026-10-06	MANUAL_OR_DERIVED	C0	BUG-C6-003	TESTCONTAINERS	YES	-	8e91172ffc31db2c8b2eaf2eb75ba07cb8701bec	NA	8e91172ffc31db2c8b2eaf2eb75ba07cb8701bec	macOS arm64, JDK21, Docker Testcontainers (Gradle unit/integration tests; no full stack)	qa_master_state.json[NF-DOC-03]@8e91172;row=fail	1-7
NF-OPS-01	NON-FUNCTIONAL	P2	PASS	JUNIT_XML	8e91172ffc31db2c8b2eaf2eb75ba07cb8701bec	2026-10-06	JUNIT	C0	-	TESTCONTAINERS	YES	docs/parallel/c6/evidence/mac-8e91172-gate/backend-testcases.tsv	8e91172ffc31db2c8b2eaf2eb75ba07cb8701bec	NA	8e91172ffc31db2c8b2eaf2eb75ba07cb8701bec	macOS arm64, JDK21, Docker Testcontainers (Gradle unit/integration tests; no full stack)	qa_master_state.json[NF-OPS-01]@8e91172;row=junit	1-7
NF-OPS-02	NON-FUNCTIONAL	P1	PASS	JUNIT_XML	8e91172ffc31db2c8b2eaf2eb75ba07cb8701bec	2026-10-06	JUNIT	C1	-	TESTCONTAINERS	YES	docs/parallel/c6/evidence/mac-8e91172-gate/backend-testcases.tsv	8e91172ffc31db2c8b2eaf2eb75ba07cb8701bec	NA	8e91172ffc31db2c8b2eaf2eb75ba07cb8701bec	macOS arm64, JDK21, Docker Testcontainers (Gradle unit/integration tests; no full stack)	qa_master_state.json[NF-OPS-02]@8e91172;row=junit	1-7
NF-OPS-03	NON-FUNCTIONAL	P1	PASS	JUNIT_XML	8e91172ffc31db2c8b2eaf2eb75ba07cb8701bec	2026-10-06	JUNIT	C1	-	TESTCONTAINERS	YES	docs/parallel/c6/evidence/mac-8e91172-gate/backend-testcases.tsv	8e91172ffc31db2c8b2eaf2eb75ba07cb8701bec	NA	8e91172ffc31db2c8b2eaf2eb75ba07cb8701bec	macOS arm64, JDK21, Docker Testcontainers (Gradle unit/integration tests; no full stack)	qa_master_state.json[NF-OPS-03]@8e91172;row=junit	1-7
NF-OPS-04	NON-FUNCTIONAL	P0	PASS	JUNIT_XML	8e91172ffc31db2c8b2eaf2eb75ba07cb8701bec	2026-10-06	JUNIT	C2	-	TESTCONTAINERS	YES	docs/parallel/c6/evidence/mac-8e91172-gate/backend-testcases.tsv	8e91172ffc31db2c8b2eaf2eb75ba07cb8701bec	NA	8e91172ffc31db2c8b2eaf2eb75ba07cb8701bec	macOS arm64, JDK21, Docker Testcontainers (Gradle unit/integration tests; no full stack)	qa_master_state.json[NF-OPS-04]@8e91172;row=junit	1-7
NF-OPS-05	NON-FUNCTIONAL	P3	NOT_RUN	NONE	8e91172ffc31db2c8b2eaf2eb75ba07cb8701bec	2026-10-06	MANUAL_OR_DERIVED	C2	-	TESTCONTAINERS	YES	-	8e91172ffc31db2c8b2eaf2eb75ba07cb8701bec	NA	8e91172ffc31db2c8b2eaf2eb75ba07cb8701bec	macOS arm64, JDK21, Docker Testcontainers (Gradle unit/integration tests; no full stack)	qa_master_state.json[NF-OPS-05]@8e91172;row=skipped	1-7
NF-OPS-06	NON-FUNCTIONAL	P2	PASS	JUNIT_XML	8e91172ffc31db2c8b2eaf2eb75ba07cb8701bec	2026-10-06	JUNIT	C0	-	TESTCONTAINERS	YES	docs/parallel/c6/evidence/mac-8e91172-gate/backend-testcases.tsv	8e91172ffc31db2c8b2eaf2eb75ba07cb8701bec	NA	8e91172ffc31db2c8b2eaf2eb75ba07cb8701bec	macOS arm64, JDK21, Docker Testcontainers (Gradle unit/integration tests; no full stack)	qa_master_state.json[NF-OPS-06]@8e91172;row=junit	1-7
NF-TRC-01	NON-FUNCTIONAL	P1	PASS	DERIVED	8e91172ffc31db2c8b2eaf2eb75ba07cb8701bec	2026-10-06	MANUAL_OR_DERIVED	C6	-	TESTCONTAINERS	YES	-	8e91172ffc31db2c8b2eaf2eb75ba07cb8701bec	NA	8e91172ffc31db2c8b2eaf2eb75ba07cb8701bec	macOS arm64, JDK21, Docker Testcontainers (Gradle unit/integration tests; no full stack)	qa_master_state.json[NF-TRC-01]@8e91172;row=traceability	1-7
NF-TRC-02	NON-FUNCTIONAL	P2	GAP	NONE	8e91172ffc31db2c8b2eaf2eb75ba07cb8701bec	2026-10-06	NONE	C6	-	TESTCONTAINERS	YES	-	8e91172ffc31db2c8b2eaf2eb75ba07cb8701bec	NA	8e91172ffc31db2c8b2eaf2eb75ba07cb8701bec	macOS arm64, JDK21, Docker Testcontainers (Gradle unit/integration tests; no full stack)	qa_master_state.json[NF-TRC-02]@8e91172;row=gap	1-7
NF-HX-01	NON-FUNCTIONAL	P1	PASS	DERIVED	8e91172ffc31db2c8b2eaf2eb75ba07cb8701bec	2026-10-06	MANUAL_OR_DERIVED	C6	BUG-C6-005	TESTCONTAINERS	YES	-	8e91172ffc31db2c8b2eaf2eb75ba07cb8701bec	NA	8e91172ffc31db2c8b2eaf2eb75ba07cb8701bec	macOS arm64, JDK21, Docker Testcontainers (Gradle unit/integration tests; no full stack)	qa_master_state.json[NF-HX-01]@8e91172;row=harness_fixed	1-7
NF-HX-02	NON-FUNCTIONAL	P2	FAIL	DERIVED	8e91172ffc31db2c8b2eaf2eb75ba07cb8701bec	2026-10-06	MANUAL_OR_DERIVED	C6	BUG-C6-007	TESTCONTAINERS	YES	-	8e91172ffc31db2c8b2eaf2eb75ba07cb8701bec	NA	8e91172ffc31db2c8b2eaf2eb75ba07cb8701bec	macOS arm64, JDK21, Docker Testcontainers (Gradle unit/integration tests; no full stack)	qa_master_state.json[NF-HX-02]@8e91172;row=fail	1-7
NF-HX-03	NON-FUNCTIONAL	P1	PASS	DERIVED	8e91172ffc31db2c8b2eaf2eb75ba07cb8701bec	2026-10-06	MANUAL_OR_DERIVED	C6	BUG-C6-009	TESTCONTAINERS	YES	-	8e91172ffc31db2c8b2eaf2eb75ba07cb8701bec	NA	8e91172ffc31db2c8b2eaf2eb75ba07cb8701bec	macOS arm64, JDK21, Docker Testcontainers (Gradle unit/integration tests; no full stack)	qa_master_state.json[NF-HX-03]@8e91172;row=harness_fixed	1-7
NF-HX-04	NON-FUNCTIONAL	P1	PASS	HARNESS_RESULTS	8e91172ffc31db2c8b2eaf2eb75ba07cb8701bec	2026-10-06	HARNESS_SELFTEST	C6	-	TESTCONTAINERS	YES	docs/parallel/c6/evidence/mac-8e91172-nostack/RESULTS.txt	8e91172ffc31db2c8b2eaf2eb75ba07cb8701bec	NA	8e91172ffc31db2c8b2eaf2eb75ba07cb8701bec	macOS arm64, JDK21, Docker Testcontainers (Gradle unit/integration tests; no full stack)	qa_master_state.json[NF-HX-04]@8e91172;row=selftest	1-7
C1-TEN-21	C1_IAM	P2	PASS	JUNIT_XML	8e91172ffc31db2c8b2eaf2eb75ba07cb8701bec	2026-10-06	JUNIT	C1	-	TESTCONTAINERS	YES	docs/parallel/c6/evidence/mac-8e91172-gate/backend-testcases.tsv	8e91172ffc31db2c8b2eaf2eb75ba07cb8701bec	NA	8e91172ffc31db2c8b2eaf2eb75ba07cb8701bec	macOS arm64, JDK21, Docker Testcontainers (Gradle unit/integration tests; no full stack)	qa_master_state.json[C1-TEN-21]@8e91172;row=junit	1-7
C1-TEN-22	C1_IAM	P0	PASS	DERIVED	8e91172ffc31db2c8b2eaf2eb75ba07cb8701bec	2026-10-06	NONE	C1	-	NONE	YES	-	8e91172ffc31db2c8b2eaf2eb75ba07cb8701bec	NA	8e91172ffc31db2c8b2eaf2eb75ba07cb8701bec	macOS arm64, JDK21, Docker Testcontainers (Gradle unit/integration tests; no full stack)	qa_master_state.json[C1-TEN-22]@8e91172;row=gap	1-7
C1-TEN-23	C1_IAM	P0	PASS	DERIVED	8e91172ffc31db2c8b2eaf2eb75ba07cb8701bec	2026-10-06	NONE	C1	-	NONE	YES	-	8e91172ffc31db2c8b2eaf2eb75ba07cb8701bec	NA	8e91172ffc31db2c8b2eaf2eb75ba07cb8701bec	macOS arm64, JDK21, Docker Testcontainers (Gradle unit/integration tests; no full stack)	qa_master_state.json[C1-TEN-23]@8e91172;row=gap	1-7
C1-TEN-25	C1_IAM	P2	GAP	NONE	8e91172ffc31db2c8b2eaf2eb75ba07cb8701bec	2026-10-06	NONE	C1	-	NONE	YES	-	8e91172ffc31db2c8b2eaf2eb75ba07cb8701bec	NA	8e91172ffc31db2c8b2eaf2eb75ba07cb8701bec	macOS arm64, JDK21, Docker Testcontainers (Gradle unit/integration tests; no full stack)	qa_master_state.json[C1-TEN-25]@8e91172;row=gap	1-7
C1-TEN-26	C1_IAM	P0	PASS	JUNIT_XML	8e91172ffc31db2c8b2eaf2eb75ba07cb8701bec	2026-10-06	JUNIT	C1	-	TESTCONTAINERS	YES	docs/parallel/c6/evidence/mac-8e91172-gate/backend-testcases.tsv	8e91172ffc31db2c8b2eaf2eb75ba07cb8701bec	NA	8e91172ffc31db2c8b2eaf2eb75ba07cb8701bec	macOS arm64, JDK21, Docker Testcontainers (Gradle unit/integration tests; no full stack)	qa_master_state.json[C1-TEN-26]@8e91172;row=junit	1-7
C1-PRM-20	C1_IAM	P0	PASS	JUNIT_XML	8e91172ffc31db2c8b2eaf2eb75ba07cb8701bec	2026-10-06	JUNIT	C1	-	TESTCONTAINERS	YES	docs/parallel/c6/evidence/mac-8e91172-gate/backend-testcases.tsv	8e91172ffc31db2c8b2eaf2eb75ba07cb8701bec	NA	8e91172ffc31db2c8b2eaf2eb75ba07cb8701bec	macOS arm64, JDK21, Docker Testcontainers (Gradle unit/integration tests; no full stack)	qa_master_state.json[C1-PRM-20]@8e91172;row=junit	1-7
C1-PRM-21	C1_IAM	P2	GAP	NONE	8e91172ffc31db2c8b2eaf2eb75ba07cb8701bec	2026-10-06	NONE	C1	-	NONE	YES	-	8e91172ffc31db2c8b2eaf2eb75ba07cb8701bec	NA	8e91172ffc31db2c8b2eaf2eb75ba07cb8701bec	macOS arm64, JDK21, Docker Testcontainers (Gradle unit/integration tests; no full stack)	qa_master_state.json[C1-PRM-21]@8e91172;row=gap	1-7
C1-PRM-24	C1_IAM	P1	PASS	DERIVED	8e91172ffc31db2c8b2eaf2eb75ba07cb8701bec	2026-10-06	NONE	C1	-	NONE	YES	-	8e91172ffc31db2c8b2eaf2eb75ba07cb8701bec	NA	8e91172ffc31db2c8b2eaf2eb75ba07cb8701bec	macOS arm64, JDK21, Docker Testcontainers (Gradle unit/integration tests; no full stack)	qa_master_state.json[C1-PRM-24]@8e91172;row=gap	1-7
C1-ESC-07	C1_IAM	P2	GAP	NONE	8e91172ffc31db2c8b2eaf2eb75ba07cb8701bec	2026-10-06	NONE	C1	-	NONE	YES	-	8e91172ffc31db2c8b2eaf2eb75ba07cb8701bec	NA	8e91172ffc31db2c8b2eaf2eb75ba07cb8701bec	macOS arm64, JDK21, Docker Testcontainers (Gradle unit/integration tests; no full stack)	qa_master_state.json[C1-ESC-07]@8e91172;row=gap	1-7
C1-SEC-24	C1_IAM	P0	PASS	STATIC_LOG	8e91172ffc31db2c8b2eaf2eb75ba07cb8701bec	2026-10-06	STATIC_GREP	C0	-	TESTCONTAINERS	YES	docs/parallel/c6/evidence/mac-8e91172-nostack/STATIC_QA.log	8e91172ffc31db2c8b2eaf2eb75ba07cb8701bec	8e91172ffc31db2c8b2eaf2eb75ba07cb8701bec	8e91172ffc31db2c8b2eaf2eb75ba07cb8701bec	macOS arm64, JDK21, Docker Testcontainers (Gradle unit/integration tests; no full stack)	qa_master_state.json[C1-SEC-24]@8e91172;row=static	1-7
C1-SEC-25	C1_IAM	P1	BLOCKED	NONE	8e91172ffc31db2c8b2eaf2eb75ba07cb8701bec	2026-10-06	NONE	C2	-	NONE	YES	-	8e91172ffc31db2c8b2eaf2eb75ba07cb8701bec	NA	8e91172ffc31db2c8b2eaf2eb75ba07cb8701bec	macOS arm64, JDK21, Docker Testcontainers (Gradle unit/integration tests; no full stack)	qa_master_state.json[C1-SEC-25]@8e91172;row=gap	1-7
C1-SEC-26	C1_IAM	P0	PASS	JUNIT_XML	8e91172ffc31db2c8b2eaf2eb75ba07cb8701bec	2026-10-06	JUNIT	C3	-	TESTCONTAINERS	YES	docs/parallel/c6/evidence/mac-8e91172-gate/backend-testcases.tsv	8e91172ffc31db2c8b2eaf2eb75ba07cb8701bec	NA	8e91172ffc31db2c8b2eaf2eb75ba07cb8701bec	macOS arm64, JDK21, Docker Testcontainers (Gradle unit/integration tests; no full stack)	qa_master_state.json[C1-SEC-26]@8e91172;row=junit	1-7
C1-SEC-27	C1_IAM	P0	PASS	JUNIT_XML	8e91172ffc31db2c8b2eaf2eb75ba07cb8701bec	2026-10-06	JUNIT	C3	-	TESTCONTAINERS	YES	docs/parallel/c6/evidence/mac-8e91172-gate/backend-testcases.tsv	8e91172ffc31db2c8b2eaf2eb75ba07cb8701bec	NA	8e91172ffc31db2c8b2eaf2eb75ba07cb8701bec	macOS arm64, JDK21, Docker Testcontainers (Gradle unit/integration tests; no full stack)	qa_master_state.json[C1-SEC-27]@8e91172;row=junit	1-7
C0-WIR-18	C0_ARCHITECTURE	P0	PASS	DERIVED	8e91172ffc31db2c8b2eaf2eb75ba07cb8701bec	2026-10-06	NONE	C0	-	NONE	YES	-	8e91172ffc31db2c8b2eaf2eb75ba07cb8701bec	NA	8e91172ffc31db2c8b2eaf2eb75ba07cb8701bec	macOS arm64, JDK21, Docker Testcontainers (Gradle unit/integration tests; no full stack)	qa_master_state.json[C0-WIR-18]@8e91172;row=gap	1-7
C0-WIR-19	C0_ARCHITECTURE	P2	GAP	NONE	8e91172ffc31db2c8b2eaf2eb75ba07cb8701bec	2026-10-06	NONE	C0	-	NONE	YES	-	8e91172ffc31db2c8b2eaf2eb75ba07cb8701bec	NA	8e91172ffc31db2c8b2eaf2eb75ba07cb8701bec	macOS arm64, JDK21, Docker Testcontainers (Gradle unit/integration tests; no full stack)	qa_master_state.json[C0-WIR-19]@8e91172;row=gap	1-7
C0-WIR-20	C0_ARCHITECTURE	P2	GAP	NONE	8e91172ffc31db2c8b2eaf2eb75ba07cb8701bec	2026-10-06	NONE	C0	-	NONE	YES	-	8e91172ffc31db2c8b2eaf2eb75ba07cb8701bec	NA	8e91172ffc31db2c8b2eaf2eb75ba07cb8701bec	macOS arm64, JDK21, Docker Testcontainers (Gradle unit/integration tests; no full stack)	qa_master_state.json[C0-WIR-20]@8e91172;row=gap	1-7
C0-WIR-22	C0_ARCHITECTURE	P1	BLOCKED	NONE	8e91172ffc31db2c8b2eaf2eb75ba07cb8701bec	2026-10-06	NONE	C0	BLK-C6-05	FULL_STACK_NOT_AVAILABLE	YES	-	8e91172ffc31db2c8b2eaf2eb75ba07cb8701bec	NA	8e91172ffc31db2c8b2eaf2eb75ba07cb8701bec	macOS arm64, JDK21, Docker Testcontainers (Gradle unit/integration tests; no full stack)	qa_master_state.json[C0-WIR-22]@8e91172;row=blocked	1-7
C0-WIR-24	C0_ARCHITECTURE	P2	BLOCKED	NONE	8e91172ffc31db2c8b2eaf2eb75ba07cb8701bec	2026-10-06	NONE	C0	BLK-C6-05	FULL_STACK_NOT_AVAILABLE	YES	-	8e91172ffc31db2c8b2eaf2eb75ba07cb8701bec	NA	8e91172ffc31db2c8b2eaf2eb75ba07cb8701bec	macOS arm64, JDK21, Docker Testcontainers (Gradle unit/integration tests; no full stack)	qa_master_state.json[C0-WIR-24]@8e91172;row=blocked	1-7
C0-ARCH-07	C0_ARCHITECTURE	P1	PASS	DERIVED	8e91172ffc31db2c8b2eaf2eb75ba07cb8701bec	2026-10-06	NONE	C0	-	NONE	YES	-	8e91172ffc31db2c8b2eaf2eb75ba07cb8701bec	NA	8e91172ffc31db2c8b2eaf2eb75ba07cb8701bec	macOS arm64, JDK21, Docker Testcontainers (Gradle unit/integration tests; no full stack)	qa_master_state.json[C0-ARCH-07]@8e91172;row=gap	1-7
C0-ARCH-08	C0_ARCHITECTURE	P2	GAP	NONE	8e91172ffc31db2c8b2eaf2eb75ba07cb8701bec	2026-10-06	NONE	C0	-	NONE	YES	-	8e91172ffc31db2c8b2eaf2eb75ba07cb8701bec	NA	8e91172ffc31db2c8b2eaf2eb75ba07cb8701bec	macOS arm64, JDK21, Docker Testcontainers (Gradle unit/integration tests; no full stack)	qa_master_state.json[C0-ARCH-08]@8e91172;row=gap	1-7
C0-MIG-25	C0_ARCHITECTURE	P1	PASS	DERIVED	8e91172ffc31db2c8b2eaf2eb75ba07cb8701bec	2026-10-06	NONE	C0	-	NONE	YES	-	8e91172ffc31db2c8b2eaf2eb75ba07cb8701bec	NA	8e91172ffc31db2c8b2eaf2eb75ba07cb8701bec	macOS arm64, JDK21, Docker Testcontainers (Gradle unit/integration tests; no full stack)	qa_master_state.json[C0-MIG-25]@8e91172;row=gap	1-7
C0-MIG-26	C0_ARCHITECTURE	P2	GAP	NONE	8e91172ffc31db2c8b2eaf2eb75ba07cb8701bec	2026-10-06	NONE	C0	-	NONE	YES	-	8e91172ffc31db2c8b2eaf2eb75ba07cb8701bec	NA	8e91172ffc31db2c8b2eaf2eb75ba07cb8701bec	macOS arm64, JDK21, Docker Testcontainers (Gradle unit/integration tests; no full stack)	qa_master_state.json[C0-MIG-26]@8e91172;row=gap	1-7
C0-MIG-27	C0_ARCHITECTURE	P1	PASS	DERIVED	8e91172ffc31db2c8b2eaf2eb75ba07cb8701bec	2026-10-06	NONE	C2	-	NONE	YES	-	8e91172ffc31db2c8b2eaf2eb75ba07cb8701bec	NA	8e91172ffc31db2c8b2eaf2eb75ba07cb8701bec	macOS arm64, JDK21, Docker Testcontainers (Gradle unit/integration tests; no full stack)	qa_master_state.json[C0-MIG-27]@8e91172;row=gap	1-7
C2-DEF-15	C2_BUILD	P2	GAP	NONE	8e91172ffc31db2c8b2eaf2eb75ba07cb8701bec	2026-10-06	NONE	C2	-	NONE	YES	-	8e91172ffc31db2c8b2eaf2eb75ba07cb8701bec	NA	8e91172ffc31db2c8b2eaf2eb75ba07cb8701bec	macOS arm64, JDK21, Docker Testcontainers (Gradle unit/integration tests; no full stack)	qa_master_state.json[C2-DEF-15]@8e91172;row=gap	1-7
C2-PUB-13	C2_BUILD	P1	GAP	NONE	8e91172ffc31db2c8b2eaf2eb75ba07cb8701bec	2026-10-06	NONE	C2	-	NONE	YES	-	8e91172ffc31db2c8b2eaf2eb75ba07cb8701bec	NA	8e91172ffc31db2c8b2eaf2eb75ba07cb8701bec	macOS arm64, JDK21, Docker Testcontainers (Gradle unit/integration tests; no full stack)	qa_master_state.json[C2-PUB-13]@8e91172;row=gap	1-7
C2-PUB-14	C2_BUILD	P2	PASS	DERIVED	8e91172ffc31db2c8b2eaf2eb75ba07cb8701bec	2026-10-06	NONE	C2	-	NONE	YES	-	8e91172ffc31db2c8b2eaf2eb75ba07cb8701bec	NA	8e91172ffc31db2c8b2eaf2eb75ba07cb8701bec	macOS arm64, JDK21, Docker Testcontainers (Gradle unit/integration tests; no full stack)	qa_master_state.json[C2-PUB-14]@8e91172;row=gap	1-7
C2-PUB-15	C2_BUILD	P0	BLOCKED	NONE	8e91172ffc31db2c8b2eaf2eb75ba07cb8701bec	2026-10-06	NONE	C0	-	NONE	YES	-	8e91172ffc31db2c8b2eaf2eb75ba07cb8701bec	NA	8e91172ffc31db2c8b2eaf2eb75ba07cb8701bec	macOS arm64, JDK21, Docker Testcontainers (Gradle unit/integration tests; no full stack)	qa_master_state.json[C2-PUB-15]@8e91172;row=gap	1-7
C2-PUB-16	C2_BUILD	P2	BLOCKED	NONE	8e91172ffc31db2c8b2eaf2eb75ba07cb8701bec	2026-10-06	NONE	C0	BLK-C6-05	FULL_STACK_NOT_AVAILABLE	YES	-	8e91172ffc31db2c8b2eaf2eb75ba07cb8701bec	NA	8e91172ffc31db2c8b2eaf2eb75ba07cb8701bec	macOS arm64, JDK21, Docker Testcontainers (Gradle unit/integration tests; no full stack)	qa_master_state.json[C2-PUB-16]@8e91172;row=blocked	1-7
C2-V30-01	C2_BUILD	P0	BLOCKED	NONE	8e91172ffc31db2c8b2eaf2eb75ba07cb8701bec	2026-10-06	NONE	C2	BLK-C6-05	FULL_STACK_NOT_AVAILABLE	YES	-	8e91172ffc31db2c8b2eaf2eb75ba07cb8701bec	NA	8e91172ffc31db2c8b2eaf2eb75ba07cb8701bec	macOS arm64, JDK21, Docker Testcontainers (Gradle unit/integration tests; no full stack)	qa_master_state.json[C2-V30-01]@8e91172;row=blocked	1-7
C2-V30-02	C2_BUILD	P0	BLOCKED	NONE	8e91172ffc31db2c8b2eaf2eb75ba07cb8701bec	2026-10-06	NONE	C2	BLK-C6-05	FULL_STACK_NOT_AVAILABLE	YES	-	8e91172ffc31db2c8b2eaf2eb75ba07cb8701bec	NA	8e91172ffc31db2c8b2eaf2eb75ba07cb8701bec	macOS arm64, JDK21, Docker Testcontainers (Gradle unit/integration tests; no full stack)	qa_master_state.json[C2-V30-02]@8e91172;row=blocked	1-7
C2-V30-03	C2_BUILD	P0	BLOCKED	NONE	8e91172ffc31db2c8b2eaf2eb75ba07cb8701bec	2026-10-06	NONE	C2	BLK-C6-05	FULL_STACK_NOT_AVAILABLE	YES	-	8e91172ffc31db2c8b2eaf2eb75ba07cb8701bec	NA	8e91172ffc31db2c8b2eaf2eb75ba07cb8701bec	macOS arm64, JDK21, Docker Testcontainers (Gradle unit/integration tests; no full stack)	qa_master_state.json[C2-V30-03]@8e91172;row=blocked	1-7
C2-V30-04	C2_BUILD	P0	BLOCKED	NONE	8e91172ffc31db2c8b2eaf2eb75ba07cb8701bec	2026-10-06	NONE	C2	BLK-C6-05	FULL_STACK_NOT_AVAILABLE	YES	-	8e91172ffc31db2c8b2eaf2eb75ba07cb8701bec	NA	8e91172ffc31db2c8b2eaf2eb75ba07cb8701bec	macOS arm64, JDK21, Docker Testcontainers (Gradle unit/integration tests; no full stack)	qa_master_state.json[C2-V30-04]@8e91172;row=blocked	1-7
C2-V30-05	C2_BUILD	P0	BLOCKED	NONE	8e91172ffc31db2c8b2eaf2eb75ba07cb8701bec	2026-10-06	NONE	C2	BLK-C6-05	FULL_STACK_NOT_AVAILABLE	YES	-	8e91172ffc31db2c8b2eaf2eb75ba07cb8701bec	NA	8e91172ffc31db2c8b2eaf2eb75ba07cb8701bec	macOS arm64, JDK21, Docker Testcontainers (Gradle unit/integration tests; no full stack)	qa_master_state.json[C2-V30-05]@8e91172;row=blocked	1-7
C2-V30-06	C2_BUILD	P0	BLOCKED	NONE	8e91172ffc31db2c8b2eaf2eb75ba07cb8701bec	2026-10-06	NONE	C2	BLK-C6-05	FULL_STACK_NOT_AVAILABLE	YES	-	8e91172ffc31db2c8b2eaf2eb75ba07cb8701bec	NA	8e91172ffc31db2c8b2eaf2eb75ba07cb8701bec	macOS arm64, JDK21, Docker Testcontainers (Gradle unit/integration tests; no full stack)	qa_master_state.json[C2-V30-06]@8e91172;row=blocked	1-7
C2-V30-07	C2_BUILD	P0	BLOCKED	NONE	8e91172ffc31db2c8b2eaf2eb75ba07cb8701bec	2026-10-06	NONE	C2	BLK-C6-05	FULL_STACK_NOT_AVAILABLE	YES	-	8e91172ffc31db2c8b2eaf2eb75ba07cb8701bec	NA	8e91172ffc31db2c8b2eaf2eb75ba07cb8701bec	macOS arm64, JDK21, Docker Testcontainers (Gradle unit/integration tests; no full stack)	qa_master_state.json[C2-V30-07]@8e91172;row=blocked	1-7
C2-V30-08	C2_BUILD	P0	BLOCKED	NONE	8e91172ffc31db2c8b2eaf2eb75ba07cb8701bec	2026-10-06	NONE	C2	BLK-C6-05	FULL_STACK_NOT_AVAILABLE	YES	-	8e91172ffc31db2c8b2eaf2eb75ba07cb8701bec	NA	8e91172ffc31db2c8b2eaf2eb75ba07cb8701bec	macOS arm64, JDK21, Docker Testcontainers (Gradle unit/integration tests; no full stack)	qa_master_state.json[C2-V30-08]@8e91172;row=blocked	1-7
C2-V30-09	C2_BUILD	P0	BLOCKED	NONE	8e91172ffc31db2c8b2eaf2eb75ba07cb8701bec	2026-10-06	NONE	C2	BLK-C6-05	FULL_STACK_NOT_AVAILABLE	YES	-	8e91172ffc31db2c8b2eaf2eb75ba07cb8701bec	NA	8e91172ffc31db2c8b2eaf2eb75ba07cb8701bec	macOS arm64, JDK21, Docker Testcontainers (Gradle unit/integration tests; no full stack)	qa_master_state.json[C2-V30-09]@8e91172;row=blocked	1-7
C2-V30-10	C2_BUILD	P1	BLOCKED	NONE	8e91172ffc31db2c8b2eaf2eb75ba07cb8701bec	2026-10-06	NONE	C2	BLK-C6-05	FULL_STACK_NOT_AVAILABLE	YES	-	8e91172ffc31db2c8b2eaf2eb75ba07cb8701bec	NA	8e91172ffc31db2c8b2eaf2eb75ba07cb8701bec	macOS arm64, JDK21, Docker Testcontainers (Gradle unit/integration tests; no full stack)	qa_master_state.json[C2-V30-10]@8e91172;row=blocked	1-7
C2-V30-11	C2_BUILD	P0	BLOCKED	NONE	8e91172ffc31db2c8b2eaf2eb75ba07cb8701bec	2026-10-06	NONE	C2	BLK-C6-05	FULL_STACK_NOT_AVAILABLE	YES	-	8e91172ffc31db2c8b2eaf2eb75ba07cb8701bec	NA	8e91172ffc31db2c8b2eaf2eb75ba07cb8701bec	macOS arm64, JDK21, Docker Testcontainers (Gradle unit/integration tests; no full stack)	qa_master_state.json[C2-V30-11]@8e91172;row=blocked	1-7
C2-V30-12	C2_BUILD	P0	BLOCKED	NONE	8e91172ffc31db2c8b2eaf2eb75ba07cb8701bec	2026-10-06	NONE	C2	BLK-C6-05	FULL_STACK_NOT_AVAILABLE	YES	-	8e91172ffc31db2c8b2eaf2eb75ba07cb8701bec	NA	8e91172ffc31db2c8b2eaf2eb75ba07cb8701bec	macOS arm64, JDK21, Docker Testcontainers (Gradle unit/integration tests; no full stack)	qa_master_state.json[C2-V30-12]@8e91172;row=blocked	1-7
C2-V30-13	C2_BUILD	P0	BLOCKED	NONE	8e91172ffc31db2c8b2eaf2eb75ba07cb8701bec	2026-10-06	NONE	C2	BLK-C6-05	FULL_STACK_NOT_AVAILABLE	YES	-	8e91172ffc31db2c8b2eaf2eb75ba07cb8701bec	NA	8e91172ffc31db2c8b2eaf2eb75ba07cb8701bec	macOS arm64, JDK21, Docker Testcontainers (Gradle unit/integration tests; no full stack)	qa_master_state.json[C2-V30-13]@8e91172;row=blocked	1-7
C2-V30-14	C2_BUILD	P1	BLOCKED	NONE	8e91172ffc31db2c8b2eaf2eb75ba07cb8701bec	2026-10-06	NONE	C2	BLK-C6-05	FULL_STACK_NOT_AVAILABLE	YES	-	8e91172ffc31db2c8b2eaf2eb75ba07cb8701bec	NA	8e91172ffc31db2c8b2eaf2eb75ba07cb8701bec	macOS arm64, JDK21, Docker Testcontainers (Gradle unit/integration tests; no full stack)	qa_master_state.json[C2-V30-14]@8e91172;row=blocked	1-7
C2-V30-15	C2_BUILD	P0	BLOCKED	NONE	8e91172ffc31db2c8b2eaf2eb75ba07cb8701bec	2026-10-06	NONE	C2	BLK-C6-05	FULL_STACK_NOT_AVAILABLE	YES	-	8e91172ffc31db2c8b2eaf2eb75ba07cb8701bec	NA	8e91172ffc31db2c8b2eaf2eb75ba07cb8701bec	macOS arm64, JDK21, Docker Testcontainers (Gradle unit/integration tests; no full stack)	qa_master_state.json[C2-V30-15]@8e91172;row=blocked	1-7
C2-V30-16	C2_BUILD	P1	BLOCKED	NONE	8e91172ffc31db2c8b2eaf2eb75ba07cb8701bec	2026-10-06	NONE	C2	BLK-C6-05	FULL_STACK_NOT_AVAILABLE	YES	-	8e91172ffc31db2c8b2eaf2eb75ba07cb8701bec	NA	8e91172ffc31db2c8b2eaf2eb75ba07cb8701bec	macOS arm64, JDK21, Docker Testcontainers (Gradle unit/integration tests; no full stack)	qa_master_state.json[C2-V30-16]@8e91172;row=blocked	1-7
C2-V30-17	C2_BUILD	P1	BLOCKED	NONE	8e91172ffc31db2c8b2eaf2eb75ba07cb8701bec	2026-10-06	NONE	C2	BLK-C6-05	FULL_STACK_NOT_AVAILABLE	YES	-	8e91172ffc31db2c8b2eaf2eb75ba07cb8701bec	NA	8e91172ffc31db2c8b2eaf2eb75ba07cb8701bec	macOS arm64, JDK21, Docker Testcontainers (Gradle unit/integration tests; no full stack)	qa_master_state.json[C2-V30-17]@8e91172;row=blocked	1-7
C2-V30-18	C2_BUILD	P1	BLOCKED	NONE	8e91172ffc31db2c8b2eaf2eb75ba07cb8701bec	2026-10-06	NONE	C2	BLK-C6-05	FULL_STACK_NOT_AVAILABLE	YES	-	8e91172ffc31db2c8b2eaf2eb75ba07cb8701bec	NA	8e91172ffc31db2c8b2eaf2eb75ba07cb8701bec	macOS arm64, JDK21, Docker Testcontainers (Gradle unit/integration tests; no full stack)	qa_master_state.json[C2-V30-18]@8e91172;row=blocked	1-7
C2-V30-19	C2_BUILD	P1	BLOCKED	NONE	8e91172ffc31db2c8b2eaf2eb75ba07cb8701bec	2026-10-06	NONE	C2	BLK-C6-05	FULL_STACK_NOT_AVAILABLE	YES	-	8e91172ffc31db2c8b2eaf2eb75ba07cb8701bec	NA	8e91172ffc31db2c8b2eaf2eb75ba07cb8701bec	macOS arm64, JDK21, Docker Testcontainers (Gradle unit/integration tests; no full stack)	qa_master_state.json[C2-V30-19]@8e91172;row=blocked	1-7
C3-MGT-01	C3_DATA	P0	BLOCKED	NONE	8e91172ffc31db2c8b2eaf2eb75ba07cb8701bec	2026-10-06	NONE	C3	BLK-C6-05	FULL_STACK_NOT_AVAILABLE	YES	-	8e91172ffc31db2c8b2eaf2eb75ba07cb8701bec	NA	8e91172ffc31db2c8b2eaf2eb75ba07cb8701bec	macOS arm64, JDK21, Docker Testcontainers (Gradle unit/integration tests; no full stack)	qa_master_state.json[C3-MGT-01]@8e91172;row=blocked	1-7
C3-MGT-02	C3_DATA	P0	BLOCKED	NONE	8e91172ffc31db2c8b2eaf2eb75ba07cb8701bec	2026-10-06	NONE	C3	BLK-C6-05	FULL_STACK_NOT_AVAILABLE	YES	-	8e91172ffc31db2c8b2eaf2eb75ba07cb8701bec	NA	8e91172ffc31db2c8b2eaf2eb75ba07cb8701bec	macOS arm64, JDK21, Docker Testcontainers (Gradle unit/integration tests; no full stack)	qa_master_state.json[C3-MGT-02]@8e91172;row=blocked	1-7
C3-MGT-03	C3_DATA	P0	BLOCKED	NONE	8e91172ffc31db2c8b2eaf2eb75ba07cb8701bec	2026-10-06	NONE	C3	BLK-C6-05	FULL_STACK_NOT_AVAILABLE	YES	-	8e91172ffc31db2c8b2eaf2eb75ba07cb8701bec	NA	8e91172ffc31db2c8b2eaf2eb75ba07cb8701bec	macOS arm64, JDK21, Docker Testcontainers (Gradle unit/integration tests; no full stack)	qa_master_state.json[C3-MGT-03]@8e91172;row=blocked	1-7
C3-MGT-04	C3_DATA	P0	BLOCKED	NONE	8e91172ffc31db2c8b2eaf2eb75ba07cb8701bec	2026-10-06	NONE	C3	BLK-C6-05	FULL_STACK_NOT_AVAILABLE	YES	-	8e91172ffc31db2c8b2eaf2eb75ba07cb8701bec	NA	8e91172ffc31db2c8b2eaf2eb75ba07cb8701bec	macOS arm64, JDK21, Docker Testcontainers (Gradle unit/integration tests; no full stack)	qa_master_state.json[C3-MGT-04]@8e91172;row=blocked	1-7
C3-MGT-05	C3_DATA	P0	BLOCKED	NONE	8e91172ffc31db2c8b2eaf2eb75ba07cb8701bec	2026-10-06	NONE	C3	BLK-C6-05	FULL_STACK_NOT_AVAILABLE	YES	-	8e91172ffc31db2c8b2eaf2eb75ba07cb8701bec	NA	8e91172ffc31db2c8b2eaf2eb75ba07cb8701bec	macOS arm64, JDK21, Docker Testcontainers (Gradle unit/integration tests; no full stack)	qa_master_state.json[C3-MGT-05]@8e91172;row=blocked	1-7
C3-MGT-06	C3_DATA	P0	BLOCKED	NONE	8e91172ffc31db2c8b2eaf2eb75ba07cb8701bec	2026-10-06	NONE	C3	BLK-C6-05	FULL_STACK_NOT_AVAILABLE	YES	-	8e91172ffc31db2c8b2eaf2eb75ba07cb8701bec	NA	8e91172ffc31db2c8b2eaf2eb75ba07cb8701bec	macOS arm64, JDK21, Docker Testcontainers (Gradle unit/integration tests; no full stack)	qa_master_state.json[C3-MGT-06]@8e91172;row=blocked	1-7
C3-MGT-07	C3_DATA	P1	BLOCKED	NONE	8e91172ffc31db2c8b2eaf2eb75ba07cb8701bec	2026-10-06	NONE	C3	BLK-C6-05	FULL_STACK_NOT_AVAILABLE	YES	-	8e91172ffc31db2c8b2eaf2eb75ba07cb8701bec	NA	8e91172ffc31db2c8b2eaf2eb75ba07cb8701bec	macOS arm64, JDK21, Docker Testcontainers (Gradle unit/integration tests; no full stack)	qa_master_state.json[C3-MGT-07]@8e91172;row=blocked	1-7
C3-MGT-08	C3_DATA	P0	BLOCKED	NONE	8e91172ffc31db2c8b2eaf2eb75ba07cb8701bec	2026-10-06	NONE	C3	BLK-C6-05	FULL_STACK_NOT_AVAILABLE	YES	-	8e91172ffc31db2c8b2eaf2eb75ba07cb8701bec	NA	8e91172ffc31db2c8b2eaf2eb75ba07cb8701bec	macOS arm64, JDK21, Docker Testcontainers (Gradle unit/integration tests; no full stack)	qa_master_state.json[C3-MGT-08]@8e91172;row=blocked	1-7
C3-MGT-09	C3_DATA	P0	BLOCKED	NONE	8e91172ffc31db2c8b2eaf2eb75ba07cb8701bec	2026-10-06	NONE	C3	BLK-C6-05	FULL_STACK_NOT_AVAILABLE	YES	-	8e91172ffc31db2c8b2eaf2eb75ba07cb8701bec	NA	8e91172ffc31db2c8b2eaf2eb75ba07cb8701bec	macOS arm64, JDK21, Docker Testcontainers (Gradle unit/integration tests; no full stack)	qa_master_state.json[C3-MGT-09]@8e91172;row=blocked	1-7
C3-MGT-10	C3_DATA	P0	BLOCKED	NONE	8e91172ffc31db2c8b2eaf2eb75ba07cb8701bec	2026-10-06	NONE	C3	BLK-C6-05	FULL_STACK_NOT_AVAILABLE	YES	-	8e91172ffc31db2c8b2eaf2eb75ba07cb8701bec	NA	8e91172ffc31db2c8b2eaf2eb75ba07cb8701bec	macOS arm64, JDK21, Docker Testcontainers (Gradle unit/integration tests; no full stack)	qa_master_state.json[C3-MGT-10]@8e91172;row=blocked	1-7
C3-MGT-11	C3_DATA	P1	BLOCKED	NONE	8e91172ffc31db2c8b2eaf2eb75ba07cb8701bec	2026-10-06	NONE	C3	BLK-C6-05	FULL_STACK_NOT_AVAILABLE	YES	-	8e91172ffc31db2c8b2eaf2eb75ba07cb8701bec	NA	8e91172ffc31db2c8b2eaf2eb75ba07cb8701bec	macOS arm64, JDK21, Docker Testcontainers (Gradle unit/integration tests; no full stack)	qa_master_state.json[C3-MGT-11]@8e91172;row=blocked	1-7
C3-MGT-12	C3_DATA	P0	BLOCKED	NONE	8e91172ffc31db2c8b2eaf2eb75ba07cb8701bec	2026-10-06	NONE	C3	BLK-C6-05	FULL_STACK_NOT_AVAILABLE	YES	-	8e91172ffc31db2c8b2eaf2eb75ba07cb8701bec	NA	8e91172ffc31db2c8b2eaf2eb75ba07cb8701bec	macOS arm64, JDK21, Docker Testcontainers (Gradle unit/integration tests; no full stack)	qa_master_state.json[C3-MGT-12]@8e91172;row=blocked	1-7
C3-MGT-13	C3_DATA	P1	BLOCKED	NONE	8e91172ffc31db2c8b2eaf2eb75ba07cb8701bec	2026-10-06	NONE	C3	BLK-C6-05	FULL_STACK_NOT_AVAILABLE	YES	-	8e91172ffc31db2c8b2eaf2eb75ba07cb8701bec	NA	8e91172ffc31db2c8b2eaf2eb75ba07cb8701bec	macOS arm64, JDK21, Docker Testcontainers (Gradle unit/integration tests; no full stack)	qa_master_state.json[C3-MGT-13]@8e91172;row=blocked	1-7
C3-MGT-14	C3_DATA	P1	BLOCKED	NONE	8e91172ffc31db2c8b2eaf2eb75ba07cb8701bec	2026-10-06	NONE	C3	BLK-C6-05	FULL_STACK_NOT_AVAILABLE	YES	-	8e91172ffc31db2c8b2eaf2eb75ba07cb8701bec	NA	8e91172ffc31db2c8b2eaf2eb75ba07cb8701bec	macOS arm64, JDK21, Docker Testcontainers (Gradle unit/integration tests; no full stack)	qa_master_state.json[C3-MGT-14]@8e91172;row=blocked	1-7
C3-MGT-15	C3_DATA	P0	BLOCKED	NONE	8e91172ffc31db2c8b2eaf2eb75ba07cb8701bec	2026-10-06	NONE	C3	BLK-C6-05	FULL_STACK_NOT_AVAILABLE	YES	-	8e91172ffc31db2c8b2eaf2eb75ba07cb8701bec	NA	8e91172ffc31db2c8b2eaf2eb75ba07cb8701bec	macOS arm64, JDK21, Docker Testcontainers (Gradle unit/integration tests; no full stack)	qa_master_state.json[C3-MGT-15]@8e91172;row=blocked	1-7
C3-MGT-16	C3_DATA	P0	BLOCKED	NONE	8e91172ffc31db2c8b2eaf2eb75ba07cb8701bec	2026-10-06	NONE	C3	BLK-C6-05	FULL_STACK_NOT_AVAILABLE	YES	-	8e91172ffc31db2c8b2eaf2eb75ba07cb8701bec	NA	8e91172ffc31db2c8b2eaf2eb75ba07cb8701bec	macOS arm64, JDK21, Docker Testcontainers (Gradle unit/integration tests; no full stack)	qa_master_state.json[C3-MGT-16]@8e91172;row=blocked	1-7
C3-MGT-17	C3_DATA	P1	BLOCKED	NONE	8e91172ffc31db2c8b2eaf2eb75ba07cb8701bec	2026-10-06	NONE	C3	BLK-C6-05	FULL_STACK_NOT_AVAILABLE	YES	-	8e91172ffc31db2c8b2eaf2eb75ba07cb8701bec	NA	8e91172ffc31db2c8b2eaf2eb75ba07cb8701bec	macOS arm64, JDK21, Docker Testcontainers (Gradle unit/integration tests; no full stack)	qa_master_state.json[C3-MGT-17]@8e91172;row=blocked	1-7
C3-MGT-18	C3_DATA	P0	BLOCKED	NONE	8e91172ffc31db2c8b2eaf2eb75ba07cb8701bec	2026-10-06	NONE	C3	BLK-C6-05	FULL_STACK_NOT_AVAILABLE	YES	-	8e91172ffc31db2c8b2eaf2eb75ba07cb8701bec	NA	8e91172ffc31db2c8b2eaf2eb75ba07cb8701bec	macOS arm64, JDK21, Docker Testcontainers (Gradle unit/integration tests; no full stack)	qa_master_state.json[C3-MGT-18]@8e91172;row=blocked	1-7
C3-WHK-04	C3_DATA	P1	BLOCKED	NONE	8e91172ffc31db2c8b2eaf2eb75ba07cb8701bec	2026-10-06	NONE	C0	BLK-C6-05,F-11	FULL_STACK_NOT_AVAILABLE	YES	-	8e91172ffc31db2c8b2eaf2eb75ba07cb8701bec	NA	8e91172ffc31db2c8b2eaf2eb75ba07cb8701bec	macOS arm64, JDK21, Docker Testcontainers (Gradle unit/integration tests; no full stack)	qa_master_state.json[C3-WHK-04]@8e91172;row=blocked	1-7
C4-WFL-20	C4_ACTION	P1	GAP	NONE	8e91172ffc31db2c8b2eaf2eb75ba07cb8701bec	2026-10-06	NONE	C0	-	NONE	YES	-	8e91172ffc31db2c8b2eaf2eb75ba07cb8701bec	NA	8e91172ffc31db2c8b2eaf2eb75ba07cb8701bec	macOS arm64, JDK21, Docker Testcontainers (Gradle unit/integration tests; no full stack)	qa_master_state.json[C4-WFL-20]@8e91172;row=gap	1-7
C4-RET-02	C4_ACTION	P2	BLOCKED	NONE	8e91172ffc31db2c8b2eaf2eb75ba07cb8701bec	2026-10-06	NONE	C0	-	NONE	YES	-	8e91172ffc31db2c8b2eaf2eb75ba07cb8701bec	NA	8e91172ffc31db2c8b2eaf2eb75ba07cb8701bec	macOS arm64, JDK21, Docker Testcontainers (Gradle unit/integration tests; no full stack)	qa_master_state.json[C4-RET-02]@8e91172;row=gap	1-7
C4-QUE-08	C4_ACTION	P0	BLOCKED	NONE	8e91172ffc31db2c8b2eaf2eb75ba07cb8701bec	2026-10-06	NONE	C4	BLK-C6-05	FULL_STACK_NOT_AVAILABLE	YES	-	8e91172ffc31db2c8b2eaf2eb75ba07cb8701bec	NA	8e91172ffc31db2c8b2eaf2eb75ba07cb8701bec	macOS arm64, JDK21, Docker Testcontainers (Gradle unit/integration tests; no full stack)	qa_master_state.json[C4-QUE-08]@8e91172;row=blocked	1-7
C5-STU-09	C5_STUDIO	P2	GAP	NONE	8e91172ffc31db2c8b2eaf2eb75ba07cb8701bec	2026-10-06	NONE	C5	-	NONE	YES	-	8e91172ffc31db2c8b2eaf2eb75ba07cb8701bec	NA	8e91172ffc31db2c8b2eaf2eb75ba07cb8701bec	macOS arm64, JDK21, Docker Testcontainers (Gradle unit/integration tests; no full stack)	qa_master_state.json[C5-STU-09]@8e91172;row=gap	1-7
C5-STU-10	C5_STUDIO	P1	BLOCKED	NONE	8e91172ffc31db2c8b2eaf2eb75ba07cb8701bec	2026-10-06	NONE	C5	BLK-C6-05	FULL_STACK_NOT_AVAILABLE	YES	-	8e91172ffc31db2c8b2eaf2eb75ba07cb8701bec	NA	8e91172ffc31db2c8b2eaf2eb75ba07cb8701bec	macOS arm64, JDK21, Docker Testcontainers (Gradle unit/integration tests; no full stack)	qa_master_state.json[C5-STU-10]@8e91172;row=blocked	1-7
C5-STU-11	C5_STUDIO	P1	GAP	NONE	8e91172ffc31db2c8b2eaf2eb75ba07cb8701bec	2026-10-06	NONE	C5	-	NONE	YES	-	8e91172ffc31db2c8b2eaf2eb75ba07cb8701bec	NA	8e91172ffc31db2c8b2eaf2eb75ba07cb8701bec	macOS arm64, JDK21, Docker Testcontainers (Gradle unit/integration tests; no full stack)	qa_master_state.json[C5-STU-11]@8e91172;row=gap	1-7
C2-DEF-17	C2_BUILD	P0	PASS	JUNIT_XML	8e91172ffc31db2c8b2eaf2eb75ba07cb8701bec	2026-10-06	JUNIT	C2	-	TESTCONTAINERS	YES	docs/parallel/c6/evidence/mac-8e91172-gate/backend-testcases.tsv	8e91172ffc31db2c8b2eaf2eb75ba07cb8701bec	NA	8e91172ffc31db2c8b2eaf2eb75ba07cb8701bec	macOS arm64, JDK21, Docker Testcontainers (Gradle unit/integration tests; no full stack)	qa_master_state.json[C2-DEF-17]@8e91172;row=junit	1-7
C3-SRC-09	C3_DATA	P0	PASS	JUNIT_XML	8e91172ffc31db2c8b2eaf2eb75ba07cb8701bec	2026-10-06	JUNIT	C3	-	TESTCONTAINERS	YES	docs/parallel/c6/evidence/mac-8e91172-gate/backend-testcases.tsv	8e91172ffc31db2c8b2eaf2eb75ba07cb8701bec	NA	8e91172ffc31db2c8b2eaf2eb75ba07cb8701bec	macOS arm64, JDK21, Docker Testcontainers (Gradle unit/integration tests; no full stack)	qa_master_state.json[C3-SRC-09]@8e91172;row=junit	1-7
C1-AUD-06	C1_IAM	P1	BLOCKED	NONE	8e91172ffc31db2c8b2eaf2eb75ba07cb8701bec	2026-10-06	NONE	C0	BLK-C6-05	FULL_STACK_NOT_AVAILABLE	YES	-	8e91172ffc31db2c8b2eaf2eb75ba07cb8701bec	NA	8e91172ffc31db2c8b2eaf2eb75ba07cb8701bec	macOS arm64, JDK21, Docker Testcontainers (Gradle unit/integration tests; no full stack)	qa_master_state.json[C1-AUD-06]@8e91172;row=blocked	1-7
C1-SEC-28	C1_IAM	P2	GAP	NONE	8e91172ffc31db2c8b2eaf2eb75ba07cb8701bec	2026-10-06	NONE	C0	-	NONE	YES	-	8e91172ffc31db2c8b2eaf2eb75ba07cb8701bec	NA	8e91172ffc31db2c8b2eaf2eb75ba07cb8701bec	macOS arm64, JDK21, Docker Testcontainers (Gradle unit/integration tests; no full stack)	qa_master_state.json[C1-SEC-28]@8e91172;row=gap	1-7
C2-DEF-16	C2_BUILD	P1	BLOCKED	NONE	8e91172ffc31db2c8b2eaf2eb75ba07cb8701bec	2026-10-06	NONE	C0	BLK-C6-05	FULL_STACK_NOT_AVAILABLE	YES	-	8e91172ffc31db2c8b2eaf2eb75ba07cb8701bec	NA	8e91172ffc31db2c8b2eaf2eb75ba07cb8701bec	macOS arm64, JDK21, Docker Testcontainers (Gradle unit/integration tests; no full stack)	qa_master_state.json[C2-DEF-16]@8e91172;row=blocked	1-7
C3-QRY-14	C3_DATA	P1	BLOCKED	NONE	8e91172ffc31db2c8b2eaf2eb75ba07cb8701bec	2026-10-06	NONE	C3	BLK-C6-05	FULL_STACK_NOT_AVAILABLE	YES	-	8e91172ffc31db2c8b2eaf2eb75ba07cb8701bec	NA	8e91172ffc31db2c8b2eaf2eb75ba07cb8701bec	macOS arm64, JDK21, Docker Testcontainers (Gradle unit/integration tests; no full stack)	qa_master_state.json[C3-QRY-14]@8e91172;row=blocked	1-7
C3-SYN-01	C3_DATA	P2	BLOCKED	NONE	8e91172ffc31db2c8b2eaf2eb75ba07cb8701bec	2026-10-06	NONE	C0	BLK-C6-05	FULL_STACK_NOT_AVAILABLE	YES	-	8e91172ffc31db2c8b2eaf2eb75ba07cb8701bec	NA	8e91172ffc31db2c8b2eaf2eb75ba07cb8701bec	macOS arm64, JDK21, Docker Testcontainers (Gradle unit/integration tests; no full stack)	qa_master_state.json[C3-SYN-01]@8e91172;row=blocked	1-7
C4-ACT-23	C4_ACTION	P1	BLOCKED	NONE	8e91172ffc31db2c8b2eaf2eb75ba07cb8701bec	2026-10-06	NONE	C0	BLK-C6-05	FULL_STACK_NOT_AVAILABLE	YES	-	8e91172ffc31db2c8b2eaf2eb75ba07cb8701bec	NA	8e91172ffc31db2c8b2eaf2eb75ba07cb8701bec	macOS arm64, JDK21, Docker Testcontainers (Gradle unit/integration tests; no full stack)	qa_master_state.json[C4-ACT-23]@8e91172;row=blocked	1-7
NF-DOC-04	NON-FUNCTIONAL	P3	FAIL	DERIVED	8e91172ffc31db2c8b2eaf2eb75ba07cb8701bec	2026-10-06	MANUAL_OR_DERIVED	C0	-	TESTCONTAINERS	YES	-	8e91172ffc31db2c8b2eaf2eb75ba07cb8701bec	NA	8e91172ffc31db2c8b2eaf2eb75ba07cb8701bec	macOS arm64, JDK21, Docker Testcontainers (Gradle unit/integration tests; no full stack)	qa_master_state.json[NF-DOC-04]@8e91172;row=fail	1-7
UG-001	USER_GUIDE_S0	UNRATED	PASS	BROWSER_API_RUN	PROVENANCE_UNKNOWN	2026-10-07	PLAYWRIGHT_SCRIPT(ug-run.mjs)	-	-	PUBLIC_DEPLOY(studio.toolsmcp.uk)	YES	docs/parallel/c6/evidence/user-guide-20261007/ug-run.json#UG-001	PROVENANCE_UNKNOWN	PROVENANCE_UNKNOWN	1a9995c (claimed; the public build could not be proven to equal it)	public deploy, Chrome 154 (Playwright), demo accounts	PROVENANCE_UNKNOWN	8
UG-002	USER_GUIDE_S0	UNRATED	PASS	BROWSER_API_RUN	PROVENANCE_UNKNOWN	2026-10-07	PLAYWRIGHT_SCRIPT(ug-run.mjs)	-	-	PUBLIC_DEPLOY(studio.toolsmcp.uk)	YES	docs/parallel/c6/evidence/user-guide-20261007/ug-run.json#UG-002	PROVENANCE_UNKNOWN	PROVENANCE_UNKNOWN	1a9995c (claimed; the public build could not be proven to equal it)	public deploy, Chrome 154 (Playwright), demo accounts	PROVENANCE_UNKNOWN	8
UG-003	USER_GUIDE_S0	UNRATED	PASS	BROWSER_API_RUN	PROVENANCE_UNKNOWN	2026-10-07	PLAYWRIGHT_SCRIPT(ug-run.mjs)	-	-	PUBLIC_DEPLOY(studio.toolsmcp.uk)	YES	docs/parallel/c6/evidence/user-guide-20261007/ug-run.json#UG-003	PROVENANCE_UNKNOWN	PROVENANCE_UNKNOWN	1a9995c (claimed; the public build could not be proven to equal it)	public deploy, Chrome 154 (Playwright), demo accounts	PROVENANCE_UNKNOWN	8
UG-004	USER_GUIDE_S0	UNRATED	PASS	BROWSER_API_RUN	PROVENANCE_UNKNOWN	2026-10-07	PLAYWRIGHT_SCRIPT(ug-run.mjs)	-	-	PUBLIC_DEPLOY(studio.toolsmcp.uk)	YES	docs/parallel/c6/evidence/user-guide-20261007/ug-run.json#UG-004	PROVENANCE_UNKNOWN	PROVENANCE_UNKNOWN	1a9995c (claimed; the public build could not be proven to equal it)	public deploy, Chrome 154 (Playwright), demo accounts	PROVENANCE_UNKNOWN	8
UG-005	USER_GUIDE_S0	UNRATED	PASS	BROWSER_API_RUN	PROVENANCE_UNKNOWN	2026-10-07	PLAYWRIGHT_SCRIPT(ug-run.mjs)	-	-	PUBLIC_DEPLOY(studio.toolsmcp.uk)	YES	docs/parallel/c6/evidence/user-guide-20261007/ug-run.json#UG-005	PROVENANCE_UNKNOWN	PROVENANCE_UNKNOWN	1a9995c (claimed; the public build could not be proven to equal it)	public deploy, Chrome 154 (Playwright), demo accounts	PROVENANCE_UNKNOWN	8
UG-006	USER_GUIDE_S0 Accounts	UNRATED	FAIL	BROWSER_API_RUN	PROVENANCE_UNKNOWN	2026-10-07	PLAYWRIGHT_SCRIPT(ug-run.mjs)	C5/C7 (guide); C0 (accounts for public QA)	-	PUBLIC_DEPLOY(studio.toolsmcp.uk)	YES	docs/parallel/c6/evidence/user-guide-20261007/ug-run.json#UG-006	PROVENANCE_UNKNOWN	PROVENANCE_UNKNOWN	1a9995c (claimed; the public build could not be proven to equal it)	public deploy, Chrome 154 (Playwright), demo accounts	PROVENANCE_UNKNOWN	8
UG-007	USER_GUIDE_S0 Accounts	UNRATED	FAIL	BROWSER_API_RUN	PROVENANCE_UNKNOWN	2026-10-07	PLAYWRIGHT_SCRIPT(ug-run.mjs)	C5/C7 (text); C0 if sign-up is meant to be on	-	PUBLIC_DEPLOY(studio.toolsmcp.uk)	YES	docs/parallel/c6/evidence/user-guide-20261007/ug-run.json#UG-007	PROVENANCE_UNKNOWN	PROVENANCE_UNKNOWN	1a9995c (claimed; the public build could not be proven to equal it)	public deploy, Chrome 154 (Playwright), demo accounts	PROVENANCE_UNKNOWN	8
UG-008	USER_GUIDE_S0 / version	UNRATED	BLOCKED	BROWSER_API_RUN	PROVENANCE_UNKNOWN	2026-10-07	PLAYWRIGHT_SCRIPT(ug-run.mjs)	C0	-	PUBLIC_DEPLOY(studio.toolsmcp.uk)	YES	docs/parallel/c6/evidence/user-guide-20261007/ug-run.json#UG-008	PROVENANCE_UNKNOWN	PROVENANCE_UNKNOWN	1a9995c (claimed; the public build could not be proven to equal it)	public deploy, Chrome 154 (Playwright), demo accounts	PROVENANCE_UNKNOWN	8
UG-009	USER_GUIDE_S0	UNRATED	BLOCKED	BROWSER_API_RUN	PROVENANCE_UNKNOWN	2026-10-07	PLAYWRIGHT_SCRIPT(ug-run.mjs)	-	-	PUBLIC_DEPLOY(studio.toolsmcp.uk)	YES	docs/parallel/c6/evidence/user-guide-20261007/ug-run.json#UG-009	PROVENANCE_UNKNOWN	PROVENANCE_UNKNOWN	1a9995c (claimed; the public build could not be proven to equal it)	public deploy, Chrome 154 (Playwright), demo accounts	PROVENANCE_UNKNOWN	8
UG-010	USER_GUIDE_S1.1	UNRATED	PASS	BROWSER_API_RUN	PROVENANCE_UNKNOWN	2026-10-07	PLAYWRIGHT_SCRIPT(ug-run.mjs)	C5/C7	-	PUBLIC_DEPLOY(studio.toolsmcp.uk)	YES	docs/parallel/c6/evidence/user-guide-20261007/ug-run.json#UG-010	PROVENANCE_UNKNOWN	PROVENANCE_UNKNOWN	1a9995c (claimed; the public build could not be proven to equal it)	public deploy, Chrome 154 (Playwright), demo accounts	PROVENANCE_UNKNOWN	8
UG-011	USER_GUIDE_S1.1	UNRATED	PASS	BROWSER_API_RUN	PROVENANCE_UNKNOWN	2026-10-07	PLAYWRIGHT_SCRIPT(ug-run.mjs)	-	-	PUBLIC_DEPLOY(studio.toolsmcp.uk)	YES	docs/parallel/c6/evidence/user-guide-20261007/ug-run.json#UG-011	PROVENANCE_UNKNOWN	PROVENANCE_UNKNOWN	1a9995c (claimed; the public build could not be proven to equal it)	public deploy, Chrome 154 (Playwright), demo accounts	PROVENANCE_UNKNOWN	8
UG-012	USER_GUIDE_S1.2	UNRATED	PASS	BROWSER_API_RUN	PROVENANCE_UNKNOWN	2026-10-07	PLAYWRIGHT_SCRIPT(ug-run.mjs)	-	-	PUBLIC_DEPLOY(studio.toolsmcp.uk)	YES	docs/parallel/c6/evidence/user-guide-20261007/ug-run.json#UG-012	PROVENANCE_UNKNOWN	PROVENANCE_UNKNOWN	1a9995c (claimed; the public build could not be proven to equal it)	public deploy, Chrome 154 (Playwright), demo accounts	PROVENANCE_UNKNOWN	8
UG-013	USER_GUIDE_S1.2	UNRATED	PASS	BROWSER_API_RUN	PROVENANCE_UNKNOWN	2026-10-07	PLAYWRIGHT_SCRIPT(ug-run.mjs)	-	-	PUBLIC_DEPLOY(studio.toolsmcp.uk)	YES	docs/parallel/c6/evidence/user-guide-20261007/ug-run.json#UG-013	PROVENANCE_UNKNOWN	PROVENANCE_UNKNOWN	1a9995c (claimed; the public build could not be proven to equal it)	public deploy, Chrome 154 (Playwright), demo accounts	PROVENANCE_UNKNOWN	8
UG-014	USER_GUIDE_S1.2	UNRATED	PASS	BROWSER_API_RUN	PROVENANCE_UNKNOWN	2026-10-07	PLAYWRIGHT_SCRIPT(ug-run.mjs)	-	-	PUBLIC_DEPLOY(studio.toolsmcp.uk)	YES	docs/parallel/c6/evidence/user-guide-20261007/ug-run.json#UG-014	PROVENANCE_UNKNOWN	PROVENANCE_UNKNOWN	1a9995c (claimed; the public build could not be proven to equal it)	public deploy, Chrome 154 (Playwright), demo accounts	PROVENANCE_UNKNOWN	8
UG-015	USER_GUIDE_S1.2	UNRATED	PASS	BROWSER_API_RUN	PROVENANCE_UNKNOWN	2026-10-07	PLAYWRIGHT_SCRIPT(ug-run.mjs)	-	-	PUBLIC_DEPLOY(studio.toolsmcp.uk)	YES	docs/parallel/c6/evidence/user-guide-20261007/ug-run.json#UG-015	PROVENANCE_UNKNOWN	PROVENANCE_UNKNOWN	1a9995c (claimed; the public build could not be proven to equal it)	public deploy, Chrome 154 (Playwright), demo accounts	PROVENANCE_UNKNOWN	8
UG-016	USER_GUIDE_S1.2	UNRATED	PASS	BROWSER_API_RUN	PROVENANCE_UNKNOWN	2026-10-07	PLAYWRIGHT_SCRIPT(ug-run.mjs)	-	-	PUBLIC_DEPLOY(studio.toolsmcp.uk)	YES	docs/parallel/c6/evidence/user-guide-20261007/ug-run.json#UG-016	PROVENANCE_UNKNOWN	PROVENANCE_UNKNOWN	1a9995c (claimed; the public build could not be proven to equal it)	public deploy, Chrome 154 (Playwright), demo accounts	PROVENANCE_UNKNOWN	8
UG-017	USER_GUIDE_S1.2	UNRATED	PASS	BROWSER_API_RUN	PROVENANCE_UNKNOWN	2026-10-07	PLAYWRIGHT_SCRIPT(ug-run.mjs)	-	-	PUBLIC_DEPLOY(studio.toolsmcp.uk)	YES	docs/parallel/c6/evidence/user-guide-20261007/ug-run.json#UG-017	PROVENANCE_UNKNOWN	PROVENANCE_UNKNOWN	1a9995c (claimed; the public build could not be proven to equal it)	public deploy, Chrome 154 (Playwright), demo accounts	PROVENANCE_UNKNOWN	8
UG-018	USER_GUIDE_S1.2	UNRATED	PASS	BROWSER_API_RUN	PROVENANCE_UNKNOWN	2026-10-07	PLAYWRIGHT_SCRIPT(ug-run.mjs)	-	-	PUBLIC_DEPLOY(studio.toolsmcp.uk)	YES	docs/parallel/c6/evidence/user-guide-20261007/ug-run.json#UG-018	PROVENANCE_UNKNOWN	PROVENANCE_UNKNOWN	1a9995c (claimed; the public build could not be proven to equal it)	public deploy, Chrome 154 (Playwright), demo accounts	PROVENANCE_UNKNOWN	8
UG-019	USER_GUIDE_S1.3	UNRATED	FAIL	BROWSER_API_RUN	PROVENANCE_UNKNOWN	2026-10-07	PLAYWRIGHT_SCRIPT(ug-run.mjs)	C5/C7 (text) — C5 decides whether AI-first is intended	-	PUBLIC_DEPLOY(studio.toolsmcp.uk)	YES	docs/parallel/c6/evidence/user-guide-20261007/ug-run.json#UG-019	PROVENANCE_UNKNOWN	PROVENANCE_UNKNOWN	1a9995c (claimed; the public build could not be proven to equal it)	public deploy, Chrome 154 (Playwright), demo accounts	PROVENANCE_UNKNOWN	8
UG-020	USER_GUIDE_S1.3	UNRATED	PASS	BROWSER_API_RUN	PROVENANCE_UNKNOWN	2026-10-07	PLAYWRIGHT_SCRIPT(ug-run.mjs)	C5/C7	-	PUBLIC_DEPLOY(studio.toolsmcp.uk)	YES	docs/parallel/c6/evidence/user-guide-20261007/ug-run.json#UG-020	PROVENANCE_UNKNOWN	PROVENANCE_UNKNOWN	1a9995c (claimed; the public build could not be proven to equal it)	public deploy, Chrome 154 (Playwright), demo accounts	PROVENANCE_UNKNOWN	8
UG-021	USER_GUIDE_S1.3	UNRATED	PASS	BROWSER_API_RUN	PROVENANCE_UNKNOWN	2026-10-07	PLAYWRIGHT_SCRIPT(ug-run.mjs)	-	-	PUBLIC_DEPLOY(studio.toolsmcp.uk)	YES	docs/parallel/c6/evidence/user-guide-20261007/ug-run.json#UG-021	PROVENANCE_UNKNOWN	PROVENANCE_UNKNOWN	1a9995c (claimed; the public build could not be proven to equal it)	public deploy, Chrome 154 (Playwright), demo accounts	PROVENANCE_UNKNOWN	8
UG-022	USER_GUIDE_S1.3	UNRATED	PASS	BROWSER_API_RUN	PROVENANCE_UNKNOWN	2026-10-07	PLAYWRIGHT_SCRIPT(ug-run.mjs)	-	-	PUBLIC_DEPLOY(studio.toolsmcp.uk)	YES	docs/parallel/c6/evidence/user-guide-20261007/ug-run.json#UG-022	PROVENANCE_UNKNOWN	PROVENANCE_UNKNOWN	1a9995c (claimed; the public build could not be proven to equal it)	public deploy, Chrome 154 (Playwright), demo accounts	PROVENANCE_UNKNOWN	8
UG-023	USER_GUIDE_S1.4	UNRATED	PASS	BROWSER_API_RUN	PROVENANCE_UNKNOWN	2026-10-07	PLAYWRIGHT_SCRIPT(ug-run.mjs)	-	-	PUBLIC_DEPLOY(studio.toolsmcp.uk)	YES	docs/parallel/c6/evidence/user-guide-20261007/ug-run.json#UG-023	PROVENANCE_UNKNOWN	PROVENANCE_UNKNOWN	1a9995c (claimed; the public build could not be proven to equal it)	public deploy, Chrome 154 (Playwright), demo accounts	PROVENANCE_UNKNOWN	8
UG-024	USER_GUIDE_S1.4	UNRATED	PASS	BROWSER_API_RUN	PROVENANCE_UNKNOWN	2026-10-07	PLAYWRIGHT_SCRIPT(ug-run.mjs)	-	-	PUBLIC_DEPLOY(studio.toolsmcp.uk)	YES	docs/parallel/c6/evidence/user-guide-20261007/ug-run.json#UG-024	PROVENANCE_UNKNOWN	PROVENANCE_UNKNOWN	1a9995c (claimed; the public build could not be proven to equal it)	public deploy, Chrome 154 (Playwright), demo accounts	PROVENANCE_UNKNOWN	8
UG-025	USER_GUIDE_S1.4	UNRATED	PASS	BROWSER_API_RUN	PROVENANCE_UNKNOWN	2026-10-07	PLAYWRIGHT_SCRIPT(ug-run.mjs)	-	-	PUBLIC_DEPLOY(studio.toolsmcp.uk)	YES	docs/parallel/c6/evidence/user-guide-20261007/ug-run.json#UG-025	PROVENANCE_UNKNOWN	PROVENANCE_UNKNOWN	1a9995c (claimed; the public build could not be proven to equal it)	public deploy, Chrome 154 (Playwright), demo accounts	PROVENANCE_UNKNOWN	8
UG-026	USER_GUIDE_S1.4	UNRATED	PASS	BROWSER_API_RUN	PROVENANCE_UNKNOWN	2026-10-07	PLAYWRIGHT_SCRIPT(ug-run.mjs)	-	-	PUBLIC_DEPLOY(studio.toolsmcp.uk)	YES	docs/parallel/c6/evidence/user-guide-20261007/ug-run.json#UG-026	PROVENANCE_UNKNOWN	PROVENANCE_UNKNOWN	1a9995c (claimed; the public build could not be proven to equal it)	public deploy, Chrome 154 (Playwright), demo accounts	PROVENANCE_UNKNOWN	8
UG-030	USER_GUIDE_S2.1	UNRATED	PASS	BROWSER_API_RUN	PROVENANCE_UNKNOWN	2026-10-07	PLAYWRIGHT_SCRIPT(ug-run.mjs)	-	-	PUBLIC_DEPLOY(studio.toolsmcp.uk)	YES	docs/parallel/c6/evidence/user-guide-20261007/ug-run.json#UG-030	PROVENANCE_UNKNOWN	PROVENANCE_UNKNOWN	1a9995c (claimed; the public build could not be proven to equal it)	public deploy, Chrome 154 (Playwright), demo accounts	PROVENANCE_UNKNOWN	8
UG-031	USER_GUIDE_S2.1	UNRATED	PASS	BROWSER_API_RUN	PROVENANCE_UNKNOWN	2026-10-07	PLAYWRIGHT_SCRIPT(ug-run.mjs)	-	-	PUBLIC_DEPLOY(studio.toolsmcp.uk)	YES	docs/parallel/c6/evidence/user-guide-20261007/ug-run.json#UG-031	PROVENANCE_UNKNOWN	PROVENANCE_UNKNOWN	1a9995c (claimed; the public build could not be proven to equal it)	public deploy, Chrome 154 (Playwright), demo accounts	PROVENANCE_UNKNOWN	8
UG-032	USER_GUIDE_S2.1	UNRATED	PASS	BROWSER_API_RUN	PROVENANCE_UNKNOWN	2026-10-07	PLAYWRIGHT_SCRIPT(ug-run.mjs)	-	-	PUBLIC_DEPLOY(studio.toolsmcp.uk)	YES	docs/parallel/c6/evidence/user-guide-20261007/ug-run.json#UG-032	PROVENANCE_UNKNOWN	PROVENANCE_UNKNOWN	1a9995c (claimed; the public build could not be proven to equal it)	public deploy, Chrome 154 (Playwright), demo accounts	PROVENANCE_UNKNOWN	8
UG-033	USER_GUIDE_S2.1	UNRATED	PASS	BROWSER_API_RUN	PROVENANCE_UNKNOWN	2026-10-07	PLAYWRIGHT_SCRIPT(ug-run.mjs)	-	-	PUBLIC_DEPLOY(studio.toolsmcp.uk)	YES	docs/parallel/c6/evidence/user-guide-20261007/ug-run.json#UG-033	PROVENANCE_UNKNOWN	PROVENANCE_UNKNOWN	1a9995c (claimed; the public build could not be proven to equal it)	public deploy, Chrome 154 (Playwright), demo accounts	PROVENANCE_UNKNOWN	8
UG-040	USER_GUIDE_S2.2	UNRATED	PASS	BROWSER_API_RUN	PROVENANCE_UNKNOWN	2026-10-07	PLAYWRIGHT_SCRIPT(ug-run.mjs)	C5/C7 (minor)	-	PUBLIC_DEPLOY(studio.toolsmcp.uk)	YES	docs/parallel/c6/evidence/user-guide-20261007/ug-run.json#UG-040	PROVENANCE_UNKNOWN	PROVENANCE_UNKNOWN	1a9995c (claimed; the public build could not be proven to equal it)	public deploy, Chrome 154 (Playwright), demo accounts	PROVENANCE_UNKNOWN	8
UG-041	USER_GUIDE_S2.2	UNRATED	PASS	BROWSER_API_RUN	PROVENANCE_UNKNOWN	2026-10-07	PLAYWRIGHT_SCRIPT(ug-run.mjs)	-	-	PUBLIC_DEPLOY(studio.toolsmcp.uk)	YES	docs/parallel/c6/evidence/user-guide-20261007/ug-run.json#UG-041	PROVENANCE_UNKNOWN	PROVENANCE_UNKNOWN	1a9995c (claimed; the public build could not be proven to equal it)	public deploy, Chrome 154 (Playwright), demo accounts	PROVENANCE_UNKNOWN	8
UG-042	USER_GUIDE_S2.2	UNRATED	PASS	BROWSER_API_RUN	PROVENANCE_UNKNOWN	2026-10-07	PLAYWRIGHT_SCRIPT(ug-run.mjs)	-	-	PUBLIC_DEPLOY(studio.toolsmcp.uk)	YES	docs/parallel/c6/evidence/user-guide-20261007/ug-run.json#UG-042	PROVENANCE_UNKNOWN	PROVENANCE_UNKNOWN	1a9995c (claimed; the public build could not be proven to equal it)	public deploy, Chrome 154 (Playwright), demo accounts	PROVENANCE_UNKNOWN	8
UG-043	USER_GUIDE_S2.2	UNRATED	FAIL	BROWSER_API_RUN	PROVENANCE_UNKNOWN	2026-10-07	PLAYWRIGHT_SCRIPT(ug-run.mjs)	C5 (merge the retry) + C0 (integrate); C5/C7 (guide must match the build)	-	PUBLIC_DEPLOY(studio.toolsmcp.uk)	YES	docs/parallel/c6/evidence/user-guide-20261007/ug-run.json#UG-043	PROVENANCE_UNKNOWN	PROVENANCE_UNKNOWN	1a9995c (claimed; the public build could not be proven to equal it)	public deploy, Chrome 154 (Playwright), demo accounts	PROVENANCE_UNKNOWN	8
UG-044	USER_GUIDE_S2.2	UNRATED	PASS	BROWSER_API_RUN	PROVENANCE_UNKNOWN	2026-10-07	PLAYWRIGHT_SCRIPT(ug-run.mjs)	-	-	PUBLIC_DEPLOY(studio.toolsmcp.uk)	YES	docs/parallel/c6/evidence/user-guide-20261007/ug-run.json#UG-044	PROVENANCE_UNKNOWN	PROVENANCE_UNKNOWN	1a9995c (claimed; the public build could not be proven to equal it)	public deploy, Chrome 154 (Playwright), demo accounts	PROVENANCE_UNKNOWN	8
UG-045	USER_GUIDE_S2.2	UNRATED	BLOCKED	BROWSER_API_RUN	PROVENANCE_UNKNOWN	2026-10-07	PLAYWRIGHT_SCRIPT(ug-run.mjs)	C4 / C0	-	PUBLIC_DEPLOY(studio.toolsmcp.uk)	YES	docs/parallel/c6/evidence/user-guide-20261007/ug-run.json#UG-045	PROVENANCE_UNKNOWN	PROVENANCE_UNKNOWN	1a9995c (claimed; the public build could not be proven to equal it)	public deploy, Chrome 154 (Playwright), demo accounts	PROVENANCE_UNKNOWN	8
UG-050	USER_GUIDE_S2.3	UNRATED	PASS	BROWSER_API_RUN	PROVENANCE_UNKNOWN	2026-10-07	PLAYWRIGHT_SCRIPT(ug-run.mjs)	-	-	PUBLIC_DEPLOY(studio.toolsmcp.uk)	YES	docs/parallel/c6/evidence/user-guide-20261007/ug-run.json#UG-050	PROVENANCE_UNKNOWN	PROVENANCE_UNKNOWN	1a9995c (claimed; the public build could not be proven to equal it)	public deploy, Chrome 154 (Playwright), demo accounts	PROVENANCE_UNKNOWN	8
UG-051	USER_GUIDE_S2.3	UNRATED	PASS	BROWSER_API_RUN	PROVENANCE_UNKNOWN	2026-10-07	PLAYWRIGHT_SCRIPT(ug-run.mjs)	C5/C7	-	PUBLIC_DEPLOY(studio.toolsmcp.uk)	YES	docs/parallel/c6/evidence/user-guide-20261007/ug-run.json#UG-051	PROVENANCE_UNKNOWN	PROVENANCE_UNKNOWN	1a9995c (claimed; the public build could not be proven to equal it)	public deploy, Chrome 154 (Playwright), demo accounts	PROVENANCE_UNKNOWN	8
UG-060	USER_GUIDE_S2.4	UNRATED	PASS	BROWSER_API_RUN	PROVENANCE_UNKNOWN	2026-10-07	PLAYWRIGHT_SCRIPT(ug-run.mjs)	-	-	PUBLIC_DEPLOY(studio.toolsmcp.uk)	YES	docs/parallel/c6/evidence/user-guide-20261007/ug-run.json#UG-060	PROVENANCE_UNKNOWN	PROVENANCE_UNKNOWN	1a9995c (claimed; the public build could not be proven to equal it)	public deploy, Chrome 154 (Playwright), demo accounts	PROVENANCE_UNKNOWN	8
UG-061	USER_GUIDE_S2.4	UNRATED	BLOCKED	BROWSER_API_RUN	PROVENANCE_UNKNOWN	2026-10-07	PLAYWRIGHT_SCRIPT(ug-run.mjs)	C5 (merge) / C0	-	PUBLIC_DEPLOY(studio.toolsmcp.uk)	YES	docs/parallel/c6/evidence/user-guide-20261007/ug-run.json#UG-061	PROVENANCE_UNKNOWN	PROVENANCE_UNKNOWN	1a9995c (claimed; the public build could not be proven to equal it)	public deploy, Chrome 154 (Playwright), demo accounts	PROVENANCE_UNKNOWN	8
UG-062	USER_GUIDE_S2.4	UNRATED	BLOCKED	BROWSER_API_RUN	PROVENANCE_UNKNOWN	2026-10-07	PLAYWRIGHT_SCRIPT(ug-run.mjs)	C5	-	PUBLIC_DEPLOY(studio.toolsmcp.uk)	YES	docs/parallel/c6/evidence/user-guide-20261007/ug-run.json#UG-062	PROVENANCE_UNKNOWN	PROVENANCE_UNKNOWN	1a9995c (claimed; the public build could not be proven to equal it)	public deploy, Chrome 154 (Playwright), demo accounts	PROVENANCE_UNKNOWN	8
UG-063	USER_GUIDE_S2.4	UNRATED	PASS	BROWSER_API_RUN	PROVENANCE_UNKNOWN	2026-10-07	PLAYWRIGHT_SCRIPT(ug-run.mjs)	C5/C7 (minor)	-	PUBLIC_DEPLOY(studio.toolsmcp.uk)	YES	docs/parallel/c6/evidence/user-guide-20261007/ug-run.json#UG-063	PROVENANCE_UNKNOWN	PROVENANCE_UNKNOWN	1a9995c (claimed; the public build could not be proven to equal it)	public deploy, Chrome 154 (Playwright), demo accounts	PROVENANCE_UNKNOWN	8
UG-064	USER_GUIDE_S2.4	UNRATED	BLOCKED	BROWSER_API_RUN	PROVENANCE_UNKNOWN	2026-10-07	PLAYWRIGHT_SCRIPT(ug-run.mjs)	-	-	PUBLIC_DEPLOY(studio.toolsmcp.uk)	YES	docs/parallel/c6/evidence/user-guide-20261007/ug-run.json#UG-064	PROVENANCE_UNKNOWN	PROVENANCE_UNKNOWN	1a9995c (claimed; the public build could not be proven to equal it)	public deploy, Chrome 154 (Playwright), demo accounts	PROVENANCE_UNKNOWN	8
UG-070	USER_GUIDE_S3	UNRATED	BLOCKED	BROWSER_API_RUN	PROVENANCE_UNKNOWN	2026-10-07	PLAYWRIGHT_SCRIPT(ug-run.mjs)	C0 (provide role accounts) / C5/C7	-	PUBLIC_DEPLOY(studio.toolsmcp.uk)	YES	docs/parallel/c6/evidence/user-guide-20261007/ug-run.json#UG-070	PROVENANCE_UNKNOWN	PROVENANCE_UNKNOWN	1a9995c (claimed; the public build could not be proven to equal it)	public deploy, Chrome 154 (Playwright), demo accounts	PROVENANCE_UNKNOWN	8
UG-071	USER_GUIDE_S3	UNRATED	BLOCKED	BROWSER_API_RUN	PROVENANCE_UNKNOWN	2026-10-07	PLAYWRIGHT_SCRIPT(ug-run.mjs)	C0 (provide role accounts) / C5/C7	-	PUBLIC_DEPLOY(studio.toolsmcp.uk)	YES	docs/parallel/c6/evidence/user-guide-20261007/ug-run.json#UG-071	PROVENANCE_UNKNOWN	PROVENANCE_UNKNOWN	1a9995c (claimed; the public build could not be proven to equal it)	public deploy, Chrome 154 (Playwright), demo accounts	PROVENANCE_UNKNOWN	8
UG-072	USER_GUIDE_S3	UNRATED	BLOCKED	BROWSER_API_RUN	PROVENANCE_UNKNOWN	2026-10-07	PLAYWRIGHT_SCRIPT(ug-run.mjs)	C0 (provide role accounts) / C5/C7	-	PUBLIC_DEPLOY(studio.toolsmcp.uk)	YES	docs/parallel/c6/evidence/user-guide-20261007/ug-run.json#UG-072	PROVENANCE_UNKNOWN	PROVENANCE_UNKNOWN	1a9995c (claimed; the public build could not be proven to equal it)	public deploy, Chrome 154 (Playwright), demo accounts	PROVENANCE_UNKNOWN	8
UG-073	USER_GUIDE_S3	UNRATED	BLOCKED	BROWSER_API_RUN	PROVENANCE_UNKNOWN	2026-10-07	PLAYWRIGHT_SCRIPT(ug-run.mjs)	C0 (provide role accounts) / C5/C7	-	PUBLIC_DEPLOY(studio.toolsmcp.uk)	YES	docs/parallel/c6/evidence/user-guide-20261007/ug-run.json#UG-073	PROVENANCE_UNKNOWN	PROVENANCE_UNKNOWN	1a9995c (claimed; the public build could not be proven to equal it)	public deploy, Chrome 154 (Playwright), demo accounts	PROVENANCE_UNKNOWN	8
UG-074	USER_GUIDE_S3	UNRATED	BLOCKED	BROWSER_API_RUN	PROVENANCE_UNKNOWN	2026-10-07	PLAYWRIGHT_SCRIPT(ug-run.mjs)	C0 (provide role accounts) / C5/C7	-	PUBLIC_DEPLOY(studio.toolsmcp.uk)	YES	docs/parallel/c6/evidence/user-guide-20261007/ug-run.json#UG-074	PROVENANCE_UNKNOWN	PROVENANCE_UNKNOWN	1a9995c (claimed; the public build could not be proven to equal it)	public deploy, Chrome 154 (Playwright), demo accounts	PROVENANCE_UNKNOWN	8
UG-075	USER_GUIDE_S3	UNRATED	BLOCKED	BROWSER_API_RUN	PROVENANCE_UNKNOWN	2026-10-07	PLAYWRIGHT_SCRIPT(ug-run.mjs)	C0 (provide role accounts) / C5/C7	-	PUBLIC_DEPLOY(studio.toolsmcp.uk)	YES	docs/parallel/c6/evidence/user-guide-20261007/ug-run.json#UG-075	PROVENANCE_UNKNOWN	PROVENANCE_UNKNOWN	1a9995c (claimed; the public build could not be proven to equal it)	public deploy, Chrome 154 (Playwright), demo accounts	PROVENANCE_UNKNOWN	8
UG-076	USER_GUIDE_S3	UNRATED	BLOCKED	BROWSER_API_RUN	PROVENANCE_UNKNOWN	2026-10-07	PLAYWRIGHT_SCRIPT(ug-run.mjs)	C0	-	PUBLIC_DEPLOY(studio.toolsmcp.uk)	YES	docs/parallel/c6/evidence/user-guide-20261007/ug-run.json#UG-076	PROVENANCE_UNKNOWN	PROVENANCE_UNKNOWN	1a9995c (claimed; the public build could not be proven to equal it)	public deploy, Chrome 154 (Playwright), demo accounts	PROVENANCE_UNKNOWN	8
UG-077	USER_GUIDE_S3	UNRATED	PASS	BROWSER_API_RUN	PROVENANCE_UNKNOWN	2026-10-07	PLAYWRIGHT_SCRIPT(ug-run.mjs)	C1 (product)	-	PUBLIC_DEPLOY(studio.toolsmcp.uk)	YES	docs/parallel/c6/evidence/user-guide-20261007/ug-run.json#UG-077	PROVENANCE_UNKNOWN	PROVENANCE_UNKNOWN	1a9995c (claimed; the public build could not be proven to equal it)	public deploy, Chrome 154 (Playwright), demo accounts	PROVENANCE_UNKNOWN	8
UG-080	USER_GUIDE_S4	UNRATED	FAIL	BROWSER_API_RUN	PROVENANCE_UNKNOWN	2026-10-07	PLAYWRIGHT_SCRIPT(ug-run.mjs)	C0 (merge C5 UI) / C5 / C5/C7 (guide)	-	PUBLIC_DEPLOY(studio.toolsmcp.uk)	YES	docs/parallel/c6/evidence/user-guide-20261007/ug-run.json#UG-080	PROVENANCE_UNKNOWN	PROVENANCE_UNKNOWN	1a9995c (claimed; the public build could not be proven to equal it)	public deploy, Chrome 154 (Playwright), demo accounts	PROVENANCE_UNKNOWN	8
UG-081	USER_GUIDE_S4	UNRATED	FAIL	BROWSER_API_RUN	PROVENANCE_UNKNOWN	2026-10-07	PLAYWRIGHT_SCRIPT(ug-run.mjs)	C0 (merge C5 UI) + C5; C5/C7 (claim vs build)	-	PUBLIC_DEPLOY(studio.toolsmcp.uk)	YES	docs/parallel/c6/evidence/user-guide-20261007/ug-run.json#UG-081	PROVENANCE_UNKNOWN	PROVENANCE_UNKNOWN	1a9995c (claimed; the public build could not be proven to equal it)	public deploy, Chrome 154 (Playwright), demo accounts	PROVENANCE_UNKNOWN	8
UG-082	USER_GUIDE_S4	UNRATED	BLOCKED	BROWSER_API_RUN	PROVENANCE_UNKNOWN	2026-10-07	PLAYWRIGHT_SCRIPT(ug-run.mjs)	C3	-	PUBLIC_DEPLOY(studio.toolsmcp.uk)	YES	docs/parallel/c6/evidence/user-guide-20261007/ug-run.json#UG-082	PROVENANCE_UNKNOWN	PROVENANCE_UNKNOWN	1a9995c (claimed; the public build could not be proven to equal it)	public deploy, Chrome 154 (Playwright), demo accounts	PROVENANCE_UNKNOWN	8
UG-083	USER_GUIDE_S4	UNRATED	BLOCKED	BROWSER_API_RUN	PROVENANCE_UNKNOWN	2026-10-07	PLAYWRIGHT_SCRIPT(ug-run.mjs)	C3	-	PUBLIC_DEPLOY(studio.toolsmcp.uk)	YES	docs/parallel/c6/evidence/user-guide-20261007/ug-run.json#UG-083	PROVENANCE_UNKNOWN	PROVENANCE_UNKNOWN	1a9995c (claimed; the public build could not be proven to equal it)	public deploy, Chrome 154 (Playwright), demo accounts	PROVENANCE_UNKNOWN	8
UG-084	USER_GUIDE_S4	UNRATED	FAIL	BROWSER_API_RUN	PROVENANCE_UNKNOWN	2026-10-07	PLAYWRIGHT_SCRIPT(ug-run.mjs)	C5 (merge) + C0; C2 (slot ops)	-	PUBLIC_DEPLOY(studio.toolsmcp.uk)	YES	docs/parallel/c6/evidence/user-guide-20261007/ug-run.json#UG-084	PROVENANCE_UNKNOWN	PROVENANCE_UNKNOWN	1a9995c (claimed; the public build could not be proven to equal it)	public deploy, Chrome 154 (Playwright), demo accounts	PROVENANCE_UNKNOWN	8
UG-085	USER_GUIDE_S4	UNRATED	BLOCKED	BROWSER_API_RUN	PROVENANCE_UNKNOWN	2026-10-07	PLAYWRIGHT_SCRIPT(ug-run.mjs)	C5/C0	-	PUBLIC_DEPLOY(studio.toolsmcp.uk)	YES	docs/parallel/c6/evidence/user-guide-20261007/ug-run.json#UG-085	PROVENANCE_UNKNOWN	PROVENANCE_UNKNOWN	1a9995c (claimed; the public build could not be proven to equal it)	public deploy, Chrome 154 (Playwright), demo accounts	PROVENANCE_UNKNOWN	8
UG-086	USER_GUIDE_S4	UNRATED	BLOCKED	BROWSER_API_RUN	PROVENANCE_UNKNOWN	2026-10-07	PLAYWRIGHT_SCRIPT(ug-run.mjs)	C3	-	PUBLIC_DEPLOY(studio.toolsmcp.uk)	YES	docs/parallel/c6/evidence/user-guide-20261007/ug-run.json#UG-086	PROVENANCE_UNKNOWN	PROVENANCE_UNKNOWN	1a9995c (claimed; the public build could not be proven to equal it)	public deploy, Chrome 154 (Playwright), demo accounts	PROVENANCE_UNKNOWN	8
UG-087	USER_GUIDE_S4	UNRATED	FAIL	BROWSER_API_RUN	PROVENANCE_UNKNOWN	2026-10-07	PLAYWRIGHT_SCRIPT(ug-run.mjs)	C5 (merge) + C0	-	PUBLIC_DEPLOY(studio.toolsmcp.uk)	YES	docs/parallel/c6/evidence/user-guide-20261007/ug-run.json#UG-087	PROVENANCE_UNKNOWN	PROVENANCE_UNKNOWN	1a9995c (claimed; the public build could not be proven to equal it)	public deploy, Chrome 154 (Playwright), demo accounts	PROVENANCE_UNKNOWN	8
UG-088	USER_GUIDE_S4	UNRATED	BLOCKED	BROWSER_API_RUN	PROVENANCE_UNKNOWN	2026-10-07	PLAYWRIGHT_SCRIPT(ug-run.mjs)	C3/C2	-	PUBLIC_DEPLOY(studio.toolsmcp.uk)	YES	docs/parallel/c6/evidence/user-guide-20261007/ug-run.json#UG-088	PROVENANCE_UNKNOWN	PROVENANCE_UNKNOWN	1a9995c (claimed; the public build could not be proven to equal it)	public deploy, Chrome 154 (Playwright), demo accounts	PROVENANCE_UNKNOWN	8
UG-089	USER_GUIDE_S4	UNRATED	BLOCKED	BROWSER_API_RUN	PROVENANCE_UNKNOWN	2026-10-07	PLAYWRIGHT_SCRIPT(ug-run.mjs)	C2	-	PUBLIC_DEPLOY(studio.toolsmcp.uk)	YES	docs/parallel/c6/evidence/user-guide-20261007/ug-run.json#UG-089	PROVENANCE_UNKNOWN	PROVENANCE_UNKNOWN	1a9995c (claimed; the public build could not be proven to equal it)	public deploy, Chrome 154 (Playwright), demo accounts	PROVENANCE_UNKNOWN	8
UG-090	USER_GUIDE_S5	UNRATED	FAIL	BROWSER_API_RUN	PROVENANCE_UNKNOWN	2026-10-07	PLAYWRIGHT_SCRIPT(ug-run.mjs)	C5/C7 (text); C4 (Test Mode API)	-	PUBLIC_DEPLOY(studio.toolsmcp.uk)	YES	docs/parallel/c6/evidence/user-guide-20261007/ug-run.json#UG-090	PROVENANCE_UNKNOWN	PROVENANCE_UNKNOWN	1a9995c (claimed; the public build could not be proven to equal it)	public deploy, Chrome 154 (Playwright), demo accounts	PROVENANCE_UNKNOWN	8
UG-091	USER_GUIDE_S5	UNRATED	FAIL	BROWSER_API_RUN	PROVENANCE_UNKNOWN	2026-10-07	PLAYWRIGHT_SCRIPT(ug-run.mjs)	C0 (merge C5 UI) + C5; C4 only for the runtime itself; C5/C7	-	PUBLIC_DEPLOY(studio.toolsmcp.uk)	YES	docs/parallel/c6/evidence/user-guide-20261007/ug-run.json#UG-091	PROVENANCE_UNKNOWN	PROVENANCE_UNKNOWN	1a9995c (claimed; the public build could not be proven to equal it)	public deploy, Chrome 154 (Playwright), demo accounts	PROVENANCE_UNKNOWN	8
UG-092	USER_GUIDE_S5	UNRATED	BLOCKED	BROWSER_API_RUN	PROVENANCE_UNKNOWN	2026-10-07	PLAYWRIGHT_SCRIPT(ug-run.mjs)	C4	-	PUBLIC_DEPLOY(studio.toolsmcp.uk)	YES	docs/parallel/c6/evidence/user-guide-20261007/ug-run.json#UG-092	PROVENANCE_UNKNOWN	PROVENANCE_UNKNOWN	1a9995c (claimed; the public build could not be proven to equal it)	public deploy, Chrome 154 (Playwright), demo accounts	PROVENANCE_UNKNOWN	8
UG-093	USER_GUIDE_S5	UNRATED	BLOCKED	BROWSER_API_RUN	PROVENANCE_UNKNOWN	2026-10-07	PLAYWRIGHT_SCRIPT(ug-run.mjs)	C4	-	PUBLIC_DEPLOY(studio.toolsmcp.uk)	YES	docs/parallel/c6/evidence/user-guide-20261007/ug-run.json#UG-093	PROVENANCE_UNKNOWN	PROVENANCE_UNKNOWN	1a9995c (claimed; the public build could not be proven to equal it)	public deploy, Chrome 154 (Playwright), demo accounts	PROVENANCE_UNKNOWN	8
UG-094	USER_GUIDE_S5	UNRATED	BLOCKED	BROWSER_API_RUN	PROVENANCE_UNKNOWN	2026-10-07	PLAYWRIGHT_SCRIPT(ug-run.mjs)	C4	-	PUBLIC_DEPLOY(studio.toolsmcp.uk)	YES	docs/parallel/c6/evidence/user-guide-20261007/ug-run.json#UG-094	PROVENANCE_UNKNOWN	PROVENANCE_UNKNOWN	1a9995c (claimed; the public build could not be proven to equal it)	public deploy, Chrome 154 (Playwright), demo accounts	PROVENANCE_UNKNOWN	8
UG-095	USER_GUIDE_S5	UNRATED	BLOCKED	BROWSER_API_RUN	PROVENANCE_UNKNOWN	2026-10-07	PLAYWRIGHT_SCRIPT(ug-run.mjs)	C4	-	PUBLIC_DEPLOY(studio.toolsmcp.uk)	YES	docs/parallel/c6/evidence/user-guide-20261007/ug-run.json#UG-095	PROVENANCE_UNKNOWN	PROVENANCE_UNKNOWN	1a9995c (claimed; the public build could not be proven to equal it)	public deploy, Chrome 154 (Playwright), demo accounts	PROVENANCE_UNKNOWN	8
UG-096	USER_GUIDE_S5	UNRATED	BLOCKED	BROWSER_API_RUN	PROVENANCE_UNKNOWN	2026-10-07	PLAYWRIGHT_SCRIPT(ug-run.mjs)	C4/C0	-	PUBLIC_DEPLOY(studio.toolsmcp.uk)	YES	docs/parallel/c6/evidence/user-guide-20261007/ug-run.json#UG-096	PROVENANCE_UNKNOWN	PROVENANCE_UNKNOWN	1a9995c (claimed; the public build could not be proven to equal it)	public deploy, Chrome 154 (Playwright), demo accounts	PROVENANCE_UNKNOWN	8
UG-100	USER_GUIDE_S6	UNRATED	BLOCKED	BROWSER_API_RUN	PROVENANCE_UNKNOWN	2026-10-07	PLAYWRIGHT_SCRIPT(ug-run.mjs)	C2	-	PUBLIC_DEPLOY(studio.toolsmcp.uk)	YES	docs/parallel/c6/evidence/user-guide-20261007/ug-run.json#UG-100	PROVENANCE_UNKNOWN	PROVENANCE_UNKNOWN	1a9995c (claimed; the public build could not be proven to equal it)	public deploy, Chrome 154 (Playwright), demo accounts	PROVENANCE_UNKNOWN	8
UG-101	USER_GUIDE_S6	UNRATED	BLOCKED	BROWSER_API_RUN	PROVENANCE_UNKNOWN	2026-10-07	PLAYWRIGHT_SCRIPT(ug-run.mjs)	C2/C0	-	PUBLIC_DEPLOY(studio.toolsmcp.uk)	YES	docs/parallel/c6/evidence/user-guide-20261007/ug-run.json#UG-101	PROVENANCE_UNKNOWN	PROVENANCE_UNKNOWN	1a9995c (claimed; the public build could not be proven to equal it)	public deploy, Chrome 154 (Playwright), demo accounts	PROVENANCE_UNKNOWN	8
UG-102	USER_GUIDE_S6	UNRATED	PASS	BROWSER_API_RUN	PROVENANCE_UNKNOWN	2026-10-07	PLAYWRIGHT_SCRIPT(ug-run.mjs)	-	-	PUBLIC_DEPLOY(studio.toolsmcp.uk)	YES	docs/parallel/c6/evidence/user-guide-20261007/ug-run.json#UG-102	PROVENANCE_UNKNOWN	PROVENANCE_UNKNOWN	1a9995c (claimed; the public build could not be proven to equal it)	public deploy, Chrome 154 (Playwright), demo accounts	PROVENANCE_UNKNOWN	8
UG-103	USER_GUIDE_S6	UNRATED	PASS	BROWSER_API_RUN	PROVENANCE_UNKNOWN	2026-10-07	PLAYWRIGHT_SCRIPT(ug-run.mjs)	C5/C7	-	PUBLIC_DEPLOY(studio.toolsmcp.uk)	YES	docs/parallel/c6/evidence/user-guide-20261007/ug-run.json#UG-103	PROVENANCE_UNKNOWN	PROVENANCE_UNKNOWN	1a9995c (claimed; the public build could not be proven to equal it)	public deploy, Chrome 154 (Playwright), demo accounts	PROVENANCE_UNKNOWN	8
UG-104	USER_GUIDE_S6	UNRATED	PASS	BROWSER_API_RUN	PROVENANCE_UNKNOWN	2026-10-07	PLAYWRIGHT_SCRIPT(ug-run.mjs)	-	-	PUBLIC_DEPLOY(studio.toolsmcp.uk)	YES	docs/parallel/c6/evidence/user-guide-20261007/ug-run.json#UG-104	PROVENANCE_UNKNOWN	PROVENANCE_UNKNOWN	1a9995c (claimed; the public build could not be proven to equal it)	public deploy, Chrome 154 (Playwright), demo accounts	PROVENANCE_UNKNOWN	8
UG-105	USER_GUIDE_S6	UNRATED	PASS	BROWSER_API_RUN	PROVENANCE_UNKNOWN	2026-10-07	PLAYWRIGHT_SCRIPT(ug-run.mjs)	-	-	PUBLIC_DEPLOY(studio.toolsmcp.uk)	YES	docs/parallel/c6/evidence/user-guide-20261007/ug-run.json#UG-105	PROVENANCE_UNKNOWN	PROVENANCE_UNKNOWN	1a9995c (claimed; the public build could not be proven to equal it)	public deploy, Chrome 154 (Playwright), demo accounts	PROVENANCE_UNKNOWN	8
UG-106	USER_GUIDE_S6	UNRATED	PASS	BROWSER_API_RUN	PROVENANCE_UNKNOWN	2026-10-07	PLAYWRIGHT_SCRIPT(ug-run.mjs)	C5/C7	-	PUBLIC_DEPLOY(studio.toolsmcp.uk)	YES	docs/parallel/c6/evidence/user-guide-20261007/ug-run.json#UG-106	PROVENANCE_UNKNOWN	PROVENANCE_UNKNOWN	1a9995c (claimed; the public build could not be proven to equal it)	public deploy, Chrome 154 (Playwright), demo accounts	PROVENANCE_UNKNOWN	8
UG-107	USER_GUIDE_S6	UNRATED	BLOCKED	BROWSER_API_RUN	PROVENANCE_UNKNOWN	2026-10-07	PLAYWRIGHT_SCRIPT(ug-run.mjs)	C2 (lease) / C5 (banner)	-	PUBLIC_DEPLOY(studio.toolsmcp.uk)	YES	docs/parallel/c6/evidence/user-guide-20261007/ug-run.json#UG-107	PROVENANCE_UNKNOWN	PROVENANCE_UNKNOWN	1a9995c (claimed; the public build could not be proven to equal it)	public deploy, Chrome 154 (Playwright), demo accounts	PROVENANCE_UNKNOWN	8
UG-108	USER_GUIDE_S6	UNRATED	PASS	BROWSER_API_RUN	PROVENANCE_UNKNOWN	2026-10-07	PLAYWRIGHT_SCRIPT(ug-run.mjs)	C2 (API ok); C5 (UI does not use it)	-	PUBLIC_DEPLOY(studio.toolsmcp.uk)	YES	docs/parallel/c6/evidence/user-guide-20261007/ug-run.json#UG-108	PROVENANCE_UNKNOWN	PROVENANCE_UNKNOWN	1a9995c (claimed; the public build could not be proven to equal it)	public deploy, Chrome 154 (Playwright), demo accounts	PROVENANCE_UNKNOWN	8
UG-109	USER_GUIDE_S6	UNRATED	BLOCKED	BROWSER_API_RUN	PROVENANCE_UNKNOWN	2026-10-07	PLAYWRIGHT_SCRIPT(ug-run.mjs)	C2	-	PUBLIC_DEPLOY(studio.toolsmcp.uk)	YES	docs/parallel/c6/evidence/user-guide-20261007/ug-run.json#UG-109	PROVENANCE_UNKNOWN	PROVENANCE_UNKNOWN	1a9995c (claimed; the public build could not be proven to equal it)	public deploy, Chrome 154 (Playwright), demo accounts	PROVENANCE_UNKNOWN	8
UG-110	USER_GUIDE_S6	UNRATED	PASS	BROWSER_API_RUN	PROVENANCE_UNKNOWN	2026-10-07	PLAYWRIGHT_SCRIPT(ug-run.mjs)	-	-	PUBLIC_DEPLOY(studio.toolsmcp.uk)	YES	docs/parallel/c6/evidence/user-guide-20261007/ug-run.json#UG-110	PROVENANCE_UNKNOWN	PROVENANCE_UNKNOWN	1a9995c (claimed; the public build could not be proven to equal it)	public deploy, Chrome 154 (Playwright), demo accounts	PROVENANCE_UNKNOWN	8
UG-120	USER_GUIDE_S7.1/S8	UNRATED	PASS	BROWSER_API_RUN	PROVENANCE_UNKNOWN	2026-10-07	PLAYWRIGHT_SCRIPT(ug-run.mjs)	-	-	PUBLIC_DEPLOY(studio.toolsmcp.uk)	YES	docs/parallel/c6/evidence/user-guide-20261007/ug-run.json#UG-120	PROVENANCE_UNKNOWN	PROVENANCE_UNKNOWN	1a9995c (claimed; the public build could not be proven to equal it)	public deploy, Chrome 154 (Playwright), demo accounts	PROVENANCE_UNKNOWN	8
UG-121	USER_GUIDE_S7.2/S8	UNRATED	PASS	BROWSER_API_RUN	PROVENANCE_UNKNOWN	2026-10-07	PLAYWRIGHT_SCRIPT(ug-run.mjs)	-	-	PUBLIC_DEPLOY(studio.toolsmcp.uk)	YES	docs/parallel/c6/evidence/user-guide-20261007/ug-run.json#UG-121	PROVENANCE_UNKNOWN	PROVENANCE_UNKNOWN	1a9995c (claimed; the public build could not be proven to equal it)	public deploy, Chrome 154 (Playwright), demo accounts	PROVENANCE_UNKNOWN	8
UG-122	USER_GUIDE_S7.3/S8	UNRATED	PASS	BROWSER_API_RUN	PROVENANCE_UNKNOWN	2026-10-07	PLAYWRIGHT_SCRIPT(ug-run.mjs)	-	-	PUBLIC_DEPLOY(studio.toolsmcp.uk)	YES	docs/parallel/c6/evidence/user-guide-20261007/ug-run.json#UG-122	PROVENANCE_UNKNOWN	PROVENANCE_UNKNOWN	1a9995c (claimed; the public build could not be proven to equal it)	public deploy, Chrome 154 (Playwright), demo accounts	PROVENANCE_UNKNOWN	8
UG-123	USER_GUIDE_S7.4	UNRATED	PASS	BROWSER_API_RUN	PROVENANCE_UNKNOWN	2026-10-07	PLAYWRIGHT_SCRIPT(ug-run.mjs)	-	-	PUBLIC_DEPLOY(studio.toolsmcp.uk)	YES	docs/parallel/c6/evidence/user-guide-20261007/ug-run.json#UG-123	PROVENANCE_UNKNOWN	PROVENANCE_UNKNOWN	1a9995c (claimed; the public build could not be proven to equal it)	public deploy, Chrome 154 (Playwright), demo accounts	PROVENANCE_UNKNOWN	8
UG-124	USER_GUIDE_S7.5/S8	UNRATED	PASS	BROWSER_API_RUN	PROVENANCE_UNKNOWN	2026-10-07	PLAYWRIGHT_SCRIPT(ug-run.mjs)	-	-	PUBLIC_DEPLOY(studio.toolsmcp.uk)	YES	docs/parallel/c6/evidence/user-guide-20261007/ug-run.json#UG-124	PROVENANCE_UNKNOWN	PROVENANCE_UNKNOWN	1a9995c (claimed; the public build could not be proven to equal it)	public deploy, Chrome 154 (Playwright), demo accounts	PROVENANCE_UNKNOWN	8
UG-125	USER_GUIDE_S2.4/S8	UNRATED	PASS	BROWSER_API_RUN	PROVENANCE_UNKNOWN	2026-10-07	PLAYWRIGHT_SCRIPT(ug-run.mjs)	-	-	PUBLIC_DEPLOY(studio.toolsmcp.uk)	YES	docs/parallel/c6/evidence/user-guide-20261007/ug-run.json#UG-125	PROVENANCE_UNKNOWN	PROVENANCE_UNKNOWN	1a9995c (claimed; the public build could not be proven to equal it)	public deploy, Chrome 154 (Playwright), demo accounts	PROVENANCE_UNKNOWN	8
UG-126	USER_GUIDE_S7.6	UNRATED	PASS	BROWSER_API_RUN	PROVENANCE_UNKNOWN	2026-10-07	PLAYWRIGHT_SCRIPT(ug-run.mjs)	-	-	PUBLIC_DEPLOY(studio.toolsmcp.uk)	YES	docs/parallel/c6/evidence/user-guide-20261007/ug-run.json#UG-126	PROVENANCE_UNKNOWN	PROVENANCE_UNKNOWN	1a9995c (claimed; the public build could not be proven to equal it)	public deploy, Chrome 154 (Playwright), demo accounts	PROVENANCE_UNKNOWN	8
UG-127	USER_GUIDE_S7.7	UNRATED	PASS	BROWSER_API_RUN	PROVENANCE_UNKNOWN	2026-10-07	PLAYWRIGHT_SCRIPT(ug-run.mjs)	-	-	PUBLIC_DEPLOY(studio.toolsmcp.uk)	YES	docs/parallel/c6/evidence/user-guide-20261007/ug-run.json#UG-127	PROVENANCE_UNKNOWN	PROVENANCE_UNKNOWN	1a9995c (claimed; the public build could not be proven to equal it)	public deploy, Chrome 154 (Playwright), demo accounts	PROVENANCE_UNKNOWN	8
UG-128	USER_GUIDE_S7.8	UNRATED	FAIL	BROWSER_API_RUN	PROVENANCE_UNKNOWN	2026-10-07	PLAYWRIGHT_SCRIPT(ug-run.mjs)	C5/C7	-	PUBLIC_DEPLOY(studio.toolsmcp.uk)	YES	docs/parallel/c6/evidence/user-guide-20261007/ug-run.json#UG-128	PROVENANCE_UNKNOWN	PROVENANCE_UNKNOWN	1a9995c (claimed; the public build could not be proven to equal it)	public deploy, Chrome 154 (Playwright), demo accounts	PROVENANCE_UNKNOWN	8
UG-130	USER_GUIDE_S10.1	UNRATED	FAIL	BROWSER_API_RUN	PROVENANCE_UNKNOWN	2026-10-07	PLAYWRIGHT_SCRIPT(ug-run.mjs)	C5/C7; C0	-	PUBLIC_DEPLOY(studio.toolsmcp.uk)	YES	docs/parallel/c6/evidence/user-guide-20261007/ug-run.json#UG-130	PROVENANCE_UNKNOWN	PROVENANCE_UNKNOWN	1a9995c (claimed; the public build could not be proven to equal it)	public deploy, Chrome 154 (Playwright), demo accounts	PROVENANCE_UNKNOWN	8
UG-131	USER_GUIDE_S10.2	UNRATED	PASS	BROWSER_API_RUN	PROVENANCE_UNKNOWN	2026-10-07	PLAYWRIGHT_SCRIPT(ug-run.mjs)	-	-	PUBLIC_DEPLOY(studio.toolsmcp.uk)	YES	docs/parallel/c6/evidence/user-guide-20261007/ug-run.json#UG-131	PROVENANCE_UNKNOWN	PROVENANCE_UNKNOWN	1a9995c (claimed; the public build could not be proven to equal it)	public deploy, Chrome 154 (Playwright), demo accounts	PROVENANCE_UNKNOWN	8
UG-132	USER_GUIDE_S10.3	UNRATED	PASS	BROWSER_API_RUN	PROVENANCE_UNKNOWN	2026-10-07	PLAYWRIGHT_SCRIPT(ug-run.mjs)	-	-	PUBLIC_DEPLOY(studio.toolsmcp.uk)	YES	docs/parallel/c6/evidence/user-guide-20261007/ug-run.json#UG-132	PROVENANCE_UNKNOWN	PROVENANCE_UNKNOWN	1a9995c (claimed; the public build could not be proven to equal it)	public deploy, Chrome 154 (Playwright), demo accounts	PROVENANCE_UNKNOWN	8
UG-133	USER_GUIDE_S10.4	UNRATED	PASS	BROWSER_API_RUN	PROVENANCE_UNKNOWN	2026-10-07	PLAYWRIGHT_SCRIPT(ug-run.mjs)	-	-	PUBLIC_DEPLOY(studio.toolsmcp.uk)	YES	docs/parallel/c6/evidence/user-guide-20261007/ug-run.json#UG-133	PROVENANCE_UNKNOWN	PROVENANCE_UNKNOWN	1a9995c (claimed; the public build could not be proven to equal it)	public deploy, Chrome 154 (Playwright), demo accounts	PROVENANCE_UNKNOWN	8
UG-134	USER_GUIDE_S10.5	UNRATED	PASS	BROWSER_API_RUN	PROVENANCE_UNKNOWN	2026-10-07	PLAYWRIGHT_SCRIPT(ug-run.mjs)	-	-	PUBLIC_DEPLOY(studio.toolsmcp.uk)	YES	docs/parallel/c6/evidence/user-guide-20261007/ug-run.json#UG-134	PROVENANCE_UNKNOWN	PROVENANCE_UNKNOWN	1a9995c (claimed; the public build could not be proven to equal it)	public deploy, Chrome 154 (Playwright), demo accounts	PROVENANCE_UNKNOWN	8
UG-135	USER_GUIDE_S10.6	UNRATED	FAIL	BROWSER_API_RUN	PROVENANCE_UNKNOWN	2026-10-07	PLAYWRIGHT_SCRIPT(ug-run.mjs)	C4/C0; C5/C7	-	PUBLIC_DEPLOY(studio.toolsmcp.uk)	YES	docs/parallel/c6/evidence/user-guide-20261007/ug-run.json#UG-135	PROVENANCE_UNKNOWN	PROVENANCE_UNKNOWN	1a9995c (claimed; the public build could not be proven to equal it)	public deploy, Chrome 154 (Playwright), demo accounts	PROVENANCE_UNKNOWN	8
UG-136	USER_GUIDE_S10.7	UNRATED	PASS	BROWSER_API_RUN	PROVENANCE_UNKNOWN	2026-10-07	PLAYWRIGHT_SCRIPT(ug-run.mjs)	-	-	PUBLIC_DEPLOY(studio.toolsmcp.uk)	YES	docs/parallel/c6/evidence/user-guide-20261007/ug-run.json#UG-136	PROVENANCE_UNKNOWN	PROVENANCE_UNKNOWN	1a9995c (claimed; the public build could not be proven to equal it)	public deploy, Chrome 154 (Playwright), demo accounts	PROVENANCE_UNKNOWN	8
UG-140	USER_GUIDE_S9	UNRATED	FAIL	BROWSER_API_RUN	PROVENANCE_UNKNOWN	2026-10-07	PLAYWRIGHT_SCRIPT(ug-run.mjs)	C5/C0	-	PUBLIC_DEPLOY(studio.toolsmcp.uk)	YES	docs/parallel/c6/evidence/user-guide-20261007/ug-run.json#UG-140	PROVENANCE_UNKNOWN	PROVENANCE_UNKNOWN	1a9995c (claimed; the public build could not be proven to equal it)	public deploy, Chrome 154 (Playwright), demo accounts	PROVENANCE_UNKNOWN	8
UG-141	USER_GUIDE_S9	UNRATED	PASS	BROWSER_API_RUN	PROVENANCE_UNKNOWN	2026-10-07	PLAYWRIGHT_SCRIPT(ug-run.mjs)	-	-	PUBLIC_DEPLOY(studio.toolsmcp.uk)	YES	docs/parallel/c6/evidence/user-guide-20261007/ug-run.json#UG-141	PROVENANCE_UNKNOWN	PROVENANCE_UNKNOWN	1a9995c (claimed; the public build could not be proven to equal it)	public deploy, Chrome 154 (Playwright), demo accounts	PROVENANCE_UNKNOWN	8
UG-142	USER_GUIDE_S9	UNRATED	BLOCKED	BROWSER_API_RUN	PROVENANCE_UNKNOWN	2026-10-07	PLAYWRIGHT_SCRIPT(ug-run.mjs)	C5	-	PUBLIC_DEPLOY(studio.toolsmcp.uk)	YES	docs/parallel/c6/evidence/user-guide-20261007/ug-run.json#UG-142	PROVENANCE_UNKNOWN	PROVENANCE_UNKNOWN	1a9995c (claimed; the public build could not be proven to equal it)	public deploy, Chrome 154 (Playwright), demo accounts	PROVENANCE_UNKNOWN	8
UG-143	USER_GUIDE_S9	UNRATED	BLOCKED	BROWSER_API_RUN	PROVENANCE_UNKNOWN	2026-10-07	PLAYWRIGHT_SCRIPT(ug-run.mjs)	C0	-	PUBLIC_DEPLOY(studio.toolsmcp.uk)	YES	docs/parallel/c6/evidence/user-guide-20261007/ug-run.json#UG-143	PROVENANCE_UNKNOWN	PROVENANCE_UNKNOWN	1a9995c (claimed; the public build could not be proven to equal it)	public deploy, Chrome 154 (Playwright), demo accounts	PROVENANCE_UNKNOWN	8
UG-144	USER_GUIDE_S9	UNRATED	BLOCKED	BROWSER_API_RUN	PROVENANCE_UNKNOWN	2026-10-07	PLAYWRIGHT_SCRIPT(ug-run.mjs)	C0	-	PUBLIC_DEPLOY(studio.toolsmcp.uk)	YES	docs/parallel/c6/evidence/user-guide-20261007/ug-run.json#UG-144	PROVENANCE_UNKNOWN	PROVENANCE_UNKNOWN	1a9995c (claimed; the public build could not be proven to equal it)	public deploy, Chrome 154 (Playwright), demo accounts	PROVENANCE_UNKNOWN	8
UG-145	USER_GUIDE_S9	UNRATED	BLOCKED	BROWSER_API_RUN	PROVENANCE_UNKNOWN	2026-10-07	PLAYWRIGHT_SCRIPT(ug-run.mjs)	C2	-	PUBLIC_DEPLOY(studio.toolsmcp.uk)	YES	docs/parallel/c6/evidence/user-guide-20261007/ug-run.json#UG-145	PROVENANCE_UNKNOWN	PROVENANCE_UNKNOWN	1a9995c (claimed; the public build could not be proven to equal it)	public deploy, Chrome 154 (Playwright), demo accounts	PROVENANCE_UNKNOWN	8
UG-146	USER_GUIDE_S9	UNRATED	PASS	BROWSER_API_RUN	PROVENANCE_UNKNOWN	2026-10-07	PLAYWRIGHT_SCRIPT(ug-run.mjs)	-	-	PUBLIC_DEPLOY(studio.toolsmcp.uk)	YES	docs/parallel/c6/evidence/user-guide-20261007/ug-run.json#UG-146	PROVENANCE_UNKNOWN	PROVENANCE_UNKNOWN	1a9995c (claimed; the public build could not be proven to equal it)	public deploy, Chrome 154 (Playwright), demo accounts	PROVENANCE_UNKNOWN	8
UG-147	USER_GUIDE_S9	UNRATED	PASS	BROWSER_API_RUN	PROVENANCE_UNKNOWN	2026-10-07	PLAYWRIGHT_SCRIPT(ug-run.mjs)	C2 (obs)	-	PUBLIC_DEPLOY(studio.toolsmcp.uk)	YES	docs/parallel/c6/evidence/user-guide-20261007/ug-run.json#UG-147	PROVENANCE_UNKNOWN	PROVENANCE_UNKNOWN	1a9995c (claimed; the public build could not be proven to equal it)	public deploy, Chrome 154 (Playwright), demo accounts	PROVENANCE_UNKNOWN	8
UG-148	USER_GUIDE_S9	UNRATED	BLOCKED	BROWSER_API_RUN	PROVENANCE_UNKNOWN	2026-10-07	PLAYWRIGHT_SCRIPT(ug-run.mjs)	C0/C5	-	PUBLIC_DEPLOY(studio.toolsmcp.uk)	YES	docs/parallel/c6/evidence/user-guide-20261007/ug-run.json#UG-148	PROVENANCE_UNKNOWN	PROVENANCE_UNKNOWN	1a9995c (claimed; the public build could not be proven to equal it)	public deploy, Chrome 154 (Playwright), demo accounts	PROVENANCE_UNKNOWN	8
RC-SEC-F00	AUTH_SECURITY	UNRATED	PASS	JSON_ROWS	62ce9697cd56e8dc86b3260923f5addbcf555743	2026-10-08	API_SCRIPT(rc-sec.mjs)	-	-	ISOLATED_RC_STACK_API	NO	docs/parallel/c6/evidence/rc-62ce9697cd56/rc-sec.json#F00	62ce9697cd56e8dc86b3260923f5addbcf555743	NA	62ce9697cd56e8dc86b3260923f5addbcf555743	isolated c6rc stack from an RC worktree (API 51080), Chrome 154	RC_WIDE_REGRESSION_62ce9697cd56.md + rc-sec.json	9
RC-SEC-S01	AUTH_SECURITY	UNRATED	PASS	JSON_ROWS	62ce9697cd56e8dc86b3260923f5addbcf555743	2026-10-08	API_SCRIPT(rc-sec.mjs)	-	-	ISOLATED_RC_STACK_API	NO	docs/parallel/c6/evidence/rc-62ce9697cd56/rc-sec.json#S01	62ce9697cd56e8dc86b3260923f5addbcf555743	NA	62ce9697cd56e8dc86b3260923f5addbcf555743	isolated c6rc stack from an RC worktree (API 51080), Chrome 154	RC_WIDE_REGRESSION_62ce9697cd56.md + rc-sec.json	9
RC-SEC-S02	AUTH_SECURITY	UNRATED	PASS	JSON_ROWS	62ce9697cd56e8dc86b3260923f5addbcf555743	2026-10-08	API_SCRIPT(rc-sec.mjs)	-	-	ISOLATED_RC_STACK_API	NO	docs/parallel/c6/evidence/rc-62ce9697cd56/rc-sec.json#S02	62ce9697cd56e8dc86b3260923f5addbcf555743	NA	62ce9697cd56e8dc86b3260923f5addbcf555743	isolated c6rc stack from an RC worktree (API 51080), Chrome 154	RC_WIDE_REGRESSION_62ce9697cd56.md + rc-sec.json	9
RC-SEC-S03	AUTH_SECURITY	UNRATED	PASS	JSON_ROWS	62ce9697cd56e8dc86b3260923f5addbcf555743	2026-10-08	API_SCRIPT(rc-sec.mjs)	-	-	ISOLATED_RC_STACK_API	NO	docs/parallel/c6/evidence/rc-62ce9697cd56/rc-sec.json#S03	62ce9697cd56e8dc86b3260923f5addbcf555743	NA	62ce9697cd56e8dc86b3260923f5addbcf555743	isolated c6rc stack from an RC worktree (API 51080), Chrome 154	RC_WIDE_REGRESSION_62ce9697cd56.md + rc-sec.json	9
RC-SEC-S04	AUTH_SECURITY	UNRATED	PASS	JSON_ROWS	62ce9697cd56e8dc86b3260923f5addbcf555743	2026-10-08	API_SCRIPT(rc-sec.mjs)	-	-	ISOLATED_RC_STACK_API	NO	docs/parallel/c6/evidence/rc-62ce9697cd56/rc-sec.json#S04	62ce9697cd56e8dc86b3260923f5addbcf555743	NA	62ce9697cd56e8dc86b3260923f5addbcf555743	isolated c6rc stack from an RC worktree (API 51080), Chrome 154	RC_WIDE_REGRESSION_62ce9697cd56.md + rc-sec.json	9
RC-SEC-C01	AUTH_SECURITY	UNRATED	PASS	JSON_ROWS	62ce9697cd56e8dc86b3260923f5addbcf555743	2026-10-08	API_SCRIPT(rc-sec.mjs)	-	-	ISOLATED_RC_STACK_API	NO	docs/parallel/c6/evidence/rc-62ce9697cd56/rc-sec.json#C01	62ce9697cd56e8dc86b3260923f5addbcf555743	NA	62ce9697cd56e8dc86b3260923f5addbcf555743	isolated c6rc stack from an RC worktree (API 51080), Chrome 154	RC_WIDE_REGRESSION_62ce9697cd56.md + rc-sec.json	9
RC-SEC-C02	AUTH_SECURITY	UNRATED	PASS	JSON_ROWS	62ce9697cd56e8dc86b3260923f5addbcf555743	2026-10-08	API_SCRIPT(rc-sec.mjs)	-	-	ISOLATED_RC_STACK_API	NO	docs/parallel/c6/evidence/rc-62ce9697cd56/rc-sec.json#C02	62ce9697cd56e8dc86b3260923f5addbcf555743	NA	62ce9697cd56e8dc86b3260923f5addbcf555743	isolated c6rc stack from an RC worktree (API 51080), Chrome 154	RC_WIDE_REGRESSION_62ce9697cd56.md + rc-sec.json	9
RC-SEC-C03	AUTH_SECURITY	UNRATED	PASS	JSON_ROWS	62ce9697cd56e8dc86b3260923f5addbcf555743	2026-10-08	API_SCRIPT(rc-sec.mjs)	-	-	ISOLATED_RC_STACK_API	NO	docs/parallel/c6/evidence/rc-62ce9697cd56/rc-sec.json#C03	62ce9697cd56e8dc86b3260923f5addbcf555743	NA	62ce9697cd56e8dc86b3260923f5addbcf555743	isolated c6rc stack from an RC worktree (API 51080), Chrome 154	RC_WIDE_REGRESSION_62ce9697cd56.md + rc-sec.json	9
RC-SEC-C04	AUTH_SECURITY	UNRATED	PASS	JSON_ROWS	62ce9697cd56e8dc86b3260923f5addbcf555743	2026-10-08	API_SCRIPT(rc-sec.mjs)	-	-	ISOLATED_RC_STACK_API	NO	docs/parallel/c6/evidence/rc-62ce9697cd56/rc-sec.json#C04	62ce9697cd56e8dc86b3260923f5addbcf555743	NA	62ce9697cd56e8dc86b3260923f5addbcf555743	isolated c6rc stack from an RC worktree (API 51080), Chrome 154	RC_WIDE_REGRESSION_62ce9697cd56.md + rc-sec.json	9
RC-SEC-C05	AUTH_SECURITY	UNRATED	PASS	JSON_ROWS	62ce9697cd56e8dc86b3260923f5addbcf555743	2026-10-08	API_SCRIPT(rc-sec.mjs)	-	-	ISOLATED_RC_STACK_API	NO	docs/parallel/c6/evidence/rc-62ce9697cd56/rc-sec.json#C05	62ce9697cd56e8dc86b3260923f5addbcf555743	NA	62ce9697cd56e8dc86b3260923f5addbcf555743	isolated c6rc stack from an RC worktree (API 51080), Chrome 154	RC_WIDE_REGRESSION_62ce9697cd56.md + rc-sec.json	9
RC-SEC-C06	AUTH_SECURITY	UNRATED	PASS	JSON_ROWS	62ce9697cd56e8dc86b3260923f5addbcf555743	2026-10-08	API_SCRIPT(rc-sec.mjs)	-	-	ISOLATED_RC_STACK_API	NO	docs/parallel/c6/evidence/rc-62ce9697cd56/rc-sec.json#C06	62ce9697cd56e8dc86b3260923f5addbcf555743	NA	62ce9697cd56e8dc86b3260923f5addbcf555743	isolated c6rc stack from an RC worktree (API 51080), Chrome 154	RC_WIDE_REGRESSION_62ce9697cd56.md + rc-sec.json	9
RC-SEC-C07	AUTH_SECURITY	UNRATED	PASS	JSON_ROWS	62ce9697cd56e8dc86b3260923f5addbcf555743	2026-10-08	API_SCRIPT(rc-sec.mjs)	-	-	ISOLATED_RC_STACK_API	NO	docs/parallel/c6/evidence/rc-62ce9697cd56/rc-sec.json#C07	62ce9697cd56e8dc86b3260923f5addbcf555743	NA	62ce9697cd56e8dc86b3260923f5addbcf555743	isolated c6rc stack from an RC worktree (API 51080), Chrome 154	RC_WIDE_REGRESSION_62ce9697cd56.md + rc-sec.json	9
RC-SEC-C08	AUTH_SECURITY	UNRATED	PASS	JSON_ROWS	62ce9697cd56e8dc86b3260923f5addbcf555743	2026-10-08	API_SCRIPT(rc-sec.mjs)	-	-	ISOLATED_RC_STACK_API	NO	docs/parallel/c6/evidence/rc-62ce9697cd56/rc-sec.json#C08	62ce9697cd56e8dc86b3260923f5addbcf555743	NA	62ce9697cd56e8dc86b3260923f5addbcf555743	isolated c6rc stack from an RC worktree (API 51080), Chrome 154	RC_WIDE_REGRESSION_62ce9697cd56.md + rc-sec.json	9
RC-SEC-A01	AUTH_SECURITY	UNRATED	PASS	JSON_ROWS	62ce9697cd56e8dc86b3260923f5addbcf555743	2026-10-08	API_SCRIPT(rc-sec.mjs)	-	-	ISOLATED_RC_STACK_API	NO	docs/parallel/c6/evidence/rc-62ce9697cd56/rc-sec.json#A01	62ce9697cd56e8dc86b3260923f5addbcf555743	NA	62ce9697cd56e8dc86b3260923f5addbcf555743	isolated c6rc stack from an RC worktree (API 51080), Chrome 154	RC_WIDE_REGRESSION_62ce9697cd56.md + rc-sec.json	9
RC-SEC-A02	AUTH_SECURITY	UNRATED	PASS	JSON_ROWS	62ce9697cd56e8dc86b3260923f5addbcf555743	2026-10-08	API_SCRIPT(rc-sec.mjs)	-	-	ISOLATED_RC_STACK_API	NO	docs/parallel/c6/evidence/rc-62ce9697cd56/rc-sec.json#A02	62ce9697cd56e8dc86b3260923f5addbcf555743	NA	62ce9697cd56e8dc86b3260923f5addbcf555743	isolated c6rc stack from an RC worktree (API 51080), Chrome 154	RC_WIDE_REGRESSION_62ce9697cd56.md + rc-sec.json	9
RC-SEC-A03	AUTH_SECURITY	UNRATED	PASS	JSON_ROWS	62ce9697cd56e8dc86b3260923f5addbcf555743	2026-10-08	API_SCRIPT(rc-sec.mjs)	-	-	ISOLATED_RC_STACK_API	NO	docs/parallel/c6/evidence/rc-62ce9697cd56/rc-sec.json#A03	62ce9697cd56e8dc86b3260923f5addbcf555743	NA	62ce9697cd56e8dc86b3260923f5addbcf555743	isolated c6rc stack from an RC worktree (API 51080), Chrome 154	RC_WIDE_REGRESSION_62ce9697cd56.md + rc-sec.json	9
RC-SEC-A04	AUTH_SECURITY	UNRATED	PASS	JSON_ROWS	62ce9697cd56e8dc86b3260923f5addbcf555743	2026-10-08	API_SCRIPT(rc-sec.mjs)	-	-	ISOLATED_RC_STACK_API	NO	docs/parallel/c6/evidence/rc-62ce9697cd56/rc-sec.json#A04	62ce9697cd56e8dc86b3260923f5addbcf555743	NA	62ce9697cd56e8dc86b3260923f5addbcf555743	isolated c6rc stack from an RC worktree (API 51080), Chrome 154	RC_WIDE_REGRESSION_62ce9697cd56.md + rc-sec.json	9
RC-SEC-A05	AUTH_SECURITY	UNRATED	PASS	JSON_ROWS	62ce9697cd56e8dc86b3260923f5addbcf555743	2026-10-08	API_SCRIPT(rc-sec.mjs)	-	-	ISOLATED_RC_STACK_API	NO	docs/parallel/c6/evidence/rc-62ce9697cd56/rc-sec.json#A05	62ce9697cd56e8dc86b3260923f5addbcf555743	NA	62ce9697cd56e8dc86b3260923f5addbcf555743	isolated c6rc stack from an RC worktree (API 51080), Chrome 154	RC_WIDE_REGRESSION_62ce9697cd56.md + rc-sec.json	9
RC-SEC-A12a	AUTH_SECURITY	UNRATED	PASS	JSON_ROWS	62ce9697cd56e8dc86b3260923f5addbcf555743	2026-10-08	API_SCRIPT(rc-sec.mjs)	-	-	ISOLATED_RC_STACK_API	NO	docs/parallel/c6/evidence/rc-62ce9697cd56/rc-sec.json#A12a	62ce9697cd56e8dc86b3260923f5addbcf555743	NA	62ce9697cd56e8dc86b3260923f5addbcf555743	isolated c6rc stack from an RC worktree (API 51080), Chrome 154	RC_WIDE_REGRESSION_62ce9697cd56.md + rc-sec.json	9
RC-SEC-A12b	AUTH_SECURITY	UNRATED	PASS	JSON_ROWS	62ce9697cd56e8dc86b3260923f5addbcf555743	2026-10-08	API_SCRIPT(rc-sec.mjs)	-	-	ISOLATED_RC_STACK_API	NO	docs/parallel/c6/evidence/rc-62ce9697cd56/rc-sec.json#A12b	62ce9697cd56e8dc86b3260923f5addbcf555743	NA	62ce9697cd56e8dc86b3260923f5addbcf555743	isolated c6rc stack from an RC worktree (API 51080), Chrome 154	RC_WIDE_REGRESSION_62ce9697cd56.md + rc-sec.json	9
RC-SEC-A12	AUTH_SECURITY	UNRATED	PASS	JSON_ROWS	62ce9697cd56e8dc86b3260923f5addbcf555743	2026-10-08	API_SCRIPT(rc-sec.mjs)	-	-	ISOLATED_RC_STACK_API	NO	docs/parallel/c6/evidence/rc-62ce9697cd56/rc-sec.json#A12	62ce9697cd56e8dc86b3260923f5addbcf555743	NA	62ce9697cd56e8dc86b3260923f5addbcf555743	isolated c6rc stack from an RC worktree (API 51080), Chrome 154	RC_WIDE_REGRESSION_62ce9697cd56.md + rc-sec.json	9
RC-SEC-A13	AUTH_SECURITY	UNRATED	PASS	JSON_ROWS	62ce9697cd56e8dc86b3260923f5addbcf555743	2026-10-08	API_SCRIPT(rc-sec.mjs)	-	-	ISOLATED_RC_STACK_API	NO	docs/parallel/c6/evidence/rc-62ce9697cd56/rc-sec.json#A13	62ce9697cd56e8dc86b3260923f5addbcf555743	NA	62ce9697cd56e8dc86b3260923f5addbcf555743	isolated c6rc stack from an RC worktree (API 51080), Chrome 154	RC_WIDE_REGRESSION_62ce9697cd56.md + rc-sec.json	9
RC-SEC-A14	AUTH_SECURITY	UNRATED	PASS	JSON_ROWS	62ce9697cd56e8dc86b3260923f5addbcf555743	2026-10-08	API_SCRIPT(rc-sec.mjs)	-	-	ISOLATED_RC_STACK_API	NO	docs/parallel/c6/evidence/rc-62ce9697cd56/rc-sec.json#A14	62ce9697cd56e8dc86b3260923f5addbcf555743	NA	62ce9697cd56e8dc86b3260923f5addbcf555743	isolated c6rc stack from an RC worktree (API 51080), Chrome 154	RC_WIDE_REGRESSION_62ce9697cd56.md + rc-sec.json	9
RC-SEC-A15	AUTH_SECURITY	UNRATED	PASS	JSON_ROWS	62ce9697cd56e8dc86b3260923f5addbcf555743	2026-10-08	API_SCRIPT(rc-sec.mjs)	-	-	ISOLATED_RC_STACK_API	NO	docs/parallel/c6/evidence/rc-62ce9697cd56/rc-sec.json#A15	62ce9697cd56e8dc86b3260923f5addbcf555743	NA	62ce9697cd56e8dc86b3260923f5addbcf555743	isolated c6rc stack from an RC worktree (API 51080), Chrome 154	RC_WIDE_REGRESSION_62ce9697cd56.md + rc-sec.json	9
RC-SEC-A06	AUTH_SECURITY	UNRATED	PASS	JSON_ROWS	62ce9697cd56e8dc86b3260923f5addbcf555743	2026-10-08	API_SCRIPT(rc-sec.mjs)	-	-	ISOLATED_RC_STACK_API	NO	docs/parallel/c6/evidence/rc-62ce9697cd56/rc-sec.json#A06	62ce9697cd56e8dc86b3260923f5addbcf555743	NA	62ce9697cd56e8dc86b3260923f5addbcf555743	isolated c6rc stack from an RC worktree (API 51080), Chrome 154	RC_WIDE_REGRESSION_62ce9697cd56.md + rc-sec.json	9
RC-SEC-A07	AUTH_SECURITY	UNRATED	PASS	JSON_ROWS	62ce9697cd56e8dc86b3260923f5addbcf555743	2026-10-08	API_SCRIPT(rc-sec.mjs)	-	-	ISOLATED_RC_STACK_API	NO	docs/parallel/c6/evidence/rc-62ce9697cd56/rc-sec.json#A07	62ce9697cd56e8dc86b3260923f5addbcf555743	NA	62ce9697cd56e8dc86b3260923f5addbcf555743	isolated c6rc stack from an RC worktree (API 51080), Chrome 154	RC_WIDE_REGRESSION_62ce9697cd56.md + rc-sec.json	9
RC-SEC-A08	AUTH_SECURITY	UNRATED	PASS	JSON_ROWS	62ce9697cd56e8dc86b3260923f5addbcf555743	2026-10-08	API_SCRIPT(rc-sec.mjs)	-	-	ISOLATED_RC_STACK_API	NO	docs/parallel/c6/evidence/rc-62ce9697cd56/rc-sec.json#A08	62ce9697cd56e8dc86b3260923f5addbcf555743	NA	62ce9697cd56e8dc86b3260923f5addbcf555743	isolated c6rc stack from an RC worktree (API 51080), Chrome 154	RC_WIDE_REGRESSION_62ce9697cd56.md + rc-sec.json	9
RC-SEC-A09	AUTH_SECURITY	UNRATED	PASS	JSON_ROWS	62ce9697cd56e8dc86b3260923f5addbcf555743	2026-10-08	API_SCRIPT(rc-sec.mjs)	-	-	ISOLATED_RC_STACK_API	NO	docs/parallel/c6/evidence/rc-62ce9697cd56/rc-sec.json#A09	62ce9697cd56e8dc86b3260923f5addbcf555743	NA	62ce9697cd56e8dc86b3260923f5addbcf555743	isolated c6rc stack from an RC worktree (API 51080), Chrome 154	RC_WIDE_REGRESSION_62ce9697cd56.md + rc-sec.json	9
RC-SEC-A10	AUTH_SECURITY	UNRATED	PASS	JSON_ROWS	62ce9697cd56e8dc86b3260923f5addbcf555743	2026-10-08	API_SCRIPT(rc-sec.mjs)	-	-	ISOLATED_RC_STACK_API	NO	docs/parallel/c6/evidence/rc-62ce9697cd56/rc-sec.json#A10	62ce9697cd56e8dc86b3260923f5addbcf555743	NA	62ce9697cd56e8dc86b3260923f5addbcf555743	isolated c6rc stack from an RC worktree (API 51080), Chrome 154	RC_WIDE_REGRESSION_62ce9697cd56.md + rc-sec.json	9
RC-SEC-A11	AUTH_SECURITY	UNRATED	PASS	JSON_ROWS	62ce9697cd56e8dc86b3260923f5addbcf555743	2026-10-08	API_SCRIPT(rc-sec.mjs)	-	-	ISOLATED_RC_STACK_API	NO	docs/parallel/c6/evidence/rc-62ce9697cd56/rc-sec.json#A11	62ce9697cd56e8dc86b3260923f5addbcf555743	NA	62ce9697cd56e8dc86b3260923f5addbcf555743	isolated c6rc stack from an RC worktree (API 51080), Chrome 154	RC_WIDE_REGRESSION_62ce9697cd56.md + rc-sec.json	9
RC-SEC-N01	AUTH_SECURITY	UNRATED	PASS	JSON_ROWS	62ce9697cd56e8dc86b3260923f5addbcf555743	2026-10-08	API_SCRIPT(rc-sec.mjs)	-	-	ISOLATED_RC_STACK_API	NO	docs/parallel/c6/evidence/rc-62ce9697cd56/rc-sec.json#N01	62ce9697cd56e8dc86b3260923f5addbcf555743	NA	62ce9697cd56e8dc86b3260923f5addbcf555743	isolated c6rc stack from an RC worktree (API 51080), Chrome 154	RC_WIDE_REGRESSION_62ce9697cd56.md + rc-sec.json	9
RC-SEC-N02	AUTH_SECURITY	UNRATED	PASS	JSON_ROWS	62ce9697cd56e8dc86b3260923f5addbcf555743	2026-10-08	API_SCRIPT(rc-sec.mjs)	-	-	ISOLATED_RC_STACK_API	NO	docs/parallel/c6/evidence/rc-62ce9697cd56/rc-sec.json#N02	62ce9697cd56e8dc86b3260923f5addbcf555743	NA	62ce9697cd56e8dc86b3260923f5addbcf555743	isolated c6rc stack from an RC worktree (API 51080), Chrome 154	RC_WIDE_REGRESSION_62ce9697cd56.md + rc-sec.json	9
RC-SEC-N03	AUTH_SECURITY	UNRATED	PASS	JSON_ROWS	62ce9697cd56e8dc86b3260923f5addbcf555743	2026-10-08	API_SCRIPT(rc-sec.mjs)	-	-	ISOLATED_RC_STACK_API	NO	docs/parallel/c6/evidence/rc-62ce9697cd56/rc-sec.json#N03	62ce9697cd56e8dc86b3260923f5addbcf555743	NA	62ce9697cd56e8dc86b3260923f5addbcf555743	isolated c6rc stack from an RC worktree (API 51080), Chrome 154	RC_WIDE_REGRESSION_62ce9697cd56.md + rc-sec.json	9
RC-SEC-N04	AUTH_SECURITY	UNRATED	PASS	JSON_ROWS	62ce9697cd56e8dc86b3260923f5addbcf555743	2026-10-08	API_SCRIPT(rc-sec.mjs)	-	-	ISOLATED_RC_STACK_API	NO	docs/parallel/c6/evidence/rc-62ce9697cd56/rc-sec.json#N04	62ce9697cd56e8dc86b3260923f5addbcf555743	NA	62ce9697cd56e8dc86b3260923f5addbcf555743	isolated c6rc stack from an RC worktree (API 51080), Chrome 154	RC_WIDE_REGRESSION_62ce9697cd56.md + rc-sec.json	9
RC-SEC-N05	AUTH_SECURITY	UNRATED	PASS	JSON_ROWS	62ce9697cd56e8dc86b3260923f5addbcf555743	2026-10-08	API_SCRIPT(rc-sec.mjs)	-	-	ISOLATED_RC_STACK_API	NO	docs/parallel/c6/evidence/rc-62ce9697cd56/rc-sec.json#N05	62ce9697cd56e8dc86b3260923f5addbcf555743	NA	62ce9697cd56e8dc86b3260923f5addbcf555743	isolated c6rc stack from an RC worktree (API 51080), Chrome 154	RC_WIDE_REGRESSION_62ce9697cd56.md + rc-sec.json	9
RC-SEC-N06	AUTH_SECURITY	UNRATED	PASS	JSON_ROWS	62ce9697cd56e8dc86b3260923f5addbcf555743	2026-10-08	API_SCRIPT(rc-sec.mjs)	-	-	ISOLATED_RC_STACK_API	NO	docs/parallel/c6/evidence/rc-62ce9697cd56/rc-sec.json#N06	62ce9697cd56e8dc86b3260923f5addbcf555743	NA	62ce9697cd56e8dc86b3260923f5addbcf555743	isolated c6rc stack from an RC worktree (API 51080), Chrome 154	RC_WIDE_REGRESSION_62ce9697cd56.md + rc-sec.json	9
RC-SEC-N07	AUTH_SECURITY	UNRATED	PASS	JSON_ROWS	62ce9697cd56e8dc86b3260923f5addbcf555743	2026-10-08	API_SCRIPT(rc-sec.mjs)	-	-	ISOLATED_RC_STACK_API	NO	docs/parallel/c6/evidence/rc-62ce9697cd56/rc-sec.json#N07	62ce9697cd56e8dc86b3260923f5addbcf555743	NA	62ce9697cd56e8dc86b3260923f5addbcf555743	isolated c6rc stack from an RC worktree (API 51080), Chrome 154	RC_WIDE_REGRESSION_62ce9697cd56.md + rc-sec.json	9
RC-SEC-N08	AUTH_SECURITY	UNRATED	PASS	JSON_ROWS	62ce9697cd56e8dc86b3260923f5addbcf555743	2026-10-08	API_SCRIPT(rc-sec.mjs)	-	-	ISOLATED_RC_STACK_API	NO	docs/parallel/c6/evidence/rc-62ce9697cd56/rc-sec.json#N08	62ce9697cd56e8dc86b3260923f5addbcf555743	NA	62ce9697cd56e8dc86b3260923f5addbcf555743	isolated c6rc stack from an RC worktree (API 51080), Chrome 154	RC_WIDE_REGRESSION_62ce9697cd56.md + rc-sec.json	9
RC-SEC-N09	AUTH_SECURITY	UNRATED	PASS	JSON_ROWS	62ce9697cd56e8dc86b3260923f5addbcf555743	2026-10-08	API_SCRIPT(rc-sec.mjs)	-	-	ISOLATED_RC_STACK_API	NO	docs/parallel/c6/evidence/rc-62ce9697cd56/rc-sec.json#N09	62ce9697cd56e8dc86b3260923f5addbcf555743	NA	62ce9697cd56e8dc86b3260923f5addbcf555743	isolated c6rc stack from an RC worktree (API 51080), Chrome 154	RC_WIDE_REGRESSION_62ce9697cd56.md + rc-sec.json	9
RC-SEC-N10	AUTH_SECURITY	UNRATED	PASS	JSON_ROWS	62ce9697cd56e8dc86b3260923f5addbcf555743	2026-10-08	API_SCRIPT(rc-sec.mjs)	-	-	ISOLATED_RC_STACK_API	NO	docs/parallel/c6/evidence/rc-62ce9697cd56/rc-sec.json#N10	62ce9697cd56e8dc86b3260923f5addbcf555743	NA	62ce9697cd56e8dc86b3260923f5addbcf555743	isolated c6rc stack from an RC worktree (API 51080), Chrome 154	RC_WIDE_REGRESSION_62ce9697cd56.md + rc-sec.json	9
RC-SEC-N11	AUTH_SECURITY	UNRATED	PASS	JSON_ROWS	62ce9697cd56e8dc86b3260923f5addbcf555743	2026-10-08	API_SCRIPT(rc-sec.mjs)	-	-	ISOLATED_RC_STACK_API	NO	docs/parallel/c6/evidence/rc-62ce9697cd56/rc-sec.json#N11	62ce9697cd56e8dc86b3260923f5addbcf555743	NA	62ce9697cd56e8dc86b3260923f5addbcf555743	isolated c6rc stack from an RC worktree (API 51080), Chrome 154	RC_WIDE_REGRESSION_62ce9697cd56.md + rc-sec.json	9
RC-SEC-N12	AUTH_SECURITY	UNRATED	PASS	JSON_ROWS	62ce9697cd56e8dc86b3260923f5addbcf555743	2026-10-08	API_SCRIPT(rc-sec.mjs)	-	-	ISOLATED_RC_STACK_API	NO	docs/parallel/c6/evidence/rc-62ce9697cd56/rc-sec.json#N12	62ce9697cd56e8dc86b3260923f5addbcf555743	NA	62ce9697cd56e8dc86b3260923f5addbcf555743	isolated c6rc stack from an RC worktree (API 51080), Chrome 154	RC_WIDE_REGRESSION_62ce9697cd56.md + rc-sec.json	9
RC-SEC-N13	AUTH_SECURITY	UNRATED	PASS	JSON_ROWS	62ce9697cd56e8dc86b3260923f5addbcf555743	2026-10-08	API_SCRIPT(rc-sec.mjs)	-	-	ISOLATED_RC_STACK_API	NO	docs/parallel/c6/evidence/rc-62ce9697cd56/rc-sec.json#N13	62ce9697cd56e8dc86b3260923f5addbcf555743	NA	62ce9697cd56e8dc86b3260923f5addbcf555743	isolated c6rc stack from an RC worktree (API 51080), Chrome 154	RC_WIDE_REGRESSION_62ce9697cd56.md + rc-sec.json	9
RC-SEC-N14	AUTH_SECURITY	UNRATED	PASS	JSON_ROWS	62ce9697cd56e8dc86b3260923f5addbcf555743	2026-10-08	API_SCRIPT(rc-sec.mjs)	-	-	ISOLATED_RC_STACK_API	NO	docs/parallel/c6/evidence/rc-62ce9697cd56/rc-sec.json#N14	62ce9697cd56e8dc86b3260923f5addbcf555743	NA	62ce9697cd56e8dc86b3260923f5addbcf555743	isolated c6rc stack from an RC worktree (API 51080), Chrome 154	RC_WIDE_REGRESSION_62ce9697cd56.md + rc-sec.json	9
RC-SEC-E01	AUTH_SECURITY	UNRATED	PASS	JSON_ROWS	62ce9697cd56e8dc86b3260923f5addbcf555743	2026-10-08	API_SCRIPT(rc-sec.mjs)	-	-	ISOLATED_RC_STACK_API	NO	docs/parallel/c6/evidence/rc-62ce9697cd56/rc-sec.json#E01	62ce9697cd56e8dc86b3260923f5addbcf555743	NA	62ce9697cd56e8dc86b3260923f5addbcf555743	isolated c6rc stack from an RC worktree (API 51080), Chrome 154	RC_WIDE_REGRESSION_62ce9697cd56.md + rc-sec.json	9
RC-SEC-E02	AUTH_SECURITY	UNRATED	PASS	JSON_ROWS	62ce9697cd56e8dc86b3260923f5addbcf555743	2026-10-08	API_SCRIPT(rc-sec.mjs)	-	-	ISOLATED_RC_STACK_API	NO	docs/parallel/c6/evidence/rc-62ce9697cd56/rc-sec.json#E02	62ce9697cd56e8dc86b3260923f5addbcf555743	NA	62ce9697cd56e8dc86b3260923f5addbcf555743	isolated c6rc stack from an RC worktree (API 51080), Chrome 154	RC_WIDE_REGRESSION_62ce9697cd56.md + rc-sec.json	9
RC-SEC-E03	AUTH_SECURITY	UNRATED	PASS	JSON_ROWS	62ce9697cd56e8dc86b3260923f5addbcf555743	2026-10-08	API_SCRIPT(rc-sec.mjs)	-	-	ISOLATED_RC_STACK_API	NO	docs/parallel/c6/evidence/rc-62ce9697cd56/rc-sec.json#E03	62ce9697cd56e8dc86b3260923f5addbcf555743	NA	62ce9697cd56e8dc86b3260923f5addbcf555743	isolated c6rc stack from an RC worktree (API 51080), Chrome 154	RC_WIDE_REGRESSION_62ce9697cd56.md + rc-sec.json	9
RC-SEC-E04	AUTH_SECURITY	UNRATED	PASS	JSON_ROWS	62ce9697cd56e8dc86b3260923f5addbcf555743	2026-10-08	API_SCRIPT(rc-sec.mjs)	-	-	ISOLATED_RC_STACK_API	NO	docs/parallel/c6/evidence/rc-62ce9697cd56/rc-sec.json#E04	62ce9697cd56e8dc86b3260923f5addbcf555743	NA	62ce9697cd56e8dc86b3260923f5addbcf555743	isolated c6rc stack from an RC worktree (API 51080), Chrome 154	RC_WIDE_REGRESSION_62ce9697cd56.md + rc-sec.json	9
RC-SEC-E05	AUTH_SECURITY	UNRATED	PASS	JSON_ROWS	62ce9697cd56e8dc86b3260923f5addbcf555743	2026-10-08	API_SCRIPT(rc-sec.mjs)	-	-	ISOLATED_RC_STACK_API	NO	docs/parallel/c6/evidence/rc-62ce9697cd56/rc-sec.json#E05	62ce9697cd56e8dc86b3260923f5addbcf555743	NA	62ce9697cd56e8dc86b3260923f5addbcf555743	isolated c6rc stack from an RC worktree (API 51080), Chrome 154	RC_WIDE_REGRESSION_62ce9697cd56.md + rc-sec.json	9
RC-SEC-E06	AUTH_SECURITY	UNRATED	PASS	JSON_ROWS	62ce9697cd56e8dc86b3260923f5addbcf555743	2026-10-08	API_SCRIPT(rc-sec.mjs)	-	-	ISOLATED_RC_STACK_API	NO	docs/parallel/c6/evidence/rc-62ce9697cd56/rc-sec.json#E06	62ce9697cd56e8dc86b3260923f5addbcf555743	NA	62ce9697cd56e8dc86b3260923f5addbcf555743	isolated c6rc stack from an RC worktree (API 51080), Chrome 154	RC_WIDE_REGRESSION_62ce9697cd56.md + rc-sec.json	9
RC-SEC-E07	AUTH_SECURITY	UNRATED	PASS	JSON_ROWS	62ce9697cd56e8dc86b3260923f5addbcf555743	2026-10-08	API_SCRIPT(rc-sec.mjs)	-	-	ISOLATED_RC_STACK_API	NO	docs/parallel/c6/evidence/rc-62ce9697cd56/rc-sec.json#E07	62ce9697cd56e8dc86b3260923f5addbcf555743	NA	62ce9697cd56e8dc86b3260923f5addbcf555743	isolated c6rc stack from an RC worktree (API 51080), Chrome 154	RC_WIDE_REGRESSION_62ce9697cd56.md + rc-sec.json	9
RC-SEC-E08	AUTH_SECURITY	UNRATED	PASS	JSON_ROWS	62ce9697cd56e8dc86b3260923f5addbcf555743	2026-10-08	API_SCRIPT(rc-sec.mjs)	-	-	ISOLATED_RC_STACK_API	NO	docs/parallel/c6/evidence/rc-62ce9697cd56/rc-sec.json#E08	62ce9697cd56e8dc86b3260923f5addbcf555743	NA	62ce9697cd56e8dc86b3260923f5addbcf555743	isolated c6rc stack from an RC worktree (API 51080), Chrome 154	RC_WIDE_REGRESSION_62ce9697cd56.md + rc-sec.json	9
RC-SEC-E09	AUTH_SECURITY	UNRATED	PASS	JSON_ROWS	62ce9697cd56e8dc86b3260923f5addbcf555743	2026-10-08	API_SCRIPT(rc-sec.mjs)	-	-	ISOLATED_RC_STACK_API	NO	docs/parallel/c6/evidence/rc-62ce9697cd56/rc-sec.json#E09	62ce9697cd56e8dc86b3260923f5addbcf555743	NA	62ce9697cd56e8dc86b3260923f5addbcf555743	isolated c6rc stack from an RC worktree (API 51080), Chrome 154	RC_WIDE_REGRESSION_62ce9697cd56.md + rc-sec.json	9
RC-SEC-D01	AUTH_SECURITY	UNRATED	PASS	JSON_ROWS	62ce9697cd56e8dc86b3260923f5addbcf555743	2026-10-08	API_SCRIPT(rc-sec.mjs)	-	-	ISOLATED_RC_STACK_API	NO	docs/parallel/c6/evidence/rc-62ce9697cd56/rc-sec.json#D01	62ce9697cd56e8dc86b3260923f5addbcf555743	NA	62ce9697cd56e8dc86b3260923f5addbcf555743	isolated c6rc stack from an RC worktree (API 51080), Chrome 154	RC_WIDE_REGRESSION_62ce9697cd56.md + rc-sec.json	9
RC-SEC-D02	AUTH_SECURITY	UNRATED	PASS	JSON_ROWS	62ce9697cd56e8dc86b3260923f5addbcf555743	2026-10-08	API_SCRIPT(rc-sec.mjs)	-	-	ISOLATED_RC_STACK_API	NO	docs/parallel/c6/evidence/rc-62ce9697cd56/rc-sec.json#D02	62ce9697cd56e8dc86b3260923f5addbcf555743	NA	62ce9697cd56e8dc86b3260923f5addbcf555743	isolated c6rc stack from an RC worktree (API 51080), Chrome 154	RC_WIDE_REGRESSION_62ce9697cd56.md + rc-sec.json	9
RC-SEC-D03	AUTH_SECURITY	UNRATED	PASS	JSON_ROWS	62ce9697cd56e8dc86b3260923f5addbcf555743	2026-10-08	API_SCRIPT(rc-sec.mjs)	-	-	ISOLATED_RC_STACK_API	NO	docs/parallel/c6/evidence/rc-62ce9697cd56/rc-sec.json#D03	62ce9697cd56e8dc86b3260923f5addbcf555743	NA	62ce9697cd56e8dc86b3260923f5addbcf555743	isolated c6rc stack from an RC worktree (API 51080), Chrome 154	RC_WIDE_REGRESSION_62ce9697cd56.md + rc-sec.json	9
RC-SEC-D04	AUTH_SECURITY	UNRATED	PASS	JSON_ROWS	62ce9697cd56e8dc86b3260923f5addbcf555743	2026-10-08	API_SCRIPT(rc-sec.mjs)	-	-	ISOLATED_RC_STACK_API	NO	docs/parallel/c6/evidence/rc-62ce9697cd56/rc-sec.json#D04	62ce9697cd56e8dc86b3260923f5addbcf555743	NA	62ce9697cd56e8dc86b3260923f5addbcf555743	isolated c6rc stack from an RC worktree (API 51080), Chrome 154	RC_WIDE_REGRESSION_62ce9697cd56.md + rc-sec.json	9
RC-SEC-L01	AUTH_SECURITY	UNRATED	PASS	JSON_ROWS	62ce9697cd56e8dc86b3260923f5addbcf555743	2026-10-08	API_SCRIPT(rc-sec.mjs)	-	-	ISOLATED_RC_STACK_API	NO	docs/parallel/c6/evidence/rc-62ce9697cd56/rc-sec.json#L01	62ce9697cd56e8dc86b3260923f5addbcf555743	NA	62ce9697cd56e8dc86b3260923f5addbcf555743	isolated c6rc stack from an RC worktree (API 51080), Chrome 154	RC_WIDE_REGRESSION_62ce9697cd56.md + rc-sec.json	9
RC-SEC-L02	AUTH_SECURITY	UNRATED	PASS	JSON_ROWS	62ce9697cd56e8dc86b3260923f5addbcf555743	2026-10-08	API_SCRIPT(rc-sec.mjs)	-	-	ISOLATED_RC_STACK_API	NO	docs/parallel/c6/evidence/rc-62ce9697cd56/rc-sec.json#L02	62ce9697cd56e8dc86b3260923f5addbcf555743	NA	62ce9697cd56e8dc86b3260923f5addbcf555743	isolated c6rc stack from an RC worktree (API 51080), Chrome 154	RC_WIDE_REGRESSION_62ce9697cd56.md + rc-sec.json	9
RC-SEC-L03	AUTH_SECURITY	UNRATED	PASS	JSON_ROWS	62ce9697cd56e8dc86b3260923f5addbcf555743	2026-10-08	API_SCRIPT(rc-sec.mjs)	-	-	ISOLATED_RC_STACK_API	NO	docs/parallel/c6/evidence/rc-62ce9697cd56/rc-sec.json#L03	62ce9697cd56e8dc86b3260923f5addbcf555743	NA	62ce9697cd56e8dc86b3260923f5addbcf555743	isolated c6rc stack from an RC worktree (API 51080), Chrome 154	RC_WIDE_REGRESSION_62ce9697cd56.md + rc-sec.json	9
RC-SEC-L04	AUTH_SECURITY	UNRATED	PASS	JSON_ROWS	62ce9697cd56e8dc86b3260923f5addbcf555743	2026-10-08	API_SCRIPT(rc-sec.mjs)	-	-	ISOLATED_RC_STACK_API	NO	docs/parallel/c6/evidence/rc-62ce9697cd56/rc-sec.json#L04	62ce9697cd56e8dc86b3260923f5addbcf555743	NA	62ce9697cd56e8dc86b3260923f5addbcf555743	isolated c6rc stack from an RC worktree (API 51080), Chrome 154	RC_WIDE_REGRESSION_62ce9697cd56.md + rc-sec.json	9
RC-SEC-L05	AUTH_SECURITY	UNRATED	PASS	JSON_ROWS	62ce9697cd56e8dc86b3260923f5addbcf555743	2026-10-08	API_SCRIPT(rc-sec.mjs)	-	-	ISOLATED_RC_STACK_API	NO	docs/parallel/c6/evidence/rc-62ce9697cd56/rc-sec.json#L05	62ce9697cd56e8dc86b3260923f5addbcf555743	NA	62ce9697cd56e8dc86b3260923f5addbcf555743	isolated c6rc stack from an RC worktree (API 51080), Chrome 154	RC_WIDE_REGRESSION_62ce9697cd56.md + rc-sec.json	9
RC-SEC-L06	AUTH_SECURITY	UNRATED	PASS	JSON_ROWS	62ce9697cd56e8dc86b3260923f5addbcf555743	2026-10-08	API_SCRIPT(rc-sec.mjs)	-	-	ISOLATED_RC_STACK_API	NO	docs/parallel/c6/evidence/rc-62ce9697cd56/rc-sec.json#L06	62ce9697cd56e8dc86b3260923f5addbcf555743	NA	62ce9697cd56e8dc86b3260923f5addbcf555743	isolated c6rc stack from an RC worktree (API 51080), Chrome 154	RC_WIDE_REGRESSION_62ce9697cd56.md + rc-sec.json	9
RC-SEC-O01	AUTH_SECURITY	UNRATED	PASS	JSON_ROWS	62ce9697cd56e8dc86b3260923f5addbcf555743	2026-10-08	API_SCRIPT(rc-sec.mjs)	-	-	ISOLATED_RC_STACK_API	NO	docs/parallel/c6/evidence/rc-62ce9697cd56/rc-sec.json#O01	62ce9697cd56e8dc86b3260923f5addbcf555743	NA	62ce9697cd56e8dc86b3260923f5addbcf555743	isolated c6rc stack from an RC worktree (API 51080), Chrome 154	RC_WIDE_REGRESSION_62ce9697cd56.md + rc-sec.json	9
RC-SEC-O02	AUTH_SECURITY	UNRATED	PASS	JSON_ROWS	62ce9697cd56e8dc86b3260923f5addbcf555743	2026-10-08	API_SCRIPT(rc-sec.mjs)	-	-	ISOLATED_RC_STACK_API	NO	docs/parallel/c6/evidence/rc-62ce9697cd56/rc-sec.json#O02	62ce9697cd56e8dc86b3260923f5addbcf555743	NA	62ce9697cd56e8dc86b3260923f5addbcf555743	isolated c6rc stack from an RC worktree (API 51080), Chrome 154	RC_WIDE_REGRESSION_62ce9697cd56.md + rc-sec.json	9
RC-SEC-O03	AUTH_SECURITY	UNRATED	PASS	JSON_ROWS	62ce9697cd56e8dc86b3260923f5addbcf555743	2026-10-08	API_SCRIPT(rc-sec.mjs)	-	-	ISOLATED_RC_STACK_API	NO	docs/parallel/c6/evidence/rc-62ce9697cd56/rc-sec.json#O03	62ce9697cd56e8dc86b3260923f5addbcf555743	NA	62ce9697cd56e8dc86b3260923f5addbcf555743	isolated c6rc stack from an RC worktree (API 51080), Chrome 154	RC_WIDE_REGRESSION_62ce9697cd56.md + rc-sec.json	9
RC-SEC-O04	AUTH_SECURITY	UNRATED	PASS	JSON_ROWS	62ce9697cd56e8dc86b3260923f5addbcf555743	2026-10-08	API_SCRIPT(rc-sec.mjs)	-	-	ISOLATED_RC_STACK_API	NO	docs/parallel/c6/evidence/rc-62ce9697cd56/rc-sec.json#O04	62ce9697cd56e8dc86b3260923f5addbcf555743	NA	62ce9697cd56e8dc86b3260923f5addbcf555743	isolated c6rc stack from an RC worktree (API 51080), Chrome 154	RC_WIDE_REGRESSION_62ce9697cd56.md + rc-sec.json	9
RC-SEC-O05	AUTH_SECURITY	UNRATED	PASS	JSON_ROWS	62ce9697cd56e8dc86b3260923f5addbcf555743	2026-10-08	API_SCRIPT(rc-sec.mjs)	-	-	ISOLATED_RC_STACK_API	NO	docs/parallel/c6/evidence/rc-62ce9697cd56/rc-sec.json#O05	62ce9697cd56e8dc86b3260923f5addbcf555743	NA	62ce9697cd56e8dc86b3260923f5addbcf555743	isolated c6rc stack from an RC worktree (API 51080), Chrome 154	RC_WIDE_REGRESSION_62ce9697cd56.md + rc-sec.json	9
RC-SEC-O06	AUTH_SECURITY	UNRATED	PASS	JSON_ROWS	62ce9697cd56e8dc86b3260923f5addbcf555743	2026-10-08	API_SCRIPT(rc-sec.mjs)	-	-	ISOLATED_RC_STACK_API	NO	docs/parallel/c6/evidence/rc-62ce9697cd56/rc-sec.json#O06	62ce9697cd56e8dc86b3260923f5addbcf555743	NA	62ce9697cd56e8dc86b3260923f5addbcf555743	isolated c6rc stack from an RC worktree (API 51080), Chrome 154	RC_WIDE_REGRESSION_62ce9697cd56.md + rc-sec.json	9
RC-SEC-P01	AUTH_SECURITY	UNRATED	PASS	JSON_ROWS	62ce9697cd56e8dc86b3260923f5addbcf555743	2026-10-08	API_SCRIPT(rc-sec.mjs)	-	-	ISOLATED_RC_STACK_API	NO	docs/parallel/c6/evidence/rc-62ce9697cd56/rc-sec.json#P01	62ce9697cd56e8dc86b3260923f5addbcf555743	NA	62ce9697cd56e8dc86b3260923f5addbcf555743	isolated c6rc stack from an RC worktree (API 51080), Chrome 154	RC_WIDE_REGRESSION_62ce9697cd56.md + rc-sec.json	9
RC-SEC-P02	AUTH_SECURITY	UNRATED	PASS	JSON_ROWS	62ce9697cd56e8dc86b3260923f5addbcf555743	2026-10-08	API_SCRIPT(rc-sec.mjs)	-	-	ISOLATED_RC_STACK_API	NO	docs/parallel/c6/evidence/rc-62ce9697cd56/rc-sec.json#P02	62ce9697cd56e8dc86b3260923f5addbcf555743	NA	62ce9697cd56e8dc86b3260923f5addbcf555743	isolated c6rc stack from an RC worktree (API 51080), Chrome 154	RC_WIDE_REGRESSION_62ce9697cd56.md + rc-sec.json	9
RC-SEC-P03	AUTH_SECURITY	UNRATED	PASS	JSON_ROWS	62ce9697cd56e8dc86b3260923f5addbcf555743	2026-10-08	API_SCRIPT(rc-sec.mjs)	-	-	ISOLATED_RC_STACK_API	NO	docs/parallel/c6/evidence/rc-62ce9697cd56/rc-sec.json#P03	62ce9697cd56e8dc86b3260923f5addbcf555743	NA	62ce9697cd56e8dc86b3260923f5addbcf555743	isolated c6rc stack from an RC worktree (API 51080), Chrome 154	RC_WIDE_REGRESSION_62ce9697cd56.md + rc-sec.json	9
RC-SEC-P04	AUTH_SECURITY	UNRATED	PASS	JSON_ROWS	62ce9697cd56e8dc86b3260923f5addbcf555743	2026-10-08	API_SCRIPT(rc-sec.mjs)	-	-	ISOLATED_RC_STACK_API	NO	docs/parallel/c6/evidence/rc-62ce9697cd56/rc-sec.json#P04	62ce9697cd56e8dc86b3260923f5addbcf555743	NA	62ce9697cd56e8dc86b3260923f5addbcf555743	isolated c6rc stack from an RC worktree (API 51080), Chrome 154	RC_WIDE_REGRESSION_62ce9697cd56.md + rc-sec.json	9
RC-SEC-S05	AUTH_SECURITY	UNRATED	PASS	JSON_ROWS	62ce9697cd56e8dc86b3260923f5addbcf555743	2026-10-08	API_SCRIPT(rc-sec.mjs)	-	-	ISOLATED_RC_STACK_API	NO	docs/parallel/c6/evidence/rc-62ce9697cd56/rc-sec.json#S05	62ce9697cd56e8dc86b3260923f5addbcf555743	NA	62ce9697cd56e8dc86b3260923f5addbcf555743	isolated c6rc stack from an RC worktree (API 51080), Chrome 154	RC_WIDE_REGRESSION_62ce9697cd56.md + rc-sec.json	9
RC-DATA-F00	DATA_ACTION_WORKFLOW	UNRATED	PASS	JSON_ROWS	62ce9697cd56e8dc86b3260923f5addbcf555743	2026-10-08	API_SCRIPT(rc-data.mjs)	-	-	ISOLATED_RC_STACK_API	NO	docs/parallel/c6/evidence/rc-62ce9697cd56/rc-data.json#F00	62ce9697cd56e8dc86b3260923f5addbcf555743	NA	62ce9697cd56e8dc86b3260923f5addbcf555743	isolated c6rc stack from an RC worktree (API 51080), Chrome 154	RC_WIDE_REGRESSION_62ce9697cd56.md + rc-data.json	9
RC-DATA-M01	DATA_ACTION_WORKFLOW	UNRATED	PASS	JSON_ROWS	62ce9697cd56e8dc86b3260923f5addbcf555743	2026-10-08	API_SCRIPT(rc-data.mjs)	-	-	ISOLATED_RC_STACK_API	NO	docs/parallel/c6/evidence/rc-62ce9697cd56/rc-data.json#M01	62ce9697cd56e8dc86b3260923f5addbcf555743	NA	62ce9697cd56e8dc86b3260923f5addbcf555743	isolated c6rc stack from an RC worktree (API 51080), Chrome 154	RC_WIDE_REGRESSION_62ce9697cd56.md + rc-data.json	9
RC-DATA-M02	DATA_ACTION_WORKFLOW	UNRATED	PASS	JSON_ROWS	62ce9697cd56e8dc86b3260923f5addbcf555743	2026-10-08	API_SCRIPT(rc-data.mjs)	-	-	ISOLATED_RC_STACK_API	NO	docs/parallel/c6/evidence/rc-62ce9697cd56/rc-data.json#M02	62ce9697cd56e8dc86b3260923f5addbcf555743	NA	62ce9697cd56e8dc86b3260923f5addbcf555743	isolated c6rc stack from an RC worktree (API 51080), Chrome 154	RC_WIDE_REGRESSION_62ce9697cd56.md + rc-data.json	9
RC-DATA-M03	DATA_ACTION_WORKFLOW	UNRATED	PASS	JSON_ROWS	62ce9697cd56e8dc86b3260923f5addbcf555743	2026-10-08	API_SCRIPT(rc-data.mjs)	-	-	ISOLATED_RC_STACK_API	NO	docs/parallel/c6/evidence/rc-62ce9697cd56/rc-data.json#M03	62ce9697cd56e8dc86b3260923f5addbcf555743	NA	62ce9697cd56e8dc86b3260923f5addbcf555743	isolated c6rc stack from an RC worktree (API 51080), Chrome 154	RC_WIDE_REGRESSION_62ce9697cd56.md + rc-data.json	9
RC-DATA-M04a	DATA_ACTION_WORKFLOW	UNRATED	PASS	JSON_ROWS	62ce9697cd56e8dc86b3260923f5addbcf555743	2026-10-08	API_SCRIPT(rc-data.mjs)	-	-	ISOLATED_RC_STACK_API	NO	docs/parallel/c6/evidence/rc-62ce9697cd56/rc-data.json#M04a	62ce9697cd56e8dc86b3260923f5addbcf555743	NA	62ce9697cd56e8dc86b3260923f5addbcf555743	isolated c6rc stack from an RC worktree (API 51080), Chrome 154	RC_WIDE_REGRESSION_62ce9697cd56.md + rc-data.json	9
RC-DATA-M04b	DATA_ACTION_WORKFLOW	UNRATED	PASS	JSON_ROWS	62ce9697cd56e8dc86b3260923f5addbcf555743	2026-10-08	API_SCRIPT(rc-data.mjs)	-	-	ISOLATED_RC_STACK_API	NO	docs/parallel/c6/evidence/rc-62ce9697cd56/rc-data.json#M04b	62ce9697cd56e8dc86b3260923f5addbcf555743	NA	62ce9697cd56e8dc86b3260923f5addbcf555743	isolated c6rc stack from an RC worktree (API 51080), Chrome 154	RC_WIDE_REGRESSION_62ce9697cd56.md + rc-data.json	9
RC-DATA-M04c	DATA_ACTION_WORKFLOW	UNRATED	PASS	JSON_ROWS	62ce9697cd56e8dc86b3260923f5addbcf555743	2026-10-08	API_SCRIPT(rc-data.mjs)	-	-	ISOLATED_RC_STACK_API	NO	docs/parallel/c6/evidence/rc-62ce9697cd56/rc-data.json#M04c	62ce9697cd56e8dc86b3260923f5addbcf555743	NA	62ce9697cd56e8dc86b3260923f5addbcf555743	isolated c6rc stack from an RC worktree (API 51080), Chrome 154	RC_WIDE_REGRESSION_62ce9697cd56.md + rc-data.json	9
RC-DATA-M04d	DATA_ACTION_WORKFLOW	UNRATED	PASS	JSON_ROWS	62ce9697cd56e8dc86b3260923f5addbcf555743	2026-10-08	API_SCRIPT(rc-data.mjs)	-	-	ISOLATED_RC_STACK_API	NO	docs/parallel/c6/evidence/rc-62ce9697cd56/rc-data.json#M04d	62ce9697cd56e8dc86b3260923f5addbcf555743	NA	62ce9697cd56e8dc86b3260923f5addbcf555743	isolated c6rc stack from an RC worktree (API 51080), Chrome 154	RC_WIDE_REGRESSION_62ce9697cd56.md + rc-data.json	9
RC-DATA-M04e	DATA_ACTION_WORKFLOW	UNRATED	PASS	JSON_ROWS	62ce9697cd56e8dc86b3260923f5addbcf555743	2026-10-08	API_SCRIPT(rc-data.mjs)	-	-	ISOLATED_RC_STACK_API	NO	docs/parallel/c6/evidence/rc-62ce9697cd56/rc-data.json#M04e	62ce9697cd56e8dc86b3260923f5addbcf555743	NA	62ce9697cd56e8dc86b3260923f5addbcf555743	isolated c6rc stack from an RC worktree (API 51080), Chrome 154	RC_WIDE_REGRESSION_62ce9697cd56.md + rc-data.json	9
RC-DATA-M05-15432-127	DATA_ACTION_WORKFLOW	UNRATED	PASS	JSON_ROWS	62ce9697cd56e8dc86b3260923f5addbcf555743	2026-10-08	API_SCRIPT(rc-data.mjs)	-	-	ISOLATED_RC_STACK_API	NO	docs/parallel/c6/evidence/rc-62ce9697cd56/rc-data.json#M05-15432-127	62ce9697cd56e8dc86b3260923f5addbcf555743	NA	62ce9697cd56e8dc86b3260923f5addbcf555743	isolated c6rc stack from an RC worktree (API 51080), Chrome 154	RC_WIDE_REGRESSION_62ce9697cd56.md + rc-data.json	9
RC-DATA-M05-15434-127	DATA_ACTION_WORKFLOW	UNRATED	PASS	JSON_ROWS	62ce9697cd56e8dc86b3260923f5addbcf555743	2026-10-08	API_SCRIPT(rc-data.mjs)	-	-	ISOLATED_RC_STACK_API	NO	docs/parallel/c6/evidence/rc-62ce9697cd56/rc-data.json#M05-15434-127	62ce9697cd56e8dc86b3260923f5addbcf555743	NA	62ce9697cd56e8dc86b3260923f5addbcf555743	isolated c6rc stack from an RC worktree (API 51080), Chrome 154	RC_WIDE_REGRESSION_62ce9697cd56.md + rc-data.json	9
RC-DATA-M05-15432-loc	DATA_ACTION_WORKFLOW	UNRATED	PASS	JSON_ROWS	62ce9697cd56e8dc86b3260923f5addbcf555743	2026-10-08	API_SCRIPT(rc-data.mjs)	-	-	ISOLATED_RC_STACK_API	NO	docs/parallel/c6/evidence/rc-62ce9697cd56/rc-data.json#M05-15432-loc	62ce9697cd56e8dc86b3260923f5addbcf555743	NA	62ce9697cd56e8dc86b3260923f5addbcf555743	isolated c6rc stack from an RC worktree (API 51080), Chrome 154	RC_WIDE_REGRESSION_62ce9697cd56.md + rc-data.json	9
RC-DATA-M05-15441-127	DATA_ACTION_WORKFLOW	UNRATED	PASS	JSON_ROWS	62ce9697cd56e8dc86b3260923f5addbcf555743	2026-10-08	API_SCRIPT(rc-data.mjs)	-	-	ISOLATED_RC_STACK_API	NO	docs/parallel/c6/evidence/rc-62ce9697cd56/rc-data.json#M05-15441-127	62ce9697cd56e8dc86b3260923f5addbcf555743	NA	62ce9697cd56e8dc86b3260923f5addbcf555743	isolated c6rc stack from an RC worktree (API 51080), Chrome 154	RC_WIDE_REGRESSION_62ce9697cd56.md + rc-data.json	9
RC-DATA-M05-5432-169	DATA_ACTION_WORKFLOW	UNRATED	PASS	JSON_ROWS	62ce9697cd56e8dc86b3260923f5addbcf555743	2026-10-08	API_SCRIPT(rc-data.mjs)	-	-	ISOLATED_RC_STACK_API	NO	docs/parallel/c6/evidence/rc-62ce9697cd56/rc-data.json#M05-5432-169	62ce9697cd56e8dc86b3260923f5addbcf555743	NA	62ce9697cd56e8dc86b3260923f5addbcf555743	isolated c6rc stack from an RC worktree (API 51080), Chrome 154	RC_WIDE_REGRESSION_62ce9697cd56.md + rc-data.json	9
RC-DATA-M06	DATA_ACTION_WORKFLOW	UNRATED	PASS	JSON_ROWS	62ce9697cd56e8dc86b3260923f5addbcf555743	2026-10-08	API_SCRIPT(rc-data.mjs)	-	-	ISOLATED_RC_STACK_API	NO	docs/parallel/c6/evidence/rc-62ce9697cd56/rc-data.json#M06	62ce9697cd56e8dc86b3260923f5addbcf555743	NA	62ce9697cd56e8dc86b3260923f5addbcf555743	isolated c6rc stack from an RC worktree (API 51080), Chrome 154	RC_WIDE_REGRESSION_62ce9697cd56.md + rc-data.json	9
RC-DATA-M07	DATA_ACTION_WORKFLOW	UNRATED	PASS	JSON_ROWS	62ce9697cd56e8dc86b3260923f5addbcf555743	2026-10-08	API_SCRIPT(rc-data.mjs)	-	-	ISOLATED_RC_STACK_API	NO	docs/parallel/c6/evidence/rc-62ce9697cd56/rc-data.json#M07	62ce9697cd56e8dc86b3260923f5addbcf555743	NA	62ce9697cd56e8dc86b3260923f5addbcf555743	isolated c6rc stack from an RC worktree (API 51080), Chrome 154	RC_WIDE_REGRESSION_62ce9697cd56.md + rc-data.json	9
RC-DATA-M08	DATA_ACTION_WORKFLOW	UNRATED	PASS	JSON_ROWS	62ce9697cd56e8dc86b3260923f5addbcf555743	2026-10-08	API_SCRIPT(rc-data.mjs)	-	-	ISOLATED_RC_STACK_API	NO	docs/parallel/c6/evidence/rc-62ce9697cd56/rc-data.json#M08	62ce9697cd56e8dc86b3260923f5addbcf555743	NA	62ce9697cd56e8dc86b3260923f5addbcf555743	isolated c6rc stack from an RC worktree (API 51080), Chrome 154	RC_WIDE_REGRESSION_62ce9697cd56.md + rc-data.json	9
RC-DATA-M09	DATA_ACTION_WORKFLOW	UNRATED	PASS	JSON_ROWS	62ce9697cd56e8dc86b3260923f5addbcf555743	2026-10-08	API_SCRIPT(rc-data.mjs)	-	-	ISOLATED_RC_STACK_API	NO	docs/parallel/c6/evidence/rc-62ce9697cd56/rc-data.json#M09	62ce9697cd56e8dc86b3260923f5addbcf555743	NA	62ce9697cd56e8dc86b3260923f5addbcf555743	isolated c6rc stack from an RC worktree (API 51080), Chrome 154	RC_WIDE_REGRESSION_62ce9697cd56.md + rc-data.json	9
RC-DATA-M10	DATA_ACTION_WORKFLOW	UNRATED	PASS	JSON_ROWS	62ce9697cd56e8dc86b3260923f5addbcf555743	2026-10-08	API_SCRIPT(rc-data.mjs)	-	-	ISOLATED_RC_STACK_API	NO	docs/parallel/c6/evidence/rc-62ce9697cd56/rc-data.json#M10	62ce9697cd56e8dc86b3260923f5addbcf555743	NA	62ce9697cd56e8dc86b3260923f5addbcf555743	isolated c6rc stack from an RC worktree (API 51080), Chrome 154	RC_WIDE_REGRESSION_62ce9697cd56.md + rc-data.json	9
RC-DATA-M11	DATA_ACTION_WORKFLOW	UNRATED	PASS	JSON_ROWS	62ce9697cd56e8dc86b3260923f5addbcf555743	2026-10-08	API_SCRIPT(rc-data.mjs)	-	-	ISOLATED_RC_STACK_API	NO	docs/parallel/c6/evidence/rc-62ce9697cd56/rc-data.json#M11	62ce9697cd56e8dc86b3260923f5addbcf555743	NA	62ce9697cd56e8dc86b3260923f5addbcf555743	isolated c6rc stack from an RC worktree (API 51080), Chrome 154	RC_WIDE_REGRESSION_62ce9697cd56.md + rc-data.json	9
RC-DATA-M12	DATA_ACTION_WORKFLOW	UNRATED	PASS	JSON_ROWS	62ce9697cd56e8dc86b3260923f5addbcf555743	2026-10-08	API_SCRIPT(rc-data.mjs)	-	-	ISOLATED_RC_STACK_API	NO	docs/parallel/c6/evidence/rc-62ce9697cd56/rc-data.json#M12	62ce9697cd56e8dc86b3260923f5addbcf555743	NA	62ce9697cd56e8dc86b3260923f5addbcf555743	isolated c6rc stack from an RC worktree (API 51080), Chrome 154	RC_WIDE_REGRESSION_62ce9697cd56.md + rc-data.json	9
RC-DATA-M13	DATA_ACTION_WORKFLOW	UNRATED	PASS	JSON_ROWS	62ce9697cd56e8dc86b3260923f5addbcf555743	2026-10-08	API_SCRIPT(rc-data.mjs)	-	-	ISOLATED_RC_STACK_API	NO	docs/parallel/c6/evidence/rc-62ce9697cd56/rc-data.json#M13	62ce9697cd56e8dc86b3260923f5addbcf555743	NA	62ce9697cd56e8dc86b3260923f5addbcf555743	isolated c6rc stack from an RC worktree (API 51080), Chrome 154	RC_WIDE_REGRESSION_62ce9697cd56.md + rc-data.json	9
RC-DATA-M14	DATA_ACTION_WORKFLOW	UNRATED	PASS	JSON_ROWS	62ce9697cd56e8dc86b3260923f5addbcf555743	2026-10-08	API_SCRIPT(rc-data.mjs)	-	-	ISOLATED_RC_STACK_API	NO	docs/parallel/c6/evidence/rc-62ce9697cd56/rc-data.json#M14	62ce9697cd56e8dc86b3260923f5addbcf555743	NA	62ce9697cd56e8dc86b3260923f5addbcf555743	isolated c6rc stack from an RC worktree (API 51080), Chrome 154	RC_WIDE_REGRESSION_62ce9697cd56.md + rc-data.json	9
RC-DATA-M15	DATA_ACTION_WORKFLOW	UNRATED	PASS	JSON_ROWS	62ce9697cd56e8dc86b3260923f5addbcf555743	2026-10-08	API_SCRIPT(rc-data.mjs)	-	-	ISOLATED_RC_STACK_API	NO	docs/parallel/c6/evidence/rc-62ce9697cd56/rc-data.json#M15	62ce9697cd56e8dc86b3260923f5addbcf555743	NA	62ce9697cd56e8dc86b3260923f5addbcf555743	isolated c6rc stack from an RC worktree (API 51080), Chrome 154	RC_WIDE_REGRESSION_62ce9697cd56.md + rc-data.json	9
RC-DATA-M16	DATA_ACTION_WORKFLOW	UNRATED	PASS	JSON_ROWS	62ce9697cd56e8dc86b3260923f5addbcf555743	2026-10-08	API_SCRIPT(rc-data.mjs)	-	-	ISOLATED_RC_STACK_API	NO	docs/parallel/c6/evidence/rc-62ce9697cd56/rc-data.json#M16	62ce9697cd56e8dc86b3260923f5addbcf555743	NA	62ce9697cd56e8dc86b3260923f5addbcf555743	isolated c6rc stack from an RC worktree (API 51080), Chrome 154	RC_WIDE_REGRESSION_62ce9697cd56.md + rc-data.json	9
RC-DATA-M16b	DATA_ACTION_WORKFLOW	UNRATED	PASS	JSON_ROWS	62ce9697cd56e8dc86b3260923f5addbcf555743	2026-10-08	API_SCRIPT(rc-data.mjs)	-	-	ISOLATED_RC_STACK_API	NO	docs/parallel/c6/evidence/rc-62ce9697cd56/rc-data.json#M16b	62ce9697cd56e8dc86b3260923f5addbcf555743	NA	62ce9697cd56e8dc86b3260923f5addbcf555743	isolated c6rc stack from an RC worktree (API 51080), Chrome 154	RC_WIDE_REGRESSION_62ce9697cd56.md + rc-data.json	9
RC-DATA-M17a	DATA_ACTION_WORKFLOW	UNRATED	PASS	JSON_ROWS	62ce9697cd56e8dc86b3260923f5addbcf555743	2026-10-08	API_SCRIPT(rc-data.mjs)	-	-	ISOLATED_RC_STACK_API	NO	docs/parallel/c6/evidence/rc-62ce9697cd56/rc-data.json#M17a	62ce9697cd56e8dc86b3260923f5addbcf555743	NA	62ce9697cd56e8dc86b3260923f5addbcf555743	isolated c6rc stack from an RC worktree (API 51080), Chrome 154	RC_WIDE_REGRESSION_62ce9697cd56.md + rc-data.json	9
RC-DATA-M17b	DATA_ACTION_WORKFLOW	UNRATED	PASS	JSON_ROWS	62ce9697cd56e8dc86b3260923f5addbcf555743	2026-10-08	API_SCRIPT(rc-data.mjs)	-	-	ISOLATED_RC_STACK_API	NO	docs/parallel/c6/evidence/rc-62ce9697cd56/rc-data.json#M17b	62ce9697cd56e8dc86b3260923f5addbcf555743	NA	62ce9697cd56e8dc86b3260923f5addbcf555743	isolated c6rc stack from an RC worktree (API 51080), Chrome 154	RC_WIDE_REGRESSION_62ce9697cd56.md + rc-data.json	9
RC-DATA-M17c	DATA_ACTION_WORKFLOW	UNRATED	PASS	JSON_ROWS	62ce9697cd56e8dc86b3260923f5addbcf555743	2026-10-08	API_SCRIPT(rc-data.mjs)	-	-	ISOLATED_RC_STACK_API	NO	docs/parallel/c6/evidence/rc-62ce9697cd56/rc-data.json#M17c	62ce9697cd56e8dc86b3260923f5addbcf555743	NA	62ce9697cd56e8dc86b3260923f5addbcf555743	isolated c6rc stack from an RC worktree (API 51080), Chrome 154	RC_WIDE_REGRESSION_62ce9697cd56.md + rc-data.json	9
RC-DATA-M18	DATA_ACTION_WORKFLOW	UNRATED	PASS	JSON_ROWS	62ce9697cd56e8dc86b3260923f5addbcf555743	2026-10-08	API_SCRIPT(rc-data.mjs)	-	-	ISOLATED_RC_STACK_API	NO	docs/parallel/c6/evidence/rc-62ce9697cd56/rc-data.json#M18	62ce9697cd56e8dc86b3260923f5addbcf555743	NA	62ce9697cd56e8dc86b3260923f5addbcf555743	isolated c6rc stack from an RC worktree (API 51080), Chrome 154	RC_WIDE_REGRESSION_62ce9697cd56.md + rc-data.json	9
RC-DATA-M19	DATA_ACTION_WORKFLOW	UNRATED	PASS	JSON_ROWS	62ce9697cd56e8dc86b3260923f5addbcf555743	2026-10-08	API_SCRIPT(rc-data.mjs)	-	-	ISOLATED_RC_STACK_API	NO	docs/parallel/c6/evidence/rc-62ce9697cd56/rc-data.json#M19	62ce9697cd56e8dc86b3260923f5addbcf555743	NA	62ce9697cd56e8dc86b3260923f5addbcf555743	isolated c6rc stack from an RC worktree (API 51080), Chrome 154	RC_WIDE_REGRESSION_62ce9697cd56.md + rc-data.json	9
RC-DATA-M20	DATA_ACTION_WORKFLOW	UNRATED	PASS	JSON_ROWS	62ce9697cd56e8dc86b3260923f5addbcf555743	2026-10-08	API_SCRIPT(rc-data.mjs)	-	-	ISOLATED_RC_STACK_API	NO	docs/parallel/c6/evidence/rc-62ce9697cd56/rc-data.json#M20	62ce9697cd56e8dc86b3260923f5addbcf555743	NA	62ce9697cd56e8dc86b3260923f5addbcf555743	isolated c6rc stack from an RC worktree (API 51080), Chrome 154	RC_WIDE_REGRESSION_62ce9697cd56.md + rc-data.json	9
RC-DATA-M21	DATA_ACTION_WORKFLOW	UNRATED	PASS	JSON_ROWS	62ce9697cd56e8dc86b3260923f5addbcf555743	2026-10-08	API_SCRIPT(rc-data.mjs)	-	-	ISOLATED_RC_STACK_API	NO	docs/parallel/c6/evidence/rc-62ce9697cd56/rc-data.json#M21	62ce9697cd56e8dc86b3260923f5addbcf555743	NA	62ce9697cd56e8dc86b3260923f5addbcf555743	isolated c6rc stack from an RC worktree (API 51080), Chrome 154	RC_WIDE_REGRESSION_62ce9697cd56.md + rc-data.json	9
RC-DATA-M22	DATA_ACTION_WORKFLOW	UNRATED	PASS	JSON_ROWS	62ce9697cd56e8dc86b3260923f5addbcf555743	2026-10-08	API_SCRIPT(rc-data.mjs)	-	-	ISOLATED_RC_STACK_API	NO	docs/parallel/c6/evidence/rc-62ce9697cd56/rc-data.json#M22	62ce9697cd56e8dc86b3260923f5addbcf555743	NA	62ce9697cd56e8dc86b3260923f5addbcf555743	isolated c6rc stack from an RC worktree (API 51080), Chrome 154	RC_WIDE_REGRESSION_62ce9697cd56.md + rc-data.json	9
RC-DATA-M23	DATA_ACTION_WORKFLOW	UNRATED	PASS	JSON_ROWS	62ce9697cd56e8dc86b3260923f5addbcf555743	2026-10-08	API_SCRIPT(rc-data.mjs)	-	-	ISOLATED_RC_STACK_API	NO	docs/parallel/c6/evidence/rc-62ce9697cd56/rc-data.json#M23	62ce9697cd56e8dc86b3260923f5addbcf555743	NA	62ce9697cd56e8dc86b3260923f5addbcf555743	isolated c6rc stack from an RC worktree (API 51080), Chrome 154	RC_WIDE_REGRESSION_62ce9697cd56.md + rc-data.json	9
RC-DATA-M24	DATA_ACTION_WORKFLOW	UNRATED	PASS	JSON_ROWS	62ce9697cd56e8dc86b3260923f5addbcf555743	2026-10-08	API_SCRIPT(rc-data.mjs)	-	-	ISOLATED_RC_STACK_API	NO	docs/parallel/c6/evidence/rc-62ce9697cd56/rc-data.json#M24	62ce9697cd56e8dc86b3260923f5addbcf555743	NA	62ce9697cd56e8dc86b3260923f5addbcf555743	isolated c6rc stack from an RC worktree (API 51080), Chrome 154	RC_WIDE_REGRESSION_62ce9697cd56.md + rc-data.json	9
RC-DATA-M25	DATA_ACTION_WORKFLOW	UNRATED	PASS	JSON_ROWS	62ce9697cd56e8dc86b3260923f5addbcf555743	2026-10-08	API_SCRIPT(rc-data.mjs)	-	-	ISOLATED_RC_STACK_API	NO	docs/parallel/c6/evidence/rc-62ce9697cd56/rc-data.json#M25	62ce9697cd56e8dc86b3260923f5addbcf555743	NA	62ce9697cd56e8dc86b3260923f5addbcf555743	isolated c6rc stack from an RC worktree (API 51080), Chrome 154	RC_WIDE_REGRESSION_62ce9697cd56.md + rc-data.json	9
RC-DATA-M26	DATA_ACTION_WORKFLOW	UNRATED	PASS	JSON_ROWS	62ce9697cd56e8dc86b3260923f5addbcf555743	2026-10-08	API_SCRIPT(rc-data.mjs)	-	-	ISOLATED_RC_STACK_API	NO	docs/parallel/c6/evidence/rc-62ce9697cd56/rc-data.json#M26	62ce9697cd56e8dc86b3260923f5addbcf555743	NA	62ce9697cd56e8dc86b3260923f5addbcf555743	isolated c6rc stack from an RC worktree (API 51080), Chrome 154	RC_WIDE_REGRESSION_62ce9697cd56.md + rc-data.json	9
RC-DATA-M27	DATA_ACTION_WORKFLOW	UNRATED	PASS	JSON_ROWS	62ce9697cd56e8dc86b3260923f5addbcf555743	2026-10-08	API_SCRIPT(rc-data.mjs)	-	-	ISOLATED_RC_STACK_API	NO	docs/parallel/c6/evidence/rc-62ce9697cd56/rc-data.json#M27	62ce9697cd56e8dc86b3260923f5addbcf555743	NA	62ce9697cd56e8dc86b3260923f5addbcf555743	isolated c6rc stack from an RC worktree (API 51080), Chrome 154	RC_WIDE_REGRESSION_62ce9697cd56.md + rc-data.json	9
RC-DATA-M28	DATA_ACTION_WORKFLOW	UNRATED	PASS	JSON_ROWS	62ce9697cd56e8dc86b3260923f5addbcf555743	2026-10-08	API_SCRIPT(rc-data.mjs)	-	-	ISOLATED_RC_STACK_API	NO	docs/parallel/c6/evidence/rc-62ce9697cd56/rc-data.json#M28	62ce9697cd56e8dc86b3260923f5addbcf555743	NA	62ce9697cd56e8dc86b3260923f5addbcf555743	isolated c6rc stack from an RC worktree (API 51080), Chrome 154	RC_WIDE_REGRESSION_62ce9697cd56.md + rc-data.json	9
RC-DATA-M29	DATA_ACTION_WORKFLOW	UNRATED	PASS	JSON_ROWS	62ce9697cd56e8dc86b3260923f5addbcf555743	2026-10-08	API_SCRIPT(rc-data.mjs)	-	-	ISOLATED_RC_STACK_API	NO	docs/parallel/c6/evidence/rc-62ce9697cd56/rc-data.json#M29	62ce9697cd56e8dc86b3260923f5addbcf555743	NA	62ce9697cd56e8dc86b3260923f5addbcf555743	isolated c6rc stack from an RC worktree (API 51080), Chrome 154	RC_WIDE_REGRESSION_62ce9697cd56.md + rc-data.json	9
RC-DATA-M30	DATA_ACTION_WORKFLOW	UNRATED	PASS	JSON_ROWS	62ce9697cd56e8dc86b3260923f5addbcf555743	2026-10-08	API_SCRIPT(rc-data.mjs)	-	-	ISOLATED_RC_STACK_API	NO	docs/parallel/c6/evidence/rc-62ce9697cd56/rc-data.json#M30	62ce9697cd56e8dc86b3260923f5addbcf555743	NA	62ce9697cd56e8dc86b3260923f5addbcf555743	isolated c6rc stack from an RC worktree (API 51080), Chrome 154	RC_WIDE_REGRESSION_62ce9697cd56.md + rc-data.json	9
RC-DATA-D01	DATA_ACTION_WORKFLOW	UNRATED	PASS	JSON_ROWS	62ce9697cd56e8dc86b3260923f5addbcf555743	2026-10-08	API_SCRIPT(rc-data.mjs)	-	-	ISOLATED_RC_STACK_API	NO	docs/parallel/c6/evidence/rc-62ce9697cd56/rc-data.json#D01	62ce9697cd56e8dc86b3260923f5addbcf555743	NA	62ce9697cd56e8dc86b3260923f5addbcf555743	isolated c6rc stack from an RC worktree (API 51080), Chrome 154	RC_WIDE_REGRESSION_62ce9697cd56.md + rc-data.json	9
RC-DATA-D02-TEST	DATA_ACTION_WORKFLOW	UNRATED	PASS	JSON_ROWS	62ce9697cd56e8dc86b3260923f5addbcf555743	2026-10-08	API_SCRIPT(rc-data.mjs)	-	-	ISOLATED_RC_STACK_API	NO	docs/parallel/c6/evidence/rc-62ce9697cd56/rc-data.json#D02-TEST	62ce9697cd56e8dc86b3260923f5addbcf555743	NA	62ce9697cd56e8dc86b3260923f5addbcf555743	isolated c6rc stack from an RC worktree (API 51080), Chrome 154	RC_WIDE_REGRESSION_62ce9697cd56.md + rc-data.json	9
RC-DATA-D02-LIVE	DATA_ACTION_WORKFLOW	UNRATED	PASS	JSON_ROWS	62ce9697cd56e8dc86b3260923f5addbcf555743	2026-10-08	API_SCRIPT(rc-data.mjs)	-	-	ISOLATED_RC_STACK_API	NO	docs/parallel/c6/evidence/rc-62ce9697cd56/rc-data.json#D02-LIVE	62ce9697cd56e8dc86b3260923f5addbcf555743	NA	62ce9697cd56e8dc86b3260923f5addbcf555743	isolated c6rc stack from an RC worktree (API 51080), Chrome 154	RC_WIDE_REGRESSION_62ce9697cd56.md + rc-data.json	9
RC-DATA-D03	DATA_ACTION_WORKFLOW	UNRATED	PASS	JSON_ROWS	62ce9697cd56e8dc86b3260923f5addbcf555743	2026-10-08	API_SCRIPT(rc-data.mjs)	-	-	ISOLATED_RC_STACK_API	NO	docs/parallel/c6/evidence/rc-62ce9697cd56/rc-data.json#D03	62ce9697cd56e8dc86b3260923f5addbcf555743	NA	62ce9697cd56e8dc86b3260923f5addbcf555743	isolated c6rc stack from an RC worktree (API 51080), Chrome 154	RC_WIDE_REGRESSION_62ce9697cd56.md + rc-data.json	9
RC-DATA-D04	DATA_ACTION_WORKFLOW	UNRATED	PASS	JSON_ROWS	62ce9697cd56e8dc86b3260923f5addbcf555743	2026-10-08	API_SCRIPT(rc-data.mjs)	-	-	ISOLATED_RC_STACK_API	NO	docs/parallel/c6/evidence/rc-62ce9697cd56/rc-data.json#D04	62ce9697cd56e8dc86b3260923f5addbcf555743	NA	62ce9697cd56e8dc86b3260923f5addbcf555743	isolated c6rc stack from an RC worktree (API 51080), Chrome 154	RC_WIDE_REGRESSION_62ce9697cd56.md + rc-data.json	9
RC-DATA-D05	DATA_ACTION_WORKFLOW	UNRATED	PASS	JSON_ROWS	62ce9697cd56e8dc86b3260923f5addbcf555743	2026-10-08	API_SCRIPT(rc-data.mjs)	-	-	ISOLATED_RC_STACK_API	NO	docs/parallel/c6/evidence/rc-62ce9697cd56/rc-data.json#D05	62ce9697cd56e8dc86b3260923f5addbcf555743	NA	62ce9697cd56e8dc86b3260923f5addbcf555743	isolated c6rc stack from an RC worktree (API 51080), Chrome 154	RC_WIDE_REGRESSION_62ce9697cd56.md + rc-data.json	9
RC-DATA-D06	DATA_ACTION_WORKFLOW	UNRATED	PASS	JSON_ROWS	62ce9697cd56e8dc86b3260923f5addbcf555743	2026-10-08	API_SCRIPT(rc-data.mjs)	-	-	ISOLATED_RC_STACK_API	NO	docs/parallel/c6/evidence/rc-62ce9697cd56/rc-data.json#D06	62ce9697cd56e8dc86b3260923f5addbcf555743	NA	62ce9697cd56e8dc86b3260923f5addbcf555743	isolated c6rc stack from an RC worktree (API 51080), Chrome 154	RC_WIDE_REGRESSION_62ce9697cd56.md + rc-data.json	9
RC-DATA-D07	DATA_ACTION_WORKFLOW	UNRATED	PASS	JSON_ROWS	62ce9697cd56e8dc86b3260923f5addbcf555743	2026-10-08	API_SCRIPT(rc-data.mjs)	-	-	ISOLATED_RC_STACK_API	NO	docs/parallel/c6/evidence/rc-62ce9697cd56/rc-data.json#D07	62ce9697cd56e8dc86b3260923f5addbcf555743	NA	62ce9697cd56e8dc86b3260923f5addbcf555743	isolated c6rc stack from an RC worktree (API 51080), Chrome 154	RC_WIDE_REGRESSION_62ce9697cd56.md + rc-data.json	9
RC-DATA-D08a	DATA_ACTION_WORKFLOW	UNRATED	PASS	JSON_ROWS	62ce9697cd56e8dc86b3260923f5addbcf555743	2026-10-08	API_SCRIPT(rc-data.mjs)	-	-	ISOLATED_RC_STACK_API	NO	docs/parallel/c6/evidence/rc-62ce9697cd56/rc-data.json#D08a	62ce9697cd56e8dc86b3260923f5addbcf555743	NA	62ce9697cd56e8dc86b3260923f5addbcf555743	isolated c6rc stack from an RC worktree (API 51080), Chrome 154	RC_WIDE_REGRESSION_62ce9697cd56.md + rc-data.json	9
RC-DATA-D08b	DATA_ACTION_WORKFLOW	UNRATED	PASS	JSON_ROWS	62ce9697cd56e8dc86b3260923f5addbcf555743	2026-10-08	API_SCRIPT(rc-data.mjs)	-	-	ISOLATED_RC_STACK_API	NO	docs/parallel/c6/evidence/rc-62ce9697cd56/rc-data.json#D08b	62ce9697cd56e8dc86b3260923f5addbcf555743	NA	62ce9697cd56e8dc86b3260923f5addbcf555743	isolated c6rc stack from an RC worktree (API 51080), Chrome 154	RC_WIDE_REGRESSION_62ce9697cd56.md + rc-data.json	9
RC-DATA-D08c	DATA_ACTION_WORKFLOW	UNRATED	PASS	JSON_ROWS	62ce9697cd56e8dc86b3260923f5addbcf555743	2026-10-08	API_SCRIPT(rc-data.mjs)	-	-	ISOLATED_RC_STACK_API	NO	docs/parallel/c6/evidence/rc-62ce9697cd56/rc-data.json#D08c	62ce9697cd56e8dc86b3260923f5addbcf555743	NA	62ce9697cd56e8dc86b3260923f5addbcf555743	isolated c6rc stack from an RC worktree (API 51080), Chrome 154	RC_WIDE_REGRESSION_62ce9697cd56.md + rc-data.json	9
RC-DATA-D09	DATA_ACTION_WORKFLOW	UNRATED	PASS	JSON_ROWS	62ce9697cd56e8dc86b3260923f5addbcf555743	2026-10-08	API_SCRIPT(rc-data.mjs)	-	-	ISOLATED_RC_STACK_API	NO	docs/parallel/c6/evidence/rc-62ce9697cd56/rc-data.json#D09	62ce9697cd56e8dc86b3260923f5addbcf555743	NA	62ce9697cd56e8dc86b3260923f5addbcf555743	isolated c6rc stack from an RC worktree (API 51080), Chrome 154	RC_WIDE_REGRESSION_62ce9697cd56.md + rc-data.json	9
RC-DATA-D10	DATA_ACTION_WORKFLOW	UNRATED	PASS	JSON_ROWS	62ce9697cd56e8dc86b3260923f5addbcf555743	2026-10-08	API_SCRIPT(rc-data.mjs)	-	-	ISOLATED_RC_STACK_API	NO	docs/parallel/c6/evidence/rc-62ce9697cd56/rc-data.json#D10	62ce9697cd56e8dc86b3260923f5addbcf555743	NA	62ce9697cd56e8dc86b3260923f5addbcf555743	isolated c6rc stack from an RC worktree (API 51080), Chrome 154	RC_WIDE_REGRESSION_62ce9697cd56.md + rc-data.json	9
RC-DATA-D11	DATA_ACTION_WORKFLOW	UNRATED	PASS	JSON_ROWS	62ce9697cd56e8dc86b3260923f5addbcf555743	2026-10-08	API_SCRIPT(rc-data.mjs)	-	-	ISOLATED_RC_STACK_API	NO	docs/parallel/c6/evidence/rc-62ce9697cd56/rc-data.json#D11	62ce9697cd56e8dc86b3260923f5addbcf555743	NA	62ce9697cd56e8dc86b3260923f5addbcf555743	isolated c6rc stack from an RC worktree (API 51080), Chrome 154	RC_WIDE_REGRESSION_62ce9697cd56.md + rc-data.json	9
RC-DATA-D12	DATA_ACTION_WORKFLOW	UNRATED	PASS	JSON_ROWS	62ce9697cd56e8dc86b3260923f5addbcf555743	2026-10-08	API_SCRIPT(rc-data.mjs)	-	-	ISOLATED_RC_STACK_API	NO	docs/parallel/c6/evidence/rc-62ce9697cd56/rc-data.json#D12	62ce9697cd56e8dc86b3260923f5addbcf555743	NA	62ce9697cd56e8dc86b3260923f5addbcf555743	isolated c6rc stack from an RC worktree (API 51080), Chrome 154	RC_WIDE_REGRESSION_62ce9697cd56.md + rc-data.json	9
RC-DATA-D13	DATA_ACTION_WORKFLOW	UNRATED	PASS	JSON_ROWS	62ce9697cd56e8dc86b3260923f5addbcf555743	2026-10-08	API_SCRIPT(rc-data.mjs)	-	-	ISOLATED_RC_STACK_API	NO	docs/parallel/c6/evidence/rc-62ce9697cd56/rc-data.json#D13	62ce9697cd56e8dc86b3260923f5addbcf555743	NA	62ce9697cd56e8dc86b3260923f5addbcf555743	isolated c6rc stack from an RC worktree (API 51080), Chrome 154	RC_WIDE_REGRESSION_62ce9697cd56.md + rc-data.json	9
RC-DATA-D14	DATA_ACTION_WORKFLOW	UNRATED	PASS	JSON_ROWS	62ce9697cd56e8dc86b3260923f5addbcf555743	2026-10-08	API_SCRIPT(rc-data.mjs)	-	-	ISOLATED_RC_STACK_API	NO	docs/parallel/c6/evidence/rc-62ce9697cd56/rc-data.json#D14	62ce9697cd56e8dc86b3260923f5addbcf555743	NA	62ce9697cd56e8dc86b3260923f5addbcf555743	isolated c6rc stack from an RC worktree (API 51080), Chrome 154	RC_WIDE_REGRESSION_62ce9697cd56.md + rc-data.json	9
RC-DATA-D15	DATA_ACTION_WORKFLOW	UNRATED	PASS	JSON_ROWS	62ce9697cd56e8dc86b3260923f5addbcf555743	2026-10-08	API_SCRIPT(rc-data.mjs)	-	-	ISOLATED_RC_STACK_API	NO	docs/parallel/c6/evidence/rc-62ce9697cd56/rc-data.json#D15	62ce9697cd56e8dc86b3260923f5addbcf555743	NA	62ce9697cd56e8dc86b3260923f5addbcf555743	isolated c6rc stack from an RC worktree (API 51080), Chrome 154	RC_WIDE_REGRESSION_62ce9697cd56.md + rc-data.json	9
RC-DATA-D16	DATA_ACTION_WORKFLOW	UNRATED	PASS	JSON_ROWS	62ce9697cd56e8dc86b3260923f5addbcf555743	2026-10-08	API_SCRIPT(rc-data.mjs)	-	-	ISOLATED_RC_STACK_API	NO	docs/parallel/c6/evidence/rc-62ce9697cd56/rc-data.json#D16	62ce9697cd56e8dc86b3260923f5addbcf555743	NA	62ce9697cd56e8dc86b3260923f5addbcf555743	isolated c6rc stack from an RC worktree (API 51080), Chrome 154	RC_WIDE_REGRESSION_62ce9697cd56.md + rc-data.json	9
RC-DATA-D17	DATA_ACTION_WORKFLOW	UNRATED	PASS	JSON_ROWS	62ce9697cd56e8dc86b3260923f5addbcf555743	2026-10-08	API_SCRIPT(rc-data.mjs)	-	-	ISOLATED_RC_STACK_API	NO	docs/parallel/c6/evidence/rc-62ce9697cd56/rc-data.json#D17	62ce9697cd56e8dc86b3260923f5addbcf555743	NA	62ce9697cd56e8dc86b3260923f5addbcf555743	isolated c6rc stack from an RC worktree (API 51080), Chrome 154	RC_WIDE_REGRESSION_62ce9697cd56.md + rc-data.json	9
RC-DATA-D18	DATA_ACTION_WORKFLOW	UNRATED	PASS	JSON_ROWS	62ce9697cd56e8dc86b3260923f5addbcf555743	2026-10-08	API_SCRIPT(rc-data.mjs)	-	-	ISOLATED_RC_STACK_API	NO	docs/parallel/c6/evidence/rc-62ce9697cd56/rc-data.json#D18	62ce9697cd56e8dc86b3260923f5addbcf555743	NA	62ce9697cd56e8dc86b3260923f5addbcf555743	isolated c6rc stack from an RC worktree (API 51080), Chrome 154	RC_WIDE_REGRESSION_62ce9697cd56.md + rc-data.json	9
RC-DATA-D19	DATA_ACTION_WORKFLOW	UNRATED	PASS	JSON_ROWS	62ce9697cd56e8dc86b3260923f5addbcf555743	2026-10-08	API_SCRIPT(rc-data.mjs)	-	-	ISOLATED_RC_STACK_API	NO	docs/parallel/c6/evidence/rc-62ce9697cd56/rc-data.json#D19	62ce9697cd56e8dc86b3260923f5addbcf555743	NA	62ce9697cd56e8dc86b3260923f5addbcf555743	isolated c6rc stack from an RC worktree (API 51080), Chrome 154	RC_WIDE_REGRESSION_62ce9697cd56.md + rc-data.json	9
RC-DATA-D20	DATA_ACTION_WORKFLOW	UNRATED	PASS	JSON_ROWS	62ce9697cd56e8dc86b3260923f5addbcf555743	2026-10-08	API_SCRIPT(rc-data.mjs)	-	-	ISOLATED_RC_STACK_API	NO	docs/parallel/c6/evidence/rc-62ce9697cd56/rc-data.json#D20	62ce9697cd56e8dc86b3260923f5addbcf555743	NA	62ce9697cd56e8dc86b3260923f5addbcf555743	isolated c6rc stack from an RC worktree (API 51080), Chrome 154	RC_WIDE_REGRESSION_62ce9697cd56.md + rc-data.json	9
RC-DATA-A00	DATA_ACTION_WORKFLOW	UNRATED	PASS	JSON_ROWS	62ce9697cd56e8dc86b3260923f5addbcf555743	2026-10-08	API_SCRIPT(rc-data.mjs)	-	-	ISOLATED_RC_STACK_API	NO	docs/parallel/c6/evidence/rc-62ce9697cd56/rc-data.json#A00	62ce9697cd56e8dc86b3260923f5addbcf555743	NA	62ce9697cd56e8dc86b3260923f5addbcf555743	isolated c6rc stack from an RC worktree (API 51080), Chrome 154	RC_WIDE_REGRESSION_62ce9697cd56.md + rc-data.json	9
RC-DATA-A01	DATA_ACTION_WORKFLOW	UNRATED	PASS	JSON_ROWS	62ce9697cd56e8dc86b3260923f5addbcf555743	2026-10-08	API_SCRIPT(rc-data.mjs)	-	-	ISOLATED_RC_STACK_API	NO	docs/parallel/c6/evidence/rc-62ce9697cd56/rc-data.json#A01	62ce9697cd56e8dc86b3260923f5addbcf555743	NA	62ce9697cd56e8dc86b3260923f5addbcf555743	isolated c6rc stack from an RC worktree (API 51080), Chrome 154	RC_WIDE_REGRESSION_62ce9697cd56.md + rc-data.json	9
RC-DATA-A02	DATA_ACTION_WORKFLOW	UNRATED	PASS	JSON_ROWS	62ce9697cd56e8dc86b3260923f5addbcf555743	2026-10-08	API_SCRIPT(rc-data.mjs)	-	-	ISOLATED_RC_STACK_API	NO	docs/parallel/c6/evidence/rc-62ce9697cd56/rc-data.json#A02	62ce9697cd56e8dc86b3260923f5addbcf555743	NA	62ce9697cd56e8dc86b3260923f5addbcf555743	isolated c6rc stack from an RC worktree (API 51080), Chrome 154	RC_WIDE_REGRESSION_62ce9697cd56.md + rc-data.json	9
RC-DATA-A03	DATA_ACTION_WORKFLOW	UNRATED	PASS	JSON_ROWS	62ce9697cd56e8dc86b3260923f5addbcf555743	2026-10-08	API_SCRIPT(rc-data.mjs)	-	-	ISOLATED_RC_STACK_API	NO	docs/parallel/c6/evidence/rc-62ce9697cd56/rc-data.json#A03	62ce9697cd56e8dc86b3260923f5addbcf555743	NA	62ce9697cd56e8dc86b3260923f5addbcf555743	isolated c6rc stack from an RC worktree (API 51080), Chrome 154	RC_WIDE_REGRESSION_62ce9697cd56.md + rc-data.json	9
RC-DATA-A05	DATA_ACTION_WORKFLOW	UNRATED	PASS	JSON_ROWS	62ce9697cd56e8dc86b3260923f5addbcf555743	2026-10-08	API_SCRIPT(rc-data.mjs)	-	-	ISOLATED_RC_STACK_API	NO	docs/parallel/c6/evidence/rc-62ce9697cd56/rc-data.json#A05	62ce9697cd56e8dc86b3260923f5addbcf555743	NA	62ce9697cd56e8dc86b3260923f5addbcf555743	isolated c6rc stack from an RC worktree (API 51080), Chrome 154	RC_WIDE_REGRESSION_62ce9697cd56.md + rc-data.json	9
RC-DATA-A04	DATA_ACTION_WORKFLOW	UNRATED	PASS	JSON_ROWS	62ce9697cd56e8dc86b3260923f5addbcf555743	2026-10-08	API_SCRIPT(rc-data.mjs)	-	-	ISOLATED_RC_STACK_API	NO	docs/parallel/c6/evidence/rc-62ce9697cd56/rc-data.json#A04	62ce9697cd56e8dc86b3260923f5addbcf555743	NA	62ce9697cd56e8dc86b3260923f5addbcf555743	isolated c6rc stack from an RC worktree (API 51080), Chrome 154	RC_WIDE_REGRESSION_62ce9697cd56.md + rc-data.json	9
RC-DATA-A06	DATA_ACTION_WORKFLOW	UNRATED	PASS	JSON_ROWS	62ce9697cd56e8dc86b3260923f5addbcf555743	2026-10-08	API_SCRIPT(rc-data.mjs)	-	-	ISOLATED_RC_STACK_API	NO	docs/parallel/c6/evidence/rc-62ce9697cd56/rc-data.json#A06	62ce9697cd56e8dc86b3260923f5addbcf555743	NA	62ce9697cd56e8dc86b3260923f5addbcf555743	isolated c6rc stack from an RC worktree (API 51080), Chrome 154	RC_WIDE_REGRESSION_62ce9697cd56.md + rc-data.json	9
RC-DATA-A06b	DATA_ACTION_WORKFLOW	UNRATED	PASS	JSON_ROWS	62ce9697cd56e8dc86b3260923f5addbcf555743	2026-10-08	API_SCRIPT(rc-data.mjs)	-	-	ISOLATED_RC_STACK_API	NO	docs/parallel/c6/evidence/rc-62ce9697cd56/rc-data.json#A06b	62ce9697cd56e8dc86b3260923f5addbcf555743	NA	62ce9697cd56e8dc86b3260923f5addbcf555743	isolated c6rc stack from an RC worktree (API 51080), Chrome 154	RC_WIDE_REGRESSION_62ce9697cd56.md + rc-data.json	9
RC-DATA-A07	DATA_ACTION_WORKFLOW	UNRATED	PASS	JSON_ROWS	62ce9697cd56e8dc86b3260923f5addbcf555743	2026-10-08	API_SCRIPT(rc-data.mjs)	-	-	ISOLATED_RC_STACK_API	NO	docs/parallel/c6/evidence/rc-62ce9697cd56/rc-data.json#A07	62ce9697cd56e8dc86b3260923f5addbcf555743	NA	62ce9697cd56e8dc86b3260923f5addbcf555743	isolated c6rc stack from an RC worktree (API 51080), Chrome 154	RC_WIDE_REGRESSION_62ce9697cd56.md + rc-data.json	9
RC-DATA-A08	DATA_ACTION_WORKFLOW	UNRATED	PASS	JSON_ROWS	62ce9697cd56e8dc86b3260923f5addbcf555743	2026-10-08	API_SCRIPT(rc-data.mjs)	-	-	ISOLATED_RC_STACK_API	NO	docs/parallel/c6/evidence/rc-62ce9697cd56/rc-data.json#A08	62ce9697cd56e8dc86b3260923f5addbcf555743	NA	62ce9697cd56e8dc86b3260923f5addbcf555743	isolated c6rc stack from an RC worktree (API 51080), Chrome 154	RC_WIDE_REGRESSION_62ce9697cd56.md + rc-data.json	9
RC-DATA-A09	DATA_ACTION_WORKFLOW	UNRATED	PASS	JSON_ROWS	62ce9697cd56e8dc86b3260923f5addbcf555743	2026-10-08	API_SCRIPT(rc-data.mjs)	-	-	ISOLATED_RC_STACK_API	NO	docs/parallel/c6/evidence/rc-62ce9697cd56/rc-data.json#A09	62ce9697cd56e8dc86b3260923f5addbcf555743	NA	62ce9697cd56e8dc86b3260923f5addbcf555743	isolated c6rc stack from an RC worktree (API 51080), Chrome 154	RC_WIDE_REGRESSION_62ce9697cd56.md + rc-data.json	9
RC-DATA-A10	DATA_ACTION_WORKFLOW	UNRATED	PASS	JSON_ROWS	62ce9697cd56e8dc86b3260923f5addbcf555743	2026-10-08	API_SCRIPT(rc-data.mjs)	-	-	ISOLATED_RC_STACK_API	NO	docs/parallel/c6/evidence/rc-62ce9697cd56/rc-data.json#A10	62ce9697cd56e8dc86b3260923f5addbcf555743	NA	62ce9697cd56e8dc86b3260923f5addbcf555743	isolated c6rc stack from an RC worktree (API 51080), Chrome 154	RC_WIDE_REGRESSION_62ce9697cd56.md + rc-data.json	9
RC-DATA-A11	DATA_ACTION_WORKFLOW	UNRATED	PASS	JSON_ROWS	62ce9697cd56e8dc86b3260923f5addbcf555743	2026-10-08	API_SCRIPT(rc-data.mjs)	-	-	ISOLATED_RC_STACK_API	NO	docs/parallel/c6/evidence/rc-62ce9697cd56/rc-data.json#A11	62ce9697cd56e8dc86b3260923f5addbcf555743	NA	62ce9697cd56e8dc86b3260923f5addbcf555743	isolated c6rc stack from an RC worktree (API 51080), Chrome 154	RC_WIDE_REGRESSION_62ce9697cd56.md + rc-data.json	9
RC-DATA-A12	DATA_ACTION_WORKFLOW	UNRATED	PASS	JSON_ROWS	62ce9697cd56e8dc86b3260923f5addbcf555743	2026-10-08	API_SCRIPT(rc-data.mjs)	-	-	ISOLATED_RC_STACK_API	NO	docs/parallel/c6/evidence/rc-62ce9697cd56/rc-data.json#A12	62ce9697cd56e8dc86b3260923f5addbcf555743	NA	62ce9697cd56e8dc86b3260923f5addbcf555743	isolated c6rc stack from an RC worktree (API 51080), Chrome 154	RC_WIDE_REGRESSION_62ce9697cd56.md + rc-data.json	9
RC-DATA-A13	DATA_ACTION_WORKFLOW	UNRATED	PASS	JSON_ROWS	62ce9697cd56e8dc86b3260923f5addbcf555743	2026-10-08	API_SCRIPT(rc-data.mjs)	-	-	ISOLATED_RC_STACK_API	NO	docs/parallel/c6/evidence/rc-62ce9697cd56/rc-data.json#A13	62ce9697cd56e8dc86b3260923f5addbcf555743	NA	62ce9697cd56e8dc86b3260923f5addbcf555743	isolated c6rc stack from an RC worktree (API 51080), Chrome 154	RC_WIDE_REGRESSION_62ce9697cd56.md + rc-data.json	9
RC-DATA-A14	DATA_ACTION_WORKFLOW	UNRATED	PASS	JSON_ROWS	62ce9697cd56e8dc86b3260923f5addbcf555743	2026-10-08	API_SCRIPT(rc-data.mjs)	-	-	ISOLATED_RC_STACK_API	NO	docs/parallel/c6/evidence/rc-62ce9697cd56/rc-data.json#A14	62ce9697cd56e8dc86b3260923f5addbcf555743	NA	62ce9697cd56e8dc86b3260923f5addbcf555743	isolated c6rc stack from an RC worktree (API 51080), Chrome 154	RC_WIDE_REGRESSION_62ce9697cd56.md + rc-data.json	9
RC-DATA-A15	DATA_ACTION_WORKFLOW	UNRATED	PASS	JSON_ROWS	62ce9697cd56e8dc86b3260923f5addbcf555743	2026-10-08	API_SCRIPT(rc-data.mjs)	-	-	ISOLATED_RC_STACK_API	NO	docs/parallel/c6/evidence/rc-62ce9697cd56/rc-data.json#A15	62ce9697cd56e8dc86b3260923f5addbcf555743	NA	62ce9697cd56e8dc86b3260923f5addbcf555743	isolated c6rc stack from an RC worktree (API 51080), Chrome 154	RC_WIDE_REGRESSION_62ce9697cd56.md + rc-data.json	9
RC-DATA-A16	DATA_ACTION_WORKFLOW	UNRATED	PASS	JSON_ROWS	62ce9697cd56e8dc86b3260923f5addbcf555743	2026-10-08	API_SCRIPT(rc-data.mjs)	-	-	ISOLATED_RC_STACK_API	NO	docs/parallel/c6/evidence/rc-62ce9697cd56/rc-data.json#A16	62ce9697cd56e8dc86b3260923f5addbcf555743	NA	62ce9697cd56e8dc86b3260923f5addbcf555743	isolated c6rc stack from an RC worktree (API 51080), Chrome 154	RC_WIDE_REGRESSION_62ce9697cd56.md + rc-data.json	9
RC-DATA-W00	DATA_ACTION_WORKFLOW	UNRATED	PASS	JSON_ROWS	62ce9697cd56e8dc86b3260923f5addbcf555743	2026-10-08	API_SCRIPT(rc-data.mjs)	-	-	ISOLATED_RC_STACK_API	NO	docs/parallel/c6/evidence/rc-62ce9697cd56/rc-data.json#W00	62ce9697cd56e8dc86b3260923f5addbcf555743	NA	62ce9697cd56e8dc86b3260923f5addbcf555743	isolated c6rc stack from an RC worktree (API 51080), Chrome 154	RC_WIDE_REGRESSION_62ce9697cd56.md + rc-data.json	9
RC-DATA-W01	DATA_ACTION_WORKFLOW	UNRATED	PASS	JSON_ROWS	62ce9697cd56e8dc86b3260923f5addbcf555743	2026-10-08	API_SCRIPT(rc-data.mjs)	-	-	ISOLATED_RC_STACK_API	NO	docs/parallel/c6/evidence/rc-62ce9697cd56/rc-data.json#W01	62ce9697cd56e8dc86b3260923f5addbcf555743	NA	62ce9697cd56e8dc86b3260923f5addbcf555743	isolated c6rc stack from an RC worktree (API 51080), Chrome 154	RC_WIDE_REGRESSION_62ce9697cd56.md + rc-data.json	9
RC-DATA-W01b	DATA_ACTION_WORKFLOW	UNRATED	PASS	JSON_ROWS	62ce9697cd56e8dc86b3260923f5addbcf555743	2026-10-08	API_SCRIPT(rc-data.mjs)	-	-	ISOLATED_RC_STACK_API	NO	docs/parallel/c6/evidence/rc-62ce9697cd56/rc-data.json#W01b	62ce9697cd56e8dc86b3260923f5addbcf555743	NA	62ce9697cd56e8dc86b3260923f5addbcf555743	isolated c6rc stack from an RC worktree (API 51080), Chrome 154	RC_WIDE_REGRESSION_62ce9697cd56.md + rc-data.json	9
RC-DATA-W02	DATA_ACTION_WORKFLOW	UNRATED	PASS	JSON_ROWS	62ce9697cd56e8dc86b3260923f5addbcf555743	2026-10-08	API_SCRIPT(rc-data.mjs)	-	-	ISOLATED_RC_STACK_API	NO	docs/parallel/c6/evidence/rc-62ce9697cd56/rc-data.json#W02	62ce9697cd56e8dc86b3260923f5addbcf555743	NA	62ce9697cd56e8dc86b3260923f5addbcf555743	isolated c6rc stack from an RC worktree (API 51080), Chrome 154	RC_WIDE_REGRESSION_62ce9697cd56.md + rc-data.json	9
RC-DATA-W03	DATA_ACTION_WORKFLOW	UNRATED	PASS	JSON_ROWS	62ce9697cd56e8dc86b3260923f5addbcf555743	2026-10-08	API_SCRIPT(rc-data.mjs)	-	-	ISOLATED_RC_STACK_API	NO	docs/parallel/c6/evidence/rc-62ce9697cd56/rc-data.json#W03	62ce9697cd56e8dc86b3260923f5addbcf555743	NA	62ce9697cd56e8dc86b3260923f5addbcf555743	isolated c6rc stack from an RC worktree (API 51080), Chrome 154	RC_WIDE_REGRESSION_62ce9697cd56.md + rc-data.json	9
RC-DATA-W04	DATA_ACTION_WORKFLOW	UNRATED	PASS	JSON_ROWS	62ce9697cd56e8dc86b3260923f5addbcf555743	2026-10-08	API_SCRIPT(rc-data.mjs)	-	-	ISOLATED_RC_STACK_API	NO	docs/parallel/c6/evidence/rc-62ce9697cd56/rc-data.json#W04	62ce9697cd56e8dc86b3260923f5addbcf555743	NA	62ce9697cd56e8dc86b3260923f5addbcf555743	isolated c6rc stack from an RC worktree (API 51080), Chrome 154	RC_WIDE_REGRESSION_62ce9697cd56.md + rc-data.json	9
RC-DATA-W05	DATA_ACTION_WORKFLOW	UNRATED	PASS	JSON_ROWS	62ce9697cd56e8dc86b3260923f5addbcf555743	2026-10-08	API_SCRIPT(rc-data.mjs)	-	-	ISOLATED_RC_STACK_API	NO	docs/parallel/c6/evidence/rc-62ce9697cd56/rc-data.json#W05	62ce9697cd56e8dc86b3260923f5addbcf555743	NA	62ce9697cd56e8dc86b3260923f5addbcf555743	isolated c6rc stack from an RC worktree (API 51080), Chrome 154	RC_WIDE_REGRESSION_62ce9697cd56.md + rc-data.json	9
RC-DATA-W06	DATA_ACTION_WORKFLOW	UNRATED	PASS	JSON_ROWS	62ce9697cd56e8dc86b3260923f5addbcf555743	2026-10-08	API_SCRIPT(rc-data.mjs)	-	-	ISOLATED_RC_STACK_API	NO	docs/parallel/c6/evidence/rc-62ce9697cd56/rc-data.json#W06	62ce9697cd56e8dc86b3260923f5addbcf555743	NA	62ce9697cd56e8dc86b3260923f5addbcf555743	isolated c6rc stack from an RC worktree (API 51080), Chrome 154	RC_WIDE_REGRESSION_62ce9697cd56.md + rc-data.json	9
RC-DATA-W07	DATA_ACTION_WORKFLOW	UNRATED	PASS	JSON_ROWS	62ce9697cd56e8dc86b3260923f5addbcf555743	2026-10-08	API_SCRIPT(rc-data.mjs)	-	-	ISOLATED_RC_STACK_API	NO	docs/parallel/c6/evidence/rc-62ce9697cd56/rc-data.json#W07	62ce9697cd56e8dc86b3260923f5addbcf555743	NA	62ce9697cd56e8dc86b3260923f5addbcf555743	isolated c6rc stack from an RC worktree (API 51080), Chrome 154	RC_WIDE_REGRESSION_62ce9697cd56.md + rc-data.json	9
RC-DATA-W08	DATA_ACTION_WORKFLOW	UNRATED	PASS	JSON_ROWS	62ce9697cd56e8dc86b3260923f5addbcf555743	2026-10-08	API_SCRIPT(rc-data.mjs)	-	-	ISOLATED_RC_STACK_API	NO	docs/parallel/c6/evidence/rc-62ce9697cd56/rc-data.json#W08	62ce9697cd56e8dc86b3260923f5addbcf555743	NA	62ce9697cd56e8dc86b3260923f5addbcf555743	isolated c6rc stack from an RC worktree (API 51080), Chrome 154	RC_WIDE_REGRESSION_62ce9697cd56.md + rc-data.json	9
RC-DATA-W09	DATA_ACTION_WORKFLOW	UNRATED	PASS	JSON_ROWS	62ce9697cd56e8dc86b3260923f5addbcf555743	2026-10-08	API_SCRIPT(rc-data.mjs)	-	-	ISOLATED_RC_STACK_API	NO	docs/parallel/c6/evidence/rc-62ce9697cd56/rc-data.json#W09	62ce9697cd56e8dc86b3260923f5addbcf555743	NA	62ce9697cd56e8dc86b3260923f5addbcf555743	isolated c6rc stack from an RC worktree (API 51080), Chrome 154	RC_WIDE_REGRESSION_62ce9697cd56.md + rc-data.json	9
RC-DATA-W10	DATA_ACTION_WORKFLOW	UNRATED	PASS	JSON_ROWS	62ce9697cd56e8dc86b3260923f5addbcf555743	2026-10-08	API_SCRIPT(rc-data.mjs)	-	-	ISOLATED_RC_STACK_API	NO	docs/parallel/c6/evidence/rc-62ce9697cd56/rc-data.json#W10	62ce9697cd56e8dc86b3260923f5addbcf555743	NA	62ce9697cd56e8dc86b3260923f5addbcf555743	isolated c6rc stack from an RC worktree (API 51080), Chrome 154	RC_WIDE_REGRESSION_62ce9697cd56.md + rc-data.json	9
RC-DATA-W11	DATA_ACTION_WORKFLOW	UNRATED	PASS	JSON_ROWS	62ce9697cd56e8dc86b3260923f5addbcf555743	2026-10-08	API_SCRIPT(rc-data.mjs)	-	-	ISOLATED_RC_STACK_API	NO	docs/parallel/c6/evidence/rc-62ce9697cd56/rc-data.json#W11	62ce9697cd56e8dc86b3260923f5addbcf555743	NA	62ce9697cd56e8dc86b3260923f5addbcf555743	isolated c6rc stack from an RC worktree (API 51080), Chrome 154	RC_WIDE_REGRESSION_62ce9697cd56.md + rc-data.json	9
RC-DATA-X01	DATA_ACTION_WORKFLOW	UNRATED	PASS	JSON_ROWS	62ce9697cd56e8dc86b3260923f5addbcf555743	2026-10-08	API_SCRIPT(rc-data.mjs)	-	-	ISOLATED_RC_STACK_API	NO	docs/parallel/c6/evidence/rc-62ce9697cd56/rc-data.json#X01	62ce9697cd56e8dc86b3260923f5addbcf555743	NA	62ce9697cd56e8dc86b3260923f5addbcf555743	isolated c6rc stack from an RC worktree (API 51080), Chrome 154	RC_WIDE_REGRESSION_62ce9697cd56.md + rc-data.json	9
RC-DATA-X02	DATA_ACTION_WORKFLOW	UNRATED	PASS	JSON_ROWS	62ce9697cd56e8dc86b3260923f5addbcf555743	2026-10-08	API_SCRIPT(rc-data.mjs)	-	-	ISOLATED_RC_STACK_API	NO	docs/parallel/c6/evidence/rc-62ce9697cd56/rc-data.json#X02	62ce9697cd56e8dc86b3260923f5addbcf555743	NA	62ce9697cd56e8dc86b3260923f5addbcf555743	isolated c6rc stack from an RC worktree (API 51080), Chrome 154	RC_WIDE_REGRESSION_62ce9697cd56.md + rc-data.json	9
RC-DATA-X03	DATA_ACTION_WORKFLOW	UNRATED	PASS	JSON_ROWS	62ce9697cd56e8dc86b3260923f5addbcf555743	2026-10-08	API_SCRIPT(rc-data.mjs)	-	-	ISOLATED_RC_STACK_API	NO	docs/parallel/c6/evidence/rc-62ce9697cd56/rc-data.json#X03	62ce9697cd56e8dc86b3260923f5addbcf555743	NA	62ce9697cd56e8dc86b3260923f5addbcf555743	isolated c6rc stack from an RC worktree (API 51080), Chrome 154	RC_WIDE_REGRESSION_62ce9697cd56.md + rc-data.json	9
RC-PORTALS-PR-platform-super	PORTAL_ROUTING	UNRATED	PASS	JSON_ROWS	62ce9697cd56e8dc86b3260923f5addbcf555743	2026-10-08	PLAYWRIGHT_SCRIPT(rc-portals.mjs)	-	-	ISOLATED_RC_STACK_BROWSER	YES	docs/parallel/c6/evidence/rc-62ce9697cd56/rc-portals.json#PR-platform-super	62ce9697cd56e8dc86b3260923f5addbcf555743	62ce9697cd56e8dc86b3260923f5addbcf555743	62ce9697cd56e8dc86b3260923f5addbcf555743	isolated c6rc stack from an RC worktree (API 51080), Chrome 154	RC_WIDE_REGRESSION_62ce9697cd56.md + rc-portals.json	9
RC-PORTALS-PR-admin-super	PORTAL_ROUTING	UNRATED	PASS	JSON_ROWS	62ce9697cd56e8dc86b3260923f5addbcf555743	2026-10-08	PLAYWRIGHT_SCRIPT(rc-portals.mjs)	-	-	ISOLATED_RC_STACK_BROWSER	YES	docs/parallel/c6/evidence/rc-62ce9697cd56/rc-portals.json#PR-admin-super	62ce9697cd56e8dc86b3260923f5addbcf555743	62ce9697cd56e8dc86b3260923f5addbcf555743	62ce9697cd56e8dc86b3260923f5addbcf555743	isolated c6rc stack from an RC worktree (API 51080), Chrome 154	RC_WIDE_REGRESSION_62ce9697cd56.md + rc-portals.json	9
RC-PORTALS-PR-studio-super	PORTAL_ROUTING	UNRATED	PASS	JSON_ROWS	62ce9697cd56e8dc86b3260923f5addbcf555743	2026-10-08	PLAYWRIGHT_SCRIPT(rc-portals.mjs)	-	-	ISOLATED_RC_STACK_BROWSER	YES	docs/parallel/c6/evidence/rc-62ce9697cd56/rc-portals.json#PR-studio-super	62ce9697cd56e8dc86b3260923f5addbcf555743	62ce9697cd56e8dc86b3260923f5addbcf555743	62ce9697cd56e8dc86b3260923f5addbcf555743	isolated c6rc stack from an RC worktree (API 51080), Chrome 154	RC_WIDE_REGRESSION_62ce9697cd56.md + rc-portals.json	9
RC-PORTALS-PR-platform-tenant	PORTAL_ROUTING	UNRATED	PASS	JSON_ROWS	62ce9697cd56e8dc86b3260923f5addbcf555743	2026-10-08	PLAYWRIGHT_SCRIPT(rc-portals.mjs)	-	-	ISOLATED_RC_STACK_BROWSER	YES	docs/parallel/c6/evidence/rc-62ce9697cd56/rc-portals.json#PR-platform-tenant	62ce9697cd56e8dc86b3260923f5addbcf555743	62ce9697cd56e8dc86b3260923f5addbcf555743	62ce9697cd56e8dc86b3260923f5addbcf555743	isolated c6rc stack from an RC worktree (API 51080), Chrome 154	RC_WIDE_REGRESSION_62ce9697cd56.md + rc-portals.json	9
RC-PORTALS-PR-admin-tenant	PORTAL_ROUTING	UNRATED	PASS	JSON_ROWS	62ce9697cd56e8dc86b3260923f5addbcf555743	2026-10-08	PLAYWRIGHT_SCRIPT(rc-portals.mjs)	-	-	ISOLATED_RC_STACK_BROWSER	YES	docs/parallel/c6/evidence/rc-62ce9697cd56/rc-portals.json#PR-admin-tenant	62ce9697cd56e8dc86b3260923f5addbcf555743	62ce9697cd56e8dc86b3260923f5addbcf555743	62ce9697cd56e8dc86b3260923f5addbcf555743	isolated c6rc stack from an RC worktree (API 51080), Chrome 154	RC_WIDE_REGRESSION_62ce9697cd56.md + rc-portals.json	9
RC-PORTALS-PR-studio-tenant	PORTAL_ROUTING	UNRATED	PASS	JSON_ROWS	62ce9697cd56e8dc86b3260923f5addbcf555743	2026-10-08	PLAYWRIGHT_SCRIPT(rc-portals.mjs)	-	-	ISOLATED_RC_STACK_BROWSER	YES	docs/parallel/c6/evidence/rc-62ce9697cd56/rc-portals.json#PR-studio-tenant	62ce9697cd56e8dc86b3260923f5addbcf555743	62ce9697cd56e8dc86b3260923f5addbcf555743	62ce9697cd56e8dc86b3260923f5addbcf555743	isolated c6rc stack from an RC worktree (API 51080), Chrome 154	RC_WIDE_REGRESSION_62ce9697cd56.md + rc-portals.json	9
RC-PORTALS-PR-platform-wsadmin	PORTAL_ROUTING	UNRATED	PASS	JSON_ROWS	62ce9697cd56e8dc86b3260923f5addbcf555743	2026-10-08	PLAYWRIGHT_SCRIPT(rc-portals.mjs)	-	-	ISOLATED_RC_STACK_BROWSER	YES	docs/parallel/c6/evidence/rc-62ce9697cd56/rc-portals.json#PR-platform-wsadmin	62ce9697cd56e8dc86b3260923f5addbcf555743	62ce9697cd56e8dc86b3260923f5addbcf555743	62ce9697cd56e8dc86b3260923f5addbcf555743	isolated c6rc stack from an RC worktree (API 51080), Chrome 154	RC_WIDE_REGRESSION_62ce9697cd56.md + rc-portals.json	9
RC-PORTALS-PR-admin-wsadmin	PORTAL_ROUTING	UNRATED	PASS	JSON_ROWS	62ce9697cd56e8dc86b3260923f5addbcf555743	2026-10-08	PLAYWRIGHT_SCRIPT(rc-portals.mjs)	-	-	ISOLATED_RC_STACK_BROWSER	YES	docs/parallel/c6/evidence/rc-62ce9697cd56/rc-portals.json#PR-admin-wsadmin	62ce9697cd56e8dc86b3260923f5addbcf555743	62ce9697cd56e8dc86b3260923f5addbcf555743	62ce9697cd56e8dc86b3260923f5addbcf555743	isolated c6rc stack from an RC worktree (API 51080), Chrome 154	RC_WIDE_REGRESSION_62ce9697cd56.md + rc-portals.json	9
RC-PORTALS-PR-studio-wsadmin	PORTAL_ROUTING	UNRATED	PASS	JSON_ROWS	62ce9697cd56e8dc86b3260923f5addbcf555743	2026-10-08	PLAYWRIGHT_SCRIPT(rc-portals.mjs)	-	-	ISOLATED_RC_STACK_BROWSER	YES	docs/parallel/c6/evidence/rc-62ce9697cd56/rc-portals.json#PR-studio-wsadmin	62ce9697cd56e8dc86b3260923f5addbcf555743	62ce9697cd56e8dc86b3260923f5addbcf555743	62ce9697cd56e8dc86b3260923f5addbcf555743	isolated c6rc stack from an RC worktree (API 51080), Chrome 154	RC_WIDE_REGRESSION_62ce9697cd56.md + rc-portals.json	9
RC-PORTALS-PR-platform-creator	PORTAL_ROUTING	UNRATED	PASS	JSON_ROWS	62ce9697cd56e8dc86b3260923f5addbcf555743	2026-10-08	PLAYWRIGHT_SCRIPT(rc-portals.mjs)	-	-	ISOLATED_RC_STACK_BROWSER	YES	docs/parallel/c6/evidence/rc-62ce9697cd56/rc-portals.json#PR-platform-creator	62ce9697cd56e8dc86b3260923f5addbcf555743	62ce9697cd56e8dc86b3260923f5addbcf555743	62ce9697cd56e8dc86b3260923f5addbcf555743	isolated c6rc stack from an RC worktree (API 51080), Chrome 154	RC_WIDE_REGRESSION_62ce9697cd56.md + rc-portals.json	9
RC-PORTALS-PR-admin-creator	PORTAL_ROUTING	UNRATED	PASS	JSON_ROWS	62ce9697cd56e8dc86b3260923f5addbcf555743	2026-10-08	PLAYWRIGHT_SCRIPT(rc-portals.mjs)	-	-	ISOLATED_RC_STACK_BROWSER	YES	docs/parallel/c6/evidence/rc-62ce9697cd56/rc-portals.json#PR-admin-creator	62ce9697cd56e8dc86b3260923f5addbcf555743	62ce9697cd56e8dc86b3260923f5addbcf555743	62ce9697cd56e8dc86b3260923f5addbcf555743	isolated c6rc stack from an RC worktree (API 51080), Chrome 154	RC_WIDE_REGRESSION_62ce9697cd56.md + rc-portals.json	9
RC-PORTALS-PR-studio-creator	PORTAL_ROUTING	UNRATED	BLOCKED	JSON_ROWS	62ce9697cd56e8dc86b3260923f5addbcf555743	2026-10-08	PLAYWRIGHT_SCRIPT(rc-portals.mjs)	-	H-C1-04	ISOLATED_RC_STACK_BROWSER	YES	docs/parallel/c6/evidence/rc-62ce9697cd56/rc-portals.json#PR-studio-creator	62ce9697cd56e8dc86b3260923f5addbcf555743	62ce9697cd56e8dc86b3260923f5addbcf555743	62ce9697cd56e8dc86b3260923f5addbcf555743	isolated c6rc stack from an RC worktree (API 51080), Chrome 154	RC_WIDE_REGRESSION_62ce9697cd56.md + rc-portals.json	9
RC-PORTALS-PR-platform-viewer	PORTAL_ROUTING	UNRATED	PASS	JSON_ROWS	62ce9697cd56e8dc86b3260923f5addbcf555743	2026-10-08	PLAYWRIGHT_SCRIPT(rc-portals.mjs)	-	-	ISOLATED_RC_STACK_BROWSER	YES	docs/parallel/c6/evidence/rc-62ce9697cd56/rc-portals.json#PR-platform-viewer	62ce9697cd56e8dc86b3260923f5addbcf555743	62ce9697cd56e8dc86b3260923f5addbcf555743	62ce9697cd56e8dc86b3260923f5addbcf555743	isolated c6rc stack from an RC worktree (API 51080), Chrome 154	RC_WIDE_REGRESSION_62ce9697cd56.md + rc-portals.json	9
RC-PORTALS-PR-admin-viewer	PORTAL_ROUTING	UNRATED	PASS	JSON_ROWS	62ce9697cd56e8dc86b3260923f5addbcf555743	2026-10-08	PLAYWRIGHT_SCRIPT(rc-portals.mjs)	-	-	ISOLATED_RC_STACK_BROWSER	YES	docs/parallel/c6/evidence/rc-62ce9697cd56/rc-portals.json#PR-admin-viewer	62ce9697cd56e8dc86b3260923f5addbcf555743	62ce9697cd56e8dc86b3260923f5addbcf555743	62ce9697cd56e8dc86b3260923f5addbcf555743	isolated c6rc stack from an RC worktree (API 51080), Chrome 154	RC_WIDE_REGRESSION_62ce9697cd56.md + rc-portals.json	9
RC-PORTALS-PR-studio-viewer	PORTAL_ROUTING	UNRATED	BLOCKED	JSON_ROWS	62ce9697cd56e8dc86b3260923f5addbcf555743	2026-10-08	PLAYWRIGHT_SCRIPT(rc-portals.mjs)	-	H-C1-04	ISOLATED_RC_STACK_BROWSER	YES	docs/parallel/c6/evidence/rc-62ce9697cd56/rc-portals.json#PR-studio-viewer	62ce9697cd56e8dc86b3260923f5addbcf555743	62ce9697cd56e8dc86b3260923f5addbcf555743	62ce9697cd56e8dc86b3260923f5addbcf555743	isolated c6rc stack from an RC worktree (API 51080), Chrome 154	RC_WIDE_REGRESSION_62ce9697cd56.md + rc-portals.json	9
RC-PORTALS-PR-deep-1	PORTAL_ROUTING	UNRATED	PASS	JSON_ROWS	62ce9697cd56e8dc86b3260923f5addbcf555743	2026-10-08	PLAYWRIGHT_SCRIPT(rc-portals.mjs)	-	-	ISOLATED_RC_STACK_BROWSER	YES	docs/parallel/c6/evidence/rc-62ce9697cd56/rc-portals.json#PR-deep-1	62ce9697cd56e8dc86b3260923f5addbcf555743	62ce9697cd56e8dc86b3260923f5addbcf555743	62ce9697cd56e8dc86b3260923f5addbcf555743	isolated c6rc stack from an RC worktree (API 51080), Chrome 154	RC_WIDE_REGRESSION_62ce9697cd56.md + rc-portals.json	9
RC-PORTALS-PR-deep-2	PORTAL_ROUTING	UNRATED	PASS	JSON_ROWS	62ce9697cd56e8dc86b3260923f5addbcf555743	2026-10-08	PLAYWRIGHT_SCRIPT(rc-portals.mjs)	-	-	ISOLATED_RC_STACK_BROWSER	YES	docs/parallel/c6/evidence/rc-62ce9697cd56/rc-portals.json#PR-deep-2	62ce9697cd56e8dc86b3260923f5addbcf555743	62ce9697cd56e8dc86b3260923f5addbcf555743	62ce9697cd56e8dc86b3260923f5addbcf555743	isolated c6rc stack from an RC worktree (API 51080), Chrome 154	RC_WIDE_REGRESSION_62ce9697cd56.md + rc-portals.json	9
RC-PORTALS-PR-direct	PORTAL_ROUTING	UNRATED	PASS	JSON_ROWS	62ce9697cd56e8dc86b3260923f5addbcf555743	2026-10-08	PLAYWRIGHT_SCRIPT(rc-portals.mjs)	-	-	ISOLATED_RC_STACK_BROWSER	YES	docs/parallel/c6/evidence/rc-62ce9697cd56/rc-portals.json#PR-direct	62ce9697cd56e8dc86b3260923f5addbcf555743	62ce9697cd56e8dc86b3260923f5addbcf555743	62ce9697cd56e8dc86b3260923f5addbcf555743	isolated c6rc stack from an RC worktree (API 51080), Chrome 154	RC_WIDE_REGRESSION_62ce9697cd56.md + rc-portals.json	9
RC-PORTALS-PR-login-signed-in	PORTAL_ROUTING	UNRATED	PASS	JSON_ROWS	62ce9697cd56e8dc86b3260923f5addbcf555743	2026-10-08	PLAYWRIGHT_SCRIPT(rc-portals.mjs)	-	-	ISOLATED_RC_STACK_BROWSER	YES	docs/parallel/c6/evidence/rc-62ce9697cd56/rc-portals.json#PR-login-signed-in	62ce9697cd56e8dc86b3260923f5addbcf555743	62ce9697cd56e8dc86b3260923f5addbcf555743	62ce9697cd56e8dc86b3260923f5addbcf555743	isolated c6rc stack from an RC worktree (API 51080), Chrome 154	RC_WIDE_REGRESSION_62ce9697cd56.md + rc-portals.json	9
RC-PORTALS-PR-404	PORTAL_ROUTING	UNRATED	PASS	JSON_ROWS	62ce9697cd56e8dc86b3260923f5addbcf555743	2026-10-08	PLAYWRIGHT_SCRIPT(rc-portals.mjs)	-	-	ISOLATED_RC_STACK_BROWSER	YES	docs/parallel/c6/evidence/rc-62ce9697cd56/rc-portals.json#PR-404	62ce9697cd56e8dc86b3260923f5addbcf555743	62ce9697cd56e8dc86b3260923f5addbcf555743	62ce9697cd56e8dc86b3260923f5addbcf555743	isolated c6rc stack from an RC worktree (API 51080), Chrome 154	RC_WIDE_REGRESSION_62ce9697cd56.md + rc-portals.json	9
RC-PORTALS-PR-switch	PORTAL_ROUTING	UNRATED	PASS	JSON_ROWS	62ce9697cd56e8dc86b3260923f5addbcf555743	2026-10-08	PLAYWRIGHT_SCRIPT(rc-portals.mjs)	-	-	ISOLATED_RC_STACK_BROWSER	YES	docs/parallel/c6/evidence/rc-62ce9697cd56/rc-portals.json#PR-switch	62ce9697cd56e8dc86b3260923f5addbcf555743	62ce9697cd56e8dc86b3260923f5addbcf555743	62ce9697cd56e8dc86b3260923f5addbcf555743	isolated c6rc stack from an RC worktree (API 51080), Chrome 154	RC_WIDE_REGRESSION_62ce9697cd56.md + rc-portals.json	9
RC-PORTALS-PR-switch-denied	PORTAL_ROUTING	UNRATED	PASS	JSON_ROWS	62ce9697cd56e8dc86b3260923f5addbcf555743	2026-10-08	PLAYWRIGHT_SCRIPT(rc-portals.mjs)	-	-	ISOLATED_RC_STACK_BROWSER	YES	docs/parallel/c6/evidence/rc-62ce9697cd56/rc-portals.json#PR-switch-denied	62ce9697cd56e8dc86b3260923f5addbcf555743	62ce9697cd56e8dc86b3260923f5addbcf555743	62ce9697cd56e8dc86b3260923f5addbcf555743	isolated c6rc stack from an RC worktree (API 51080), Chrome 154	RC_WIDE_REGRESSION_62ce9697cd56.md + rc-portals.json	9
RC-PORTALS-PR-logout	PORTAL_ROUTING	UNRATED	PASS	JSON_ROWS	62ce9697cd56e8dc86b3260923f5addbcf555743	2026-10-08	PLAYWRIGHT_SCRIPT(rc-portals.mjs)	-	-	ISOLATED_RC_STACK_BROWSER	YES	docs/parallel/c6/evidence/rc-62ce9697cd56/rc-portals.json#PR-logout	62ce9697cd56e8dc86b3260923f5addbcf555743	62ce9697cd56e8dc86b3260923f5addbcf555743	62ce9697cd56e8dc86b3260923f5addbcf555743	isolated c6rc stack from an RC worktree (API 51080), Chrome 154	RC_WIDE_REGRESSION_62ce9697cd56.md + rc-portals.json	9
RC-PORTALS-PR-after-logout	PORTAL_ROUTING	UNRATED	PASS	JSON_ROWS	62ce9697cd56e8dc86b3260923f5addbcf555743	2026-10-08	PLAYWRIGHT_SCRIPT(rc-portals.mjs)	-	-	ISOLATED_RC_STACK_BROWSER	YES	docs/parallel/c6/evidence/rc-62ce9697cd56/rc-portals.json#PR-after-logout	62ce9697cd56e8dc86b3260923f5addbcf555743	62ce9697cd56e8dc86b3260923f5addbcf555743	62ce9697cd56e8dc86b3260923f5addbcf555743	isolated c6rc stack from an RC worktree (API 51080), Chrome 154	RC_WIDE_REGRESSION_62ce9697cd56.md + rc-portals.json	9
RC-PORTALS-PR-open-redirect	PORTAL_ROUTING	UNRATED	PASS	JSON_ROWS	62ce9697cd56e8dc86b3260923f5addbcf555743	2026-10-08	PLAYWRIGHT_SCRIPT(rc-portals.mjs)	-	-	ISOLATED_RC_STACK_BROWSER	YES	docs/parallel/c6/evidence/rc-62ce9697cd56/rc-portals.json#PR-open-redirect	62ce9697cd56e8dc86b3260923f5addbcf555743	62ce9697cd56e8dc86b3260923f5addbcf555743	62ce9697cd56e8dc86b3260923f5addbcf555743	isolated c6rc stack from an RC worktree (API 51080), Chrome 154	RC_WIDE_REGRESSION_62ce9697cd56.md + rc-portals.json	9
RC-RABBIT-Q00	WORKFLOW_QUEUE	UNRATED	PASS	JSON_ROWS	62ce9697cd56e8dc86b3260923f5addbcf555743	2026-10-08	API_SCRIPT(rc-rabbit.mjs)	-	-	ISOLATED_RC_STACK_API	NO	docs/parallel/c6/evidence/rc-62ce9697cd56/rc-rabbit.json#Q00	62ce9697cd56e8dc86b3260923f5addbcf555743	NA	62ce9697cd56e8dc86b3260923f5addbcf555743	isolated c6rc stack from an RC worktree (API 51080), Chrome 154	RC_WIDE_REGRESSION_62ce9697cd56.md + rc-rabbit.json	9
RC-RABBIT-Q01	WORKFLOW_QUEUE	UNRATED	PASS	JSON_ROWS	62ce9697cd56e8dc86b3260923f5addbcf555743	2026-10-08	API_SCRIPT(rc-rabbit.mjs)	-	-	ISOLATED_RC_STACK_API	NO	docs/parallel/c6/evidence/rc-62ce9697cd56/rc-rabbit.json#Q01	62ce9697cd56e8dc86b3260923f5addbcf555743	NA	62ce9697cd56e8dc86b3260923f5addbcf555743	isolated c6rc stack from an RC worktree (API 51080), Chrome 154	RC_WIDE_REGRESSION_62ce9697cd56.md + rc-rabbit.json	9
RC-RABBIT-Q02	WORKFLOW_QUEUE	UNRATED	PASS	JSON_ROWS	62ce9697cd56e8dc86b3260923f5addbcf555743	2026-10-08	API_SCRIPT(rc-rabbit.mjs)	-	-	ISOLATED_RC_STACK_API	NO	docs/parallel/c6/evidence/rc-62ce9697cd56/rc-rabbit.json#Q02	62ce9697cd56e8dc86b3260923f5addbcf555743	NA	62ce9697cd56e8dc86b3260923f5addbcf555743	isolated c6rc stack from an RC worktree (API 51080), Chrome 154	RC_WIDE_REGRESSION_62ce9697cd56.md + rc-rabbit.json	9
RC-RABBIT-Q03	WORKFLOW_QUEUE	UNRATED	PASS	JSON_ROWS	62ce9697cd56e8dc86b3260923f5addbcf555743	2026-10-08	API_SCRIPT(rc-rabbit.mjs)	-	-	ISOLATED_RC_STACK_API	NO	docs/parallel/c6/evidence/rc-62ce9697cd56/rc-rabbit.json#Q03	62ce9697cd56e8dc86b3260923f5addbcf555743	NA	62ce9697cd56e8dc86b3260923f5addbcf555743	isolated c6rc stack from an RC worktree (API 51080), Chrome 154	RC_WIDE_REGRESSION_62ce9697cd56.md + rc-rabbit.json	9
RC-RABBIT-Q04	WORKFLOW_QUEUE	UNRATED	PASS	JSON_ROWS	62ce9697cd56e8dc86b3260923f5addbcf555743	2026-10-08	API_SCRIPT(rc-rabbit.mjs)	-	-	ISOLATED_RC_STACK_API	NO	docs/parallel/c6/evidence/rc-62ce9697cd56/rc-rabbit.json#Q04	62ce9697cd56e8dc86b3260923f5addbcf555743	NA	62ce9697cd56e8dc86b3260923f5addbcf555743	isolated c6rc stack from an RC worktree (API 51080), Chrome 154	RC_WIDE_REGRESSION_62ce9697cd56.md + rc-rabbit.json	9
RC-RABBIT-Q05	WORKFLOW_QUEUE	UNRATED	PASS	JSON_ROWS	62ce9697cd56e8dc86b3260923f5addbcf555743	2026-10-08	API_SCRIPT(rc-rabbit.mjs)	-	-	ISOLATED_RC_STACK_API	NO	docs/parallel/c6/evidence/rc-62ce9697cd56/rc-rabbit.json#Q05	62ce9697cd56e8dc86b3260923f5addbcf555743	NA	62ce9697cd56e8dc86b3260923f5addbcf555743	isolated c6rc stack from an RC worktree (API 51080), Chrome 154	RC_WIDE_REGRESSION_62ce9697cd56.md + rc-rabbit.json	9
RC-RABBIT-Q06	WORKFLOW_QUEUE	UNRATED	PASS	JSON_ROWS	62ce9697cd56e8dc86b3260923f5addbcf555743	2026-10-08	API_SCRIPT(rc-rabbit.mjs)	-	-	ISOLATED_RC_STACK_API	NO	docs/parallel/c6/evidence/rc-62ce9697cd56/rc-rabbit.json#Q06	62ce9697cd56e8dc86b3260923f5addbcf555743	NA	62ce9697cd56e8dc86b3260923f5addbcf555743	isolated c6rc stack from an RC worktree (API 51080), Chrome 154	RC_WIDE_REGRESSION_62ce9697cd56.md + rc-rabbit.json	9
RC-RABBIT-Q07	WORKFLOW_QUEUE	UNRATED	PASS	JSON_ROWS	62ce9697cd56e8dc86b3260923f5addbcf555743	2026-10-08	API_SCRIPT(rc-rabbit.mjs)	-	-	ISOLATED_RC_STACK_API	NO	docs/parallel/c6/evidence/rc-62ce9697cd56/rc-rabbit.json#Q07	62ce9697cd56e8dc86b3260923f5addbcf555743	NA	62ce9697cd56e8dc86b3260923f5addbcf555743	isolated c6rc stack from an RC worktree (API 51080), Chrome 154	RC_WIDE_REGRESSION_62ce9697cd56.md + rc-rabbit.json	9
RC-RABBIT-Q08	WORKFLOW_QUEUE	UNRATED	PASS	JSON_ROWS	62ce9697cd56e8dc86b3260923f5addbcf555743	2026-10-08	API_SCRIPT(rc-rabbit.mjs)	-	-	ISOLATED_RC_STACK_API	NO	docs/parallel/c6/evidence/rc-62ce9697cd56/rc-rabbit.json#Q08	62ce9697cd56e8dc86b3260923f5addbcf555743	NA	62ce9697cd56e8dc86b3260923f5addbcf555743	isolated c6rc stack from an RC worktree (API 51080), Chrome 154	RC_WIDE_REGRESSION_62ce9697cd56.md + rc-rabbit.json	9
RC-RABBIT-Q09	WORKFLOW_QUEUE	UNRATED	PASS	JSON_ROWS	62ce9697cd56e8dc86b3260923f5addbcf555743	2026-10-08	API_SCRIPT(rc-rabbit.mjs)	-	-	ISOLATED_RC_STACK_API	NO	docs/parallel/c6/evidence/rc-62ce9697cd56/rc-rabbit.json#Q09	62ce9697cd56e8dc86b3260923f5addbcf555743	NA	62ce9697cd56e8dc86b3260923f5addbcf555743	isolated c6rc stack from an RC worktree (API 51080), Chrome 154	RC_WIDE_REGRESSION_62ce9697cd56.md + rc-rabbit.json	9
RC-RABBIT-Q10	WORKFLOW_QUEUE	UNRATED	PASS	JSON_ROWS	62ce9697cd56e8dc86b3260923f5addbcf555743	2026-10-08	API_SCRIPT(rc-rabbit.mjs)	-	-	ISOLATED_RC_STACK_API	NO	docs/parallel/c6/evidence/rc-62ce9697cd56/rc-rabbit.json#Q10	62ce9697cd56e8dc86b3260923f5addbcf555743	NA	62ce9697cd56e8dc86b3260923f5addbcf555743	isolated c6rc stack from an RC worktree (API 51080), Chrome 154	RC_WIDE_REGRESSION_62ce9697cd56.md + rc-rabbit.json	9
RC-RABBIT-Q11	WORKFLOW_QUEUE	UNRATED	PASS	JSON_ROWS	62ce9697cd56e8dc86b3260923f5addbcf555743	2026-10-08	API_SCRIPT(rc-rabbit.mjs)	-	-	ISOLATED_RC_STACK_API	NO	docs/parallel/c6/evidence/rc-62ce9697cd56/rc-rabbit.json#Q11	62ce9697cd56e8dc86b3260923f5addbcf555743	NA	62ce9697cd56e8dc86b3260923f5addbcf555743	isolated c6rc stack from an RC worktree (API 51080), Chrome 154	RC_WIDE_REGRESSION_62ce9697cd56.md + rc-rabbit.json	9
RC-RABBIT-Q12	WORKFLOW_QUEUE	UNRATED	PASS	JSON_ROWS	62ce9697cd56e8dc86b3260923f5addbcf555743	2026-10-08	API_SCRIPT(rc-rabbit.mjs)	-	-	ISOLATED_RC_STACK_API	NO	docs/parallel/c6/evidence/rc-62ce9697cd56/rc-rabbit.json#Q12	62ce9697cd56e8dc86b3260923f5addbcf555743	NA	62ce9697cd56e8dc86b3260923f5addbcf555743	isolated c6rc stack from an RC worktree (API 51080), Chrome 154	RC_WIDE_REGRESSION_62ce9697cd56.md + rc-rabbit.json	9
RC-RABBIT-Q13	WORKFLOW_QUEUE	UNRATED	PASS	JSON_ROWS	62ce9697cd56e8dc86b3260923f5addbcf555743	2026-10-08	API_SCRIPT(rc-rabbit.mjs)	-	-	ISOLATED_RC_STACK_API	NO	docs/parallel/c6/evidence/rc-62ce9697cd56/rc-rabbit.json#Q13	62ce9697cd56e8dc86b3260923f5addbcf555743	NA	62ce9697cd56e8dc86b3260923f5addbcf555743	isolated c6rc stack from an RC worktree (API 51080), Chrome 154	RC_WIDE_REGRESSION_62ce9697cd56.md + rc-rabbit.json	9
RC-RABBIT-Q14	WORKFLOW_QUEUE	UNRATED	PASS	JSON_ROWS	62ce9697cd56e8dc86b3260923f5addbcf555743	2026-10-08	API_SCRIPT(rc-rabbit.mjs)	-	-	ISOLATED_RC_STACK_API	NO	docs/parallel/c6/evidence/rc-62ce9697cd56/rc-rabbit.json#Q14	62ce9697cd56e8dc86b3260923f5addbcf555743	NA	62ce9697cd56e8dc86b3260923f5addbcf555743	isolated c6rc stack from an RC worktree (API 51080), Chrome 154	RC_WIDE_REGRESSION_62ce9697cd56.md + rc-rabbit.json	9
RC-RABBIT-Q15	WORKFLOW_QUEUE	UNRATED	PASS	JSON_ROWS	62ce9697cd56e8dc86b3260923f5addbcf555743	2026-10-08	API_SCRIPT(rc-rabbit.mjs)	-	-	ISOLATED_RC_STACK_API	NO	docs/parallel/c6/evidence/rc-62ce9697cd56/rc-rabbit.json#Q15	62ce9697cd56e8dc86b3260923f5addbcf555743	NA	62ce9697cd56e8dc86b3260923f5addbcf555743	isolated c6rc stack from an RC worktree (API 51080), Chrome 154	RC_WIDE_REGRESSION_62ce9697cd56.md + rc-rabbit.json	9
RC-GW-UP-G01	GATEWAY	UNRATED	PASS	JSON_ROWS	62ce9697cd56e8dc86b3260923f5addbcf555743	2026-10-08	API_SCRIPT(rc-gateway.mjs)	-	-	ISOLATED_RC_STACK_API	NO	docs/parallel/c6/evidence/rc-62ce9697cd56/rc-gateway-up.json#G01	62ce9697cd56e8dc86b3260923f5addbcf555743	NA	62ce9697cd56e8dc86b3260923f5addbcf555743	isolated c6rc stack from an RC worktree (API 51080), Chrome 154	RC_WIDE_REGRESSION_62ce9697cd56.md + rc-gateway-up.json	9
RC-GW-UP-G02	GATEWAY	UNRATED	PASS	JSON_ROWS	62ce9697cd56e8dc86b3260923f5addbcf555743	2026-10-08	API_SCRIPT(rc-gateway.mjs)	-	-	ISOLATED_RC_STACK_API	NO	docs/parallel/c6/evidence/rc-62ce9697cd56/rc-gateway-up.json#G02	62ce9697cd56e8dc86b3260923f5addbcf555743	NA	62ce9697cd56e8dc86b3260923f5addbcf555743	isolated c6rc stack from an RC worktree (API 51080), Chrome 154	RC_WIDE_REGRESSION_62ce9697cd56.md + rc-gateway-up.json	9
RC-GW-UP-G03	GATEWAY	UNRATED	PASS	JSON_ROWS	62ce9697cd56e8dc86b3260923f5addbcf555743	2026-10-08	API_SCRIPT(rc-gateway.mjs)	-	-	ISOLATED_RC_STACK_API	NO	docs/parallel/c6/evidence/rc-62ce9697cd56/rc-gateway-up.json#G03	62ce9697cd56e8dc86b3260923f5addbcf555743	NA	62ce9697cd56e8dc86b3260923f5addbcf555743	isolated c6rc stack from an RC worktree (API 51080), Chrome 154	RC_WIDE_REGRESSION_62ce9697cd56.md + rc-gateway-up.json	9
RC-GW-UP-G04	GATEWAY	UNRATED	PASS	JSON_ROWS	62ce9697cd56e8dc86b3260923f5addbcf555743	2026-10-08	API_SCRIPT(rc-gateway.mjs)	-	-	ISOLATED_RC_STACK_API	NO	docs/parallel/c6/evidence/rc-62ce9697cd56/rc-gateway-up.json#G04	62ce9697cd56e8dc86b3260923f5addbcf555743	NA	62ce9697cd56e8dc86b3260923f5addbcf555743	isolated c6rc stack from an RC worktree (API 51080), Chrome 154	RC_WIDE_REGRESSION_62ce9697cd56.md + rc-gateway-up.json	9
RC-GW-UP-G05	GATEWAY	UNRATED	PASS	JSON_ROWS	62ce9697cd56e8dc86b3260923f5addbcf555743	2026-10-08	API_SCRIPT(rc-gateway.mjs)	-	-	ISOLATED_RC_STACK_API	NO	docs/parallel/c6/evidence/rc-62ce9697cd56/rc-gateway-up.json#G05	62ce9697cd56e8dc86b3260923f5addbcf555743	NA	62ce9697cd56e8dc86b3260923f5addbcf555743	isolated c6rc stack from an RC worktree (API 51080), Chrome 154	RC_WIDE_REGRESSION_62ce9697cd56.md + rc-gateway-up.json	9
RC-GW-UP-G06	GATEWAY	UNRATED	PASS	JSON_ROWS	62ce9697cd56e8dc86b3260923f5addbcf555743	2026-10-08	API_SCRIPT(rc-gateway.mjs)	-	-	ISOLATED_RC_STACK_API	NO	docs/parallel/c6/evidence/rc-62ce9697cd56/rc-gateway-up.json#G06	62ce9697cd56e8dc86b3260923f5addbcf555743	NA	62ce9697cd56e8dc86b3260923f5addbcf555743	isolated c6rc stack from an RC worktree (API 51080), Chrome 154	RC_WIDE_REGRESSION_62ce9697cd56.md + rc-gateway-up.json	9
RC-GW-UP-G07	GATEWAY	UNRATED	PASS	JSON_ROWS	62ce9697cd56e8dc86b3260923f5addbcf555743	2026-10-08	API_SCRIPT(rc-gateway.mjs)	-	-	ISOLATED_RC_STACK_API	NO	docs/parallel/c6/evidence/rc-62ce9697cd56/rc-gateway-up.json#G07	62ce9697cd56e8dc86b3260923f5addbcf555743	NA	62ce9697cd56e8dc86b3260923f5addbcf555743	isolated c6rc stack from an RC worktree (API 51080), Chrome 154	RC_WIDE_REGRESSION_62ce9697cd56.md + rc-gateway-up.json	9
RC-GW-UP-G08	GATEWAY	UNRATED	PASS	JSON_ROWS	62ce9697cd56e8dc86b3260923f5addbcf555743	2026-10-08	API_SCRIPT(rc-gateway.mjs)	-	-	ISOLATED_RC_STACK_API	NO	docs/parallel/c6/evidence/rc-62ce9697cd56/rc-gateway-up.json#G08	62ce9697cd56e8dc86b3260923f5addbcf555743	NA	62ce9697cd56e8dc86b3260923f5addbcf555743	isolated c6rc stack from an RC worktree (API 51080), Chrome 154	RC_WIDE_REGRESSION_62ce9697cd56.md + rc-gateway-up.json	9
RC-GW-UP-G09	GATEWAY	UNRATED	PASS	JSON_ROWS	62ce9697cd56e8dc86b3260923f5addbcf555743	2026-10-08	API_SCRIPT(rc-gateway.mjs)	-	-	ISOLATED_RC_STACK_API	NO	docs/parallel/c6/evidence/rc-62ce9697cd56/rc-gateway-up.json#G09	62ce9697cd56e8dc86b3260923f5addbcf555743	NA	62ce9697cd56e8dc86b3260923f5addbcf555743	isolated c6rc stack from an RC worktree (API 51080), Chrome 154	RC_WIDE_REGRESSION_62ce9697cd56.md + rc-gateway-up.json	9
RC-GW-UP-G10	GATEWAY	UNRATED	PASS	JSON_ROWS	62ce9697cd56e8dc86b3260923f5addbcf555743	2026-10-08	API_SCRIPT(rc-gateway.mjs)	-	-	ISOLATED_RC_STACK_API	NO	docs/parallel/c6/evidence/rc-62ce9697cd56/rc-gateway-up.json#G10	62ce9697cd56e8dc86b3260923f5addbcf555743	NA	62ce9697cd56e8dc86b3260923f5addbcf555743	isolated c6rc stack from an RC worktree (API 51080), Chrome 154	RC_WIDE_REGRESSION_62ce9697cd56.md + rc-gateway-up.json	9
RC-GW-UP-G11	GATEWAY	UNRATED	PASS	JSON_ROWS	62ce9697cd56e8dc86b3260923f5addbcf555743	2026-10-08	API_SCRIPT(rc-gateway.mjs)	-	-	ISOLATED_RC_STACK_API	NO	docs/parallel/c6/evidence/rc-62ce9697cd56/rc-gateway-up.json#G11	62ce9697cd56e8dc86b3260923f5addbcf555743	NA	62ce9697cd56e8dc86b3260923f5addbcf555743	isolated c6rc stack from an RC worktree (API 51080), Chrome 154	RC_WIDE_REGRESSION_62ce9697cd56.md + rc-gateway-up.json	9
RC-GW-UP-G12	GATEWAY	UNRATED	PASS	JSON_ROWS	62ce9697cd56e8dc86b3260923f5addbcf555743	2026-10-08	API_SCRIPT(rc-gateway.mjs)	-	-	ISOLATED_RC_STACK_API	NO	docs/parallel/c6/evidence/rc-62ce9697cd56/rc-gateway-up.json#G12	62ce9697cd56e8dc86b3260923f5addbcf555743	NA	62ce9697cd56e8dc86b3260923f5addbcf555743	isolated c6rc stack from an RC worktree (API 51080), Chrome 154	RC_WIDE_REGRESSION_62ce9697cd56.md + rc-gateway-up.json	9
RC-GW-UP-G13	GATEWAY	UNRATED	PASS	JSON_ROWS	62ce9697cd56e8dc86b3260923f5addbcf555743	2026-10-08	API_SCRIPT(rc-gateway.mjs)	-	-	ISOLATED_RC_STACK_API	NO	docs/parallel/c6/evidence/rc-62ce9697cd56/rc-gateway-up.json#G13	62ce9697cd56e8dc86b3260923f5addbcf555743	NA	62ce9697cd56e8dc86b3260923f5addbcf555743	isolated c6rc stack from an RC worktree (API 51080), Chrome 154	RC_WIDE_REGRESSION_62ce9697cd56.md + rc-gateway-up.json	9
RC-GW-UP-G14	GATEWAY	UNRATED	PASS	JSON_ROWS	62ce9697cd56e8dc86b3260923f5addbcf555743	2026-10-08	API_SCRIPT(rc-gateway.mjs)	-	-	ISOLATED_RC_STACK_API	NO	docs/parallel/c6/evidence/rc-62ce9697cd56/rc-gateway-up.json#G14	62ce9697cd56e8dc86b3260923f5addbcf555743	NA	62ce9697cd56e8dc86b3260923f5addbcf555743	isolated c6rc stack from an RC worktree (API 51080), Chrome 154	RC_WIDE_REGRESSION_62ce9697cd56.md + rc-gateway-up.json	9
RC-GW-UP-G15	GATEWAY	UNRATED	PASS	JSON_ROWS	62ce9697cd56e8dc86b3260923f5addbcf555743	2026-10-08	API_SCRIPT(rc-gateway.mjs)	-	-	ISOLATED_RC_STACK_API	NO	docs/parallel/c6/evidence/rc-62ce9697cd56/rc-gateway-up.json#G15	62ce9697cd56e8dc86b3260923f5addbcf555743	NA	62ce9697cd56e8dc86b3260923f5addbcf555743	isolated c6rc stack from an RC worktree (API 51080), Chrome 154	RC_WIDE_REGRESSION_62ce9697cd56.md + rc-gateway-up.json	9
RC-GW-UP-G16	GATEWAY	UNRATED	PASS	JSON_ROWS	62ce9697cd56e8dc86b3260923f5addbcf555743	2026-10-08	API_SCRIPT(rc-gateway.mjs)	-	-	ISOLATED_RC_STACK_API	NO	docs/parallel/c6/evidence/rc-62ce9697cd56/rc-gateway-up.json#G16	62ce9697cd56e8dc86b3260923f5addbcf555743	NA	62ce9697cd56e8dc86b3260923f5addbcf555743	isolated c6rc stack from an RC worktree (API 51080), Chrome 154	RC_WIDE_REGRESSION_62ce9697cd56.md + rc-gateway-up.json	9
RC-GW-UP-G17	GATEWAY	UNRATED	PASS	JSON_ROWS	62ce9697cd56e8dc86b3260923f5addbcf555743	2026-10-08	API_SCRIPT(rc-gateway.mjs)	-	-	ISOLATED_RC_STACK_API	NO	docs/parallel/c6/evidence/rc-62ce9697cd56/rc-gateway-up.json#G17	62ce9697cd56e8dc86b3260923f5addbcf555743	NA	62ce9697cd56e8dc86b3260923f5addbcf555743	isolated c6rc stack from an RC worktree (API 51080), Chrome 154	RC_WIDE_REGRESSION_62ce9697cd56.md + rc-gateway-up.json	9
RC-GW-UP-G18	GATEWAY	UNRATED	PASS	JSON_ROWS	62ce9697cd56e8dc86b3260923f5addbcf555743	2026-10-08	API_SCRIPT(rc-gateway.mjs)	-	-	ISOLATED_RC_STACK_API	NO	docs/parallel/c6/evidence/rc-62ce9697cd56/rc-gateway-up.json#G18	62ce9697cd56e8dc86b3260923f5addbcf555743	NA	62ce9697cd56e8dc86b3260923f5addbcf555743	isolated c6rc stack from an RC worktree (API 51080), Chrome 154	RC_WIDE_REGRESSION_62ce9697cd56.md + rc-gateway-up.json	9
RC-GW-UP-G19	GATEWAY	UNRATED	PASS	JSON_ROWS	62ce9697cd56e8dc86b3260923f5addbcf555743	2026-10-08	API_SCRIPT(rc-gateway.mjs)	-	-	ISOLATED_RC_STACK_API	NO	docs/parallel/c6/evidence/rc-62ce9697cd56/rc-gateway-up.json#G19	62ce9697cd56e8dc86b3260923f5addbcf555743	NA	62ce9697cd56e8dc86b3260923f5addbcf555743	isolated c6rc stack from an RC worktree (API 51080), Chrome 154	RC_WIDE_REGRESSION_62ce9697cd56.md + rc-gateway-up.json	9
RC-GW-UP-G20	GATEWAY	UNRATED	PASS	JSON_ROWS	62ce9697cd56e8dc86b3260923f5addbcf555743	2026-10-08	API_SCRIPT(rc-gateway.mjs)	-	-	ISOLATED_RC_STACK_API	NO	docs/parallel/c6/evidence/rc-62ce9697cd56/rc-gateway-up.json#G20	62ce9697cd56e8dc86b3260923f5addbcf555743	NA	62ce9697cd56e8dc86b3260923f5addbcf555743	isolated c6rc stack from an RC worktree (API 51080), Chrome 154	RC_WIDE_REGRESSION_62ce9697cd56.md + rc-gateway-up.json	9
RC-GW-DOWN-H01	GATEWAY	UNRATED	PASS	JSON_ROWS	62ce9697cd56e8dc86b3260923f5addbcf555743	2026-10-08	API_SCRIPT(rc-gateway.mjs)	-	-	ISOLATED_RC_STACK_API	NO	docs/parallel/c6/evidence/rc-62ce9697cd56/rc-gateway-down.json#H01	62ce9697cd56e8dc86b3260923f5addbcf555743	NA	62ce9697cd56e8dc86b3260923f5addbcf555743	isolated c6rc stack from an RC worktree (API 51080), Chrome 154	RC_WIDE_REGRESSION_62ce9697cd56.md + rc-gateway-down.json	9
RC-GW-DOWN-H02	GATEWAY	UNRATED	PASS	JSON_ROWS	62ce9697cd56e8dc86b3260923f5addbcf555743	2026-10-08	API_SCRIPT(rc-gateway.mjs)	-	-	ISOLATED_RC_STACK_API	NO	docs/parallel/c6/evidence/rc-62ce9697cd56/rc-gateway-down.json#H02	62ce9697cd56e8dc86b3260923f5addbcf555743	NA	62ce9697cd56e8dc86b3260923f5addbcf555743	isolated c6rc stack from an RC worktree (API 51080), Chrome 154	RC_WIDE_REGRESSION_62ce9697cd56.md + rc-gateway-down.json	9
RC-GW-DOWN-H03	GATEWAY	UNRATED	PASS	JSON_ROWS	62ce9697cd56e8dc86b3260923f5addbcf555743	2026-10-08	API_SCRIPT(rc-gateway.mjs)	-	-	ISOLATED_RC_STACK_API	NO	docs/parallel/c6/evidence/rc-62ce9697cd56/rc-gateway-down.json#H03	62ce9697cd56e8dc86b3260923f5addbcf555743	NA	62ce9697cd56e8dc86b3260923f5addbcf555743	isolated c6rc stack from an RC worktree (API 51080), Chrome 154	RC_WIDE_REGRESSION_62ce9697cd56.md + rc-gateway-down.json	9
RC-GW-DOWN-H04	GATEWAY	UNRATED	PASS	JSON_ROWS	62ce9697cd56e8dc86b3260923f5addbcf555743	2026-10-08	API_SCRIPT(rc-gateway.mjs)	-	-	ISOLATED_RC_STACK_API	NO	docs/parallel/c6/evidence/rc-62ce9697cd56/rc-gateway-down.json#H04	62ce9697cd56e8dc86b3260923f5addbcf555743	NA	62ce9697cd56e8dc86b3260923f5addbcf555743	isolated c6rc stack from an RC worktree (API 51080), Chrome 154	RC_WIDE_REGRESSION_62ce9697cd56.md + rc-gateway-down.json	9
RC-PUBLIC-platform-01	PUBLIC_HOSTS	UNRATED	PASS	JSON_ROWS	62ce9697cd56e8dc86b3260923f5addbcf555743	2026-10-08	API_SCRIPT(rc-public-net.mjs)	-	-	PUBLIC_DEPLOY_HTTPS	YES	docs/parallel/c6/evidence/rc-62ce9697cd56/rc-public-net.json#platform-01	62ce9697cd56e8dc86b3260923f5addbcf555743	62ce9697cd56e8dc86b3260923f5addbcf555743	62ce9697cd56e8dc86b3260923f5addbcf555743	public hosts over HTTPS	RC_WIDE_REGRESSION_62ce9697cd56.md + rc-public-net.json	9
RC-PUBLIC-platform-02	PUBLIC_HOSTS	UNRATED	PASS	JSON_ROWS	62ce9697cd56e8dc86b3260923f5addbcf555743	2026-10-08	API_SCRIPT(rc-public-net.mjs)	-	-	PUBLIC_DEPLOY_HTTPS	YES	docs/parallel/c6/evidence/rc-62ce9697cd56/rc-public-net.json#platform-02	62ce9697cd56e8dc86b3260923f5addbcf555743	62ce9697cd56e8dc86b3260923f5addbcf555743	62ce9697cd56e8dc86b3260923f5addbcf555743	public hosts over HTTPS	RC_WIDE_REGRESSION_62ce9697cd56.md + rc-public-net.json	9
RC-PUBLIC-platform-03	PUBLIC_HOSTS	UNRATED	PASS	JSON_ROWS	62ce9697cd56e8dc86b3260923f5addbcf555743	2026-10-08	API_SCRIPT(rc-public-net.mjs)	-	-	PUBLIC_DEPLOY_HTTPS	YES	docs/parallel/c6/evidence/rc-62ce9697cd56/rc-public-net.json#platform-03	62ce9697cd56e8dc86b3260923f5addbcf555743	62ce9697cd56e8dc86b3260923f5addbcf555743	62ce9697cd56e8dc86b3260923f5addbcf555743	public hosts over HTTPS	RC_WIDE_REGRESSION_62ce9697cd56.md + rc-public-net.json	9
RC-PUBLIC-platform-04	PUBLIC_HOSTS	UNRATED	PASS	JSON_ROWS	62ce9697cd56e8dc86b3260923f5addbcf555743	2026-10-08	API_SCRIPT(rc-public-net.mjs)	-	-	PUBLIC_DEPLOY_HTTPS	YES	docs/parallel/c6/evidence/rc-62ce9697cd56/rc-public-net.json#platform-04	62ce9697cd56e8dc86b3260923f5addbcf555743	62ce9697cd56e8dc86b3260923f5addbcf555743	62ce9697cd56e8dc86b3260923f5addbcf555743	public hosts over HTTPS	RC_WIDE_REGRESSION_62ce9697cd56.md + rc-public-net.json	9
RC-PUBLIC-platform-05	PUBLIC_HOSTS	UNRATED	PASS	JSON_ROWS	62ce9697cd56e8dc86b3260923f5addbcf555743	2026-10-08	API_SCRIPT(rc-public-net.mjs)	-	-	PUBLIC_DEPLOY_HTTPS	YES	docs/parallel/c6/evidence/rc-62ce9697cd56/rc-public-net.json#platform-05	62ce9697cd56e8dc86b3260923f5addbcf555743	62ce9697cd56e8dc86b3260923f5addbcf555743	62ce9697cd56e8dc86b3260923f5addbcf555743	public hosts over HTTPS	RC_WIDE_REGRESSION_62ce9697cd56.md + rc-public-net.json	9
RC-PUBLIC-platform-06	PUBLIC_HOSTS	UNRATED	PASS	JSON_ROWS	62ce9697cd56e8dc86b3260923f5addbcf555743	2026-10-08	API_SCRIPT(rc-public-net.mjs)	-	-	PUBLIC_DEPLOY_HTTPS	YES	docs/parallel/c6/evidence/rc-62ce9697cd56/rc-public-net.json#platform-06	62ce9697cd56e8dc86b3260923f5addbcf555743	62ce9697cd56e8dc86b3260923f5addbcf555743	62ce9697cd56e8dc86b3260923f5addbcf555743	public hosts over HTTPS	RC_WIDE_REGRESSION_62ce9697cd56.md + rc-public-net.json	9
RC-PUBLIC-platform-07	PUBLIC_HOSTS	UNRATED	PASS	JSON_ROWS	62ce9697cd56e8dc86b3260923f5addbcf555743	2026-10-08	API_SCRIPT(rc-public-net.mjs)	-	-	PUBLIC_DEPLOY_HTTPS	YES	docs/parallel/c6/evidence/rc-62ce9697cd56/rc-public-net.json#platform-07	62ce9697cd56e8dc86b3260923f5addbcf555743	62ce9697cd56e8dc86b3260923f5addbcf555743	62ce9697cd56e8dc86b3260923f5addbcf555743	public hosts over HTTPS	RC_WIDE_REGRESSION_62ce9697cd56.md + rc-public-net.json	9
RC-PUBLIC-platform-08	PUBLIC_HOSTS	UNRATED	PASS	JSON_ROWS	62ce9697cd56e8dc86b3260923f5addbcf555743	2026-10-08	API_SCRIPT(rc-public-net.mjs)	-	-	PUBLIC_DEPLOY_HTTPS	YES	docs/parallel/c6/evidence/rc-62ce9697cd56/rc-public-net.json#platform-08	62ce9697cd56e8dc86b3260923f5addbcf555743	62ce9697cd56e8dc86b3260923f5addbcf555743	62ce9697cd56e8dc86b3260923f5addbcf555743	public hosts over HTTPS	RC_WIDE_REGRESSION_62ce9697cd56.md + rc-public-net.json	9
RC-PUBLIC-platform-09	PUBLIC_HOSTS	UNRATED	PASS	JSON_ROWS	62ce9697cd56e8dc86b3260923f5addbcf555743	2026-10-08	API_SCRIPT(rc-public-net.mjs)	-	-	PUBLIC_DEPLOY_HTTPS	YES	docs/parallel/c6/evidence/rc-62ce9697cd56/rc-public-net.json#platform-09	62ce9697cd56e8dc86b3260923f5addbcf555743	62ce9697cd56e8dc86b3260923f5addbcf555743	62ce9697cd56e8dc86b3260923f5addbcf555743	public hosts over HTTPS	RC_WIDE_REGRESSION_62ce9697cd56.md + rc-public-net.json	9
RC-PUBLIC-platform-N1	PUBLIC_HOSTS	UNRATED	PASS	JSON_ROWS	62ce9697cd56e8dc86b3260923f5addbcf555743	2026-10-08	API_SCRIPT(rc-public-net.mjs)	-	-	PUBLIC_DEPLOY_HTTPS	YES	docs/parallel/c6/evidence/rc-62ce9697cd56/rc-public-net.json#platform-N1	62ce9697cd56e8dc86b3260923f5addbcf555743	62ce9697cd56e8dc86b3260923f5addbcf555743	62ce9697cd56e8dc86b3260923f5addbcf555743	public hosts over HTTPS	RC_WIDE_REGRESSION_62ce9697cd56.md + rc-public-net.json	9
RC-PUBLIC-platform-N2	PUBLIC_HOSTS	UNRATED	PASS	JSON_ROWS	62ce9697cd56e8dc86b3260923f5addbcf555743	2026-10-08	API_SCRIPT(rc-public-net.mjs)	-	-	PUBLIC_DEPLOY_HTTPS	YES	docs/parallel/c6/evidence/rc-62ce9697cd56/rc-public-net.json#platform-N2	62ce9697cd56e8dc86b3260923f5addbcf555743	62ce9697cd56e8dc86b3260923f5addbcf555743	62ce9697cd56e8dc86b3260923f5addbcf555743	public hosts over HTTPS	RC_WIDE_REGRESSION_62ce9697cd56.md + rc-public-net.json	9
RC-PUBLIC-platform-N3	PUBLIC_HOSTS	UNRATED	PASS	JSON_ROWS	62ce9697cd56e8dc86b3260923f5addbcf555743	2026-10-08	API_SCRIPT(rc-public-net.mjs)	-	-	PUBLIC_DEPLOY_HTTPS	YES	docs/parallel/c6/evidence/rc-62ce9697cd56/rc-public-net.json#platform-N3	62ce9697cd56e8dc86b3260923f5addbcf555743	62ce9697cd56e8dc86b3260923f5addbcf555743	62ce9697cd56e8dc86b3260923f5addbcf555743	public hosts over HTTPS	RC_WIDE_REGRESSION_62ce9697cd56.md + rc-public-net.json	9
RC-PUBLIC-platform-N4	PUBLIC_HOSTS	UNRATED	PASS	JSON_ROWS	62ce9697cd56e8dc86b3260923f5addbcf555743	2026-10-08	API_SCRIPT(rc-public-net.mjs)	-	-	PUBLIC_DEPLOY_HTTPS	YES	docs/parallel/c6/evidence/rc-62ce9697cd56/rc-public-net.json#platform-N4	62ce9697cd56e8dc86b3260923f5addbcf555743	62ce9697cd56e8dc86b3260923f5addbcf555743	62ce9697cd56e8dc86b3260923f5addbcf555743	public hosts over HTTPS	RC_WIDE_REGRESSION_62ce9697cd56.md + rc-public-net.json	9
RC-PUBLIC-platform-N5	PUBLIC_HOSTS	UNRATED	PASS	JSON_ROWS	62ce9697cd56e8dc86b3260923f5addbcf555743	2026-10-08	API_SCRIPT(rc-public-net.mjs)	-	-	PUBLIC_DEPLOY_HTTPS	YES	docs/parallel/c6/evidence/rc-62ce9697cd56/rc-public-net.json#platform-N5	62ce9697cd56e8dc86b3260923f5addbcf555743	62ce9697cd56e8dc86b3260923f5addbcf555743	62ce9697cd56e8dc86b3260923f5addbcf555743	public hosts over HTTPS	RC_WIDE_REGRESSION_62ce9697cd56.md + rc-public-net.json	9
RC-PUBLIC-platform-N7	PUBLIC_HOSTS	UNRATED	PASS	JSON_ROWS	62ce9697cd56e8dc86b3260923f5addbcf555743	2026-10-08	API_SCRIPT(rc-public-net.mjs)	-	-	PUBLIC_DEPLOY_HTTPS	YES	docs/parallel/c6/evidence/rc-62ce9697cd56/rc-public-net.json#platform-N7	62ce9697cd56e8dc86b3260923f5addbcf555743	62ce9697cd56e8dc86b3260923f5addbcf555743	62ce9697cd56e8dc86b3260923f5addbcf555743	public hosts over HTTPS	RC_WIDE_REGRESSION_62ce9697cd56.md + rc-public-net.json	9
RC-PUBLIC-admin-01	PUBLIC_HOSTS	UNRATED	PASS	JSON_ROWS	62ce9697cd56e8dc86b3260923f5addbcf555743	2026-10-08	API_SCRIPT(rc-public-net.mjs)	-	-	PUBLIC_DEPLOY_HTTPS	YES	docs/parallel/c6/evidence/rc-62ce9697cd56/rc-public-net.json#admin-01	62ce9697cd56e8dc86b3260923f5addbcf555743	62ce9697cd56e8dc86b3260923f5addbcf555743	62ce9697cd56e8dc86b3260923f5addbcf555743	public hosts over HTTPS	RC_WIDE_REGRESSION_62ce9697cd56.md + rc-public-net.json	9
RC-PUBLIC-admin-02	PUBLIC_HOSTS	UNRATED	PASS	JSON_ROWS	62ce9697cd56e8dc86b3260923f5addbcf555743	2026-10-08	API_SCRIPT(rc-public-net.mjs)	-	-	PUBLIC_DEPLOY_HTTPS	YES	docs/parallel/c6/evidence/rc-62ce9697cd56/rc-public-net.json#admin-02	62ce9697cd56e8dc86b3260923f5addbcf555743	62ce9697cd56e8dc86b3260923f5addbcf555743	62ce9697cd56e8dc86b3260923f5addbcf555743	public hosts over HTTPS	RC_WIDE_REGRESSION_62ce9697cd56.md + rc-public-net.json	9
RC-PUBLIC-admin-03	PUBLIC_HOSTS	UNRATED	PASS	JSON_ROWS	62ce9697cd56e8dc86b3260923f5addbcf555743	2026-10-08	API_SCRIPT(rc-public-net.mjs)	-	-	PUBLIC_DEPLOY_HTTPS	YES	docs/parallel/c6/evidence/rc-62ce9697cd56/rc-public-net.json#admin-03	62ce9697cd56e8dc86b3260923f5addbcf555743	62ce9697cd56e8dc86b3260923f5addbcf555743	62ce9697cd56e8dc86b3260923f5addbcf555743	public hosts over HTTPS	RC_WIDE_REGRESSION_62ce9697cd56.md + rc-public-net.json	9
RC-PUBLIC-admin-04	PUBLIC_HOSTS	UNRATED	PASS	JSON_ROWS	62ce9697cd56e8dc86b3260923f5addbcf555743	2026-10-08	API_SCRIPT(rc-public-net.mjs)	-	-	PUBLIC_DEPLOY_HTTPS	YES	docs/parallel/c6/evidence/rc-62ce9697cd56/rc-public-net.json#admin-04	62ce9697cd56e8dc86b3260923f5addbcf555743	62ce9697cd56e8dc86b3260923f5addbcf555743	62ce9697cd56e8dc86b3260923f5addbcf555743	public hosts over HTTPS	RC_WIDE_REGRESSION_62ce9697cd56.md + rc-public-net.json	9
RC-PUBLIC-admin-05	PUBLIC_HOSTS	UNRATED	PASS	JSON_ROWS	62ce9697cd56e8dc86b3260923f5addbcf555743	2026-10-08	API_SCRIPT(rc-public-net.mjs)	-	-	PUBLIC_DEPLOY_HTTPS	YES	docs/parallel/c6/evidence/rc-62ce9697cd56/rc-public-net.json#admin-05	62ce9697cd56e8dc86b3260923f5addbcf555743	62ce9697cd56e8dc86b3260923f5addbcf555743	62ce9697cd56e8dc86b3260923f5addbcf555743	public hosts over HTTPS	RC_WIDE_REGRESSION_62ce9697cd56.md + rc-public-net.json	9
RC-PUBLIC-admin-06	PUBLIC_HOSTS	UNRATED	PASS	JSON_ROWS	62ce9697cd56e8dc86b3260923f5addbcf555743	2026-10-08	API_SCRIPT(rc-public-net.mjs)	-	-	PUBLIC_DEPLOY_HTTPS	YES	docs/parallel/c6/evidence/rc-62ce9697cd56/rc-public-net.json#admin-06	62ce9697cd56e8dc86b3260923f5addbcf555743	62ce9697cd56e8dc86b3260923f5addbcf555743	62ce9697cd56e8dc86b3260923f5addbcf555743	public hosts over HTTPS	RC_WIDE_REGRESSION_62ce9697cd56.md + rc-public-net.json	9
RC-PUBLIC-admin-07	PUBLIC_HOSTS	UNRATED	PASS	JSON_ROWS	62ce9697cd56e8dc86b3260923f5addbcf555743	2026-10-08	API_SCRIPT(rc-public-net.mjs)	-	-	PUBLIC_DEPLOY_HTTPS	YES	docs/parallel/c6/evidence/rc-62ce9697cd56/rc-public-net.json#admin-07	62ce9697cd56e8dc86b3260923f5addbcf555743	62ce9697cd56e8dc86b3260923f5addbcf555743	62ce9697cd56e8dc86b3260923f5addbcf555743	public hosts over HTTPS	RC_WIDE_REGRESSION_62ce9697cd56.md + rc-public-net.json	9
RC-PUBLIC-admin-08	PUBLIC_HOSTS	UNRATED	PASS	JSON_ROWS	62ce9697cd56e8dc86b3260923f5addbcf555743	2026-10-08	API_SCRIPT(rc-public-net.mjs)	-	-	PUBLIC_DEPLOY_HTTPS	YES	docs/parallel/c6/evidence/rc-62ce9697cd56/rc-public-net.json#admin-08	62ce9697cd56e8dc86b3260923f5addbcf555743	62ce9697cd56e8dc86b3260923f5addbcf555743	62ce9697cd56e8dc86b3260923f5addbcf555743	public hosts over HTTPS	RC_WIDE_REGRESSION_62ce9697cd56.md + rc-public-net.json	9
RC-PUBLIC-admin-09	PUBLIC_HOSTS	UNRATED	PASS	JSON_ROWS	62ce9697cd56e8dc86b3260923f5addbcf555743	2026-10-08	API_SCRIPT(rc-public-net.mjs)	-	-	PUBLIC_DEPLOY_HTTPS	YES	docs/parallel/c6/evidence/rc-62ce9697cd56/rc-public-net.json#admin-09	62ce9697cd56e8dc86b3260923f5addbcf555743	62ce9697cd56e8dc86b3260923f5addbcf555743	62ce9697cd56e8dc86b3260923f5addbcf555743	public hosts over HTTPS	RC_WIDE_REGRESSION_62ce9697cd56.md + rc-public-net.json	9
RC-PUBLIC-admin-N1	PUBLIC_HOSTS	UNRATED	PASS	JSON_ROWS	62ce9697cd56e8dc86b3260923f5addbcf555743	2026-10-08	API_SCRIPT(rc-public-net.mjs)	-	-	PUBLIC_DEPLOY_HTTPS	YES	docs/parallel/c6/evidence/rc-62ce9697cd56/rc-public-net.json#admin-N1	62ce9697cd56e8dc86b3260923f5addbcf555743	62ce9697cd56e8dc86b3260923f5addbcf555743	62ce9697cd56e8dc86b3260923f5addbcf555743	public hosts over HTTPS	RC_WIDE_REGRESSION_62ce9697cd56.md + rc-public-net.json	9
RC-PUBLIC-admin-N2	PUBLIC_HOSTS	UNRATED	PASS	JSON_ROWS	62ce9697cd56e8dc86b3260923f5addbcf555743	2026-10-08	API_SCRIPT(rc-public-net.mjs)	-	-	PUBLIC_DEPLOY_HTTPS	YES	docs/parallel/c6/evidence/rc-62ce9697cd56/rc-public-net.json#admin-N2	62ce9697cd56e8dc86b3260923f5addbcf555743	62ce9697cd56e8dc86b3260923f5addbcf555743	62ce9697cd56e8dc86b3260923f5addbcf555743	public hosts over HTTPS	RC_WIDE_REGRESSION_62ce9697cd56.md + rc-public-net.json	9
RC-PUBLIC-admin-N3	PUBLIC_HOSTS	UNRATED	PASS	JSON_ROWS	62ce9697cd56e8dc86b3260923f5addbcf555743	2026-10-08	API_SCRIPT(rc-public-net.mjs)	-	-	PUBLIC_DEPLOY_HTTPS	YES	docs/parallel/c6/evidence/rc-62ce9697cd56/rc-public-net.json#admin-N3	62ce9697cd56e8dc86b3260923f5addbcf555743	62ce9697cd56e8dc86b3260923f5addbcf555743	62ce9697cd56e8dc86b3260923f5addbcf555743	public hosts over HTTPS	RC_WIDE_REGRESSION_62ce9697cd56.md + rc-public-net.json	9
RC-PUBLIC-admin-N4	PUBLIC_HOSTS	UNRATED	PASS	JSON_ROWS	62ce9697cd56e8dc86b3260923f5addbcf555743	2026-10-08	API_SCRIPT(rc-public-net.mjs)	-	-	PUBLIC_DEPLOY_HTTPS	YES	docs/parallel/c6/evidence/rc-62ce9697cd56/rc-public-net.json#admin-N4	62ce9697cd56e8dc86b3260923f5addbcf555743	62ce9697cd56e8dc86b3260923f5addbcf555743	62ce9697cd56e8dc86b3260923f5addbcf555743	public hosts over HTTPS	RC_WIDE_REGRESSION_62ce9697cd56.md + rc-public-net.json	9
RC-PUBLIC-admin-N5	PUBLIC_HOSTS	UNRATED	PASS	JSON_ROWS	62ce9697cd56e8dc86b3260923f5addbcf555743	2026-10-08	API_SCRIPT(rc-public-net.mjs)	-	-	PUBLIC_DEPLOY_HTTPS	YES	docs/parallel/c6/evidence/rc-62ce9697cd56/rc-public-net.json#admin-N5	62ce9697cd56e8dc86b3260923f5addbcf555743	62ce9697cd56e8dc86b3260923f5addbcf555743	62ce9697cd56e8dc86b3260923f5addbcf555743	public hosts over HTTPS	RC_WIDE_REGRESSION_62ce9697cd56.md + rc-public-net.json	9
RC-PUBLIC-admin-N7	PUBLIC_HOSTS	UNRATED	PASS	JSON_ROWS	62ce9697cd56e8dc86b3260923f5addbcf555743	2026-10-08	API_SCRIPT(rc-public-net.mjs)	-	-	PUBLIC_DEPLOY_HTTPS	YES	docs/parallel/c6/evidence/rc-62ce9697cd56/rc-public-net.json#admin-N7	62ce9697cd56e8dc86b3260923f5addbcf555743	62ce9697cd56e8dc86b3260923f5addbcf555743	62ce9697cd56e8dc86b3260923f5addbcf555743	public hosts over HTTPS	RC_WIDE_REGRESSION_62ce9697cd56.md + rc-public-net.json	9
RC-PUBLIC-studio-01	PUBLIC_HOSTS	UNRATED	PASS	JSON_ROWS	62ce9697cd56e8dc86b3260923f5addbcf555743	2026-10-08	API_SCRIPT(rc-public-net.mjs)	-	-	PUBLIC_DEPLOY_HTTPS	YES	docs/parallel/c6/evidence/rc-62ce9697cd56/rc-public-net.json#studio-01	62ce9697cd56e8dc86b3260923f5addbcf555743	62ce9697cd56e8dc86b3260923f5addbcf555743	62ce9697cd56e8dc86b3260923f5addbcf555743	public hosts over HTTPS	RC_WIDE_REGRESSION_62ce9697cd56.md + rc-public-net.json	9
RC-PUBLIC-studio-02	PUBLIC_HOSTS	UNRATED	PASS	JSON_ROWS	62ce9697cd56e8dc86b3260923f5addbcf555743	2026-10-08	API_SCRIPT(rc-public-net.mjs)	-	-	PUBLIC_DEPLOY_HTTPS	YES	docs/parallel/c6/evidence/rc-62ce9697cd56/rc-public-net.json#studio-02	62ce9697cd56e8dc86b3260923f5addbcf555743	62ce9697cd56e8dc86b3260923f5addbcf555743	62ce9697cd56e8dc86b3260923f5addbcf555743	public hosts over HTTPS	RC_WIDE_REGRESSION_62ce9697cd56.md + rc-public-net.json	9
RC-PUBLIC-studio-03	PUBLIC_HOSTS	UNRATED	PASS	JSON_ROWS	62ce9697cd56e8dc86b3260923f5addbcf555743	2026-10-08	API_SCRIPT(rc-public-net.mjs)	-	-	PUBLIC_DEPLOY_HTTPS	YES	docs/parallel/c6/evidence/rc-62ce9697cd56/rc-public-net.json#studio-03	62ce9697cd56e8dc86b3260923f5addbcf555743	62ce9697cd56e8dc86b3260923f5addbcf555743	62ce9697cd56e8dc86b3260923f5addbcf555743	public hosts over HTTPS	RC_WIDE_REGRESSION_62ce9697cd56.md + rc-public-net.json	9
RC-PUBLIC-studio-04	PUBLIC_HOSTS	UNRATED	PASS	JSON_ROWS	62ce9697cd56e8dc86b3260923f5addbcf555743	2026-10-08	API_SCRIPT(rc-public-net.mjs)	-	-	PUBLIC_DEPLOY_HTTPS	YES	docs/parallel/c6/evidence/rc-62ce9697cd56/rc-public-net.json#studio-04	62ce9697cd56e8dc86b3260923f5addbcf555743	62ce9697cd56e8dc86b3260923f5addbcf555743	62ce9697cd56e8dc86b3260923f5addbcf555743	public hosts over HTTPS	RC_WIDE_REGRESSION_62ce9697cd56.md + rc-public-net.json	9
RC-PUBLIC-studio-05	PUBLIC_HOSTS	UNRATED	PASS	JSON_ROWS	62ce9697cd56e8dc86b3260923f5addbcf555743	2026-10-08	API_SCRIPT(rc-public-net.mjs)	-	-	PUBLIC_DEPLOY_HTTPS	YES	docs/parallel/c6/evidence/rc-62ce9697cd56/rc-public-net.json#studio-05	62ce9697cd56e8dc86b3260923f5addbcf555743	62ce9697cd56e8dc86b3260923f5addbcf555743	62ce9697cd56e8dc86b3260923f5addbcf555743	public hosts over HTTPS	RC_WIDE_REGRESSION_62ce9697cd56.md + rc-public-net.json	9
RC-PUBLIC-studio-06	PUBLIC_HOSTS	UNRATED	PASS	JSON_ROWS	62ce9697cd56e8dc86b3260923f5addbcf555743	2026-10-08	API_SCRIPT(rc-public-net.mjs)	-	-	PUBLIC_DEPLOY_HTTPS	YES	docs/parallel/c6/evidence/rc-62ce9697cd56/rc-public-net.json#studio-06	62ce9697cd56e8dc86b3260923f5addbcf555743	62ce9697cd56e8dc86b3260923f5addbcf555743	62ce9697cd56e8dc86b3260923f5addbcf555743	public hosts over HTTPS	RC_WIDE_REGRESSION_62ce9697cd56.md + rc-public-net.json	9
RC-PUBLIC-studio-07	PUBLIC_HOSTS	UNRATED	PASS	JSON_ROWS	62ce9697cd56e8dc86b3260923f5addbcf555743	2026-10-08	API_SCRIPT(rc-public-net.mjs)	-	-	PUBLIC_DEPLOY_HTTPS	YES	docs/parallel/c6/evidence/rc-62ce9697cd56/rc-public-net.json#studio-07	62ce9697cd56e8dc86b3260923f5addbcf555743	62ce9697cd56e8dc86b3260923f5addbcf555743	62ce9697cd56e8dc86b3260923f5addbcf555743	public hosts over HTTPS	RC_WIDE_REGRESSION_62ce9697cd56.md + rc-public-net.json	9
RC-PUBLIC-studio-08	PUBLIC_HOSTS	UNRATED	PASS	JSON_ROWS	62ce9697cd56e8dc86b3260923f5addbcf555743	2026-10-08	API_SCRIPT(rc-public-net.mjs)	-	-	PUBLIC_DEPLOY_HTTPS	YES	docs/parallel/c6/evidence/rc-62ce9697cd56/rc-public-net.json#studio-08	62ce9697cd56e8dc86b3260923f5addbcf555743	62ce9697cd56e8dc86b3260923f5addbcf555743	62ce9697cd56e8dc86b3260923f5addbcf555743	public hosts over HTTPS	RC_WIDE_REGRESSION_62ce9697cd56.md + rc-public-net.json	9
RC-PUBLIC-studio-09	PUBLIC_HOSTS	UNRATED	PASS	JSON_ROWS	62ce9697cd56e8dc86b3260923f5addbcf555743	2026-10-08	API_SCRIPT(rc-public-net.mjs)	-	-	PUBLIC_DEPLOY_HTTPS	YES	docs/parallel/c6/evidence/rc-62ce9697cd56/rc-public-net.json#studio-09	62ce9697cd56e8dc86b3260923f5addbcf555743	62ce9697cd56e8dc86b3260923f5addbcf555743	62ce9697cd56e8dc86b3260923f5addbcf555743	public hosts over HTTPS	RC_WIDE_REGRESSION_62ce9697cd56.md + rc-public-net.json	9
RC-PUBLIC-studio-N1	PUBLIC_HOSTS	UNRATED	PASS	JSON_ROWS	62ce9697cd56e8dc86b3260923f5addbcf555743	2026-10-08	API_SCRIPT(rc-public-net.mjs)	-	-	PUBLIC_DEPLOY_HTTPS	YES	docs/parallel/c6/evidence/rc-62ce9697cd56/rc-public-net.json#studio-N1	62ce9697cd56e8dc86b3260923f5addbcf555743	62ce9697cd56e8dc86b3260923f5addbcf555743	62ce9697cd56e8dc86b3260923f5addbcf555743	public hosts over HTTPS	RC_WIDE_REGRESSION_62ce9697cd56.md + rc-public-net.json	9
RC-PUBLIC-studio-N2	PUBLIC_HOSTS	UNRATED	PASS	JSON_ROWS	62ce9697cd56e8dc86b3260923f5addbcf555743	2026-10-08	API_SCRIPT(rc-public-net.mjs)	-	-	PUBLIC_DEPLOY_HTTPS	YES	docs/parallel/c6/evidence/rc-62ce9697cd56/rc-public-net.json#studio-N2	62ce9697cd56e8dc86b3260923f5addbcf555743	62ce9697cd56e8dc86b3260923f5addbcf555743	62ce9697cd56e8dc86b3260923f5addbcf555743	public hosts over HTTPS	RC_WIDE_REGRESSION_62ce9697cd56.md + rc-public-net.json	9
RC-PUBLIC-studio-N3	PUBLIC_HOSTS	UNRATED	PASS	JSON_ROWS	62ce9697cd56e8dc86b3260923f5addbcf555743	2026-10-08	API_SCRIPT(rc-public-net.mjs)	-	-	PUBLIC_DEPLOY_HTTPS	YES	docs/parallel/c6/evidence/rc-62ce9697cd56/rc-public-net.json#studio-N3	62ce9697cd56e8dc86b3260923f5addbcf555743	62ce9697cd56e8dc86b3260923f5addbcf555743	62ce9697cd56e8dc86b3260923f5addbcf555743	public hosts over HTTPS	RC_WIDE_REGRESSION_62ce9697cd56.md + rc-public-net.json	9
RC-PUBLIC-studio-N4	PUBLIC_HOSTS	UNRATED	PASS	JSON_ROWS	62ce9697cd56e8dc86b3260923f5addbcf555743	2026-10-08	API_SCRIPT(rc-public-net.mjs)	-	-	PUBLIC_DEPLOY_HTTPS	YES	docs/parallel/c6/evidence/rc-62ce9697cd56/rc-public-net.json#studio-N4	62ce9697cd56e8dc86b3260923f5addbcf555743	62ce9697cd56e8dc86b3260923f5addbcf555743	62ce9697cd56e8dc86b3260923f5addbcf555743	public hosts over HTTPS	RC_WIDE_REGRESSION_62ce9697cd56.md + rc-public-net.json	9
RC-PUBLIC-studio-N5	PUBLIC_HOSTS	UNRATED	PASS	JSON_ROWS	62ce9697cd56e8dc86b3260923f5addbcf555743	2026-10-08	API_SCRIPT(rc-public-net.mjs)	-	-	PUBLIC_DEPLOY_HTTPS	YES	docs/parallel/c6/evidence/rc-62ce9697cd56/rc-public-net.json#studio-N5	62ce9697cd56e8dc86b3260923f5addbcf555743	62ce9697cd56e8dc86b3260923f5addbcf555743	62ce9697cd56e8dc86b3260923f5addbcf555743	public hosts over HTTPS	RC_WIDE_REGRESSION_62ce9697cd56.md + rc-public-net.json	9
RC-PUBLIC-studio-N7	PUBLIC_HOSTS	UNRATED	PASS	JSON_ROWS	62ce9697cd56e8dc86b3260923f5addbcf555743	2026-10-08	API_SCRIPT(rc-public-net.mjs)	-	-	PUBLIC_DEPLOY_HTTPS	YES	docs/parallel/c6/evidence/rc-62ce9697cd56/rc-public-net.json#studio-N7	62ce9697cd56e8dc86b3260923f5addbcf555743	62ce9697cd56e8dc86b3260923f5addbcf555743	62ce9697cd56e8dc86b3260923f5addbcf555743	public hosts over HTTPS	RC_WIDE_REGRESSION_62ce9697cd56.md + rc-public-net.json	9
RC-PUBLIC-sites-01	PUBLIC_HOSTS	UNRATED	PASS	JSON_ROWS	62ce9697cd56e8dc86b3260923f5addbcf555743	2026-10-08	API_SCRIPT(rc-public-net.mjs)	-	-	PUBLIC_DEPLOY_HTTPS	YES	docs/parallel/c6/evidence/rc-62ce9697cd56/rc-public-net.json#sites-01	62ce9697cd56e8dc86b3260923f5addbcf555743	62ce9697cd56e8dc86b3260923f5addbcf555743	62ce9697cd56e8dc86b3260923f5addbcf555743	public hosts over HTTPS	RC_WIDE_REGRESSION_62ce9697cd56.md + rc-public-net.json	9
RC-PUBLIC-sites-02	PUBLIC_HOSTS	UNRATED	PASS	JSON_ROWS	62ce9697cd56e8dc86b3260923f5addbcf555743	2026-10-08	API_SCRIPT(rc-public-net.mjs)	-	-	PUBLIC_DEPLOY_HTTPS	YES	docs/parallel/c6/evidence/rc-62ce9697cd56/rc-public-net.json#sites-02	62ce9697cd56e8dc86b3260923f5addbcf555743	62ce9697cd56e8dc86b3260923f5addbcf555743	62ce9697cd56e8dc86b3260923f5addbcf555743	public hosts over HTTPS	RC_WIDE_REGRESSION_62ce9697cd56.md + rc-public-net.json	9
RC-PUBLIC-sites-03	PUBLIC_HOSTS	UNRATED	PASS	JSON_ROWS	62ce9697cd56e8dc86b3260923f5addbcf555743	2026-10-08	API_SCRIPT(rc-public-net.mjs)	-	-	PUBLIC_DEPLOY_HTTPS	YES	docs/parallel/c6/evidence/rc-62ce9697cd56/rc-public-net.json#sites-03	62ce9697cd56e8dc86b3260923f5addbcf555743	62ce9697cd56e8dc86b3260923f5addbcf555743	62ce9697cd56e8dc86b3260923f5addbcf555743	public hosts over HTTPS	RC_WIDE_REGRESSION_62ce9697cd56.md + rc-public-net.json	9
RC-PUBLIC-http-01	PUBLIC_HOSTS	UNRATED	PASS	JSON_ROWS	62ce9697cd56e8dc86b3260923f5addbcf555743	2026-10-08	API_SCRIPT(rc-public-net.mjs)	-	-	PUBLIC_DEPLOY_HTTPS	YES	docs/parallel/c6/evidence/rc-62ce9697cd56/rc-public-net.json#http-01	62ce9697cd56e8dc86b3260923f5addbcf555743	62ce9697cd56e8dc86b3260923f5addbcf555743	62ce9697cd56e8dc86b3260923f5addbcf555743	public hosts over HTTPS	RC_WIDE_REGRESSION_62ce9697cd56.md + rc-public-net.json	9
UXB-5cc230e-UX-001	UI_UX_STUDIO	P1	FAIL	SCREENSHOT_AXE_AUDIT	5cc230e491a6d8b0135cbd7eb132793368a45073	2026-10-08	PLAYWRIGHT_SCRIPT(ui-ux.mjs)	C5	-	ISOLATED_C6_STACK_BROWSER	YES	docs/parallel/c6/evidence/ui-ux-regression/5cc230e491a6/bugs-final.tsv#UX-001	62ce9697cd56e8dc86b3260923f5addbcf555743	5cc230e491a6d8b0135cbd7eb132793368a45073	62ce9697cd56e8dc86b3260923f5addbcf555743	Chrome 154 only, viewports 1440/1280/1024/768/430/390/360	UI_UX_REGRESSION_5cc230e.md	10
UXB-5cc230e-UX-002	UI_UX_STUDIO	P2	FAIL	SCREENSHOT_AXE_AUDIT	5cc230e491a6d8b0135cbd7eb132793368a45073	2026-10-08	PLAYWRIGHT_SCRIPT(ui-ux.mjs)	C5	-	ISOLATED_C6_STACK_BROWSER	YES	docs/parallel/c6/evidence/ui-ux-regression/5cc230e491a6/bugs-final.tsv#UX-002	62ce9697cd56e8dc86b3260923f5addbcf555743	5cc230e491a6d8b0135cbd7eb132793368a45073	62ce9697cd56e8dc86b3260923f5addbcf555743	Chrome 154 only, viewports 1440/1280/1024/768/430/390/360	UI_UX_REGRESSION_5cc230e.md	10
UXB-5cc230e-UX-003	UI_UX_STUDIO	P2	FAIL	SCREENSHOT_AXE_AUDIT	5cc230e491a6d8b0135cbd7eb132793368a45073	2026-10-08	PLAYWRIGHT_SCRIPT(ui-ux.mjs)	C5	-	ISOLATED_C6_STACK_BROWSER	YES	docs/parallel/c6/evidence/ui-ux-regression/5cc230e491a6/bugs-final.tsv#UX-003	62ce9697cd56e8dc86b3260923f5addbcf555743	5cc230e491a6d8b0135cbd7eb132793368a45073	62ce9697cd56e8dc86b3260923f5addbcf555743	Chrome 154 only, viewports 1440/1280/1024/768/430/390/360	UI_UX_REGRESSION_5cc230e.md	10
UXB-5cc230e-UX-004	UI_UX_STUDIO	P2	FAIL	SCREENSHOT_AXE_AUDIT	5cc230e491a6d8b0135cbd7eb132793368a45073	2026-10-08	PLAYWRIGHT_SCRIPT(ui-ux.mjs)	C5	-	ISOLATED_C6_STACK_BROWSER	YES	docs/parallel/c6/evidence/ui-ux-regression/5cc230e491a6/bugs-final.tsv#UX-004	62ce9697cd56e8dc86b3260923f5addbcf555743	5cc230e491a6d8b0135cbd7eb132793368a45073	62ce9697cd56e8dc86b3260923f5addbcf555743	Chrome 154 only, viewports 1440/1280/1024/768/430/390/360	UI_UX_REGRESSION_5cc230e.md	10
UXB-5cc230e-UX-005	UI_UX_PLATFORM	P2	FAIL	SCREENSHOT_AXE_AUDIT	5cc230e491a6d8b0135cbd7eb132793368a45073	2026-10-08	PLAYWRIGHT_SCRIPT(ui-ux.mjs)	C5	-	ISOLATED_C6_STACK_BROWSER	YES	docs/parallel/c6/evidence/ui-ux-regression/5cc230e491a6/bugs-final.tsv#UX-005	62ce9697cd56e8dc86b3260923f5addbcf555743	5cc230e491a6d8b0135cbd7eb132793368a45073	62ce9697cd56e8dc86b3260923f5addbcf555743	Chrome 154 only, viewports 1440/1280/1024/768/430/390/360	UI_UX_REGRESSION_5cc230e.md	10
UXB-5cc230e-UX-006	UI_UX_STUDIO	P2	FAIL	SCREENSHOT_AXE_AUDIT	5cc230e491a6d8b0135cbd7eb132793368a45073	2026-10-08	PLAYWRIGHT_SCRIPT(ui-ux.mjs)	C5	-	ISOLATED_C6_STACK_BROWSER	YES	docs/parallel/c6/evidence/ui-ux-regression/5cc230e491a6/bugs-final.tsv#UX-006	62ce9697cd56e8dc86b3260923f5addbcf555743	5cc230e491a6d8b0135cbd7eb132793368a45073	62ce9697cd56e8dc86b3260923f5addbcf555743	Chrome 154 only, viewports 1440/1280/1024/768/430/390/360	UI_UX_REGRESSION_5cc230e.md	10
UXB-5cc230e-UX-007	UI_UX_STUDIO	P2	FAIL	SCREENSHOT_AXE_AUDIT	5cc230e491a6d8b0135cbd7eb132793368a45073	2026-10-08	PLAYWRIGHT_SCRIPT(ui-ux.mjs)	C5	-	ISOLATED_C6_STACK_BROWSER	YES	docs/parallel/c6/evidence/ui-ux-regression/5cc230e491a6/bugs-final.tsv#UX-007	62ce9697cd56e8dc86b3260923f5addbcf555743	5cc230e491a6d8b0135cbd7eb132793368a45073	62ce9697cd56e8dc86b3260923f5addbcf555743	Chrome 154 only, viewports 1440/1280/1024/768/430/390/360	UI_UX_REGRESSION_5cc230e.md	10
UXB-5cc230e-UX-008	UI_UX_ALL	P2	FAIL	SCREENSHOT_AXE_AUDIT	5cc230e491a6d8b0135cbd7eb132793368a45073	2026-10-08	PLAYWRIGHT_SCRIPT(ui-ux.mjs)	C5	-	ISOLATED_C6_STACK_BROWSER	YES	docs/parallel/c6/evidence/ui-ux-regression/5cc230e491a6/bugs-final.tsv#UX-008	62ce9697cd56e8dc86b3260923f5addbcf555743	5cc230e491a6d8b0135cbd7eb132793368a45073	62ce9697cd56e8dc86b3260923f5addbcf555743	Chrome 154 only, viewports 1440/1280/1024/768/430/390/360	UI_UX_REGRESSION_5cc230e.md	10
UXB-5cc230e-UX-009	UI_UX_ALL	P3	FAIL	SCREENSHOT_AXE_AUDIT	5cc230e491a6d8b0135cbd7eb132793368a45073	2026-10-08	PLAYWRIGHT_SCRIPT(ui-ux.mjs)	C5	-	ISOLATED_C6_STACK_BROWSER	YES	docs/parallel/c6/evidence/ui-ux-regression/5cc230e491a6/bugs-final.tsv#UX-009	62ce9697cd56e8dc86b3260923f5addbcf555743	5cc230e491a6d8b0135cbd7eb132793368a45073	62ce9697cd56e8dc86b3260923f5addbcf555743	Chrome 154 only, viewports 1440/1280/1024/768/430/390/360	UI_UX_REGRESSION_5cc230e.md	10
UXB-5cc230e-UX-010	UI_UX_PLATFORM	P3	FAIL	SCREENSHOT_AXE_AUDIT	5cc230e491a6d8b0135cbd7eb132793368a45073	2026-10-08	PLAYWRIGHT_SCRIPT(ui-ux.mjs)	C5	-	ISOLATED_C6_STACK_BROWSER	YES	docs/parallel/c6/evidence/ui-ux-regression/5cc230e491a6/bugs-final.tsv#UX-010	62ce9697cd56e8dc86b3260923f5addbcf555743	5cc230e491a6d8b0135cbd7eb132793368a45073	62ce9697cd56e8dc86b3260923f5addbcf555743	Chrome 154 only, viewports 1440/1280/1024/768/430/390/360	UI_UX_REGRESSION_5cc230e.md	10
UXB-5cc230e-UX-011	UI_UX_PLATFORM	P3	FAIL	SCREENSHOT_AXE_AUDIT	5cc230e491a6d8b0135cbd7eb132793368a45073	2026-10-08	PLAYWRIGHT_SCRIPT(ui-ux.mjs)	C5	-	ISOLATED_C6_STACK_BROWSER	YES	docs/parallel/c6/evidence/ui-ux-regression/5cc230e491a6/bugs-final.tsv#UX-011	62ce9697cd56e8dc86b3260923f5addbcf555743	5cc230e491a6d8b0135cbd7eb132793368a45073	62ce9697cd56e8dc86b3260923f5addbcf555743	Chrome 154 only, viewports 1440/1280/1024/768/430/390/360	UI_UX_REGRESSION_5cc230e.md	10
UXB-5cc230e-UX-012	UI_UX_ADMIN	P3	FAIL	SCREENSHOT_AXE_AUDIT	5cc230e491a6d8b0135cbd7eb132793368a45073	2026-10-08	PLAYWRIGHT_SCRIPT(ui-ux.mjs)	C5	-	ISOLATED_C6_STACK_BROWSER	YES	docs/parallel/c6/evidence/ui-ux-regression/5cc230e491a6/bugs-final.tsv#UX-012	62ce9697cd56e8dc86b3260923f5addbcf555743	5cc230e491a6d8b0135cbd7eb132793368a45073	62ce9697cd56e8dc86b3260923f5addbcf555743	Chrome 154 only, viewports 1440/1280/1024/768/430/390/360	UI_UX_REGRESSION_5cc230e.md	10
UXB-5cc230e-UX-013	UI_UX_STUDIO	P3	FAIL	SCREENSHOT_AXE_AUDIT	5cc230e491a6d8b0135cbd7eb132793368a45073	2026-10-08	PLAYWRIGHT_SCRIPT(ui-ux.mjs)	C5	-	ISOLATED_C6_STACK_BROWSER	YES	docs/parallel/c6/evidence/ui-ux-regression/5cc230e491a6/bugs-final.tsv#UX-013	62ce9697cd56e8dc86b3260923f5addbcf555743	5cc230e491a6d8b0135cbd7eb132793368a45073	62ce9697cd56e8dc86b3260923f5addbcf555743	Chrome 154 only, viewports 1440/1280/1024/768/430/390/360	UI_UX_REGRESSION_5cc230e.md	10
UXB-40ee45b-UX-002b	UI_UX_STUDIO	P2	FAIL	SCREENSHOT_AXE_AUDIT	40ee45bc16fe4dda525c90e0d491d11284a23d8b	2026-10-08	PLAYWRIGHT_SCRIPT(ui-ux.mjs)	C5-S2	-	ISOLATED_C6_STACK_BROWSER	YES	docs/parallel/c6/evidence/ui-ux-regression/40ee45bc16fe/bugs-final.tsv#UX-002b	62ce9697cd56e8dc86b3260923f5addbcf555743	40ee45bc16fe4dda525c90e0d491d11284a23d8b	62ce9697cd56e8dc86b3260923f5addbcf555743	Chrome 154 only, viewports 1440/1280/1024/768/430/390/360	UI_UX_RETEST_40ee45b.md	11
UXB-40ee45b-UX-014	UI_UX_STUDIO	P3	FAIL	SCREENSHOT_AXE_AUDIT	40ee45bc16fe4dda525c90e0d491d11284a23d8b	2026-10-08	PLAYWRIGHT_SCRIPT(ui-ux.mjs)	C5-S2	-	ISOLATED_C6_STACK_BROWSER	YES	docs/parallel/c6/evidence/ui-ux-regression/40ee45bc16fe/bugs-final.tsv#UX-014	62ce9697cd56e8dc86b3260923f5addbcf555743	40ee45bc16fe4dda525c90e0d491d11284a23d8b	62ce9697cd56e8dc86b3260923f5addbcf555743	Chrome 154 only, viewports 1440/1280/1024/768/430/390/360	UI_UX_RETEST_40ee45b.md	11
UXB-40ee45b-UX-015	UI_UX_ADMIN_PLATFORM	P3	FAIL	SCREENSHOT_AXE_AUDIT	40ee45bc16fe4dda525c90e0d491d11284a23d8b	2026-10-08	PLAYWRIGHT_SCRIPT(ui-ux.mjs)	C5-S2	-	ISOLATED_C6_STACK_BROWSER	YES	docs/parallel/c6/evidence/ui-ux-regression/40ee45bc16fe/bugs-final.tsv#UX-015	62ce9697cd56e8dc86b3260923f5addbcf555743	40ee45bc16fe4dda525c90e0d491d11284a23d8b	62ce9697cd56e8dc86b3260923f5addbcf555743	Chrome 154 only, viewports 1440/1280/1024/768/430/390/360	UI_UX_RETEST_40ee45b.md	11
UXB-40ee45b-UX-016	UI_UX_ADMIN_PLATFORM	P3	FAIL	SCREENSHOT_AXE_AUDIT	40ee45bc16fe4dda525c90e0d491d11284a23d8b	2026-10-08	PLAYWRIGHT_SCRIPT(ui-ux.mjs)	C5-S2	-	ISOLATED_C6_STACK_BROWSER	YES	docs/parallel/c6/evidence/ui-ux-regression/40ee45bc16fe/bugs-final.tsv#UX-016	62ce9697cd56e8dc86b3260923f5addbcf555743	40ee45bc16fe4dda525c90e0d491d11284a23d8b	62ce9697cd56e8dc86b3260923f5addbcf555743	Chrome 154 only, viewports 1440/1280/1024/768/430/390/360	UI_UX_RETEST_40ee45b.md	11
UXB-40ee45b-UX-017	UI_UX_TOOLING	P3	FAIL	SCREENSHOT_AXE_AUDIT	40ee45bc16fe4dda525c90e0d491d11284a23d8b	2026-10-08	PLAYWRIGHT_SCRIPT(ui-ux.mjs)	C5	-	ISOLATED_C6_STACK_BROWSER	YES	docs/parallel/c6/evidence/ui-ux-regression/40ee45bc16fe/bugs-final.tsv#UX-017	62ce9697cd56e8dc86b3260923f5addbcf555743	40ee45bc16fe4dda525c90e0d491d11284a23d8b	62ce9697cd56e8dc86b3260923f5addbcf555743	Chrome 154 only, viewports 1440/1280/1024/768/430/390/360	UI_UX_RETEST_40ee45b.md	11
UXG-5cc230e-ROUTES_866_CASES	UI_UX_GATE	UNRATED	FAIL	SCREENSHOT_AXE_AUDIT	5cc230e491a6d8b0135cbd7eb132793368a45073	2026-10-08	PLAYWRIGHT_SCRIPT(ui-ux.mjs/ui-retest.mjs)	C5	-	ISOLATED_C6_STACK_BROWSER	YES	docs/parallel/c6/evidence/ui-ux-regression/5cc230e491a6/summary.json	62ce9697cd56e8dc86b3260923f5addbcf555743	5cc230e491a6d8b0135cbd7eb132793368a45073	62ce9697cd56e8dc86b3260923f5addbcf555743	Chrome 154 only, isolated c6rc stack	UI_UX_REGRESSION_5cc230e.md	10
UXG-5cc230e-AXE_SERIOUS_29	UI_UX_GATE	UNRATED	FAIL	SCREENSHOT_AXE_AUDIT	5cc230e491a6d8b0135cbd7eb132793368a45073	2026-10-08	PLAYWRIGHT_SCRIPT(ui-ux.mjs/ui-retest.mjs)	C5	-	ISOLATED_C6_STACK_BROWSER	YES	docs/parallel/c6/evidence/ui-ux-regression/5cc230e491a6/summary.json	62ce9697cd56e8dc86b3260923f5addbcf555743	5cc230e491a6d8b0135cbd7eb132793368a45073	62ce9697cd56e8dc86b3260923f5addbcf555743	Chrome 154 only, isolated c6rc stack	UI_UX_REGRESSION_5cc230e.md	10
UXG-5cc230e-UNICODE	UI_UX_GATE	UNRATED	PASS	SCREENSHOT_AXE_AUDIT	5cc230e491a6d8b0135cbd7eb132793368a45073	2026-10-08	PLAYWRIGHT_SCRIPT(ui-ux.mjs/ui-retest.mjs)	C5	-	ISOLATED_C6_STACK_BROWSER	YES	docs/parallel/c6/evidence/ui-ux-regression/5cc230e491a6/summary.json	62ce9697cd56e8dc86b3260923f5addbcf555743	5cc230e491a6d8b0135cbd7eb132793368a45073	62ce9697cd56e8dc86b3260923f5addbcf555743	Chrome 154 only, isolated c6rc stack	UI_UX_REGRESSION_5cc230e.md	10
UXG-5cc230e-ICONS	UI_UX_GATE	UNRATED	PASS	SCREENSHOT_AXE_AUDIT	5cc230e491a6d8b0135cbd7eb132793368a45073	2026-10-08	PLAYWRIGHT_SCRIPT(ui-ux.mjs/ui-retest.mjs)	C5	-	ISOLATED_C6_STACK_BROWSER	YES	docs/parallel/c6/evidence/ui-ux-regression/5cc230e491a6/summary.json	62ce9697cd56e8dc86b3260923f5addbcf555743	5cc230e491a6d8b0135cbd7eb132793368a45073	62ce9697cd56e8dc86b3260923f5addbcf555743	Chrome 154 only, isolated c6rc stack	UI_UX_REGRESSION_5cc230e.md	10
UXG-5cc230e-CREATE_COMPANY	UI_UX_GATE	UNRATED	PASS	SCREENSHOT_AXE_AUDIT	5cc230e491a6d8b0135cbd7eb132793368a45073	2026-10-08	PLAYWRIGHT_SCRIPT(ui-ux.mjs/ui-retest.mjs)	C5	-	ISOLATED_C6_STACK_BROWSER	YES	docs/parallel/c6/evidence/ui-ux-regression/5cc230e491a6/summary.json	62ce9697cd56e8dc86b3260923f5addbcf555743	5cc230e491a6d8b0135cbd7eb132793368a45073	62ce9697cd56e8dc86b3260923f5addbcf555743	Chrome 154 only, isolated c6rc stack	UI_UX_REGRESSION_5cc230e.md	10
UXG-5cc230e-EMPLOYEE_DIRECTORY	UI_UX_GATE	UNRATED	PASS	SCREENSHOT_AXE_AUDIT	5cc230e491a6d8b0135cbd7eb132793368a45073	2026-10-08	PLAYWRIGHT_SCRIPT(ui-ux.mjs/ui-retest.mjs)	C5	-	ISOLATED_C6_STACK_BROWSER	YES	docs/parallel/c6/evidence/ui-ux-regression/5cc230e491a6/summary.json	62ce9697cd56e8dc86b3260923f5addbcf555743	5cc230e491a6d8b0135cbd7eb132793368a45073	62ce9697cd56e8dc86b3260923f5addbcf555743	Chrome 154 only, isolated c6rc stack	UI_UX_REGRESSION_5cc230e.md	10
UXG-5cc230e-STUDIO	UI_UX_GATE	UNRATED	FAIL	SCREENSHOT_AXE_AUDIT	5cc230e491a6d8b0135cbd7eb132793368a45073	2026-10-08	PLAYWRIGHT_SCRIPT(ui-ux.mjs/ui-retest.mjs)	C5	-	ISOLATED_C6_STACK_BROWSER	YES	docs/parallel/c6/evidence/ui-ux-regression/5cc230e491a6/summary.json	62ce9697cd56e8dc86b3260923f5addbcf555743	5cc230e491a6d8b0135cbd7eb132793368a45073	62ce9697cd56e8dc86b3260923f5addbcf555743	Chrome 154 only, isolated c6rc stack	UI_UX_REGRESSION_5cc230e.md	10
UXG-5cc230e-MANUAL_LONG_TAIL	UI_UX_GATE	UNRATED	FAIL	SCREENSHOT_AXE_AUDIT	5cc230e491a6d8b0135cbd7eb132793368a45073	2026-10-08	PLAYWRIGHT_SCRIPT(ui-ux.mjs/ui-retest.mjs)	C5	-	ISOLATED_C6_STACK_BROWSER	YES	docs/parallel/c6/evidence/ui-ux-regression/5cc230e491a6/summary.json	62ce9697cd56e8dc86b3260923f5addbcf555743	5cc230e491a6d8b0135cbd7eb132793368a45073	62ce9697cd56e8dc86b3260923f5addbcf555743	Chrome 154 only, isolated c6rc stack	UI_UX_REGRESSION_5cc230e.md	10
UXG-5cc230e-ORGANIZATION_UI	UI_UX_GATE	UNRATED	BLOCKED	SCREENSHOT_AXE_AUDIT	5cc230e491a6d8b0135cbd7eb132793368a45073	2026-10-08	PLAYWRIGHT_SCRIPT(ui-ux.mjs/ui-retest.mjs)	C5	H-C1-17	ISOLATED_C6_STACK_BROWSER	YES	docs/parallel/c6/evidence/ui-ux-regression/5cc230e491a6/summary.json	62ce9697cd56e8dc86b3260923f5addbcf555743	5cc230e491a6d8b0135cbd7eb132793368a45073	62ce9697cd56e8dc86b3260923f5addbcf555743	Chrome 154 only, isolated c6rc stack	UI_UX_REGRESSION_5cc230e.md	10
UXG-5cc230e-APP_CREATOR_ROUTES_56_CASES	UI_UX_GATE	UNRATED	BLOCKED	SCREENSHOT_AXE_AUDIT	5cc230e491a6d8b0135cbd7eb132793368a45073	2026-10-08	PLAYWRIGHT_SCRIPT(ui-ux.mjs/ui-retest.mjs)	C5	H-C1-04	ISOLATED_C6_STACK_BROWSER	YES	docs/parallel/c6/evidence/ui-ux-regression/5cc230e491a6/summary.json	62ce9697cd56e8dc86b3260923f5addbcf555743	5cc230e491a6d8b0135cbd7eb132793368a45073	62ce9697cd56e8dc86b3260923f5addbcf555743	Chrome 154 only, isolated c6rc stack	UI_UX_REGRESSION_5cc230e.md	10
UXG-5cc230e-BUILDER_390	UI_UX_GATE	UNRATED	FAIL	SCREENSHOT_AXE_AUDIT	5cc230e491a6d8b0135cbd7eb132793368a45073	2026-10-08	PLAYWRIGHT_SCRIPT(ui-ux.mjs/ui-retest.mjs)	C5	-	ISOLATED_C6_STACK_BROWSER	YES	docs/parallel/c6/evidence/ui-ux-regression/5cc230e491a6/summary.json	62ce9697cd56e8dc86b3260923f5addbcf555743	5cc230e491a6d8b0135cbd7eb132793368a45073	62ce9697cd56e8dc86b3260923f5addbcf555743	Chrome 154 only, isolated c6rc stack	UI_UX_REGRESSION_5cc230e.md	10
UXG-40ee45b-UX-001	UI_UX_GATE	UNRATED	PASS	SCREENSHOT_AXE_AUDIT	40ee45bc16fe4dda525c90e0d491d11284a23d8b	2026-10-08	PLAYWRIGHT_SCRIPT(ui-ux.mjs/ui-retest.mjs)	C5	-	ISOLATED_C6_STACK_BROWSER	YES	docs/parallel/c6/evidence/ui-ux-regression/40ee45bc16fe/retest.json	62ce9697cd56e8dc86b3260923f5addbcf555743	40ee45bc16fe4dda525c90e0d491d11284a23d8b	62ce9697cd56e8dc86b3260923f5addbcf555743	Chrome 154 only, isolated c6rc stack	UI_UX_RETEST_40ee45b.md	11
UXG-40ee45b-UX-002	UI_UX_GATE	UNRATED	FAIL	SCREENSHOT_AXE_AUDIT	40ee45bc16fe4dda525c90e0d491d11284a23d8b	2026-10-08	PLAYWRIGHT_SCRIPT(ui-ux.mjs/ui-retest.mjs)	C5	-	ISOLATED_C6_STACK_BROWSER	YES	docs/parallel/c6/evidence/ui-ux-regression/40ee45bc16fe/retest.json	62ce9697cd56e8dc86b3260923f5addbcf555743	40ee45bc16fe4dda525c90e0d491d11284a23d8b	62ce9697cd56e8dc86b3260923f5addbcf555743	Chrome 154 only, isolated c6rc stack	UI_UX_RETEST_40ee45b.md	11
UXG-40ee45b-UX-003	UI_UX_GATE	UNRATED	FAIL	SCREENSHOT_AXE_AUDIT	40ee45bc16fe4dda525c90e0d491d11284a23d8b	2026-10-08	PLAYWRIGHT_SCRIPT(ui-ux.mjs/ui-retest.mjs)	C5	-	ISOLATED_C6_STACK_BROWSER	YES	docs/parallel/c6/evidence/ui-ux-regression/40ee45bc16fe/retest.json	62ce9697cd56e8dc86b3260923f5addbcf555743	40ee45bc16fe4dda525c90e0d491d11284a23d8b	62ce9697cd56e8dc86b3260923f5addbcf555743	Chrome 154 only, isolated c6rc stack	UI_UX_RETEST_40ee45b.md	11
UXG-40ee45b-UX-005	UI_UX_GATE	UNRATED	PASS	SCREENSHOT_AXE_AUDIT	40ee45bc16fe4dda525c90e0d491d11284a23d8b	2026-10-08	PLAYWRIGHT_SCRIPT(ui-ux.mjs/ui-retest.mjs)	C5	-	ISOLATED_C6_STACK_BROWSER	YES	docs/parallel/c6/evidence/ui-ux-regression/40ee45bc16fe/retest.json	62ce9697cd56e8dc86b3260923f5addbcf555743	40ee45bc16fe4dda525c90e0d491d11284a23d8b	62ce9697cd56e8dc86b3260923f5addbcf555743	Chrome 154 only, isolated c6rc stack	UI_UX_RETEST_40ee45b.md	11
UXG-40ee45b-UX-006	UI_UX_GATE	UNRATED	PASS	SCREENSHOT_AXE_AUDIT	40ee45bc16fe4dda525c90e0d491d11284a23d8b	2026-10-08	PLAYWRIGHT_SCRIPT(ui-ux.mjs/ui-retest.mjs)	C5	-	ISOLATED_C6_STACK_BROWSER	YES	docs/parallel/c6/evidence/ui-ux-regression/40ee45bc16fe/retest.json	62ce9697cd56e8dc86b3260923f5addbcf555743	40ee45bc16fe4dda525c90e0d491d11284a23d8b	62ce9697cd56e8dc86b3260923f5addbcf555743	Chrome 154 only, isolated c6rc stack	UI_UX_RETEST_40ee45b.md	11
UXG-40ee45b-UX-007	UI_UX_GATE	UNRATED	PASS	SCREENSHOT_AXE_AUDIT	40ee45bc16fe4dda525c90e0d491d11284a23d8b	2026-10-08	PLAYWRIGHT_SCRIPT(ui-ux.mjs/ui-retest.mjs)	C5	-	ISOLATED_C6_STACK_BROWSER	YES	docs/parallel/c6/evidence/ui-ux-regression/40ee45bc16fe/retest.json	62ce9697cd56e8dc86b3260923f5addbcf555743	40ee45bc16fe4dda525c90e0d491d11284a23d8b	62ce9697cd56e8dc86b3260923f5addbcf555743	Chrome 154 only, isolated c6rc stack	UI_UX_RETEST_40ee45b.md	11
UXG-40ee45b-UX-008	UI_UX_GATE	UNRATED	PASS	SCREENSHOT_AXE_AUDIT	40ee45bc16fe4dda525c90e0d491d11284a23d8b	2026-10-08	PLAYWRIGHT_SCRIPT(ui-ux.mjs/ui-retest.mjs)	C5	-	ISOLATED_C6_STACK_BROWSER	YES	docs/parallel/c6/evidence/ui-ux-regression/40ee45bc16fe/retest.json	62ce9697cd56e8dc86b3260923f5addbcf555743	40ee45bc16fe4dda525c90e0d491d11284a23d8b	62ce9697cd56e8dc86b3260923f5addbcf555743	Chrome 154 only, isolated c6rc stack	UI_UX_RETEST_40ee45b.md	11
UXG-40ee45b-AXE_CRITICAL0_SERIOUS0_874	UI_UX_GATE	UNRATED	PASS	SCREENSHOT_AXE_AUDIT	40ee45bc16fe4dda525c90e0d491d11284a23d8b	2026-10-08	PLAYWRIGHT_SCRIPT(ui-ux.mjs/ui-retest.mjs)	C5	-	ISOLATED_C6_STACK_BROWSER	YES	docs/parallel/c6/evidence/ui-ux-regression/40ee45bc16fe/retest.json	62ce9697cd56e8dc86b3260923f5addbcf555743	40ee45bc16fe4dda525c90e0d491d11284a23d8b	62ce9697cd56e8dc86b3260923f5addbcf555743	Chrome 154 only, isolated c6rc stack	UI_UX_RETEST_40ee45b.md	11
UXG-40ee45b-PROCESS_SAFETY	UI_UX_GATE	UNRATED	PASS	SCREENSHOT_AXE_AUDIT	40ee45bc16fe4dda525c90e0d491d11284a23d8b	2026-10-08	PLAYWRIGHT_SCRIPT(ui-ux.mjs/ui-retest.mjs)	C5	-	ISOLATED_C6_STACK_BROWSER	YES	docs/parallel/c6/evidence/ui-ux-regression/40ee45bc16fe/retest.json	62ce9697cd56e8dc86b3260923f5addbcf555743	40ee45bc16fe4dda525c90e0d491d11284a23d8b	62ce9697cd56e8dc86b3260923f5addbcf555743	Chrome 154 only, isolated c6rc stack	UI_UX_RETEST_40ee45b.md	11
UXG-40ee45b-S4_FINAL_MERGE_REGRESSION	UI_UX_GATE	UNRATED	PASS	SCREENSHOT_AXE_AUDIT	40ee45bc16fe4dda525c90e0d491d11284a23d8b	2026-10-08	PLAYWRIGHT_SCRIPT(ui-ux.mjs/ui-retest.mjs)	C5	-	ISOLATED_C6_STACK_BROWSER	YES	docs/parallel/c6/evidence/ui-ux-regression/40ee45bc16fe/retest.json	62ce9697cd56e8dc86b3260923f5addbcf555743	40ee45bc16fe4dda525c90e0d491d11284a23d8b	62ce9697cd56e8dc86b3260923f5addbcf555743	Chrome 154 only, isolated c6rc stack	UI_UX_RETEST_40ee45b.md	11
FIN-ENV-ENV-01	ENVIRONMENT	UNRATED	PASS	REAL_STACK	bc5c47f292d00846c106669b09679a6fc36daef6	2026-10-10	NODE_SCRIPT(final-env-check.mjs)	-	-	C0RC_REAL_STACK	NO	evidence/final-rc-bc5c47f292d0/part1-environment-start.json#ENV-01	953d17e53d05ba939f79d8fa03763fef9cd580da	NA	edf32dfe187a25ee159339c22be2ff4c1c093df4	stack c0rc, start of the run	part1-environment-start.json (final RC QA, product bc5c47f292d0)	12
FIN-ENV-ENV-01b	ENVIRONMENT	UNRATED	PASS	REAL_STACK	bc5c47f292d00846c106669b09679a6fc36daef6	2026-10-10	NODE_SCRIPT(final-env-check.mjs)	-	-	C0RC_REAL_STACK	NO	evidence/final-rc-bc5c47f292d0/part1-environment-start.json#ENV-01b	953d17e53d05ba939f79d8fa03763fef9cd580da	NA	edf32dfe187a25ee159339c22be2ff4c1c093df4	stack c0rc, start of the run	part1-environment-start.json (final RC QA, product bc5c47f292d0)	12
FIN-ENV-ENV-02	ENVIRONMENT	UNRATED	PASS	REAL_STACK	bc5c47f292d00846c106669b09679a6fc36daef6	2026-10-10	NODE_SCRIPT(final-env-check.mjs)	-	-	C0RC_REAL_STACK	NO	evidence/final-rc-bc5c47f292d0/part1-environment-start.json#ENV-02	953d17e53d05ba939f79d8fa03763fef9cd580da	NA	edf32dfe187a25ee159339c22be2ff4c1c093df4	stack c0rc, start of the run	part1-environment-start.json (final RC QA, product bc5c47f292d0)	12
FIN-ENV-ENV-03	ENVIRONMENT	UNRATED	PASS	REAL_STACK	bc5c47f292d00846c106669b09679a6fc36daef6	2026-10-10	NODE_SCRIPT(final-env-check.mjs)	-	-	C0RC_REAL_STACK	NO	evidence/final-rc-bc5c47f292d0/part1-environment-start.json#ENV-03	953d17e53d05ba939f79d8fa03763fef9cd580da	NA	edf32dfe187a25ee159339c22be2ff4c1c093df4	stack c0rc, start of the run	part1-environment-start.json (final RC QA, product bc5c47f292d0)	12
FIN-ENV-ENV-04	ENVIRONMENT	UNRATED	PASS	REAL_STACK	bc5c47f292d00846c106669b09679a6fc36daef6	2026-10-10	NODE_SCRIPT(final-env-check.mjs)	-	-	C0RC_REAL_STACK	NO	evidence/final-rc-bc5c47f292d0/part1-environment-start.json#ENV-04	953d17e53d05ba939f79d8fa03763fef9cd580da	NA	edf32dfe187a25ee159339c22be2ff4c1c093df4	stack c0rc, start of the run	part1-environment-start.json (final RC QA, product bc5c47f292d0)	12
FIN-ENV-ENV-05	ENVIRONMENT	UNRATED	PASS	REAL_STACK	bc5c47f292d00846c106669b09679a6fc36daef6	2026-10-10	NODE_SCRIPT(final-env-check.mjs)	-	-	C0RC_REAL_STACK	NO	evidence/final-rc-bc5c47f292d0/part1-environment-start.json#ENV-05	953d17e53d05ba939f79d8fa03763fef9cd580da	NA	edf32dfe187a25ee159339c22be2ff4c1c093df4	stack c0rc, start of the run	part1-environment-start.json (final RC QA, product bc5c47f292d0)	12
FIN-ENV-ENV-06	ENVIRONMENT	UNRATED	PASS	REAL_STACK	bc5c47f292d00846c106669b09679a6fc36daef6	2026-10-10	NODE_SCRIPT(final-env-check.mjs)	-	-	C0RC_REAL_STACK	NO	evidence/final-rc-bc5c47f292d0/part1-environment-start.json#ENV-06	953d17e53d05ba939f79d8fa03763fef9cd580da	NA	edf32dfe187a25ee159339c22be2ff4c1c093df4	stack c0rc, start of the run	part1-environment-start.json (final RC QA, product bc5c47f292d0)	12
FIN-ENV-ENV-06b	ENVIRONMENT	UNRATED	PASS	REAL_STACK	bc5c47f292d00846c106669b09679a6fc36daef6	2026-10-10	NODE_SCRIPT(final-env-check.mjs)	-	-	C0RC_REAL_STACK	NO	evidence/final-rc-bc5c47f292d0/part1-environment-start.json#ENV-06b	953d17e53d05ba939f79d8fa03763fef9cd580da	NA	edf32dfe187a25ee159339c22be2ff4c1c093df4	stack c0rc, start of the run	part1-environment-start.json (final RC QA, product bc5c47f292d0)	12
FIN-ENV-ENV-07	ENVIRONMENT	UNRATED	PASS	REAL_STACK	bc5c47f292d00846c106669b09679a6fc36daef6	2026-10-10	NODE_SCRIPT(final-env-check.mjs)	-	-	C0RC_REAL_STACK	NO	evidence/final-rc-bc5c47f292d0/part1-environment-start.json#ENV-07	953d17e53d05ba939f79d8fa03763fef9cd580da	NA	edf32dfe187a25ee159339c22be2ff4c1c093df4	stack c0rc, start of the run	part1-environment-start.json (final RC QA, product bc5c47f292d0)	12
FIN-ENV-ENV-08	ENVIRONMENT	UNRATED	PASS	REAL_STACK	bc5c47f292d00846c106669b09679a6fc36daef6	2026-10-10	NODE_SCRIPT(final-env-check.mjs)	-	-	C0RC_REAL_STACK	NO	evidence/final-rc-bc5c47f292d0/part1-environment-start.json#ENV-08	953d17e53d05ba939f79d8fa03763fef9cd580da	NA	edf32dfe187a25ee159339c22be2ff4c1c093df4	stack c0rc, start of the run	part1-environment-start.json (final RC QA, product bc5c47f292d0)	12
FIN-ENV-ENV-09	ENVIRONMENT	UNRATED	PASS	REAL_STACK	bc5c47f292d00846c106669b09679a6fc36daef6	2026-10-10	NODE_SCRIPT(final-env-check.mjs)	-	-	C0RC_REAL_STACK	NO	evidence/final-rc-bc5c47f292d0/part1-environment-start.json#ENV-09	953d17e53d05ba939f79d8fa03763fef9cd580da	NA	edf32dfe187a25ee159339c22be2ff4c1c093df4	stack c0rc, start of the run	part1-environment-start.json (final RC QA, product bc5c47f292d0)	12
FIN-ENV-ENV-10	ENVIRONMENT	UNRATED	PASS	REAL_STACK	bc5c47f292d00846c106669b09679a6fc36daef6	2026-10-10	NODE_SCRIPT(final-env-check.mjs)	-	-	C0RC_REAL_STACK	NO	evidence/final-rc-bc5c47f292d0/part1-environment-start.json#ENV-10	953d17e53d05ba939f79d8fa03763fef9cd580da	NA	edf32dfe187a25ee159339c22be2ff4c1c093df4	stack c0rc, start of the run	part1-environment-start.json (final RC QA, product bc5c47f292d0)	12
FIN-ENV-ENV-11	ENVIRONMENT	UNRATED	PASS	REAL_STACK	bc5c47f292d00846c106669b09679a6fc36daef6	2026-10-10	NODE_SCRIPT(final-env-check.mjs)	-	-	C0RC_REAL_STACK	NO	evidence/final-rc-bc5c47f292d0/part1-environment-start.json#ENV-11	953d17e53d05ba939f79d8fa03763fef9cd580da	NA	edf32dfe187a25ee159339c22be2ff4c1c093df4	stack c0rc, start of the run	part1-environment-start.json (final RC QA, product bc5c47f292d0)	12
FIN-ENV-ENV-12	ENVIRONMENT	UNRATED	PASS	REAL_STACK	bc5c47f292d00846c106669b09679a6fc36daef6	2026-10-10	NODE_SCRIPT(final-env-check.mjs)	-	-	C0RC_REAL_STACK	NO	evidence/final-rc-bc5c47f292d0/part1-environment-start.json#ENV-12	953d17e53d05ba939f79d8fa03763fef9cd580da	NA	edf32dfe187a25ee159339c22be2ff4c1c093df4	stack c0rc, start of the run	part1-environment-start.json (final RC QA, product bc5c47f292d0)	12
FIN-ENV-ENV-13	ENVIRONMENT	UNRATED	BLOCKED	MANUAL	bc5c47f292d00846c106669b09679a6fc36daef6	2026-10-10	NODE_SCRIPT(final-env-check.mjs)	-	-	C0RC_REAL_STACK	YES	evidence/final-rc-bc5c47f292d0/part1-environment-start.json#ENV-13	953d17e53d05ba939f79d8fa03763fef9cd580da	NA	edf32dfe187a25ee159339c22be2ff4c1c093df4	stack c0rc, start of the run	part1-environment-start.json (final RC QA, product bc5c47f292d0)	12
FIN-ENV-ENV-14a	ENVIRONMENT	UNRATED	PASS	REAL_STACK	bc5c47f292d00846c106669b09679a6fc36daef6	2026-10-10	NODE_SCRIPT(final-env-check.mjs)	-	-	C0RC_REAL_STACK	NO	evidence/final-rc-bc5c47f292d0/part1-environment-start.json#ENV-14a	953d17e53d05ba939f79d8fa03763fef9cd580da	NA	edf32dfe187a25ee159339c22be2ff4c1c093df4	stack c0rc, start of the run	part1-environment-start.json (final RC QA, product bc5c47f292d0)	12
FIN-ENV-ENV-14b	ENVIRONMENT	UNRATED	PASS	REAL_STACK	bc5c47f292d00846c106669b09679a6fc36daef6	2026-10-10	NODE_SCRIPT(final-env-check.mjs)	-	-	C0RC_REAL_STACK	NO	evidence/final-rc-bc5c47f292d0/part1-environment-start.json#ENV-14b	953d17e53d05ba939f79d8fa03763fef9cd580da	NA	edf32dfe187a25ee159339c22be2ff4c1c093df4	stack c0rc, start of the run	part1-environment-start.json (final RC QA, product bc5c47f292d0)	12
FIN-ENV-ENV-14c	ENVIRONMENT	UNRATED	PASS	REAL_STACK	bc5c47f292d00846c106669b09679a6fc36daef6	2026-10-10	NODE_SCRIPT(final-env-check.mjs)	-	-	C0RC_REAL_STACK	NO	evidence/final-rc-bc5c47f292d0/part1-environment-start.json#ENV-14c	953d17e53d05ba939f79d8fa03763fef9cd580da	NA	edf32dfe187a25ee159339c22be2ff4c1c093df4	stack c0rc, start of the run	part1-environment-start.json (final RC QA, product bc5c47f292d0)	12
FIN-ENV-ENV-14d	ENVIRONMENT	UNRATED	PASS	REAL_STACK	bc5c47f292d00846c106669b09679a6fc36daef6	2026-10-10	NODE_SCRIPT(final-env-check.mjs)	-	-	C0RC_REAL_STACK	NO	evidence/final-rc-bc5c47f292d0/part1-environment-start.json#ENV-14d	953d17e53d05ba939f79d8fa03763fef9cd580da	NA	edf32dfe187a25ee159339c22be2ff4c1c093df4	stack c0rc, start of the run	part1-environment-start.json (final RC QA, product bc5c47f292d0)	12
FIN-ENV-ENV-14e-Studio	ENVIRONMENT	UNRATED	PASS	REAL_STACK	bc5c47f292d00846c106669b09679a6fc36daef6	2026-10-10	NODE_SCRIPT(final-env-check.mjs)	-	-	C0RC_REAL_STACK	NO	evidence/final-rc-bc5c47f292d0/part1-environment-start.json#ENV-14e-Studio	953d17e53d05ba939f79d8fa03763fef9cd580da	NA	edf32dfe187a25ee159339c22be2ff4c1c093df4	stack c0rc, start of the run	part1-environment-start.json (final RC QA, product bc5c47f292d0)	12
FIN-ENV-ENV-14e-Platform	ENVIRONMENT	UNRATED	PASS	REAL_STACK	bc5c47f292d00846c106669b09679a6fc36daef6	2026-10-10	NODE_SCRIPT(final-env-check.mjs)	-	-	C0RC_REAL_STACK	NO	evidence/final-rc-bc5c47f292d0/part1-environment-start.json#ENV-14e-Platform	953d17e53d05ba939f79d8fa03763fef9cd580da	NA	edf32dfe187a25ee159339c22be2ff4c1c093df4	stack c0rc, start of the run	part1-environment-start.json (final RC QA, product bc5c47f292d0)	12
FIN-ENV-ENV-14e-Admin	ENVIRONMENT	UNRATED	PASS	REAL_STACK	bc5c47f292d00846c106669b09679a6fc36daef6	2026-10-10	NODE_SCRIPT(final-env-check.mjs)	-	-	C0RC_REAL_STACK	NO	evidence/final-rc-bc5c47f292d0/part1-environment-start.json#ENV-14e-Admin	953d17e53d05ba939f79d8fa03763fef9cd580da	NA	edf32dfe187a25ee159339c22be2ff4c1c093df4	stack c0rc, start of the run	part1-environment-start.json (final RC QA, product bc5c47f292d0)	12
FIN-ENV-ENV-14f	ENVIRONMENT	UNRATED	PASS	REAL_STACK	bc5c47f292d00846c106669b09679a6fc36daef6	2026-10-10	NODE_SCRIPT(final-env-check.mjs)	-	-	C0RC_REAL_STACK	NO	evidence/final-rc-bc5c47f292d0/part1-environment-start.json#ENV-14f	953d17e53d05ba939f79d8fa03763fef9cd580da	NA	edf32dfe187a25ee159339c22be2ff4c1c093df4	stack c0rc, start of the run	part1-environment-start.json (final RC QA, product bc5c47f292d0)	12
FIN-ENV-ENV-14g-Platform	ENVIRONMENT	UNRATED	PASS	REAL_STACK	bc5c47f292d00846c106669b09679a6fc36daef6	2026-10-10	NODE_SCRIPT(final-env-check.mjs)	-	-	C0RC_REAL_STACK	NO	evidence/final-rc-bc5c47f292d0/part1-environment-start.json#ENV-14g-Platform	953d17e53d05ba939f79d8fa03763fef9cd580da	NA	edf32dfe187a25ee159339c22be2ff4c1c093df4	stack c0rc, start of the run	part1-environment-start.json (final RC QA, product bc5c47f292d0)	12
FIN-ENV-ENV-14g-Admin	ENVIRONMENT	UNRATED	PASS	REAL_STACK	bc5c47f292d00846c106669b09679a6fc36daef6	2026-10-10	NODE_SCRIPT(final-env-check.mjs)	-	-	C0RC_REAL_STACK	NO	evidence/final-rc-bc5c47f292d0/part1-environment-start.json#ENV-14g-Admin	953d17e53d05ba939f79d8fa03763fef9cd580da	NA	edf32dfe187a25ee159339c22be2ff4c1c093df4	stack c0rc, start of the run	part1-environment-start.json (final RC QA, product bc5c47f292d0)	12
FIN-ENV-ENV-14g-Studio	ENVIRONMENT	UNRATED	PASS	REAL_STACK	bc5c47f292d00846c106669b09679a6fc36daef6	2026-10-10	NODE_SCRIPT(final-env-check.mjs)	-	-	C0RC_REAL_STACK	NO	evidence/final-rc-bc5c47f292d0/part1-environment-start.json#ENV-14g-Studio	953d17e53d05ba939f79d8fa03763fef9cd580da	NA	edf32dfe187a25ee159339c22be2ff4c1c093df4	stack c0rc, start of the run	part1-environment-start.json (final RC QA, product bc5c47f292d0)	12
FIN-ENVEND-ENV-01	ENVIRONMENT	UNRATED	PASS	REAL_STACK	bc5c47f292d00846c106669b09679a6fc36daef6	2026-10-10	NODE_SCRIPT(final-env-check.mjs)	-	-	C0RC_REAL_STACK	NO	evidence/final-rc-bc5c47f292d0/part1-environment-end.json#ENV-01	953d17e53d05ba939f79d8fa03763fef9cd580da	NA	edf32dfe187a25ee159339c22be2ff4c1c093df4	stack c0rc, end of the run (C0's checkout had moved to fabea81; served builds unchanged)	part1-environment-end.json (final RC QA, product bc5c47f292d0)	12
FIN-ENVEND-ENV-01b	ENVIRONMENT	UNRATED	PASS	REAL_STACK	bc5c47f292d00846c106669b09679a6fc36daef6	2026-10-10	NODE_SCRIPT(final-env-check.mjs)	-	-	C0RC_REAL_STACK	NO	evidence/final-rc-bc5c47f292d0/part1-environment-end.json#ENV-01b	953d17e53d05ba939f79d8fa03763fef9cd580da	NA	edf32dfe187a25ee159339c22be2ff4c1c093df4	stack c0rc, end of the run (C0's checkout had moved to fabea81; served builds unchanged)	part1-environment-end.json (final RC QA, product bc5c47f292d0)	12
FIN-ENVEND-ENV-02	ENVIRONMENT	UNRATED	PASS	REAL_STACK	bc5c47f292d00846c106669b09679a6fc36daef6	2026-10-10	NODE_SCRIPT(final-env-check.mjs)	-	-	C0RC_REAL_STACK	NO	evidence/final-rc-bc5c47f292d0/part1-environment-end.json#ENV-02	953d17e53d05ba939f79d8fa03763fef9cd580da	NA	edf32dfe187a25ee159339c22be2ff4c1c093df4	stack c0rc, end of the run (C0's checkout had moved to fabea81; served builds unchanged)	part1-environment-end.json (final RC QA, product bc5c47f292d0)	12
FIN-ENVEND-ENV-03	ENVIRONMENT	UNRATED	PASS	REAL_STACK	bc5c47f292d00846c106669b09679a6fc36daef6	2026-10-10	NODE_SCRIPT(final-env-check.mjs)	-	-	C0RC_REAL_STACK	NO	evidence/final-rc-bc5c47f292d0/part1-environment-end.json#ENV-03	953d17e53d05ba939f79d8fa03763fef9cd580da	NA	edf32dfe187a25ee159339c22be2ff4c1c093df4	stack c0rc, end of the run (C0's checkout had moved to fabea81; served builds unchanged)	part1-environment-end.json (final RC QA, product bc5c47f292d0)	12
FIN-ENVEND-ENV-04	ENVIRONMENT	UNRATED	PASS	REAL_STACK	bc5c47f292d00846c106669b09679a6fc36daef6	2026-10-10	NODE_SCRIPT(final-env-check.mjs)	-	-	C0RC_REAL_STACK	NO	evidence/final-rc-bc5c47f292d0/part1-environment-end.json#ENV-04	953d17e53d05ba939f79d8fa03763fef9cd580da	NA	edf32dfe187a25ee159339c22be2ff4c1c093df4	stack c0rc, end of the run (C0's checkout had moved to fabea81; served builds unchanged)	part1-environment-end.json (final RC QA, product bc5c47f292d0)	12
FIN-ENVEND-ENV-05	ENVIRONMENT	UNRATED	PASS	REAL_STACK	bc5c47f292d00846c106669b09679a6fc36daef6	2026-10-10	NODE_SCRIPT(final-env-check.mjs)	-	-	C0RC_REAL_STACK	NO	evidence/final-rc-bc5c47f292d0/part1-environment-end.json#ENV-05	953d17e53d05ba939f79d8fa03763fef9cd580da	NA	edf32dfe187a25ee159339c22be2ff4c1c093df4	stack c0rc, end of the run (C0's checkout had moved to fabea81; served builds unchanged)	part1-environment-end.json (final RC QA, product bc5c47f292d0)	12
FIN-ENVEND-ENV-06	ENVIRONMENT	UNRATED	PASS	REAL_STACK	bc5c47f292d00846c106669b09679a6fc36daef6	2026-10-10	NODE_SCRIPT(final-env-check.mjs)	-	-	C0RC_REAL_STACK	NO	evidence/final-rc-bc5c47f292d0/part1-environment-end.json#ENV-06	953d17e53d05ba939f79d8fa03763fef9cd580da	NA	edf32dfe187a25ee159339c22be2ff4c1c093df4	stack c0rc, end of the run (C0's checkout had moved to fabea81; served builds unchanged)	part1-environment-end.json (final RC QA, product bc5c47f292d0)	12
FIN-ENVEND-ENV-06b	ENVIRONMENT	UNRATED	PASS	REAL_STACK	bc5c47f292d00846c106669b09679a6fc36daef6	2026-10-10	NODE_SCRIPT(final-env-check.mjs)	-	-	C0RC_REAL_STACK	NO	evidence/final-rc-bc5c47f292d0/part1-environment-end.json#ENV-06b	953d17e53d05ba939f79d8fa03763fef9cd580da	NA	edf32dfe187a25ee159339c22be2ff4c1c093df4	stack c0rc, end of the run (C0's checkout had moved to fabea81; served builds unchanged)	part1-environment-end.json (final RC QA, product bc5c47f292d0)	12
FIN-ENVEND-ENV-07	ENVIRONMENT	UNRATED	PASS	REAL_STACK	bc5c47f292d00846c106669b09679a6fc36daef6	2026-10-10	NODE_SCRIPT(final-env-check.mjs)	-	-	C0RC_REAL_STACK	NO	evidence/final-rc-bc5c47f292d0/part1-environment-end.json#ENV-07	953d17e53d05ba939f79d8fa03763fef9cd580da	NA	edf32dfe187a25ee159339c22be2ff4c1c093df4	stack c0rc, end of the run (C0's checkout had moved to fabea81; served builds unchanged)	part1-environment-end.json (final RC QA, product bc5c47f292d0)	12
FIN-ENVEND-ENV-08	ENVIRONMENT	UNRATED	FAIL	REAL_STACK	bc5c47f292d00846c106669b09679a6fc36daef6	2026-10-10	NODE_SCRIPT(final-env-check.mjs)	-	-	C0RC_REAL_STACK	YES	evidence/final-rc-bc5c47f292d0/part1-environment-end.json#ENV-08	953d17e53d05ba939f79d8fa03763fef9cd580da	NA	edf32dfe187a25ee159339c22be2ff4c1c093df4	stack c0rc, end of the run (C0's checkout had moved to fabea81; served builds unchanged)	part1-environment-end.json (final RC QA, product bc5c47f292d0)	12
FIN-ENVEND-ENV-09	ENVIRONMENT	UNRATED	PASS	REAL_STACK	bc5c47f292d00846c106669b09679a6fc36daef6	2026-10-10	NODE_SCRIPT(final-env-check.mjs)	-	-	C0RC_REAL_STACK	NO	evidence/final-rc-bc5c47f292d0/part1-environment-end.json#ENV-09	953d17e53d05ba939f79d8fa03763fef9cd580da	NA	edf32dfe187a25ee159339c22be2ff4c1c093df4	stack c0rc, end of the run (C0's checkout had moved to fabea81; served builds unchanged)	part1-environment-end.json (final RC QA, product bc5c47f292d0)	12
FIN-ENVEND-ENV-10	ENVIRONMENT	UNRATED	PASS	REAL_STACK	bc5c47f292d00846c106669b09679a6fc36daef6	2026-10-10	NODE_SCRIPT(final-env-check.mjs)	-	-	C0RC_REAL_STACK	NO	evidence/final-rc-bc5c47f292d0/part1-environment-end.json#ENV-10	953d17e53d05ba939f79d8fa03763fef9cd580da	NA	edf32dfe187a25ee159339c22be2ff4c1c093df4	stack c0rc, end of the run (C0's checkout had moved to fabea81; served builds unchanged)	part1-environment-end.json (final RC QA, product bc5c47f292d0)	12
FIN-ENVEND-ENV-11	ENVIRONMENT	UNRATED	PASS	REAL_STACK	bc5c47f292d00846c106669b09679a6fc36daef6	2026-10-10	NODE_SCRIPT(final-env-check.mjs)	-	-	C0RC_REAL_STACK	NO	evidence/final-rc-bc5c47f292d0/part1-environment-end.json#ENV-11	953d17e53d05ba939f79d8fa03763fef9cd580da	NA	edf32dfe187a25ee159339c22be2ff4c1c093df4	stack c0rc, end of the run (C0's checkout had moved to fabea81; served builds unchanged)	part1-environment-end.json (final RC QA, product bc5c47f292d0)	12
FIN-ENVEND-ENV-12	ENVIRONMENT	UNRATED	PASS	REAL_STACK	bc5c47f292d00846c106669b09679a6fc36daef6	2026-10-10	NODE_SCRIPT(final-env-check.mjs)	-	-	C0RC_REAL_STACK	NO	evidence/final-rc-bc5c47f292d0/part1-environment-end.json#ENV-12	953d17e53d05ba939f79d8fa03763fef9cd580da	NA	edf32dfe187a25ee159339c22be2ff4c1c093df4	stack c0rc, end of the run (C0's checkout had moved to fabea81; served builds unchanged)	part1-environment-end.json (final RC QA, product bc5c47f292d0)	12
FIN-ENVEND-ENV-13	ENVIRONMENT	UNRATED	BLOCKED	MANUAL	bc5c47f292d00846c106669b09679a6fc36daef6	2026-10-10	NODE_SCRIPT(final-env-check.mjs)	-	-	C0RC_REAL_STACK	YES	evidence/final-rc-bc5c47f292d0/part1-environment-end.json#ENV-13	953d17e53d05ba939f79d8fa03763fef9cd580da	NA	edf32dfe187a25ee159339c22be2ff4c1c093df4	stack c0rc, end of the run (C0's checkout had moved to fabea81; served builds unchanged)	part1-environment-end.json (final RC QA, product bc5c47f292d0)	12
FIN-ENVEND-ENV-14a	ENVIRONMENT	UNRATED	FAIL	REAL_STACK	bc5c47f292d00846c106669b09679a6fc36daef6	2026-10-10	NODE_SCRIPT(final-env-check.mjs)	-	-	C0RC_REAL_STACK	YES	evidence/final-rc-bc5c47f292d0/part1-environment-end.json#ENV-14a	953d17e53d05ba939f79d8fa03763fef9cd580da	NA	edf32dfe187a25ee159339c22be2ff4c1c093df4	stack c0rc, end of the run (C0's checkout had moved to fabea81; served builds unchanged)	part1-environment-end.json (final RC QA, product bc5c47f292d0)	12
FIN-ENVEND-ENV-14b	ENVIRONMENT	UNRATED	PASS	REAL_STACK	bc5c47f292d00846c106669b09679a6fc36daef6	2026-10-10	NODE_SCRIPT(final-env-check.mjs)	-	-	C0RC_REAL_STACK	NO	evidence/final-rc-bc5c47f292d0/part1-environment-end.json#ENV-14b	953d17e53d05ba939f79d8fa03763fef9cd580da	NA	edf32dfe187a25ee159339c22be2ff4c1c093df4	stack c0rc, end of the run (C0's checkout had moved to fabea81; served builds unchanged)	part1-environment-end.json (final RC QA, product bc5c47f292d0)	12
FIN-ENVEND-ENV-14c	ENVIRONMENT	UNRATED	PASS	REAL_STACK	bc5c47f292d00846c106669b09679a6fc36daef6	2026-10-10	NODE_SCRIPT(final-env-check.mjs)	-	-	C0RC_REAL_STACK	NO	evidence/final-rc-bc5c47f292d0/part1-environment-end.json#ENV-14c	953d17e53d05ba939f79d8fa03763fef9cd580da	NA	edf32dfe187a25ee159339c22be2ff4c1c093df4	stack c0rc, end of the run (C0's checkout had moved to fabea81; served builds unchanged)	part1-environment-end.json (final RC QA, product bc5c47f292d0)	12
FIN-ENVEND-ENV-14d	ENVIRONMENT	UNRATED	PASS	REAL_STACK	bc5c47f292d00846c106669b09679a6fc36daef6	2026-10-10	NODE_SCRIPT(final-env-check.mjs)	-	-	C0RC_REAL_STACK	NO	evidence/final-rc-bc5c47f292d0/part1-environment-end.json#ENV-14d	953d17e53d05ba939f79d8fa03763fef9cd580da	NA	edf32dfe187a25ee159339c22be2ff4c1c093df4	stack c0rc, end of the run (C0's checkout had moved to fabea81; served builds unchanged)	part1-environment-end.json (final RC QA, product bc5c47f292d0)	12
FIN-ENVEND-ENV-14e-Studio	ENVIRONMENT	UNRATED	PASS	REAL_STACK	bc5c47f292d00846c106669b09679a6fc36daef6	2026-10-10	NODE_SCRIPT(final-env-check.mjs)	-	-	C0RC_REAL_STACK	NO	evidence/final-rc-bc5c47f292d0/part1-environment-end.json#ENV-14e-Studio	953d17e53d05ba939f79d8fa03763fef9cd580da	NA	edf32dfe187a25ee159339c22be2ff4c1c093df4	stack c0rc, end of the run (C0's checkout had moved to fabea81; served builds unchanged)	part1-environment-end.json (final RC QA, product bc5c47f292d0)	12
FIN-ENVEND-ENV-14e-Platform	ENVIRONMENT	UNRATED	PASS	REAL_STACK	bc5c47f292d00846c106669b09679a6fc36daef6	2026-10-10	NODE_SCRIPT(final-env-check.mjs)	-	-	C0RC_REAL_STACK	NO	evidence/final-rc-bc5c47f292d0/part1-environment-end.json#ENV-14e-Platform	953d17e53d05ba939f79d8fa03763fef9cd580da	NA	edf32dfe187a25ee159339c22be2ff4c1c093df4	stack c0rc, end of the run (C0's checkout had moved to fabea81; served builds unchanged)	part1-environment-end.json (final RC QA, product bc5c47f292d0)	12
FIN-ENVEND-ENV-14e-Admin	ENVIRONMENT	UNRATED	PASS	REAL_STACK	bc5c47f292d00846c106669b09679a6fc36daef6	2026-10-10	NODE_SCRIPT(final-env-check.mjs)	-	-	C0RC_REAL_STACK	NO	evidence/final-rc-bc5c47f292d0/part1-environment-end.json#ENV-14e-Admin	953d17e53d05ba939f79d8fa03763fef9cd580da	NA	edf32dfe187a25ee159339c22be2ff4c1c093df4	stack c0rc, end of the run (C0's checkout had moved to fabea81; served builds unchanged)	part1-environment-end.json (final RC QA, product bc5c47f292d0)	12
FIN-ENVEND-ENV-14f	ENVIRONMENT	UNRATED	PASS	REAL_STACK	bc5c47f292d00846c106669b09679a6fc36daef6	2026-10-10	NODE_SCRIPT(final-env-check.mjs)	-	-	C0RC_REAL_STACK	NO	evidence/final-rc-bc5c47f292d0/part1-environment-end.json#ENV-14f	953d17e53d05ba939f79d8fa03763fef9cd580da	NA	edf32dfe187a25ee159339c22be2ff4c1c093df4	stack c0rc, end of the run (C0's checkout had moved to fabea81; served builds unchanged)	part1-environment-end.json (final RC QA, product bc5c47f292d0)	12
FIN-ENVEND-ENV-14g-Platform	ENVIRONMENT	UNRATED	PASS	REAL_STACK	bc5c47f292d00846c106669b09679a6fc36daef6	2026-10-10	NODE_SCRIPT(final-env-check.mjs)	-	-	C0RC_REAL_STACK	NO	evidence/final-rc-bc5c47f292d0/part1-environment-end.json#ENV-14g-Platform	953d17e53d05ba939f79d8fa03763fef9cd580da	NA	edf32dfe187a25ee159339c22be2ff4c1c093df4	stack c0rc, end of the run (C0's checkout had moved to fabea81; served builds unchanged)	part1-environment-end.json (final RC QA, product bc5c47f292d0)	12
FIN-ENVEND-ENV-14g-Admin	ENVIRONMENT	UNRATED	PASS	REAL_STACK	bc5c47f292d00846c106669b09679a6fc36daef6	2026-10-10	NODE_SCRIPT(final-env-check.mjs)	-	-	C0RC_REAL_STACK	NO	evidence/final-rc-bc5c47f292d0/part1-environment-end.json#ENV-14g-Admin	953d17e53d05ba939f79d8fa03763fef9cd580da	NA	edf32dfe187a25ee159339c22be2ff4c1c093df4	stack c0rc, end of the run (C0's checkout had moved to fabea81; served builds unchanged)	part1-environment-end.json (final RC QA, product bc5c47f292d0)	12
FIN-ENVEND-ENV-14g-Studio	ENVIRONMENT	UNRATED	PASS	REAL_STACK	bc5c47f292d00846c106669b09679a6fc36daef6	2026-10-10	NODE_SCRIPT(final-env-check.mjs)	-	-	C0RC_REAL_STACK	NO	evidence/final-rc-bc5c47f292d0/part1-environment-end.json#ENV-14g-Studio	953d17e53d05ba939f79d8fa03763fef9cd580da	NA	edf32dfe187a25ee159339c22be2ff4c1c093df4	stack c0rc, end of the run (C0's checkout had moved to fabea81; served builds unchanged)	part1-environment-end.json (final RC QA, product bc5c47f292d0)	12
FIN-J01-ON01	JOURNEY_01_COMPANY_ONBOARDING	UNRATED	PASS	REAL_BACKEND_E2E	bc5c47f292d00846c106669b09679a6fc36daef6	2026-10-10	NODE_SCRIPT(final-onboarding.mjs)	-	-	C0RC_REAL_STACK	NO	evidence/final-rc-bc5c47f292d0/final-onboarding.json#ON01	953d17e53d05ba939f79d8fa03763fef9cd580da	NA	edf32dfe187a25ee159339c22be2ff4c1c093df4	stack c0rc	final-onboarding.json (final RC QA, product bc5c47f292d0)	12
FIN-J01-ON02	JOURNEY_01_COMPANY_ONBOARDING	UNRATED	PASS	REAL_BACKEND_E2E	bc5c47f292d00846c106669b09679a6fc36daef6	2026-10-10	NODE_SCRIPT(final-onboarding.mjs)	-	-	C0RC_REAL_STACK	NO	evidence/final-rc-bc5c47f292d0/final-onboarding.json#ON02	953d17e53d05ba939f79d8fa03763fef9cd580da	NA	edf32dfe187a25ee159339c22be2ff4c1c093df4	stack c0rc	final-onboarding.json (final RC QA, product bc5c47f292d0)	12
FIN-J01-ON03	JOURNEY_01_COMPANY_ONBOARDING	UNRATED	PASS	REAL_BACKEND_E2E	bc5c47f292d00846c106669b09679a6fc36daef6	2026-10-10	NODE_SCRIPT(final-onboarding.mjs)	-	-	C0RC_REAL_STACK	NO	evidence/final-rc-bc5c47f292d0/final-onboarding.json#ON03	953d17e53d05ba939f79d8fa03763fef9cd580da	NA	edf32dfe187a25ee159339c22be2ff4c1c093df4	stack c0rc	final-onboarding.json (final RC QA, product bc5c47f292d0)	12
FIN-J01-ON04	JOURNEY_01_COMPANY_ONBOARDING	UNRATED	PASS	REAL_BACKEND_E2E	bc5c47f292d00846c106669b09679a6fc36daef6	2026-10-10	NODE_SCRIPT(final-onboarding.mjs)	-	-	C0RC_REAL_STACK	NO	evidence/final-rc-bc5c47f292d0/final-onboarding.json#ON04	953d17e53d05ba939f79d8fa03763fef9cd580da	NA	edf32dfe187a25ee159339c22be2ff4c1c093df4	stack c0rc	final-onboarding.json (final RC QA, product bc5c47f292d0)	12
FIN-J01-ON05	JOURNEY_01_COMPANY_ONBOARDING	UNRATED	PASS	REAL_BACKEND_E2E	bc5c47f292d00846c106669b09679a6fc36daef6	2026-10-10	NODE_SCRIPT(final-onboarding.mjs)	-	-	C0RC_REAL_STACK	NO	evidence/final-rc-bc5c47f292d0/final-onboarding.json#ON05	953d17e53d05ba939f79d8fa03763fef9cd580da	NA	edf32dfe187a25ee159339c22be2ff4c1c093df4	stack c0rc	final-onboarding.json (final RC QA, product bc5c47f292d0)	12
FIN-J01-ON06	JOURNEY_01_COMPANY_ONBOARDING	UNRATED	PASS	REAL_BACKEND_E2E	bc5c47f292d00846c106669b09679a6fc36daef6	2026-10-10	NODE_SCRIPT(final-onboarding.mjs)	-	-	C0RC_REAL_STACK	NO	evidence/final-rc-bc5c47f292d0/final-onboarding.json#ON06	953d17e53d05ba939f79d8fa03763fef9cd580da	NA	edf32dfe187a25ee159339c22be2ff4c1c093df4	stack c0rc	final-onboarding.json (final RC QA, product bc5c47f292d0)	12
FIN-J01-ON07	JOURNEY_01_COMPANY_ONBOARDING	UNRATED	PASS	REAL_BACKEND_E2E	bc5c47f292d00846c106669b09679a6fc36daef6	2026-10-10	NODE_SCRIPT(final-onboarding.mjs)	-	-	C0RC_REAL_STACK	NO	evidence/final-rc-bc5c47f292d0/final-onboarding.json#ON07	953d17e53d05ba939f79d8fa03763fef9cd580da	NA	edf32dfe187a25ee159339c22be2ff4c1c093df4	stack c0rc	final-onboarding.json (final RC QA, product bc5c47f292d0)	12
FIN-J01-ON08	JOURNEY_01_COMPANY_ONBOARDING	UNRATED	PASS	REAL_BACKEND_E2E	bc5c47f292d00846c106669b09679a6fc36daef6	2026-10-10	NODE_SCRIPT(final-onboarding.mjs)	-	-	C0RC_REAL_STACK	NO	evidence/final-rc-bc5c47f292d0/final-onboarding.json#ON08	953d17e53d05ba939f79d8fa03763fef9cd580da	NA	edf32dfe187a25ee159339c22be2ff4c1c093df4	stack c0rc	final-onboarding.json (final RC QA, product bc5c47f292d0)	12
FIN-J01-ON09	JOURNEY_01_COMPANY_ONBOARDING	UNRATED	PASS	REAL_BACKEND_E2E	bc5c47f292d00846c106669b09679a6fc36daef6	2026-10-10	NODE_SCRIPT(final-onboarding.mjs)	-	-	C0RC_REAL_STACK	NO	evidence/final-rc-bc5c47f292d0/final-onboarding.json#ON09	953d17e53d05ba939f79d8fa03763fef9cd580da	NA	edf32dfe187a25ee159339c22be2ff4c1c093df4	stack c0rc	final-onboarding.json (final RC QA, product bc5c47f292d0)	12
FIN-J01-ON10	JOURNEY_01_COMPANY_ONBOARDING	UNRATED	PASS	REAL_BACKEND_E2E	bc5c47f292d00846c106669b09679a6fc36daef6	2026-10-10	NODE_SCRIPT(final-onboarding.mjs)	-	-	C0RC_REAL_STACK	NO	evidence/final-rc-bc5c47f292d0/final-onboarding.json#ON10	953d17e53d05ba939f79d8fa03763fef9cd580da	NA	edf32dfe187a25ee159339c22be2ff4c1c093df4	stack c0rc	final-onboarding.json (final RC QA, product bc5c47f292d0)	12
FIN-J01-ON11	JOURNEY_01_COMPANY_ONBOARDING	UNRATED	PASS	REAL_BACKEND_E2E	bc5c47f292d00846c106669b09679a6fc36daef6	2026-10-10	NODE_SCRIPT(final-onboarding.mjs)	-	-	C0RC_REAL_STACK	NO	evidence/final-rc-bc5c47f292d0/final-onboarding.json#ON11	953d17e53d05ba939f79d8fa03763fef9cd580da	NA	edf32dfe187a25ee159339c22be2ff4c1c093df4	stack c0rc	final-onboarding.json (final RC QA, product bc5c47f292d0)	12
FIN-J01-ON12	JOURNEY_01_COMPANY_ONBOARDING	UNRATED	PASS	REAL_BACKEND_E2E	bc5c47f292d00846c106669b09679a6fc36daef6	2026-10-10	NODE_SCRIPT(final-onboarding.mjs)	-	-	C0RC_REAL_STACK	NO	evidence/final-rc-bc5c47f292d0/final-onboarding.json#ON12	953d17e53d05ba939f79d8fa03763fef9cd580da	NA	edf32dfe187a25ee159339c22be2ff4c1c093df4	stack c0rc	final-onboarding.json (final RC QA, product bc5c47f292d0)	12
FIN-J01-ON13	JOURNEY_01_COMPANY_ONBOARDING	UNRATED	PASS	REAL_BACKEND_E2E	bc5c47f292d00846c106669b09679a6fc36daef6	2026-10-10	NODE_SCRIPT(final-onboarding.mjs)	-	-	C0RC_REAL_STACK	NO	evidence/final-rc-bc5c47f292d0/final-onboarding.json#ON13	953d17e53d05ba939f79d8fa03763fef9cd580da	NA	edf32dfe187a25ee159339c22be2ff4c1c093df4	stack c0rc	final-onboarding.json (final RC QA, product bc5c47f292d0)	12
FIN-J01-ON14	JOURNEY_01_COMPANY_ONBOARDING	UNRATED	PASS	REAL_BACKEND_E2E	bc5c47f292d00846c106669b09679a6fc36daef6	2026-10-10	NODE_SCRIPT(final-onboarding.mjs)	-	-	C0RC_REAL_STACK	NO	evidence/final-rc-bc5c47f292d0/final-onboarding.json#ON14	953d17e53d05ba939f79d8fa03763fef9cd580da	NA	edf32dfe187a25ee159339c22be2ff4c1c093df4	stack c0rc	final-onboarding.json (final RC QA, product bc5c47f292d0)	12
FIN-J01-ON15	JOURNEY_01_COMPANY_ONBOARDING	UNRATED	PASS	REAL_BACKEND_E2E	bc5c47f292d00846c106669b09679a6fc36daef6	2026-10-10	NODE_SCRIPT(final-onboarding.mjs)	-	-	C0RC_REAL_STACK	NO	evidence/final-rc-bc5c47f292d0/final-onboarding.json#ON15	953d17e53d05ba939f79d8fa03763fef9cd580da	NA	edf32dfe187a25ee159339c22be2ff4c1c093df4	stack c0rc	final-onboarding.json (final RC QA, product bc5c47f292d0)	12
FIN-J01-ON16	JOURNEY_01_COMPANY_ONBOARDING	UNRATED	PASS	REAL_BACKEND_E2E	bc5c47f292d00846c106669b09679a6fc36daef6	2026-10-10	NODE_SCRIPT(final-onboarding.mjs)	-	-	C0RC_REAL_STACK	NO	evidence/final-rc-bc5c47f292d0/final-onboarding.json#ON16	953d17e53d05ba939f79d8fa03763fef9cd580da	NA	edf32dfe187a25ee159339c22be2ff4c1c093df4	stack c0rc	final-onboarding.json (final RC QA, product bc5c47f292d0)	12
FIN-J01-ON17	JOURNEY_01_COMPANY_ONBOARDING	UNRATED	PASS	REAL_BACKEND_E2E	bc5c47f292d00846c106669b09679a6fc36daef6	2026-10-10	NODE_SCRIPT(final-onboarding.mjs)	-	-	C0RC_REAL_STACK	NO	evidence/final-rc-bc5c47f292d0/final-onboarding.json#ON17	953d17e53d05ba939f79d8fa03763fef9cd580da	NA	edf32dfe187a25ee159339c22be2ff4c1c093df4	stack c0rc	final-onboarding.json (final RC QA, product bc5c47f292d0)	12
FIN-J01-ON18	JOURNEY_01_COMPANY_ONBOARDING	UNRATED	PASS	REAL_BACKEND_E2E	bc5c47f292d00846c106669b09679a6fc36daef6	2026-10-10	NODE_SCRIPT(final-onboarding.mjs)	-	-	C0RC_REAL_STACK	NO	evidence/final-rc-bc5c47f292d0/final-onboarding.json#ON18	953d17e53d05ba939f79d8fa03763fef9cd580da	NA	edf32dfe187a25ee159339c22be2ff4c1c093df4	stack c0rc	final-onboarding.json (final RC QA, product bc5c47f292d0)	12
FIN-J01-ON19	JOURNEY_01_COMPANY_ONBOARDING	UNRATED	PASS	REAL_BACKEND_E2E	bc5c47f292d00846c106669b09679a6fc36daef6	2026-10-10	NODE_SCRIPT(final-onboarding.mjs)	-	-	C0RC_REAL_STACK	NO	evidence/final-rc-bc5c47f292d0/final-onboarding.json#ON19	953d17e53d05ba939f79d8fa03763fef9cd580da	NA	edf32dfe187a25ee159339c22be2ff4c1c093df4	stack c0rc	final-onboarding.json (final RC QA, product bc5c47f292d0)	12
FIN-J01-ON20	JOURNEY_01_COMPANY_ONBOARDING	UNRATED	PASS	REAL_BACKEND_E2E	bc5c47f292d00846c106669b09679a6fc36daef6	2026-10-10	NODE_SCRIPT(final-onboarding.mjs)	-	-	C0RC_REAL_STACK	NO	evidence/final-rc-bc5c47f292d0/final-onboarding.json#ON20	953d17e53d05ba939f79d8fa03763fef9cd580da	NA	edf32dfe187a25ee159339c22be2ff4c1c093df4	stack c0rc	final-onboarding.json (final RC QA, product bc5c47f292d0)	12
FIN-J01-ON21	JOURNEY_01_COMPANY_ONBOARDING	UNRATED	PASS	REAL_BACKEND_E2E	bc5c47f292d00846c106669b09679a6fc36daef6	2026-10-10	NODE_SCRIPT(final-onboarding.mjs)	-	-	C0RC_REAL_STACK	NO	evidence/final-rc-bc5c47f292d0/final-onboarding.json#ON21	953d17e53d05ba939f79d8fa03763fef9cd580da	NA	edf32dfe187a25ee159339c22be2ff4c1c093df4	stack c0rc	final-onboarding.json (final RC QA, product bc5c47f292d0)	12
FIN-J01-ON22	JOURNEY_01_COMPANY_ONBOARDING	UNRATED	PASS	REAL_BACKEND_E2E	bc5c47f292d00846c106669b09679a6fc36daef6	2026-10-10	NODE_SCRIPT(final-onboarding.mjs)	-	-	C0RC_REAL_STACK	NO	evidence/final-rc-bc5c47f292d0/final-onboarding.json#ON22	953d17e53d05ba939f79d8fa03763fef9cd580da	NA	edf32dfe187a25ee159339c22be2ff4c1c093df4	stack c0rc	final-onboarding.json (final RC QA, product bc5c47f292d0)	12
FIN-J01-ON23	JOURNEY_01_COMPANY_ONBOARDING	UNRATED	PASS	REAL_BACKEND_E2E	bc5c47f292d00846c106669b09679a6fc36daef6	2026-10-10	NODE_SCRIPT(final-onboarding.mjs)	-	-	C0RC_REAL_STACK	NO	evidence/final-rc-bc5c47f292d0/final-onboarding.json#ON23	953d17e53d05ba939f79d8fa03763fef9cd580da	NA	edf32dfe187a25ee159339c22be2ff4c1c093df4	stack c0rc	final-onboarding.json (final RC QA, product bc5c47f292d0)	12
FIN-J01-ON24	JOURNEY_01_COMPANY_ONBOARDING	UNRATED	PASS	REAL_BACKEND_E2E	bc5c47f292d00846c106669b09679a6fc36daef6	2026-10-10	NODE_SCRIPT(final-onboarding.mjs)	-	-	C0RC_REAL_STACK	NO	evidence/final-rc-bc5c47f292d0/final-onboarding.json#ON24	953d17e53d05ba939f79d8fa03763fef9cd580da	NA	edf32dfe187a25ee159339c22be2ff4c1c093df4	stack c0rc	final-onboarding.json (final RC QA, product bc5c47f292d0)	12
FIN-J01-ON25	JOURNEY_01_COMPANY_ONBOARDING	UNRATED	PASS	REAL_BACKEND_E2E	bc5c47f292d00846c106669b09679a6fc36daef6	2026-10-10	NODE_SCRIPT(final-onboarding.mjs)	-	-	C0RC_REAL_STACK	NO	evidence/final-rc-bc5c47f292d0/final-onboarding.json#ON25	953d17e53d05ba939f79d8fa03763fef9cd580da	NA	edf32dfe187a25ee159339c22be2ff4c1c093df4	stack c0rc	final-onboarding.json (final RC QA, product bc5c47f292d0)	12
FIN-J01-ON27	JOURNEY_01_COMPANY_ONBOARDING	UNRATED	PASS	REAL_BACKEND_E2E	bc5c47f292d00846c106669b09679a6fc36daef6	2026-10-10	NODE_SCRIPT(final-onboarding.mjs)	-	-	C0RC_REAL_STACK	NO	evidence/final-rc-bc5c47f292d0/final-onboarding.json#ON27	953d17e53d05ba939f79d8fa03763fef9cd580da	NA	edf32dfe187a25ee159339c22be2ff4c1c093df4	stack c0rc	final-onboarding.json (final RC QA, product bc5c47f292d0)	12
FIN-J01-ON28	JOURNEY_01_COMPANY_ONBOARDING	UNRATED	PASS	REAL_BACKEND_E2E	bc5c47f292d00846c106669b09679a6fc36daef6	2026-10-10	NODE_SCRIPT(final-onboarding.mjs)	-	-	C0RC_REAL_STACK	NO	evidence/final-rc-bc5c47f292d0/final-onboarding.json#ON28	953d17e53d05ba939f79d8fa03763fef9cd580da	NA	edf32dfe187a25ee159339c22be2ff4c1c093df4	stack c0rc	final-onboarding.json (final RC QA, product bc5c47f292d0)	12
FIN-J01-ON29	JOURNEY_01_COMPANY_ONBOARDING	UNRATED	PASS	REAL_BACKEND_E2E	bc5c47f292d00846c106669b09679a6fc36daef6	2026-10-10	NODE_SCRIPT(final-onboarding.mjs)	-	-	C0RC_REAL_STACK	NO	evidence/final-rc-bc5c47f292d0/final-onboarding.json#ON29	953d17e53d05ba939f79d8fa03763fef9cd580da	NA	edf32dfe187a25ee159339c22be2ff4c1c093df4	stack c0rc	final-onboarding.json (final RC QA, product bc5c47f292d0)	12
FIN-J01-ON30	JOURNEY_01_COMPANY_ONBOARDING	UNRATED	PASS	REAL_BACKEND_E2E	bc5c47f292d00846c106669b09679a6fc36daef6	2026-10-10	NODE_SCRIPT(final-onboarding.mjs)	-	-	C0RC_REAL_STACK	NO	evidence/final-rc-bc5c47f292d0/final-onboarding.json#ON30	953d17e53d05ba939f79d8fa03763fef9cd580da	NA	edf32dfe187a25ee159339c22be2ff4c1c093df4	stack c0rc	final-onboarding.json (final RC QA, product bc5c47f292d0)	12
FIN-J01-ON31	JOURNEY_01_COMPANY_ONBOARDING	UNRATED	PASS	REAL_BACKEND_E2E	bc5c47f292d00846c106669b09679a6fc36daef6	2026-10-10	NODE_SCRIPT(final-onboarding.mjs)	-	-	C0RC_REAL_STACK	NO	evidence/final-rc-bc5c47f292d0/final-onboarding.json#ON31	953d17e53d05ba939f79d8fa03763fef9cd580da	NA	edf32dfe187a25ee159339c22be2ff4c1c093df4	stack c0rc	final-onboarding.json (final RC QA, product bc5c47f292d0)	12
FIN-J01-ON32	JOURNEY_01_COMPANY_ONBOARDING	UNRATED	PASS	REAL_BACKEND_E2E	bc5c47f292d00846c106669b09679a6fc36daef6	2026-10-10	NODE_SCRIPT(final-onboarding.mjs)	-	-	C0RC_REAL_STACK	NO	evidence/final-rc-bc5c47f292d0/final-onboarding.json#ON32	953d17e53d05ba939f79d8fa03763fef9cd580da	NA	edf32dfe187a25ee159339c22be2ff4c1c093df4	stack c0rc	final-onboarding.json (final RC QA, product bc5c47f292d0)	12
FIN-J01-ON33	JOURNEY_01_COMPANY_ONBOARDING	UNRATED	PASS	REAL_BACKEND_E2E	bc5c47f292d00846c106669b09679a6fc36daef6	2026-10-10	NODE_SCRIPT(final-onboarding.mjs)	-	-	C0RC_REAL_STACK	NO	evidence/final-rc-bc5c47f292d0/final-onboarding.json#ON33	953d17e53d05ba939f79d8fa03763fef9cd580da	NA	edf32dfe187a25ee159339c22be2ff4c1c093df4	stack c0rc	final-onboarding.json (final RC QA, product bc5c47f292d0)	12
FIN-J01-ON34	JOURNEY_01_COMPANY_ONBOARDING	UNRATED	PASS	REAL_BACKEND_E2E	bc5c47f292d00846c106669b09679a6fc36daef6	2026-10-10	NODE_SCRIPT(final-onboarding.mjs)	-	-	C0RC_REAL_STACK	NO	evidence/final-rc-bc5c47f292d0/final-onboarding.json#ON34	953d17e53d05ba939f79d8fa03763fef9cd580da	NA	edf32dfe187a25ee159339c22be2ff4c1c093df4	stack c0rc	final-onboarding.json (final RC QA, product bc5c47f292d0)	12
FIN-J01-ON35	JOURNEY_01_COMPANY_ONBOARDING	UNRATED	PASS	REAL_BACKEND_E2E	bc5c47f292d00846c106669b09679a6fc36daef6	2026-10-10	NODE_SCRIPT(final-onboarding.mjs)	-	-	C0RC_REAL_STACK	NO	evidence/final-rc-bc5c47f292d0/final-onboarding.json#ON35	953d17e53d05ba939f79d8fa03763fef9cd580da	NA	edf32dfe187a25ee159339c22be2ff4c1c093df4	stack c0rc	final-onboarding.json (final RC QA, product bc5c47f292d0)	12
FIN-J01-ON36	JOURNEY_01_COMPANY_ONBOARDING	UNRATED	PASS	REAL_BACKEND_E2E	bc5c47f292d00846c106669b09679a6fc36daef6	2026-10-10	NODE_SCRIPT(final-onboarding.mjs)	-	-	C0RC_REAL_STACK	NO	evidence/final-rc-bc5c47f292d0/final-onboarding.json#ON36	953d17e53d05ba939f79d8fa03763fef9cd580da	NA	edf32dfe187a25ee159339c22be2ff4c1c093df4	stack c0rc	final-onboarding.json (final RC QA, product bc5c47f292d0)	12
FIN-J01-ON37	JOURNEY_01_COMPANY_ONBOARDING	UNRATED	PASS	REAL_BACKEND_E2E	bc5c47f292d00846c106669b09679a6fc36daef6	2026-10-10	NODE_SCRIPT(final-onboarding.mjs)	-	-	C0RC_REAL_STACK	NO	evidence/final-rc-bc5c47f292d0/final-onboarding.json#ON37	953d17e53d05ba939f79d8fa03763fef9cd580da	NA	edf32dfe187a25ee159339c22be2ff4c1c093df4	stack c0rc	final-onboarding.json (final RC QA, product bc5c47f292d0)	12
FIN-J01-ON38	JOURNEY_01_COMPANY_ONBOARDING	UNRATED	PASS	REAL_BACKEND_E2E	bc5c47f292d00846c106669b09679a6fc36daef6	2026-10-10	NODE_SCRIPT(final-onboarding.mjs)	-	-	C0RC_REAL_STACK	NO	evidence/final-rc-bc5c47f292d0/final-onboarding.json#ON38	953d17e53d05ba939f79d8fa03763fef9cd580da	NA	edf32dfe187a25ee159339c22be2ff4c1c093df4	stack c0rc	final-onboarding.json (final RC QA, product bc5c47f292d0)	12
FIN-J01-ON39	JOURNEY_01_COMPANY_ONBOARDING	UNRATED	PASS	REAL_BACKEND_E2E	bc5c47f292d00846c106669b09679a6fc36daef6	2026-10-10	NODE_SCRIPT(final-onboarding.mjs)	-	-	C0RC_REAL_STACK	NO	evidence/final-rc-bc5c47f292d0/final-onboarding.json#ON39	953d17e53d05ba939f79d8fa03763fef9cd580da	NA	edf32dfe187a25ee159339c22be2ff4c1c093df4	stack c0rc	final-onboarding.json (final RC QA, product bc5c47f292d0)	12
FIN-J01-ON40	JOURNEY_01_COMPANY_ONBOARDING	UNRATED	PASS	REAL_BACKEND_E2E	bc5c47f292d00846c106669b09679a6fc36daef6	2026-10-10	NODE_SCRIPT(final-onboarding.mjs)	-	-	C0RC_REAL_STACK	NO	evidence/final-rc-bc5c47f292d0/final-onboarding.json#ON40	953d17e53d05ba939f79d8fa03763fef9cd580da	NA	edf32dfe187a25ee159339c22be2ff4c1c093df4	stack c0rc	final-onboarding.json (final RC QA, product bc5c47f292d0)	12
FIN-J01-ON41	JOURNEY_01_COMPANY_ONBOARDING	UNRATED	PASS	REAL_BACKEND_E2E	bc5c47f292d00846c106669b09679a6fc36daef6	2026-10-10	NODE_SCRIPT(final-onboarding.mjs)	-	-	C0RC_REAL_STACK	NO	evidence/final-rc-bc5c47f292d0/final-onboarding.json#ON41	953d17e53d05ba939f79d8fa03763fef9cd580da	NA	edf32dfe187a25ee159339c22be2ff4c1c093df4	stack c0rc	final-onboarding.json (final RC QA, product bc5c47f292d0)	12
FIN-J01-ON42	JOURNEY_01_COMPANY_ONBOARDING	UNRATED	PASS	REAL_BACKEND_E2E	bc5c47f292d00846c106669b09679a6fc36daef6	2026-10-10	NODE_SCRIPT(final-onboarding.mjs)	-	-	C0RC_REAL_STACK	NO	evidence/final-rc-bc5c47f292d0/final-onboarding.json#ON42	953d17e53d05ba939f79d8fa03763fef9cd580da	NA	edf32dfe187a25ee159339c22be2ff4c1c093df4	stack c0rc	final-onboarding.json (final RC QA, product bc5c47f292d0)	12
FIN-J01-ON43	JOURNEY_01_COMPANY_ONBOARDING	UNRATED	PASS	REAL_BACKEND_E2E	bc5c47f292d00846c106669b09679a6fc36daef6	2026-10-10	NODE_SCRIPT(final-onboarding.mjs)	-	-	C0RC_REAL_STACK	NO	evidence/final-rc-bc5c47f292d0/final-onboarding.json#ON43	953d17e53d05ba939f79d8fa03763fef9cd580da	NA	edf32dfe187a25ee159339c22be2ff4c1c093df4	stack c0rc	final-onboarding.json (final RC QA, product bc5c47f292d0)	12
FIN-J01-ON50	JOURNEY_01_COMPANY_ONBOARDING	UNRATED	PASS	REAL_BACKEND_E2E	bc5c47f292d00846c106669b09679a6fc36daef6	2026-10-10	NODE_SCRIPT(final-onboarding.mjs)	-	-	C0RC_REAL_STACK	NO	evidence/final-rc-bc5c47f292d0/final-onboarding.json#ON50	953d17e53d05ba939f79d8fa03763fef9cd580da	NA	edf32dfe187a25ee159339c22be2ff4c1c093df4	stack c0rc	final-onboarding.json (final RC QA, product bc5c47f292d0)	12
FIN-J01-ON51	JOURNEY_01_COMPANY_ONBOARDING	UNRATED	PASS	REAL_BACKEND_E2E	bc5c47f292d00846c106669b09679a6fc36daef6	2026-10-10	NODE_SCRIPT(final-onboarding.mjs)	-	-	C0RC_REAL_STACK	NO	evidence/final-rc-bc5c47f292d0/final-onboarding.json#ON51	953d17e53d05ba939f79d8fa03763fef9cd580da	NA	edf32dfe187a25ee159339c22be2ff4c1c093df4	stack c0rc	final-onboarding.json (final RC QA, product bc5c47f292d0)	12
FIN-J01-ON52	JOURNEY_01_COMPANY_ONBOARDING	UNRATED	PASS	REAL_BACKEND_E2E	bc5c47f292d00846c106669b09679a6fc36daef6	2026-10-10	NODE_SCRIPT(final-onboarding.mjs)	-	-	C0RC_REAL_STACK	NO	evidence/final-rc-bc5c47f292d0/final-onboarding.json#ON52	953d17e53d05ba939f79d8fa03763fef9cd580da	NA	edf32dfe187a25ee159339c22be2ff4c1c093df4	stack c0rc	final-onboarding.json (final RC QA, product bc5c47f292d0)	12
FIN-J01-ON53	JOURNEY_01_COMPANY_ONBOARDING	UNRATED	PASS	REAL_BACKEND_E2E	bc5c47f292d00846c106669b09679a6fc36daef6	2026-10-10	NODE_SCRIPT(final-onboarding.mjs)	-	-	C0RC_REAL_STACK	NO	evidence/final-rc-bc5c47f292d0/final-onboarding.json#ON53	953d17e53d05ba939f79d8fa03763fef9cd580da	NA	edf32dfe187a25ee159339c22be2ff4c1c093df4	stack c0rc	final-onboarding.json (final RC QA, product bc5c47f292d0)	12
FIN-J01-ON54	JOURNEY_01_COMPANY_ONBOARDING	UNRATED	PASS	REAL_BACKEND_E2E	bc5c47f292d00846c106669b09679a6fc36daef6	2026-10-10	NODE_SCRIPT(final-onboarding.mjs)	-	-	C0RC_REAL_STACK	NO	evidence/final-rc-bc5c47f292d0/final-onboarding.json#ON54	953d17e53d05ba939f79d8fa03763fef9cd580da	NA	edf32dfe187a25ee159339c22be2ff4c1c093df4	stack c0rc	final-onboarding.json (final RC QA, product bc5c47f292d0)	12
FIN-J01-ON55	JOURNEY_01_COMPANY_ONBOARDING	UNRATED	PASS	REAL_BACKEND_E2E	bc5c47f292d00846c106669b09679a6fc36daef6	2026-10-10	NODE_SCRIPT(final-onboarding.mjs)	-	-	C0RC_REAL_STACK	NO	evidence/final-rc-bc5c47f292d0/final-onboarding.json#ON55	953d17e53d05ba939f79d8fa03763fef9cd580da	NA	edf32dfe187a25ee159339c22be2ff4c1c093df4	stack c0rc	final-onboarding.json (final RC QA, product bc5c47f292d0)	12
FIN-J01-ON56	JOURNEY_01_COMPANY_ONBOARDING	UNRATED	PASS	REAL_BACKEND_E2E	bc5c47f292d00846c106669b09679a6fc36daef6	2026-10-10	NODE_SCRIPT(final-onboarding.mjs)	-	-	C0RC_REAL_STACK	NO	evidence/final-rc-bc5c47f292d0/final-onboarding.json#ON56	953d17e53d05ba939f79d8fa03763fef9cd580da	NA	edf32dfe187a25ee159339c22be2ff4c1c093df4	stack c0rc	final-onboarding.json (final RC QA, product bc5c47f292d0)	12
FIN-J01-ON57	JOURNEY_01_COMPANY_ONBOARDING	UNRATED	PASS	REAL_BACKEND_E2E	bc5c47f292d00846c106669b09679a6fc36daef6	2026-10-10	NODE_SCRIPT(final-onboarding.mjs)	-	-	C0RC_REAL_STACK	NO	evidence/final-rc-bc5c47f292d0/final-onboarding.json#ON57	953d17e53d05ba939f79d8fa03763fef9cd580da	NA	edf32dfe187a25ee159339c22be2ff4c1c093df4	stack c0rc	final-onboarding.json (final RC QA, product bc5c47f292d0)	12
FIN-J01-ON58	JOURNEY_01_COMPANY_ONBOARDING	UNRATED	PASS	REAL_BACKEND_E2E	bc5c47f292d00846c106669b09679a6fc36daef6	2026-10-10	NODE_SCRIPT(final-onboarding.mjs)	-	-	C0RC_REAL_STACK	NO	evidence/final-rc-bc5c47f292d0/final-onboarding.json#ON58	953d17e53d05ba939f79d8fa03763fef9cd580da	NA	edf32dfe187a25ee159339c22be2ff4c1c093df4	stack c0rc	final-onboarding.json (final RC QA, product bc5c47f292d0)	12
FIN-J01-ON59	JOURNEY_01_COMPANY_ONBOARDING	UNRATED	PASS	REAL_BACKEND_E2E	bc5c47f292d00846c106669b09679a6fc36daef6	2026-10-10	NODE_SCRIPT(final-onboarding.mjs)	-	-	C0RC_REAL_STACK	NO	evidence/final-rc-bc5c47f292d0/final-onboarding.json#ON59	953d17e53d05ba939f79d8fa03763fef9cd580da	NA	edf32dfe187a25ee159339c22be2ff4c1c093df4	stack c0rc	final-onboarding.json (final RC QA, product bc5c47f292d0)	12
FIN-J01-ON60	JOURNEY_01_COMPANY_ONBOARDING	UNRATED	PASS	REAL_BACKEND_E2E	bc5c47f292d00846c106669b09679a6fc36daef6	2026-10-10	NODE_SCRIPT(final-onboarding.mjs)	-	-	C0RC_REAL_STACK	NO	evidence/final-rc-bc5c47f292d0/final-onboarding.json#ON60	953d17e53d05ba939f79d8fa03763fef9cd580da	NA	edf32dfe187a25ee159339c22be2ff4c1c093df4	stack c0rc	final-onboarding.json (final RC QA, product bc5c47f292d0)	12
FIN-J01-ON61	JOURNEY_01_COMPANY_ONBOARDING	UNRATED	PASS	REAL_BACKEND_E2E	bc5c47f292d00846c106669b09679a6fc36daef6	2026-10-10	NODE_SCRIPT(final-onboarding.mjs)	-	-	C0RC_REAL_STACK	NO	evidence/final-rc-bc5c47f292d0/final-onboarding.json#ON61	953d17e53d05ba939f79d8fa03763fef9cd580da	NA	edf32dfe187a25ee159339c22be2ff4c1c093df4	stack c0rc	final-onboarding.json (final RC QA, product bc5c47f292d0)	12
FIN-J01-ON62	JOURNEY_01_COMPANY_ONBOARDING	UNRATED	PASS	REAL_BACKEND_E2E	bc5c47f292d00846c106669b09679a6fc36daef6	2026-10-10	NODE_SCRIPT(final-onboarding.mjs)	-	-	C0RC_REAL_STACK	NO	evidence/final-rc-bc5c47f292d0/final-onboarding.json#ON62	953d17e53d05ba939f79d8fa03763fef9cd580da	NA	edf32dfe187a25ee159339c22be2ff4c1c093df4	stack c0rc	final-onboarding.json (final RC QA, product bc5c47f292d0)	12
FIN-J01-ON63	JOURNEY_01_COMPANY_ONBOARDING	UNRATED	PASS	REAL_BACKEND_E2E	bc5c47f292d00846c106669b09679a6fc36daef6	2026-10-10	NODE_SCRIPT(final-onboarding.mjs)	-	-	C0RC_REAL_STACK	NO	evidence/final-rc-bc5c47f292d0/final-onboarding.json#ON63	953d17e53d05ba939f79d8fa03763fef9cd580da	NA	edf32dfe187a25ee159339c22be2ff4c1c093df4	stack c0rc	final-onboarding.json (final RC QA, product bc5c47f292d0)	12
FIN-J01-ON64	JOURNEY_01_COMPANY_ONBOARDING	UNRATED	PASS	REAL_BACKEND_E2E	bc5c47f292d00846c106669b09679a6fc36daef6	2026-10-10	NODE_SCRIPT(final-onboarding.mjs)	-	-	C0RC_REAL_STACK	NO	evidence/final-rc-bc5c47f292d0/final-onboarding.json#ON64	953d17e53d05ba939f79d8fa03763fef9cd580da	NA	edf32dfe187a25ee159339c22be2ff4c1c093df4	stack c0rc	final-onboarding.json (final RC QA, product bc5c47f292d0)	12
FIN-J01-ON65	JOURNEY_01_COMPANY_ONBOARDING	UNRATED	FAIL	REAL_BACKEND_E2E	bc5c47f292d00846c106669b09679a6fc36daef6	2026-10-10	NODE_SCRIPT(final-onboarding.mjs)	-	-	C0RC_REAL_STACK	YES	evidence/final-rc-bc5c47f292d0/final-onboarding.json#ON65	953d17e53d05ba939f79d8fa03763fef9cd580da	NA	edf32dfe187a25ee159339c22be2ff4c1c093df4	stack c0rc	final-onboarding.json (final RC QA, product bc5c47f292d0)	12
FIN-J01-ON65b	JOURNEY_01_COMPANY_ONBOARDING	UNRATED	PASS	REAL_BACKEND_E2E	bc5c47f292d00846c106669b09679a6fc36daef6	2026-10-10	NODE_SCRIPT(final-onboarding.mjs)	-	-	C0RC_REAL_STACK	NO	evidence/final-rc-bc5c47f292d0/final-onboarding.json#ON65b	953d17e53d05ba939f79d8fa03763fef9cd580da	NA	edf32dfe187a25ee159339c22be2ff4c1c093df4	stack c0rc	final-onboarding.json (final RC QA, product bc5c47f292d0)	12
FIN-J01-ON66	JOURNEY_01_COMPANY_ONBOARDING	UNRATED	PASS	REAL_BACKEND_E2E	bc5c47f292d00846c106669b09679a6fc36daef6	2026-10-10	NODE_SCRIPT(final-onboarding.mjs)	-	-	C0RC_REAL_STACK	NO	evidence/final-rc-bc5c47f292d0/final-onboarding.json#ON66	953d17e53d05ba939f79d8fa03763fef9cd580da	NA	edf32dfe187a25ee159339c22be2ff4c1c093df4	stack c0rc	final-onboarding.json (final RC QA, product bc5c47f292d0)	12
FIN-J01-ON67	JOURNEY_01_COMPANY_ONBOARDING	UNRATED	PASS	REAL_BACKEND_E2E	bc5c47f292d00846c106669b09679a6fc36daef6	2026-10-10	NODE_SCRIPT(final-onboarding.mjs)	-	-	C0RC_REAL_STACK	NO	evidence/final-rc-bc5c47f292d0/final-onboarding.json#ON67	953d17e53d05ba939f79d8fa03763fef9cd580da	NA	edf32dfe187a25ee159339c22be2ff4c1c093df4	stack c0rc	final-onboarding.json (final RC QA, product bc5c47f292d0)	12
FIN-J01-ON99	JOURNEY_01_COMPANY_ONBOARDING	UNRATED	PASS	REAL_BACKEND_E2E	bc5c47f292d00846c106669b09679a6fc36daef6	2026-10-10	NODE_SCRIPT(final-onboarding.mjs)	-	-	C0RC_REAL_STACK	NO	evidence/final-rc-bc5c47f292d0/final-onboarding.json#ON99	953d17e53d05ba939f79d8fa03763fef9cd580da	NA	edf32dfe187a25ee159339c22be2ff4c1c093df4	stack c0rc	final-onboarding.json (final RC QA, product bc5c47f292d0)	12
FIN-J02-O00	JOURNEY_02_DYNAMIC_ORG	UNRATED	PASS	REAL_BACKEND_E2E	bc5c47f292d00846c106669b09679a6fc36daef6	2026-10-10	NODE_SCRIPT(final-org.mjs)	-	-	C0RC_REAL_STACK	NO	evidence/final-rc-bc5c47f292d0/final-org.json#O00	953d17e53d05ba939f79d8fa03763fef9cd580da	NA	edf32dfe187a25ee159339c22be2ff4c1c093df4	stack c0rc	final-org.json (final RC QA, product bc5c47f292d0)	12
FIN-J02-O00b	JOURNEY_02_DYNAMIC_ORG	UNRATED	PASS	REAL_BACKEND_E2E	bc5c47f292d00846c106669b09679a6fc36daef6	2026-10-10	NODE_SCRIPT(final-org.mjs)	-	-	C0RC_REAL_STACK	NO	evidence/final-rc-bc5c47f292d0/final-org.json#O00b	953d17e53d05ba939f79d8fa03763fef9cd580da	NA	edf32dfe187a25ee159339c22be2ff4c1c093df4	stack c0rc	final-org.json (final RC QA, product bc5c47f292d0)	12
FIN-J02-O00c	JOURNEY_02_DYNAMIC_ORG	UNRATED	PASS	REAL_BACKEND_E2E	bc5c47f292d00846c106669b09679a6fc36daef6	2026-10-10	NODE_SCRIPT(final-org.mjs)	-	-	C0RC_REAL_STACK	NO	evidence/final-rc-bc5c47f292d0/final-org.json#O00c	953d17e53d05ba939f79d8fa03763fef9cd580da	NA	edf32dfe187a25ee159339c22be2ff4c1c093df4	stack c0rc	final-org.json (final RC QA, product bc5c47f292d0)	12
FIN-J02-O01a	JOURNEY_02_DYNAMIC_ORG	UNRATED	PASS	REAL_BACKEND_E2E	bc5c47f292d00846c106669b09679a6fc36daef6	2026-10-10	NODE_SCRIPT(final-org.mjs)	-	-	C0RC_REAL_STACK	NO	evidence/final-rc-bc5c47f292d0/final-org.json#O01a	953d17e53d05ba939f79d8fa03763fef9cd580da	NA	edf32dfe187a25ee159339c22be2ff4c1c093df4	stack c0rc	final-org.json (final RC QA, product bc5c47f292d0)	12
FIN-J02-O01b	JOURNEY_02_DYNAMIC_ORG	UNRATED	PASS	REAL_BACKEND_E2E	bc5c47f292d00846c106669b09679a6fc36daef6	2026-10-10	NODE_SCRIPT(final-org.mjs)	-	-	C0RC_REAL_STACK	NO	evidence/final-rc-bc5c47f292d0/final-org.json#O01b	953d17e53d05ba939f79d8fa03763fef9cd580da	NA	edf32dfe187a25ee159339c22be2ff4c1c093df4	stack c0rc	final-org.json (final RC QA, product bc5c47f292d0)	12
FIN-J02-O01c	JOURNEY_02_DYNAMIC_ORG	UNRATED	PASS	REAL_BACKEND_E2E	bc5c47f292d00846c106669b09679a6fc36daef6	2026-10-10	NODE_SCRIPT(final-org.mjs)	-	-	C0RC_REAL_STACK	NO	evidence/final-rc-bc5c47f292d0/final-org.json#O01c	953d17e53d05ba939f79d8fa03763fef9cd580da	NA	edf32dfe187a25ee159339c22be2ff4c1c093df4	stack c0rc	final-org.json (final RC QA, product bc5c47f292d0)	12
FIN-J02-O01d	JOURNEY_02_DYNAMIC_ORG	UNRATED	PASS	REAL_BACKEND_E2E	bc5c47f292d00846c106669b09679a6fc36daef6	2026-10-10	NODE_SCRIPT(final-org.mjs)	-	-	C0RC_REAL_STACK	NO	evidence/final-rc-bc5c47f292d0/final-org.json#O01d	953d17e53d05ba939f79d8fa03763fef9cd580da	NA	edf32dfe187a25ee159339c22be2ff4c1c093df4	stack c0rc	final-org.json (final RC QA, product bc5c47f292d0)	12
FIN-J02-O01e	JOURNEY_02_DYNAMIC_ORG	UNRATED	PASS	REAL_BACKEND_E2E	bc5c47f292d00846c106669b09679a6fc36daef6	2026-10-10	NODE_SCRIPT(final-org.mjs)	-	-	C0RC_REAL_STACK	NO	evidence/final-rc-bc5c47f292d0/final-org.json#O01e	953d17e53d05ba939f79d8fa03763fef9cd580da	NA	edf32dfe187a25ee159339c22be2ff4c1c093df4	stack c0rc	final-org.json (final RC QA, product bc5c47f292d0)	12
FIN-J02-O01f	JOURNEY_02_DYNAMIC_ORG	UNRATED	PASS	REAL_BACKEND_E2E	bc5c47f292d00846c106669b09679a6fc36daef6	2026-10-10	NODE_SCRIPT(final-org.mjs)	-	-	C0RC_REAL_STACK	NO	evidence/final-rc-bc5c47f292d0/final-org.json#O01f	953d17e53d05ba939f79d8fa03763fef9cd580da	NA	edf32dfe187a25ee159339c22be2ff4c1c093df4	stack c0rc	final-org.json (final RC QA, product bc5c47f292d0)	12
FIN-J02-O01g	JOURNEY_02_DYNAMIC_ORG	UNRATED	PASS	REAL_BACKEND_E2E	bc5c47f292d00846c106669b09679a6fc36daef6	2026-10-10	NODE_SCRIPT(final-org.mjs)	-	-	C0RC_REAL_STACK	NO	evidence/final-rc-bc5c47f292d0/final-org.json#O01g	953d17e53d05ba939f79d8fa03763fef9cd580da	NA	edf32dfe187a25ee159339c22be2ff4c1c093df4	stack c0rc	final-org.json (final RC QA, product bc5c47f292d0)	12
FIN-J02-O01h	JOURNEY_02_DYNAMIC_ORG	UNRATED	PASS	REAL_BACKEND_E2E	bc5c47f292d00846c106669b09679a6fc36daef6	2026-10-10	NODE_SCRIPT(final-org.mjs)	-	-	C0RC_REAL_STACK	NO	evidence/final-rc-bc5c47f292d0/final-org.json#O01h	953d17e53d05ba939f79d8fa03763fef9cd580da	NA	edf32dfe187a25ee159339c22be2ff4c1c093df4	stack c0rc	final-org.json (final RC QA, product bc5c47f292d0)	12
FIN-J02-O01i	JOURNEY_02_DYNAMIC_ORG	UNRATED	PASS	REAL_BACKEND_E2E	bc5c47f292d00846c106669b09679a6fc36daef6	2026-10-10	NODE_SCRIPT(final-org.mjs)	-	-	C0RC_REAL_STACK	NO	evidence/final-rc-bc5c47f292d0/final-org.json#O01i	953d17e53d05ba939f79d8fa03763fef9cd580da	NA	edf32dfe187a25ee159339c22be2ff4c1c093df4	stack c0rc	final-org.json (final RC QA, product bc5c47f292d0)	12
FIN-J02-O01j	JOURNEY_02_DYNAMIC_ORG	UNRATED	PASS	REAL_BACKEND_E2E	bc5c47f292d00846c106669b09679a6fc36daef6	2026-10-10	NODE_SCRIPT(final-org.mjs)	-	-	C0RC_REAL_STACK	NO	evidence/final-rc-bc5c47f292d0/final-org.json#O01j	953d17e53d05ba939f79d8fa03763fef9cd580da	NA	edf32dfe187a25ee159339c22be2ff4c1c093df4	stack c0rc	final-org.json (final RC QA, product bc5c47f292d0)	12
FIN-J02-O01k	JOURNEY_02_DYNAMIC_ORG	UNRATED	PASS	REAL_BACKEND_E2E	bc5c47f292d00846c106669b09679a6fc36daef6	2026-10-10	NODE_SCRIPT(final-org.mjs)	-	-	C0RC_REAL_STACK	NO	evidence/final-rc-bc5c47f292d0/final-org.json#O01k	953d17e53d05ba939f79d8fa03763fef9cd580da	NA	edf32dfe187a25ee159339c22be2ff4c1c093df4	stack c0rc	final-org.json (final RC QA, product bc5c47f292d0)	12
FIN-J02-O02a	JOURNEY_02_DYNAMIC_ORG	UNRATED	PASS	REAL_BACKEND_E2E	bc5c47f292d00846c106669b09679a6fc36daef6	2026-10-10	NODE_SCRIPT(final-org.mjs)	-	-	C0RC_REAL_STACK	NO	evidence/final-rc-bc5c47f292d0/final-org.json#O02a	953d17e53d05ba939f79d8fa03763fef9cd580da	NA	edf32dfe187a25ee159339c22be2ff4c1c093df4	stack c0rc	final-org.json (final RC QA, product bc5c47f292d0)	12
FIN-J02-O03a	JOURNEY_02_DYNAMIC_ORG	UNRATED	PASS	REAL_BACKEND_E2E	bc5c47f292d00846c106669b09679a6fc36daef6	2026-10-10	NODE_SCRIPT(final-org.mjs)	-	-	C0RC_REAL_STACK	NO	evidence/final-rc-bc5c47f292d0/final-org.json#O03a	953d17e53d05ba939f79d8fa03763fef9cd580da	NA	edf32dfe187a25ee159339c22be2ff4c1c093df4	stack c0rc	final-org.json (final RC QA, product bc5c47f292d0)	12
FIN-J02-O03b	JOURNEY_02_DYNAMIC_ORG	UNRATED	PASS	REAL_BACKEND_E2E	bc5c47f292d00846c106669b09679a6fc36daef6	2026-10-10	NODE_SCRIPT(final-org.mjs)	-	-	C0RC_REAL_STACK	NO	evidence/final-rc-bc5c47f292d0/final-org.json#O03b	953d17e53d05ba939f79d8fa03763fef9cd580da	NA	edf32dfe187a25ee159339c22be2ff4c1c093df4	stack c0rc	final-org.json (final RC QA, product bc5c47f292d0)	12
FIN-J02-O03c	JOURNEY_02_DYNAMIC_ORG	UNRATED	PASS	REAL_BACKEND_E2E	bc5c47f292d00846c106669b09679a6fc36daef6	2026-10-10	NODE_SCRIPT(final-org.mjs)	-	-	C0RC_REAL_STACK	NO	evidence/final-rc-bc5c47f292d0/final-org.json#O03c	953d17e53d05ba939f79d8fa03763fef9cd580da	NA	edf32dfe187a25ee159339c22be2ff4c1c093df4	stack c0rc	final-org.json (final RC QA, product bc5c47f292d0)	12
FIN-J02-O03d	JOURNEY_02_DYNAMIC_ORG	UNRATED	PASS	REAL_BACKEND_E2E	bc5c47f292d00846c106669b09679a6fc36daef6	2026-10-10	NODE_SCRIPT(final-org.mjs)	-	-	C0RC_REAL_STACK	NO	evidence/final-rc-bc5c47f292d0/final-org.json#O03d	953d17e53d05ba939f79d8fa03763fef9cd580da	NA	edf32dfe187a25ee159339c22be2ff4c1c093df4	stack c0rc	final-org.json (final RC QA, product bc5c47f292d0)	12
FIN-J02-O04a	JOURNEY_02_DYNAMIC_ORG	UNRATED	PASS	REAL_BACKEND_E2E	bc5c47f292d00846c106669b09679a6fc36daef6	2026-10-10	NODE_SCRIPT(final-org.mjs)	-	-	C0RC_REAL_STACK	NO	evidence/final-rc-bc5c47f292d0/final-org.json#O04a	953d17e53d05ba939f79d8fa03763fef9cd580da	NA	edf32dfe187a25ee159339c22be2ff4c1c093df4	stack c0rc	final-org.json (final RC QA, product bc5c47f292d0)	12
FIN-J02-O04b	JOURNEY_02_DYNAMIC_ORG	UNRATED	PASS	REAL_BACKEND_E2E	bc5c47f292d00846c106669b09679a6fc36daef6	2026-10-10	NODE_SCRIPT(final-org.mjs)	-	-	C0RC_REAL_STACK	NO	evidence/final-rc-bc5c47f292d0/final-org.json#O04b	953d17e53d05ba939f79d8fa03763fef9cd580da	NA	edf32dfe187a25ee159339c22be2ff4c1c093df4	stack c0rc	final-org.json (final RC QA, product bc5c47f292d0)	12
FIN-J02-O04c	JOURNEY_02_DYNAMIC_ORG	UNRATED	PASS	REAL_BACKEND_E2E	bc5c47f292d00846c106669b09679a6fc36daef6	2026-10-10	NODE_SCRIPT(final-org.mjs)	-	-	C0RC_REAL_STACK	NO	evidence/final-rc-bc5c47f292d0/final-org.json#O04c	953d17e53d05ba939f79d8fa03763fef9cd580da	NA	edf32dfe187a25ee159339c22be2ff4c1c093df4	stack c0rc	final-org.json (final RC QA, product bc5c47f292d0)	12
FIN-J02-O04d	JOURNEY_02_DYNAMIC_ORG	UNRATED	PASS	REAL_BACKEND_E2E	bc5c47f292d00846c106669b09679a6fc36daef6	2026-10-10	NODE_SCRIPT(final-org.mjs)	-	-	C0RC_REAL_STACK	NO	evidence/final-rc-bc5c47f292d0/final-org.json#O04d	953d17e53d05ba939f79d8fa03763fef9cd580da	NA	edf32dfe187a25ee159339c22be2ff4c1c093df4	stack c0rc	final-org.json (final RC QA, product bc5c47f292d0)	12
FIN-J02-O05a	JOURNEY_02_DYNAMIC_ORG	UNRATED	PASS	REAL_BACKEND_E2E	bc5c47f292d00846c106669b09679a6fc36daef6	2026-10-10	NODE_SCRIPT(final-org.mjs)	-	-	C0RC_REAL_STACK	NO	evidence/final-rc-bc5c47f292d0/final-org.json#O05a	953d17e53d05ba939f79d8fa03763fef9cd580da	NA	edf32dfe187a25ee159339c22be2ff4c1c093df4	stack c0rc	final-org.json (final RC QA, product bc5c47f292d0)	12
FIN-J02-O05b	JOURNEY_02_DYNAMIC_ORG	UNRATED	PASS	REAL_BACKEND_E2E	bc5c47f292d00846c106669b09679a6fc36daef6	2026-10-10	NODE_SCRIPT(final-org.mjs)	-	-	C0RC_REAL_STACK	NO	evidence/final-rc-bc5c47f292d0/final-org.json#O05b	953d17e53d05ba939f79d8fa03763fef9cd580da	NA	edf32dfe187a25ee159339c22be2ff4c1c093df4	stack c0rc	final-org.json (final RC QA, product bc5c47f292d0)	12
FIN-J02-O05c	JOURNEY_02_DYNAMIC_ORG	UNRATED	PASS	REAL_BACKEND_E2E	bc5c47f292d00846c106669b09679a6fc36daef6	2026-10-10	NODE_SCRIPT(final-org.mjs)	-	-	C0RC_REAL_STACK	NO	evidence/final-rc-bc5c47f292d0/final-org.json#O05c	953d17e53d05ba939f79d8fa03763fef9cd580da	NA	edf32dfe187a25ee159339c22be2ff4c1c093df4	stack c0rc	final-org.json (final RC QA, product bc5c47f292d0)	12
FIN-J02-O06a	JOURNEY_02_DYNAMIC_ORG	UNRATED	PASS	REAL_BACKEND_E2E	bc5c47f292d00846c106669b09679a6fc36daef6	2026-10-10	NODE_SCRIPT(final-org.mjs)	-	-	C0RC_REAL_STACK	NO	evidence/final-rc-bc5c47f292d0/final-org.json#O06a	953d17e53d05ba939f79d8fa03763fef9cd580da	NA	edf32dfe187a25ee159339c22be2ff4c1c093df4	stack c0rc	final-org.json (final RC QA, product bc5c47f292d0)	12
FIN-J02-O06b	JOURNEY_02_DYNAMIC_ORG	UNRATED	PASS	REAL_BACKEND_E2E	bc5c47f292d00846c106669b09679a6fc36daef6	2026-10-10	NODE_SCRIPT(final-org.mjs)	-	-	C0RC_REAL_STACK	NO	evidence/final-rc-bc5c47f292d0/final-org.json#O06b	953d17e53d05ba939f79d8fa03763fef9cd580da	NA	edf32dfe187a25ee159339c22be2ff4c1c093df4	stack c0rc	final-org.json (final RC QA, product bc5c47f292d0)	12
FIN-J02-O06c	JOURNEY_02_DYNAMIC_ORG	UNRATED	PASS	REAL_BACKEND_E2E	bc5c47f292d00846c106669b09679a6fc36daef6	2026-10-10	NODE_SCRIPT(final-org.mjs)	-	-	C0RC_REAL_STACK	NO	evidence/final-rc-bc5c47f292d0/final-org.json#O06c	953d17e53d05ba939f79d8fa03763fef9cd580da	NA	edf32dfe187a25ee159339c22be2ff4c1c093df4	stack c0rc	final-org.json (final RC QA, product bc5c47f292d0)	12
FIN-J02-O06d	JOURNEY_02_DYNAMIC_ORG	UNRATED	PASS	REAL_BACKEND_E2E	bc5c47f292d00846c106669b09679a6fc36daef6	2026-10-10	NODE_SCRIPT(final-org.mjs)	-	-	C0RC_REAL_STACK	NO	evidence/final-rc-bc5c47f292d0/final-org.json#O06d	953d17e53d05ba939f79d8fa03763fef9cd580da	NA	edf32dfe187a25ee159339c22be2ff4c1c093df4	stack c0rc	final-org.json (final RC QA, product bc5c47f292d0)	12
FIN-J02-O06e	JOURNEY_02_DYNAMIC_ORG	UNRATED	PASS	REAL_BACKEND_E2E	bc5c47f292d00846c106669b09679a6fc36daef6	2026-10-10	NODE_SCRIPT(final-org.mjs)	-	-	C0RC_REAL_STACK	NO	evidence/final-rc-bc5c47f292d0/final-org.json#O06e	953d17e53d05ba939f79d8fa03763fef9cd580da	NA	edf32dfe187a25ee159339c22be2ff4c1c093df4	stack c0rc	final-org.json (final RC QA, product bc5c47f292d0)	12
FIN-J02-O06f	JOURNEY_02_DYNAMIC_ORG	UNRATED	PASS	REAL_BACKEND_E2E	bc5c47f292d00846c106669b09679a6fc36daef6	2026-10-10	NODE_SCRIPT(final-org.mjs)	-	-	C0RC_REAL_STACK	NO	evidence/final-rc-bc5c47f292d0/final-org.json#O06f	953d17e53d05ba939f79d8fa03763fef9cd580da	NA	edf32dfe187a25ee159339c22be2ff4c1c093df4	stack c0rc	final-org.json (final RC QA, product bc5c47f292d0)	12
FIN-J02-O06g	JOURNEY_02_DYNAMIC_ORG	UNRATED	PASS	REAL_BACKEND_E2E	bc5c47f292d00846c106669b09679a6fc36daef6	2026-10-10	NODE_SCRIPT(final-org.mjs)	-	-	C0RC_REAL_STACK	NO	evidence/final-rc-bc5c47f292d0/final-org.json#O06g	953d17e53d05ba939f79d8fa03763fef9cd580da	NA	edf32dfe187a25ee159339c22be2ff4c1c093df4	stack c0rc	final-org.json (final RC QA, product bc5c47f292d0)	12
FIN-J02-O07a	JOURNEY_02_DYNAMIC_ORG	UNRATED	PASS	REAL_BACKEND_E2E	bc5c47f292d00846c106669b09679a6fc36daef6	2026-10-10	NODE_SCRIPT(final-org.mjs)	-	-	C0RC_REAL_STACK	NO	evidence/final-rc-bc5c47f292d0/final-org.json#O07a	953d17e53d05ba939f79d8fa03763fef9cd580da	NA	edf32dfe187a25ee159339c22be2ff4c1c093df4	stack c0rc	final-org.json (final RC QA, product bc5c47f292d0)	12
FIN-J02-O07b	JOURNEY_02_DYNAMIC_ORG	UNRATED	PASS	REAL_BACKEND_E2E	bc5c47f292d00846c106669b09679a6fc36daef6	2026-10-10	NODE_SCRIPT(final-org.mjs)	-	-	C0RC_REAL_STACK	NO	evidence/final-rc-bc5c47f292d0/final-org.json#O07b	953d17e53d05ba939f79d8fa03763fef9cd580da	NA	edf32dfe187a25ee159339c22be2ff4c1c093df4	stack c0rc	final-org.json (final RC QA, product bc5c47f292d0)	12
FIN-J02-O07c	JOURNEY_02_DYNAMIC_ORG	UNRATED	PASS	REAL_BACKEND_E2E	bc5c47f292d00846c106669b09679a6fc36daef6	2026-10-10	NODE_SCRIPT(final-org.mjs)	-	-	C0RC_REAL_STACK	NO	evidence/final-rc-bc5c47f292d0/final-org.json#O07c	953d17e53d05ba939f79d8fa03763fef9cd580da	NA	edf32dfe187a25ee159339c22be2ff4c1c093df4	stack c0rc	final-org.json (final RC QA, product bc5c47f292d0)	12
FIN-J02-O08a	JOURNEY_02_DYNAMIC_ORG	UNRATED	PASS	REAL_BACKEND_E2E	bc5c47f292d00846c106669b09679a6fc36daef6	2026-10-10	NODE_SCRIPT(final-org.mjs)	-	-	C0RC_REAL_STACK	NO	evidence/final-rc-bc5c47f292d0/final-org.json#O08a	953d17e53d05ba939f79d8fa03763fef9cd580da	NA	edf32dfe187a25ee159339c22be2ff4c1c093df4	stack c0rc	final-org.json (final RC QA, product bc5c47f292d0)	12
FIN-J02-O08b	JOURNEY_02_DYNAMIC_ORG	UNRATED	PASS	REAL_BACKEND_E2E	bc5c47f292d00846c106669b09679a6fc36daef6	2026-10-10	NODE_SCRIPT(final-org.mjs)	-	-	C0RC_REAL_STACK	NO	evidence/final-rc-bc5c47f292d0/final-org.json#O08b	953d17e53d05ba939f79d8fa03763fef9cd580da	NA	edf32dfe187a25ee159339c22be2ff4c1c093df4	stack c0rc	final-org.json (final RC QA, product bc5c47f292d0)	12
FIN-J02-O08c	JOURNEY_02_DYNAMIC_ORG	UNRATED	PASS	REAL_BACKEND_E2E	bc5c47f292d00846c106669b09679a6fc36daef6	2026-10-10	NODE_SCRIPT(final-org.mjs)	-	-	C0RC_REAL_STACK	NO	evidence/final-rc-bc5c47f292d0/final-org.json#O08c	953d17e53d05ba939f79d8fa03763fef9cd580da	NA	edf32dfe187a25ee159339c22be2ff4c1c093df4	stack c0rc	final-org.json (final RC QA, product bc5c47f292d0)	12
FIN-J02-O08d	JOURNEY_02_DYNAMIC_ORG	UNRATED	PASS	REAL_BACKEND_E2E	bc5c47f292d00846c106669b09679a6fc36daef6	2026-10-10	NODE_SCRIPT(final-org.mjs)	-	-	C0RC_REAL_STACK	NO	evidence/final-rc-bc5c47f292d0/final-org.json#O08d	953d17e53d05ba939f79d8fa03763fef9cd580da	NA	edf32dfe187a25ee159339c22be2ff4c1c093df4	stack c0rc	final-org.json (final RC QA, product bc5c47f292d0)	12
FIN-J02-O08e	JOURNEY_02_DYNAMIC_ORG	UNRATED	PASS	REAL_BACKEND_E2E	bc5c47f292d00846c106669b09679a6fc36daef6	2026-10-10	NODE_SCRIPT(final-org.mjs)	-	-	C0RC_REAL_STACK	NO	evidence/final-rc-bc5c47f292d0/final-org.json#O08e	953d17e53d05ba939f79d8fa03763fef9cd580da	NA	edf32dfe187a25ee159339c22be2ff4c1c093df4	stack c0rc	final-org.json (final RC QA, product bc5c47f292d0)	12
FIN-J02-O08f	JOURNEY_02_DYNAMIC_ORG	UNRATED	PASS	REAL_BACKEND_E2E	bc5c47f292d00846c106669b09679a6fc36daef6	2026-10-10	NODE_SCRIPT(final-org.mjs)	-	-	C0RC_REAL_STACK	NO	evidence/final-rc-bc5c47f292d0/final-org.json#O08f	953d17e53d05ba939f79d8fa03763fef9cd580da	NA	edf32dfe187a25ee159339c22be2ff4c1c093df4	stack c0rc	final-org.json (final RC QA, product bc5c47f292d0)	12
FIN-J02-O08g	JOURNEY_02_DYNAMIC_ORG	UNRATED	PASS	REAL_BACKEND_E2E	bc5c47f292d00846c106669b09679a6fc36daef6	2026-10-10	NODE_SCRIPT(final-org.mjs)	-	-	C0RC_REAL_STACK	NO	evidence/final-rc-bc5c47f292d0/final-org.json#O08g	953d17e53d05ba939f79d8fa03763fef9cd580da	NA	edf32dfe187a25ee159339c22be2ff4c1c093df4	stack c0rc	final-org.json (final RC QA, product bc5c47f292d0)	12
FIN-J02-O08h	JOURNEY_02_DYNAMIC_ORG	UNRATED	PASS	REAL_BACKEND_E2E	bc5c47f292d00846c106669b09679a6fc36daef6	2026-10-10	NODE_SCRIPT(final-org.mjs)	-	-	C0RC_REAL_STACK	NO	evidence/final-rc-bc5c47f292d0/final-org.json#O08h	953d17e53d05ba939f79d8fa03763fef9cd580da	NA	edf32dfe187a25ee159339c22be2ff4c1c093df4	stack c0rc	final-org.json (final RC QA, product bc5c47f292d0)	12
FIN-J02-O09a	JOURNEY_02_DYNAMIC_ORG	UNRATED	PASS	REAL_BACKEND_E2E	bc5c47f292d00846c106669b09679a6fc36daef6	2026-10-10	NODE_SCRIPT(final-org.mjs)	-	-	C0RC_REAL_STACK	NO	evidence/final-rc-bc5c47f292d0/final-org.json#O09a	953d17e53d05ba939f79d8fa03763fef9cd580da	NA	edf32dfe187a25ee159339c22be2ff4c1c093df4	stack c0rc	final-org.json (final RC QA, product bc5c47f292d0)	12
FIN-J02-O09b	JOURNEY_02_DYNAMIC_ORG	UNRATED	PASS	REAL_BACKEND_E2E	bc5c47f292d00846c106669b09679a6fc36daef6	2026-10-10	NODE_SCRIPT(final-org.mjs)	-	-	C0RC_REAL_STACK	NO	evidence/final-rc-bc5c47f292d0/final-org.json#O09b	953d17e53d05ba939f79d8fa03763fef9cd580da	NA	edf32dfe187a25ee159339c22be2ff4c1c093df4	stack c0rc	final-org.json (final RC QA, product bc5c47f292d0)	12
FIN-J02-O09c	JOURNEY_02_DYNAMIC_ORG	UNRATED	PASS	REAL_BACKEND_E2E	bc5c47f292d00846c106669b09679a6fc36daef6	2026-10-10	NODE_SCRIPT(final-org.mjs)	-	-	C0RC_REAL_STACK	NO	evidence/final-rc-bc5c47f292d0/final-org.json#O09c	953d17e53d05ba939f79d8fa03763fef9cd580da	NA	edf32dfe187a25ee159339c22be2ff4c1c093df4	stack c0rc	final-org.json (final RC QA, product bc5c47f292d0)	12
FIN-J02-O09d	JOURNEY_02_DYNAMIC_ORG	UNRATED	PASS	REAL_BACKEND_E2E	bc5c47f292d00846c106669b09679a6fc36daef6	2026-10-10	NODE_SCRIPT(final-org.mjs)	-	-	C0RC_REAL_STACK	NO	evidence/final-rc-bc5c47f292d0/final-org.json#O09d	953d17e53d05ba939f79d8fa03763fef9cd580da	NA	edf32dfe187a25ee159339c22be2ff4c1c093df4	stack c0rc	final-org.json (final RC QA, product bc5c47f292d0)	12
FIN-J02-O09e	JOURNEY_02_DYNAMIC_ORG	UNRATED	PASS	REAL_BACKEND_E2E	bc5c47f292d00846c106669b09679a6fc36daef6	2026-10-10	NODE_SCRIPT(final-org.mjs)	-	-	C0RC_REAL_STACK	NO	evidence/final-rc-bc5c47f292d0/final-org.json#O09e	953d17e53d05ba939f79d8fa03763fef9cd580da	NA	edf32dfe187a25ee159339c22be2ff4c1c093df4	stack c0rc	final-org.json (final RC QA, product bc5c47f292d0)	12
FIN-J02-O09f	JOURNEY_02_DYNAMIC_ORG	UNRATED	PASS	REAL_BACKEND_E2E	bc5c47f292d00846c106669b09679a6fc36daef6	2026-10-10	NODE_SCRIPT(final-org.mjs)	-	-	C0RC_REAL_STACK	NO	evidence/final-rc-bc5c47f292d0/final-org.json#O09f	953d17e53d05ba939f79d8fa03763fef9cd580da	NA	edf32dfe187a25ee159339c22be2ff4c1c093df4	stack c0rc	final-org.json (final RC QA, product bc5c47f292d0)	12
FIN-J02-O09g	JOURNEY_02_DYNAMIC_ORG	UNRATED	PASS	REAL_BACKEND_E2E	bc5c47f292d00846c106669b09679a6fc36daef6	2026-10-10	NODE_SCRIPT(final-org.mjs)	-	-	C0RC_REAL_STACK	NO	evidence/final-rc-bc5c47f292d0/final-org.json#O09g	953d17e53d05ba939f79d8fa03763fef9cd580da	NA	edf32dfe187a25ee159339c22be2ff4c1c093df4	stack c0rc	final-org.json (final RC QA, product bc5c47f292d0)	12
FIN-J02-O10a	JOURNEY_02_DYNAMIC_ORG	UNRATED	PASS	REAL_BACKEND_E2E	bc5c47f292d00846c106669b09679a6fc36daef6	2026-10-10	NODE_SCRIPT(final-org.mjs)	-	-	C0RC_REAL_STACK	NO	evidence/final-rc-bc5c47f292d0/final-org.json#O10a	953d17e53d05ba939f79d8fa03763fef9cd580da	NA	edf32dfe187a25ee159339c22be2ff4c1c093df4	stack c0rc	final-org.json (final RC QA, product bc5c47f292d0)	12
FIN-J02-O10b	JOURNEY_02_DYNAMIC_ORG	UNRATED	PASS	REAL_BACKEND_E2E	bc5c47f292d00846c106669b09679a6fc36daef6	2026-10-10	NODE_SCRIPT(final-org.mjs)	-	-	C0RC_REAL_STACK	NO	evidence/final-rc-bc5c47f292d0/final-org.json#O10b	953d17e53d05ba939f79d8fa03763fef9cd580da	NA	edf32dfe187a25ee159339c22be2ff4c1c093df4	stack c0rc	final-org.json (final RC QA, product bc5c47f292d0)	12
FIN-J02-O11a	JOURNEY_02_DYNAMIC_ORG	UNRATED	PASS	REAL_BACKEND_E2E	bc5c47f292d00846c106669b09679a6fc36daef6	2026-10-10	NODE_SCRIPT(final-org.mjs)	-	-	C0RC_REAL_STACK	NO	evidence/final-rc-bc5c47f292d0/final-org.json#O11a	953d17e53d05ba939f79d8fa03763fef9cd580da	NA	edf32dfe187a25ee159339c22be2ff4c1c093df4	stack c0rc	final-org.json (final RC QA, product bc5c47f292d0)	12
FIN-J02-O11b	JOURNEY_02_DYNAMIC_ORG	UNRATED	PASS	REAL_BACKEND_E2E	bc5c47f292d00846c106669b09679a6fc36daef6	2026-10-10	NODE_SCRIPT(final-org.mjs)	-	-	C0RC_REAL_STACK	NO	evidence/final-rc-bc5c47f292d0/final-org.json#O11b	953d17e53d05ba939f79d8fa03763fef9cd580da	NA	edf32dfe187a25ee159339c22be2ff4c1c093df4	stack c0rc	final-org.json (final RC QA, product bc5c47f292d0)	12
FIN-J02-O11c	JOURNEY_02_DYNAMIC_ORG	UNRATED	PASS	REAL_BACKEND_E2E	bc5c47f292d00846c106669b09679a6fc36daef6	2026-10-10	NODE_SCRIPT(final-org.mjs)	-	-	C0RC_REAL_STACK	NO	evidence/final-rc-bc5c47f292d0/final-org.json#O11c	953d17e53d05ba939f79d8fa03763fef9cd580da	NA	edf32dfe187a25ee159339c22be2ff4c1c093df4	stack c0rc	final-org.json (final RC QA, product bc5c47f292d0)	12
FIN-J02-O12a	JOURNEY_02_DYNAMIC_ORG	UNRATED	PASS	REAL_BACKEND_E2E	bc5c47f292d00846c106669b09679a6fc36daef6	2026-10-10	NODE_SCRIPT(final-org.mjs)	-	-	C0RC_REAL_STACK	NO	evidence/final-rc-bc5c47f292d0/final-org.json#O12a	953d17e53d05ba939f79d8fa03763fef9cd580da	NA	edf32dfe187a25ee159339c22be2ff4c1c093df4	stack c0rc	final-org.json (final RC QA, product bc5c47f292d0)	12
FIN-J02-O12b	JOURNEY_02_DYNAMIC_ORG	UNRATED	PASS	REAL_BACKEND_E2E	bc5c47f292d00846c106669b09679a6fc36daef6	2026-10-10	NODE_SCRIPT(final-org.mjs)	-	-	C0RC_REAL_STACK	NO	evidence/final-rc-bc5c47f292d0/final-org.json#O12b	953d17e53d05ba939f79d8fa03763fef9cd580da	NA	edf32dfe187a25ee159339c22be2ff4c1c093df4	stack c0rc	final-org.json (final RC QA, product bc5c47f292d0)	12
FIN-J02-O12c	JOURNEY_02_DYNAMIC_ORG	UNRATED	PASS	REAL_BACKEND_E2E	bc5c47f292d00846c106669b09679a6fc36daef6	2026-10-10	NODE_SCRIPT(final-org.mjs)	-	-	C0RC_REAL_STACK	NO	evidence/final-rc-bc5c47f292d0/final-org.json#O12c	953d17e53d05ba939f79d8fa03763fef9cd580da	NA	edf32dfe187a25ee159339c22be2ff4c1c093df4	stack c0rc	final-org.json (final RC QA, product bc5c47f292d0)	12
FIN-J02-O13a	JOURNEY_02_DYNAMIC_ORG	UNRATED	PASS	REAL_BACKEND_E2E	bc5c47f292d00846c106669b09679a6fc36daef6	2026-10-10	NODE_SCRIPT(final-org.mjs)	-	-	C0RC_REAL_STACK	NO	evidence/final-rc-bc5c47f292d0/final-org.json#O13a	953d17e53d05ba939f79d8fa03763fef9cd580da	NA	edf32dfe187a25ee159339c22be2ff4c1c093df4	stack c0rc	final-org.json (final RC QA, product bc5c47f292d0)	12
FIN-J02-O14a	JOURNEY_02_DYNAMIC_ORG	UNRATED	PASS	REAL_BACKEND_E2E	bc5c47f292d00846c106669b09679a6fc36daef6	2026-10-10	NODE_SCRIPT(final-org.mjs)	-	-	C0RC_REAL_STACK	NO	evidence/final-rc-bc5c47f292d0/final-org.json#O14a	953d17e53d05ba939f79d8fa03763fef9cd580da	NA	edf32dfe187a25ee159339c22be2ff4c1c093df4	stack c0rc	final-org.json (final RC QA, product bc5c47f292d0)	12
FIN-J02-O14b	JOURNEY_02_DYNAMIC_ORG	UNRATED	PASS	REAL_BACKEND_E2E	bc5c47f292d00846c106669b09679a6fc36daef6	2026-10-10	NODE_SCRIPT(final-org.mjs)	-	-	C0RC_REAL_STACK	NO	evidence/final-rc-bc5c47f292d0/final-org.json#O14b	953d17e53d05ba939f79d8fa03763fef9cd580da	NA	edf32dfe187a25ee159339c22be2ff4c1c093df4	stack c0rc	final-org.json (final RC QA, product bc5c47f292d0)	12
FIN-J02-O14c	JOURNEY_02_DYNAMIC_ORG	UNRATED	PASS	REAL_BACKEND_E2E	bc5c47f292d00846c106669b09679a6fc36daef6	2026-10-10	NODE_SCRIPT(final-org.mjs)	-	-	C0RC_REAL_STACK	NO	evidence/final-rc-bc5c47f292d0/final-org.json#O14c	953d17e53d05ba939f79d8fa03763fef9cd580da	NA	edf32dfe187a25ee159339c22be2ff4c1c093df4	stack c0rc	final-org.json (final RC QA, product bc5c47f292d0)	12
FIN-J02-O14d	JOURNEY_02_DYNAMIC_ORG	UNRATED	PASS	REAL_BACKEND_E2E	bc5c47f292d00846c106669b09679a6fc36daef6	2026-10-10	NODE_SCRIPT(final-org.mjs)	-	-	C0RC_REAL_STACK	NO	evidence/final-rc-bc5c47f292d0/final-org.json#O14d	953d17e53d05ba939f79d8fa03763fef9cd580da	NA	edf32dfe187a25ee159339c22be2ff4c1c093df4	stack c0rc	final-org.json (final RC QA, product bc5c47f292d0)	12
FIN-J02-O14e	JOURNEY_02_DYNAMIC_ORG	UNRATED	PASS	REAL_BACKEND_E2E	bc5c47f292d00846c106669b09679a6fc36daef6	2026-10-10	NODE_SCRIPT(final-org.mjs)	-	-	C0RC_REAL_STACK	NO	evidence/final-rc-bc5c47f292d0/final-org.json#O14e	953d17e53d05ba939f79d8fa03763fef9cd580da	NA	edf32dfe187a25ee159339c22be2ff4c1c093df4	stack c0rc	final-org.json (final RC QA, product bc5c47f292d0)	12
FIN-J02-O14f	JOURNEY_02_DYNAMIC_ORG	UNRATED	PASS	REAL_BACKEND_E2E	bc5c47f292d00846c106669b09679a6fc36daef6	2026-10-10	NODE_SCRIPT(final-org.mjs)	-	-	C0RC_REAL_STACK	NO	evidence/final-rc-bc5c47f292d0/final-org.json#O14f	953d17e53d05ba939f79d8fa03763fef9cd580da	NA	edf32dfe187a25ee159339c22be2ff4c1c093df4	stack c0rc	final-org.json (final RC QA, product bc5c47f292d0)	12
FIN-J02-O15a	JOURNEY_02_DYNAMIC_ORG	UNRATED	PASS	REAL_BACKEND_E2E	bc5c47f292d00846c106669b09679a6fc36daef6	2026-10-10	NODE_SCRIPT(final-org.mjs)	-	-	C0RC_REAL_STACK	NO	evidence/final-rc-bc5c47f292d0/final-org.json#O15a	953d17e53d05ba939f79d8fa03763fef9cd580da	NA	edf32dfe187a25ee159339c22be2ff4c1c093df4	stack c0rc	final-org.json (final RC QA, product bc5c47f292d0)	12
FIN-J02-O15b	JOURNEY_02_DYNAMIC_ORG	UNRATED	PASS	REAL_BACKEND_E2E	bc5c47f292d00846c106669b09679a6fc36daef6	2026-10-10	NODE_SCRIPT(final-org.mjs)	-	-	C0RC_REAL_STACK	NO	evidence/final-rc-bc5c47f292d0/final-org.json#O15b	953d17e53d05ba939f79d8fa03763fef9cd580da	NA	edf32dfe187a25ee159339c22be2ff4c1c093df4	stack c0rc	final-org.json (final RC QA, product bc5c47f292d0)	12
FIN-J02-O15c	JOURNEY_02_DYNAMIC_ORG	UNRATED	PASS	REAL_BACKEND_E2E	bc5c47f292d00846c106669b09679a6fc36daef6	2026-10-10	NODE_SCRIPT(final-org.mjs)	-	-	C0RC_REAL_STACK	NO	evidence/final-rc-bc5c47f292d0/final-org.json#O15c	953d17e53d05ba939f79d8fa03763fef9cd580da	NA	edf32dfe187a25ee159339c22be2ff4c1c093df4	stack c0rc	final-org.json (final RC QA, product bc5c47f292d0)	12
FIN-J02-O16a	JOURNEY_02_DYNAMIC_ORG	UNRATED	PASS	REAL_BACKEND_E2E	bc5c47f292d00846c106669b09679a6fc36daef6	2026-10-10	NODE_SCRIPT(final-org.mjs)	-	-	C0RC_REAL_STACK	NO	evidence/final-rc-bc5c47f292d0/final-org.json#O16a	953d17e53d05ba939f79d8fa03763fef9cd580da	NA	edf32dfe187a25ee159339c22be2ff4c1c093df4	stack c0rc	final-org.json (final RC QA, product bc5c47f292d0)	12
FIN-J02-O16b	JOURNEY_02_DYNAMIC_ORG	UNRATED	PASS	REAL_BACKEND_E2E	bc5c47f292d00846c106669b09679a6fc36daef6	2026-10-10	NODE_SCRIPT(final-org.mjs)	-	-	C0RC_REAL_STACK	NO	evidence/final-rc-bc5c47f292d0/final-org.json#O16b	953d17e53d05ba939f79d8fa03763fef9cd580da	NA	edf32dfe187a25ee159339c22be2ff4c1c093df4	stack c0rc	final-org.json (final RC QA, product bc5c47f292d0)	12
FIN-J02-O17a	JOURNEY_02_DYNAMIC_ORG	UNRATED	PASS	REAL_BACKEND_E2E	bc5c47f292d00846c106669b09679a6fc36daef6	2026-10-10	NODE_SCRIPT(final-org.mjs)	-	-	C0RC_REAL_STACK	NO	evidence/final-rc-bc5c47f292d0/final-org.json#O17a	953d17e53d05ba939f79d8fa03763fef9cd580da	NA	edf32dfe187a25ee159339c22be2ff4c1c093df4	stack c0rc	final-org.json (final RC QA, product bc5c47f292d0)	12
FIN-J02-O17b	JOURNEY_02_DYNAMIC_ORG	UNRATED	PASS	REAL_BACKEND_E2E	bc5c47f292d00846c106669b09679a6fc36daef6	2026-10-10	NODE_SCRIPT(final-org.mjs)	-	-	C0RC_REAL_STACK	NO	evidence/final-rc-bc5c47f292d0/final-org.json#O17b	953d17e53d05ba939f79d8fa03763fef9cd580da	NA	edf32dfe187a25ee159339c22be2ff4c1c093df4	stack c0rc	final-org.json (final RC QA, product bc5c47f292d0)	12
FIN-J02-O17c	JOURNEY_02_DYNAMIC_ORG	UNRATED	PASS	REAL_BACKEND_E2E	bc5c47f292d00846c106669b09679a6fc36daef6	2026-10-10	NODE_SCRIPT(final-org.mjs)	-	-	C0RC_REAL_STACK	NO	evidence/final-rc-bc5c47f292d0/final-org.json#O17c	953d17e53d05ba939f79d8fa03763fef9cd580da	NA	edf32dfe187a25ee159339c22be2ff4c1c093df4	stack c0rc	final-org.json (final RC QA, product bc5c47f292d0)	12
FIN-J02-O17d	JOURNEY_02_DYNAMIC_ORG	UNRATED	PASS	REAL_BACKEND_E2E	bc5c47f292d00846c106669b09679a6fc36daef6	2026-10-10	NODE_SCRIPT(final-org.mjs)	-	-	C0RC_REAL_STACK	NO	evidence/final-rc-bc5c47f292d0/final-org.json#O17d	953d17e53d05ba939f79d8fa03763fef9cd580da	NA	edf32dfe187a25ee159339c22be2ff4c1c093df4	stack c0rc	final-org.json (final RC QA, product bc5c47f292d0)	12
FIN-J02-O17e	JOURNEY_02_DYNAMIC_ORG	UNRATED	PASS	REAL_BACKEND_E2E	bc5c47f292d00846c106669b09679a6fc36daef6	2026-10-10	NODE_SCRIPT(final-org.mjs)	-	-	C0RC_REAL_STACK	NO	evidence/final-rc-bc5c47f292d0/final-org.json#O17e	953d17e53d05ba939f79d8fa03763fef9cd580da	NA	edf32dfe187a25ee159339c22be2ff4c1c093df4	stack c0rc	final-org.json (final RC QA, product bc5c47f292d0)	12
FIN-J02-O18a	JOURNEY_02_DYNAMIC_ORG	UNRATED	PASS	REAL_BACKEND_E2E	bc5c47f292d00846c106669b09679a6fc36daef6	2026-10-10	NODE_SCRIPT(final-org.mjs)	-	-	C0RC_REAL_STACK	NO	evidence/final-rc-bc5c47f292d0/final-org.json#O18a	953d17e53d05ba939f79d8fa03763fef9cd580da	NA	edf32dfe187a25ee159339c22be2ff4c1c093df4	stack c0rc	final-org.json (final RC QA, product bc5c47f292d0)	12
FIN-J02-O18b	JOURNEY_02_DYNAMIC_ORG	UNRATED	PASS	REAL_BACKEND_E2E	bc5c47f292d00846c106669b09679a6fc36daef6	2026-10-10	NODE_SCRIPT(final-org.mjs)	-	-	C0RC_REAL_STACK	NO	evidence/final-rc-bc5c47f292d0/final-org.json#O18b	953d17e53d05ba939f79d8fa03763fef9cd580da	NA	edf32dfe187a25ee159339c22be2ff4c1c093df4	stack c0rc	final-org.json (final RC QA, product bc5c47f292d0)	12
FIN-J02-O18c	JOURNEY_02_DYNAMIC_ORG	UNRATED	PASS	REAL_BACKEND_E2E	bc5c47f292d00846c106669b09679a6fc36daef6	2026-10-10	NODE_SCRIPT(final-org.mjs)	-	-	C0RC_REAL_STACK	NO	evidence/final-rc-bc5c47f292d0/final-org.json#O18c	953d17e53d05ba939f79d8fa03763fef9cd580da	NA	edf32dfe187a25ee159339c22be2ff4c1c093df4	stack c0rc	final-org.json (final RC QA, product bc5c47f292d0)	12
FIN-J02-O18d	JOURNEY_02_DYNAMIC_ORG	UNRATED	PASS	REAL_BACKEND_E2E	bc5c47f292d00846c106669b09679a6fc36daef6	2026-10-10	NODE_SCRIPT(final-org.mjs)	-	-	C0RC_REAL_STACK	NO	evidence/final-rc-bc5c47f292d0/final-org.json#O18d	953d17e53d05ba939f79d8fa03763fef9cd580da	NA	edf32dfe187a25ee159339c22be2ff4c1c093df4	stack c0rc	final-org.json (final RC QA, product bc5c47f292d0)	12
FIN-J02-O18e	JOURNEY_02_DYNAMIC_ORG	UNRATED	PASS	REAL_BACKEND_E2E	bc5c47f292d00846c106669b09679a6fc36daef6	2026-10-10	NODE_SCRIPT(final-org.mjs)	-	-	C0RC_REAL_STACK	NO	evidence/final-rc-bc5c47f292d0/final-org.json#O18e	953d17e53d05ba939f79d8fa03763fef9cd580da	NA	edf32dfe187a25ee159339c22be2ff4c1c093df4	stack c0rc	final-org.json (final RC QA, product bc5c47f292d0)	12
FIN-J02-O18f	JOURNEY_02_DYNAMIC_ORG	UNRATED	PASS	REAL_BACKEND_E2E	bc5c47f292d00846c106669b09679a6fc36daef6	2026-10-10	NODE_SCRIPT(final-org.mjs)	-	-	C0RC_REAL_STACK	NO	evidence/final-rc-bc5c47f292d0/final-org.json#O18f	953d17e53d05ba939f79d8fa03763fef9cd580da	NA	edf32dfe187a25ee159339c22be2ff4c1c093df4	stack c0rc	final-org.json (final RC QA, product bc5c47f292d0)	12
FIN-J02-O18g	JOURNEY_02_DYNAMIC_ORG	UNRATED	PASS	REAL_BACKEND_E2E	bc5c47f292d00846c106669b09679a6fc36daef6	2026-10-10	NODE_SCRIPT(final-org.mjs)	-	-	C0RC_REAL_STACK	NO	evidence/final-rc-bc5c47f292d0/final-org.json#O18g	953d17e53d05ba939f79d8fa03763fef9cd580da	NA	edf32dfe187a25ee159339c22be2ff4c1c093df4	stack c0rc	final-org.json (final RC QA, product bc5c47f292d0)	12
FIN-J02-O18h	JOURNEY_02_DYNAMIC_ORG	UNRATED	PASS	REAL_BACKEND_E2E	bc5c47f292d00846c106669b09679a6fc36daef6	2026-10-10	NODE_SCRIPT(final-org.mjs)	-	-	C0RC_REAL_STACK	NO	evidence/final-rc-bc5c47f292d0/final-org.json#O18h	953d17e53d05ba939f79d8fa03763fef9cd580da	NA	edf32dfe187a25ee159339c22be2ff4c1c093df4	stack c0rc	final-org.json (final RC QA, product bc5c47f292d0)	12
FIN-J02-O19a	JOURNEY_02_DYNAMIC_ORG	UNRATED	PASS	REAL_BACKEND_E2E	bc5c47f292d00846c106669b09679a6fc36daef6	2026-10-10	NODE_SCRIPT(final-org.mjs)	-	-	C0RC_REAL_STACK	NO	evidence/final-rc-bc5c47f292d0/final-org.json#O19a	953d17e53d05ba939f79d8fa03763fef9cd580da	NA	edf32dfe187a25ee159339c22be2ff4c1c093df4	stack c0rc	final-org.json (final RC QA, product bc5c47f292d0)	12
FIN-J02-O19b	JOURNEY_02_DYNAMIC_ORG	UNRATED	PASS	REAL_BACKEND_E2E	bc5c47f292d00846c106669b09679a6fc36daef6	2026-10-10	NODE_SCRIPT(final-org.mjs)	-	-	C0RC_REAL_STACK	NO	evidence/final-rc-bc5c47f292d0/final-org.json#O19b	953d17e53d05ba939f79d8fa03763fef9cd580da	NA	edf32dfe187a25ee159339c22be2ff4c1c093df4	stack c0rc	final-org.json (final RC QA, product bc5c47f292d0)	12
FIN-J02-O19c	JOURNEY_02_DYNAMIC_ORG	UNRATED	PASS	REAL_BACKEND_E2E	bc5c47f292d00846c106669b09679a6fc36daef6	2026-10-10	NODE_SCRIPT(final-org.mjs)	-	-	C0RC_REAL_STACK	NO	evidence/final-rc-bc5c47f292d0/final-org.json#O19c	953d17e53d05ba939f79d8fa03763fef9cd580da	NA	edf32dfe187a25ee159339c22be2ff4c1c093df4	stack c0rc	final-org.json (final RC QA, product bc5c47f292d0)	12
FIN-J02-O19d	JOURNEY_02_DYNAMIC_ORG	UNRATED	PASS	REAL_BACKEND_E2E	bc5c47f292d00846c106669b09679a6fc36daef6	2026-10-10	NODE_SCRIPT(final-org.mjs)	-	-	C0RC_REAL_STACK	NO	evidence/final-rc-bc5c47f292d0/final-org.json#O19d	953d17e53d05ba939f79d8fa03763fef9cd580da	NA	edf32dfe187a25ee159339c22be2ff4c1c093df4	stack c0rc	final-org.json (final RC QA, product bc5c47f292d0)	12
FIN-J02-O19e	JOURNEY_02_DYNAMIC_ORG	UNRATED	PASS	REAL_BACKEND_E2E	bc5c47f292d00846c106669b09679a6fc36daef6	2026-10-10	NODE_SCRIPT(final-org.mjs)	-	-	C0RC_REAL_STACK	NO	evidence/final-rc-bc5c47f292d0/final-org.json#O19e	953d17e53d05ba939f79d8fa03763fef9cd580da	NA	edf32dfe187a25ee159339c22be2ff4c1c093df4	stack c0rc	final-org.json (final RC QA, product bc5c47f292d0)	12
FIN-J02-O20a	JOURNEY_02_DYNAMIC_ORG	UNRATED	PASS	REAL_BACKEND_E2E	bc5c47f292d00846c106669b09679a6fc36daef6	2026-10-10	NODE_SCRIPT(final-org.mjs)	-	-	C0RC_REAL_STACK	NO	evidence/final-rc-bc5c47f292d0/final-org.json#O20a	953d17e53d05ba939f79d8fa03763fef9cd580da	NA	edf32dfe187a25ee159339c22be2ff4c1c093df4	stack c0rc	final-org.json (final RC QA, product bc5c47f292d0)	12
FIN-J02-O20b	JOURNEY_02_DYNAMIC_ORG	UNRATED	PASS	REAL_BACKEND_E2E	bc5c47f292d00846c106669b09679a6fc36daef6	2026-10-10	NODE_SCRIPT(final-org.mjs)	-	-	C0RC_REAL_STACK	NO	evidence/final-rc-bc5c47f292d0/final-org.json#O20b	953d17e53d05ba939f79d8fa03763fef9cd580da	NA	edf32dfe187a25ee159339c22be2ff4c1c093df4	stack c0rc	final-org.json (final RC QA, product bc5c47f292d0)	12
FIN-J02-O20c	JOURNEY_02_DYNAMIC_ORG	UNRATED	PASS	REAL_BACKEND_E2E	bc5c47f292d00846c106669b09679a6fc36daef6	2026-10-10	NODE_SCRIPT(final-org.mjs)	-	-	C0RC_REAL_STACK	NO	evidence/final-rc-bc5c47f292d0/final-org.json#O20c	953d17e53d05ba939f79d8fa03763fef9cd580da	NA	edf32dfe187a25ee159339c22be2ff4c1c093df4	stack c0rc	final-org.json (final RC QA, product bc5c47f292d0)	12
FIN-J02-O21a	JOURNEY_02_DYNAMIC_ORG	UNRATED	PASS	REAL_BACKEND_E2E	bc5c47f292d00846c106669b09679a6fc36daef6	2026-10-10	NODE_SCRIPT(final-org.mjs)	-	-	C0RC_REAL_STACK	NO	evidence/final-rc-bc5c47f292d0/final-org.json#O21a	953d17e53d05ba939f79d8fa03763fef9cd580da	NA	edf32dfe187a25ee159339c22be2ff4c1c093df4	stack c0rc	final-org.json (final RC QA, product bc5c47f292d0)	12
FIN-J02-O22a	JOURNEY_02_DYNAMIC_ORG	UNRATED	PASS	REAL_BACKEND_E2E	bc5c47f292d00846c106669b09679a6fc36daef6	2026-10-10	NODE_SCRIPT(final-org.mjs)	-	-	C0RC_REAL_STACK	NO	evidence/final-rc-bc5c47f292d0/final-org.json#O22a	953d17e53d05ba939f79d8fa03763fef9cd580da	NA	edf32dfe187a25ee159339c22be2ff4c1c093df4	stack c0rc	final-org.json (final RC QA, product bc5c47f292d0)	12
FIN-J02-O22b	JOURNEY_02_DYNAMIC_ORG	UNRATED	PASS	REAL_BACKEND_E2E	bc5c47f292d00846c106669b09679a6fc36daef6	2026-10-10	NODE_SCRIPT(final-org.mjs)	-	-	C0RC_REAL_STACK	NO	evidence/final-rc-bc5c47f292d0/final-org.json#O22b	953d17e53d05ba939f79d8fa03763fef9cd580da	NA	edf32dfe187a25ee159339c22be2ff4c1c093df4	stack c0rc	final-org.json (final RC QA, product bc5c47f292d0)	12
FIN-J02-O23a	JOURNEY_02_DYNAMIC_ORG	UNRATED	PASS	REAL_BACKEND_E2E	bc5c47f292d00846c106669b09679a6fc36daef6	2026-10-10	NODE_SCRIPT(final-org.mjs)	-	-	C0RC_REAL_STACK	NO	evidence/final-rc-bc5c47f292d0/final-org.json#O23a	953d17e53d05ba939f79d8fa03763fef9cd580da	NA	edf32dfe187a25ee159339c22be2ff4c1c093df4	stack c0rc	final-org.json (final RC QA, product bc5c47f292d0)	12
FIN-J02-O23b	JOURNEY_02_DYNAMIC_ORG	UNRATED	PASS	REAL_BACKEND_E2E	bc5c47f292d00846c106669b09679a6fc36daef6	2026-10-10	NODE_SCRIPT(final-org.mjs)	-	-	C0RC_REAL_STACK	NO	evidence/final-rc-bc5c47f292d0/final-org.json#O23b	953d17e53d05ba939f79d8fa03763fef9cd580da	NA	edf32dfe187a25ee159339c22be2ff4c1c093df4	stack c0rc	final-org.json (final RC QA, product bc5c47f292d0)	12
FIN-J02Z-Z00	JOURNEY_02_DYNAMIC_ORG_AUTHZ	UNRATED	PASS	REAL_BACKEND_E2E	bc5c47f292d00846c106669b09679a6fc36daef6	2026-10-10	NODE_SCRIPT(final-org-authz.mjs)	-	-	C0RC_REAL_STACK	NO	evidence/final-rc-bc5c47f292d0/final-org-authz.json#Z00	953d17e53d05ba939f79d8fa03763fef9cd580da	NA	edf32dfe187a25ee159339c22be2ff4c1c093df4	stack c0rc	final-org-authz.json (final RC QA, product bc5c47f292d0)	12
FIN-J02Z-Z01	JOURNEY_02_DYNAMIC_ORG_AUTHZ	UNRATED	PASS	REAL_BACKEND_E2E	bc5c47f292d00846c106669b09679a6fc36daef6	2026-10-10	NODE_SCRIPT(final-org-authz.mjs)	-	-	C0RC_REAL_STACK	NO	evidence/final-rc-bc5c47f292d0/final-org-authz.json#Z01	953d17e53d05ba939f79d8fa03763fef9cd580da	NA	edf32dfe187a25ee159339c22be2ff4c1c093df4	stack c0rc	final-org-authz.json (final RC QA, product bc5c47f292d0)	12
FIN-J02Z-Z01b	JOURNEY_02_DYNAMIC_ORG_AUTHZ	UNRATED	PASS	REAL_BACKEND_E2E	bc5c47f292d00846c106669b09679a6fc36daef6	2026-10-10	NODE_SCRIPT(final-org-authz.mjs)	-	-	C0RC_REAL_STACK	NO	evidence/final-rc-bc5c47f292d0/final-org-authz.json#Z01b	953d17e53d05ba939f79d8fa03763fef9cd580da	NA	edf32dfe187a25ee159339c22be2ff4c1c093df4	stack c0rc	final-org-authz.json (final RC QA, product bc5c47f292d0)	12
FIN-J02Z-Z02	JOURNEY_02_DYNAMIC_ORG_AUTHZ	UNRATED	PASS	REAL_BACKEND_E2E	bc5c47f292d00846c106669b09679a6fc36daef6	2026-10-10	NODE_SCRIPT(final-org-authz.mjs)	-	-	C0RC_REAL_STACK	NO	evidence/final-rc-bc5c47f292d0/final-org-authz.json#Z02	953d17e53d05ba939f79d8fa03763fef9cd580da	NA	edf32dfe187a25ee159339c22be2ff4c1c093df4	stack c0rc	final-org-authz.json (final RC QA, product bc5c47f292d0)	12
FIN-J02Z-Z03	JOURNEY_02_DYNAMIC_ORG_AUTHZ	UNRATED	PASS	REAL_BACKEND_E2E	bc5c47f292d00846c106669b09679a6fc36daef6	2026-10-10	NODE_SCRIPT(final-org-authz.mjs)	-	-	C0RC_REAL_STACK	NO	evidence/final-rc-bc5c47f292d0/final-org-authz.json#Z03	953d17e53d05ba939f79d8fa03763fef9cd580da	NA	edf32dfe187a25ee159339c22be2ff4c1c093df4	stack c0rc	final-org-authz.json (final RC QA, product bc5c47f292d0)	12
FIN-J02Z-Z04	JOURNEY_02_DYNAMIC_ORG_AUTHZ	UNRATED	PASS	REAL_BACKEND_E2E	bc5c47f292d00846c106669b09679a6fc36daef6	2026-10-10	NODE_SCRIPT(final-org-authz.mjs)	-	-	C0RC_REAL_STACK	NO	evidence/final-rc-bc5c47f292d0/final-org-authz.json#Z04	953d17e53d05ba939f79d8fa03763fef9cd580da	NA	edf32dfe187a25ee159339c22be2ff4c1c093df4	stack c0rc	final-org-authz.json (final RC QA, product bc5c47f292d0)	12
FIN-J02Z-Z05	JOURNEY_02_DYNAMIC_ORG_AUTHZ	UNRATED	PASS	REAL_BACKEND_E2E	bc5c47f292d00846c106669b09679a6fc36daef6	2026-10-10	NODE_SCRIPT(final-org-authz.mjs)	-	-	C0RC_REAL_STACK	NO	evidence/final-rc-bc5c47f292d0/final-org-authz.json#Z05	953d17e53d05ba939f79d8fa03763fef9cd580da	NA	edf32dfe187a25ee159339c22be2ff4c1c093df4	stack c0rc	final-org-authz.json (final RC QA, product bc5c47f292d0)	12
FIN-J02Z-Z06	JOURNEY_02_DYNAMIC_ORG_AUTHZ	UNRATED	PASS	REAL_BACKEND_E2E	bc5c47f292d00846c106669b09679a6fc36daef6	2026-10-10	NODE_SCRIPT(final-org-authz.mjs)	-	-	C0RC_REAL_STACK	NO	evidence/final-rc-bc5c47f292d0/final-org-authz.json#Z06	953d17e53d05ba939f79d8fa03763fef9cd580da	NA	edf32dfe187a25ee159339c22be2ff4c1c093df4	stack c0rc	final-org-authz.json (final RC QA, product bc5c47f292d0)	12
FIN-J02Z-Z07	JOURNEY_02_DYNAMIC_ORG_AUTHZ	UNRATED	PASS	REAL_BACKEND_E2E	bc5c47f292d00846c106669b09679a6fc36daef6	2026-10-10	NODE_SCRIPT(final-org-authz.mjs)	-	-	C0RC_REAL_STACK	NO	evidence/final-rc-bc5c47f292d0/final-org-authz.json#Z07	953d17e53d05ba939f79d8fa03763fef9cd580da	NA	edf32dfe187a25ee159339c22be2ff4c1c093df4	stack c0rc	final-org-authz.json (final RC QA, product bc5c47f292d0)	12
FIN-J02Z-Z08	JOURNEY_02_DYNAMIC_ORG_AUTHZ	UNRATED	PASS	REAL_BACKEND_E2E	bc5c47f292d00846c106669b09679a6fc36daef6	2026-10-10	NODE_SCRIPT(final-org-authz.mjs)	-	-	C0RC_REAL_STACK	NO	evidence/final-rc-bc5c47f292d0/final-org-authz.json#Z08	953d17e53d05ba939f79d8fa03763fef9cd580da	NA	edf32dfe187a25ee159339c22be2ff4c1c093df4	stack c0rc	final-org-authz.json (final RC QA, product bc5c47f292d0)	12
FIN-J02Z-Z09	JOURNEY_02_DYNAMIC_ORG_AUTHZ	UNRATED	PASS	REAL_BACKEND_E2E	bc5c47f292d00846c106669b09679a6fc36daef6	2026-10-10	NODE_SCRIPT(final-org-authz.mjs)	-	-	C0RC_REAL_STACK	NO	evidence/final-rc-bc5c47f292d0/final-org-authz.json#Z09	953d17e53d05ba939f79d8fa03763fef9cd580da	NA	edf32dfe187a25ee159339c22be2ff4c1c093df4	stack c0rc	final-org-authz.json (final RC QA, product bc5c47f292d0)	12
FIN-J02Z-Z10	JOURNEY_02_DYNAMIC_ORG_AUTHZ	UNRATED	PASS	REAL_BACKEND_E2E	bc5c47f292d00846c106669b09679a6fc36daef6	2026-10-10	NODE_SCRIPT(final-org-authz.mjs)	-	-	C0RC_REAL_STACK	NO	evidence/final-rc-bc5c47f292d0/final-org-authz.json#Z10	953d17e53d05ba939f79d8fa03763fef9cd580da	NA	edf32dfe187a25ee159339c22be2ff4c1c093df4	stack c0rc	final-org-authz.json (final RC QA, product bc5c47f292d0)	12
FIN-J02Z-Z10~2	JOURNEY_02_DYNAMIC_ORG_AUTHZ	UNRATED	PASS	REAL_BACKEND_E2E	bc5c47f292d00846c106669b09679a6fc36daef6	2026-10-10	NODE_SCRIPT(final-org-authz.mjs)	-	-	C0RC_REAL_STACK	NO	evidence/final-rc-bc5c47f292d0/final-org-authz.json#Z10	953d17e53d05ba939f79d8fa03763fef9cd580da	NA	edf32dfe187a25ee159339c22be2ff4c1c093df4	stack c0rc	final-org-authz.json (final RC QA, product bc5c47f292d0)	12
FIN-J02Z-Z11	JOURNEY_02_DYNAMIC_ORG_AUTHZ	UNRATED	PASS	REAL_BACKEND_E2E	bc5c47f292d00846c106669b09679a6fc36daef6	2026-10-10	NODE_SCRIPT(final-org-authz.mjs)	-	-	C0RC_REAL_STACK	NO	evidence/final-rc-bc5c47f292d0/final-org-authz.json#Z11	953d17e53d05ba939f79d8fa03763fef9cd580da	NA	edf32dfe187a25ee159339c22be2ff4c1c093df4	stack c0rc	final-org-authz.json (final RC QA, product bc5c47f292d0)	12
FIN-J02Z-Z12	JOURNEY_02_DYNAMIC_ORG_AUTHZ	UNRATED	PASS	REAL_BACKEND_E2E	bc5c47f292d00846c106669b09679a6fc36daef6	2026-10-10	NODE_SCRIPT(final-org-authz.mjs)	-	-	C0RC_REAL_STACK	NO	evidence/final-rc-bc5c47f292d0/final-org-authz.json#Z12	953d17e53d05ba939f79d8fa03763fef9cd580da	NA	edf32dfe187a25ee159339c22be2ff4c1c093df4	stack c0rc	final-org-authz.json (final RC QA, product bc5c47f292d0)	12
FIN-J02Z-Z13	JOURNEY_02_DYNAMIC_ORG_AUTHZ	UNRATED	PASS	REAL_BACKEND_E2E	bc5c47f292d00846c106669b09679a6fc36daef6	2026-10-10	NODE_SCRIPT(final-org-authz.mjs)	-	-	C0RC_REAL_STACK	NO	evidence/final-rc-bc5c47f292d0/final-org-authz.json#Z13	953d17e53d05ba939f79d8fa03763fef9cd580da	NA	edf32dfe187a25ee159339c22be2ff4c1c093df4	stack c0rc	final-org-authz.json (final RC QA, product bc5c47f292d0)	12
FIN-J02Z-Z14	JOURNEY_02_DYNAMIC_ORG_AUTHZ	UNRATED	PASS	REAL_BACKEND_E2E	bc5c47f292d00846c106669b09679a6fc36daef6	2026-10-10	NODE_SCRIPT(final-org-authz.mjs)	-	-	C0RC_REAL_STACK	NO	evidence/final-rc-bc5c47f292d0/final-org-authz.json#Z14	953d17e53d05ba939f79d8fa03763fef9cd580da	NA	edf32dfe187a25ee159339c22be2ff4c1c093df4	stack c0rc	final-org-authz.json (final RC QA, product bc5c47f292d0)	12
FIN-J02Z-Z15	JOURNEY_02_DYNAMIC_ORG_AUTHZ	UNRATED	PASS	REAL_BACKEND_E2E	bc5c47f292d00846c106669b09679a6fc36daef6	2026-10-10	NODE_SCRIPT(final-org-authz.mjs)	-	-	C0RC_REAL_STACK	NO	evidence/final-rc-bc5c47f292d0/final-org-authz.json#Z15	953d17e53d05ba939f79d8fa03763fef9cd580da	NA	edf32dfe187a25ee159339c22be2ff4c1c093df4	stack c0rc	final-org-authz.json (final RC QA, product bc5c47f292d0)	12
FIN-J02Z-Z16	JOURNEY_02_DYNAMIC_ORG_AUTHZ	UNRATED	PASS	REAL_BACKEND_E2E	bc5c47f292d00846c106669b09679a6fc36daef6	2026-10-10	NODE_SCRIPT(final-org-authz.mjs)	-	-	C0RC_REAL_STACK	NO	evidence/final-rc-bc5c47f292d0/final-org-authz.json#Z16	953d17e53d05ba939f79d8fa03763fef9cd580da	NA	edf32dfe187a25ee159339c22be2ff4c1c093df4	stack c0rc	final-org-authz.json (final RC QA, product bc5c47f292d0)	12
FIN-J02Z-Z17	JOURNEY_02_DYNAMIC_ORG_AUTHZ	UNRATED	PASS	REAL_BACKEND_E2E	bc5c47f292d00846c106669b09679a6fc36daef6	2026-10-10	NODE_SCRIPT(final-org-authz.mjs)	-	-	C0RC_REAL_STACK	NO	evidence/final-rc-bc5c47f292d0/final-org-authz.json#Z17	953d17e53d05ba939f79d8fa03763fef9cd580da	NA	edf32dfe187a25ee159339c22be2ff4c1c093df4	stack c0rc	final-org-authz.json (final RC QA, product bc5c47f292d0)	12
FIN-J02Z-Z18	JOURNEY_02_DYNAMIC_ORG_AUTHZ	UNRATED	PASS	HARNESS	bc5c47f292d00846c106669b09679a6fc36daef6	2026-10-10	NODE_SCRIPT(final-org-authz.mjs)	-	-	C0RC_REAL_STACK	NO	evidence/final-rc-bc5c47f292d0/final-org-authz.json#Z18	953d17e53d05ba939f79d8fa03763fef9cd580da	NA	edf32dfe187a25ee159339c22be2ff4c1c093df4	stack c0rc	final-org-authz.json (final RC QA, product bc5c47f292d0)	12
FIN-J02Z-Z19	JOURNEY_02_DYNAMIC_ORG_AUTHZ	UNRATED	BLOCKED	REAL_BACKEND_E2E	bc5c47f292d00846c106669b09679a6fc36daef6	2026-10-10	NODE_SCRIPT(final-org-authz.mjs)	-	-	C0RC_REAL_STACK	YES	evidence/final-rc-bc5c47f292d0/final-org-authz.json#Z19	953d17e53d05ba939f79d8fa03763fef9cd580da	NA	edf32dfe187a25ee159339c22be2ff4c1c093df4	stack c0rc	final-org-authz.json (final RC QA, product bc5c47f292d0)	12
FIN-J02Z-Z20	JOURNEY_02_DYNAMIC_ORG_AUTHZ	UNRATED	PASS	REAL_BACKEND_E2E	bc5c47f292d00846c106669b09679a6fc36daef6	2026-10-10	NODE_SCRIPT(final-org-authz.mjs)	-	-	C0RC_REAL_STACK	NO	evidence/final-rc-bc5c47f292d0/final-org-authz.json#Z20	953d17e53d05ba939f79d8fa03763fef9cd580da	NA	edf32dfe187a25ee159339c22be2ff4c1c093df4	stack c0rc	final-org-authz.json (final RC QA, product bc5c47f292d0)	12
FIN-J02Z-Z20b	JOURNEY_02_DYNAMIC_ORG_AUTHZ	UNRATED	PASS	REAL_BACKEND_E2E	bc5c47f292d00846c106669b09679a6fc36daef6	2026-10-10	NODE_SCRIPT(final-org-authz.mjs)	-	-	C0RC_REAL_STACK	NO	evidence/final-rc-bc5c47f292d0/final-org-authz.json#Z20b	953d17e53d05ba939f79d8fa03763fef9cd580da	NA	edf32dfe187a25ee159339c22be2ff4c1c093df4	stack c0rc	final-org-authz.json (final RC QA, product bc5c47f292d0)	12
FIN-J02Z-Z21	JOURNEY_02_DYNAMIC_ORG_AUTHZ	UNRATED	PASS	REAL_BACKEND_E2E	bc5c47f292d00846c106669b09679a6fc36daef6	2026-10-10	NODE_SCRIPT(final-org-authz.mjs)	-	-	C0RC_REAL_STACK	NO	evidence/final-rc-bc5c47f292d0/final-org-authz.json#Z21	953d17e53d05ba939f79d8fa03763fef9cd580da	NA	edf32dfe187a25ee159339c22be2ff4c1c093df4	stack c0rc	final-org-authz.json (final RC QA, product bc5c47f292d0)	12
FIN-J02Z-Z22	JOURNEY_02_DYNAMIC_ORG_AUTHZ	UNRATED	PASS	REAL_BACKEND_E2E	bc5c47f292d00846c106669b09679a6fc36daef6	2026-10-10	NODE_SCRIPT(final-org-authz.mjs)	-	-	C0RC_REAL_STACK	NO	evidence/final-rc-bc5c47f292d0/final-org-authz.json#Z22	953d17e53d05ba939f79d8fa03763fef9cd580da	NA	edf32dfe187a25ee159339c22be2ff4c1c093df4	stack c0rc	final-org-authz.json (final RC QA, product bc5c47f292d0)	12
FIN-J02Z-Z30	JOURNEY_02_DYNAMIC_ORG_AUTHZ	UNRATED	PASS	REAL_BACKEND_E2E	bc5c47f292d00846c106669b09679a6fc36daef6	2026-10-10	NODE_SCRIPT(final-org-authz.mjs)	-	-	C0RC_REAL_STACK	NO	evidence/final-rc-bc5c47f292d0/final-org-authz.json#Z30	953d17e53d05ba939f79d8fa03763fef9cd580da	NA	edf32dfe187a25ee159339c22be2ff4c1c093df4	stack c0rc	final-org-authz.json (final RC QA, product bc5c47f292d0)	12
FIN-J02Z-Z31	JOURNEY_02_DYNAMIC_ORG_AUTHZ	UNRATED	PASS	REAL_BACKEND_E2E	bc5c47f292d00846c106669b09679a6fc36daef6	2026-10-10	NODE_SCRIPT(final-org-authz.mjs)	-	-	C0RC_REAL_STACK	NO	evidence/final-rc-bc5c47f292d0/final-org-authz.json#Z31	953d17e53d05ba939f79d8fa03763fef9cd580da	NA	edf32dfe187a25ee159339c22be2ff4c1c093df4	stack c0rc	final-org-authz.json (final RC QA, product bc5c47f292d0)	12
FIN-J02Z-Z32	JOURNEY_02_DYNAMIC_ORG_AUTHZ	UNRATED	PASS	REAL_BACKEND_E2E	bc5c47f292d00846c106669b09679a6fc36daef6	2026-10-10	NODE_SCRIPT(final-org-authz.mjs)	-	-	C0RC_REAL_STACK	NO	evidence/final-rc-bc5c47f292d0/final-org-authz.json#Z32	953d17e53d05ba939f79d8fa03763fef9cd580da	NA	edf32dfe187a25ee159339c22be2ff4c1c093df4	stack c0rc	final-org-authz.json (final RC QA, product bc5c47f292d0)	12
FIN-J02Z-Z33	JOURNEY_02_DYNAMIC_ORG_AUTHZ	UNRATED	PASS	REAL_BACKEND_E2E	bc5c47f292d00846c106669b09679a6fc36daef6	2026-10-10	NODE_SCRIPT(final-org-authz.mjs)	-	-	C0RC_REAL_STACK	NO	evidence/final-rc-bc5c47f292d0/final-org-authz.json#Z33	953d17e53d05ba939f79d8fa03763fef9cd580da	NA	edf32dfe187a25ee159339c22be2ff4c1c093df4	stack c0rc	final-org-authz.json (final RC QA, product bc5c47f292d0)	12
FIN-J02Z-Z34	JOURNEY_02_DYNAMIC_ORG_AUTHZ	UNRATED	PASS	REAL_BACKEND_E2E	bc5c47f292d00846c106669b09679a6fc36daef6	2026-10-10	NODE_SCRIPT(final-org-authz.mjs)	-	-	C0RC_REAL_STACK	NO	evidence/final-rc-bc5c47f292d0/final-org-authz.json#Z34	953d17e53d05ba939f79d8fa03763fef9cd580da	NA	edf32dfe187a25ee159339c22be2ff4c1c093df4	stack c0rc	final-org-authz.json (final RC QA, product bc5c47f292d0)	12
FIN-J02Z-Z40	JOURNEY_02_DYNAMIC_ORG_AUTHZ	UNRATED	PASS	REAL_BACKEND_E2E	bc5c47f292d00846c106669b09679a6fc36daef6	2026-10-10	NODE_SCRIPT(final-org-authz.mjs)	-	-	C0RC_REAL_STACK	NO	evidence/final-rc-bc5c47f292d0/final-org-authz.json#Z40	953d17e53d05ba939f79d8fa03763fef9cd580da	NA	edf32dfe187a25ee159339c22be2ff4c1c093df4	stack c0rc	final-org-authz.json (final RC QA, product bc5c47f292d0)	12
FIN-J03-IAM-S-B	JOURNEY_03_IAM_LIFECYCLE	UNRATED	PASS	REAL_BACKEND_E2E	bc5c47f292d00846c106669b09679a6fc36daef6	2026-10-10	NODE_SCRIPT(final-iam.mjs)	-	-	C0RC_REAL_STACK	NO	evidence/final-rc-bc5c47f292d0/final-iam.json#IAM-S-B	953d17e53d05ba939f79d8fa03763fef9cd580da	NA	edf32dfe187a25ee159339c22be2ff4c1c093df4	stack c0rc	final-iam.json (final RC QA, product bc5c47f292d0)	12
FIN-J03-IAM-S-C	JOURNEY_03_IAM_LIFECYCLE	UNRATED	PASS	REAL_BACKEND_E2E	bc5c47f292d00846c106669b09679a6fc36daef6	2026-10-10	NODE_SCRIPT(final-iam.mjs)	-	-	C0RC_REAL_STACK	NO	evidence/final-rc-bc5c47f292d0/final-iam.json#IAM-S-C	953d17e53d05ba939f79d8fa03763fef9cd580da	NA	edf32dfe187a25ee159339c22be2ff4c1c093df4	stack c0rc	final-iam.json (final RC QA, product bc5c47f292d0)	12
FIN-J03-IAM-S-D	JOURNEY_03_IAM_LIFECYCLE	UNRATED	PASS	REAL_BACKEND_E2E	bc5c47f292d00846c106669b09679a6fc36daef6	2026-10-10	NODE_SCRIPT(final-iam.mjs)	-	-	C0RC_REAL_STACK	NO	evidence/final-rc-bc5c47f292d0/final-iam.json#IAM-S-D	953d17e53d05ba939f79d8fa03763fef9cd580da	NA	edf32dfe187a25ee159339c22be2ff4c1c093df4	stack c0rc	final-iam.json (final RC QA, product bc5c47f292d0)	12
FIN-J03-IAM-S-M1	JOURNEY_03_IAM_LIFECYCLE	UNRATED	PASS	REAL_BACKEND_E2E	bc5c47f292d00846c106669b09679a6fc36daef6	2026-10-10	NODE_SCRIPT(final-iam.mjs)	-	-	C0RC_REAL_STACK	NO	evidence/final-rc-bc5c47f292d0/final-iam.json#IAM-S-M1	953d17e53d05ba939f79d8fa03763fef9cd580da	NA	edf32dfe187a25ee159339c22be2ff4c1c093df4	stack c0rc	final-iam.json (final RC QA, product bc5c47f292d0)	12
FIN-J03-IAM-S-A	JOURNEY_03_IAM_LIFECYCLE	UNRATED	PASS	REAL_BACKEND_E2E	bc5c47f292d00846c106669b09679a6fc36daef6	2026-10-10	NODE_SCRIPT(final-iam.mjs)	-	-	C0RC_REAL_STACK	NO	evidence/final-rc-bc5c47f292d0/final-iam.json#IAM-S-A	953d17e53d05ba939f79d8fa03763fef9cd580da	NA	edf32dfe187a25ee159339c22be2ff4c1c093df4	stack c0rc	final-iam.json (final RC QA, product bc5c47f292d0)	12
FIN-J03-IAM-S-NOORG	JOURNEY_03_IAM_LIFECYCLE	UNRATED	PASS	REAL_BACKEND_E2E	bc5c47f292d00846c106669b09679a6fc36daef6	2026-10-10	NODE_SCRIPT(final-iam.mjs)	-	-	C0RC_REAL_STACK	NO	evidence/final-rc-bc5c47f292d0/final-iam.json#IAM-S-NOORG	953d17e53d05ba939f79d8fa03763fef9cd580da	NA	edf32dfe187a25ee159339c22be2ff4c1c093df4	stack c0rc	final-iam.json (final RC QA, product bc5c47f292d0)	12
FIN-J03-IAM-S-SA	JOURNEY_03_IAM_LIFECYCLE	UNRATED	PASS	REAL_BACKEND_E2E	bc5c47f292d00846c106669b09679a6fc36daef6	2026-10-10	NODE_SCRIPT(final-iam.mjs)	-	-	C0RC_REAL_STACK	NO	evidence/final-rc-bc5c47f292d0/final-iam.json#IAM-S-SA	953d17e53d05ba939f79d8fa03763fef9cd580da	NA	edf32dfe187a25ee159339c22be2ff4c1c093df4	stack c0rc	final-iam.json (final RC QA, product bc5c47f292d0)	12
FIN-J03-IAM-M01-A	JOURNEY_03_IAM_LIFECYCLE	UNRATED	PASS	REAL_BACKEND_E2E	bc5c47f292d00846c106669b09679a6fc36daef6	2026-10-10	NODE_SCRIPT(final-iam.mjs)	-	-	C0RC_REAL_STACK	NO	evidence/final-rc-bc5c47f292d0/final-iam.json#IAM-M01-A	953d17e53d05ba939f79d8fa03763fef9cd580da	NA	edf32dfe187a25ee159339c22be2ff4c1c093df4	stack c0rc	final-iam.json (final RC QA, product bc5c47f292d0)	12
FIN-J03-IAM-M01-B	JOURNEY_03_IAM_LIFECYCLE	UNRATED	PASS	REAL_BACKEND_E2E	bc5c47f292d00846c106669b09679a6fc36daef6	2026-10-10	NODE_SCRIPT(final-iam.mjs)	-	-	C0RC_REAL_STACK	NO	evidence/final-rc-bc5c47f292d0/final-iam.json#IAM-M01-B	953d17e53d05ba939f79d8fa03763fef9cd580da	NA	edf32dfe187a25ee159339c22be2ff4c1c093df4	stack c0rc	final-iam.json (final RC QA, product bc5c47f292d0)	12
FIN-J03-IAM-M01-C	JOURNEY_03_IAM_LIFECYCLE	UNRATED	PASS	REAL_BACKEND_E2E	bc5c47f292d00846c106669b09679a6fc36daef6	2026-10-10	NODE_SCRIPT(final-iam.mjs)	-	-	C0RC_REAL_STACK	NO	evidence/final-rc-bc5c47f292d0/final-iam.json#IAM-M01-C	953d17e53d05ba939f79d8fa03763fef9cd580da	NA	edf32dfe187a25ee159339c22be2ff4c1c093df4	stack c0rc	final-iam.json (final RC QA, product bc5c47f292d0)	12
FIN-J03-IAM-M01-D	JOURNEY_03_IAM_LIFECYCLE	UNRATED	PASS	REAL_BACKEND_E2E	bc5c47f292d00846c106669b09679a6fc36daef6	2026-10-10	NODE_SCRIPT(final-iam.mjs)	-	-	C0RC_REAL_STACK	NO	evidence/final-rc-bc5c47f292d0/final-iam.json#IAM-M01-D	953d17e53d05ba939f79d8fa03763fef9cd580da	NA	edf32dfe187a25ee159339c22be2ff4c1c093df4	stack c0rc	final-iam.json (final RC QA, product bc5c47f292d0)	12
FIN-J03-IAM-M01-M1	JOURNEY_03_IAM_LIFECYCLE	UNRATED	PASS	REAL_BACKEND_E2E	bc5c47f292d00846c106669b09679a6fc36daef6	2026-10-10	NODE_SCRIPT(final-iam.mjs)	-	-	C0RC_REAL_STACK	NO	evidence/final-rc-bc5c47f292d0/final-iam.json#IAM-M01-M1	953d17e53d05ba939f79d8fa03763fef9cd580da	NA	edf32dfe187a25ee159339c22be2ff4c1c093df4	stack c0rc	final-iam.json (final RC QA, product bc5c47f292d0)	12
FIN-J03-IAM-M02-A	JOURNEY_03_IAM_LIFECYCLE	UNRATED	PASS	REAL_BACKEND_E2E	bc5c47f292d00846c106669b09679a6fc36daef6	2026-10-10	NODE_SCRIPT(final-iam.mjs)	-	-	C0RC_REAL_STACK	NO	evidence/final-rc-bc5c47f292d0/final-iam.json#IAM-M02-A	953d17e53d05ba939f79d8fa03763fef9cd580da	NA	edf32dfe187a25ee159339c22be2ff4c1c093df4	stack c0rc	final-iam.json (final RC QA, product bc5c47f292d0)	12
FIN-J03-IAM-M02-B	JOURNEY_03_IAM_LIFECYCLE	UNRATED	PASS	REAL_BACKEND_E2E	bc5c47f292d00846c106669b09679a6fc36daef6	2026-10-10	NODE_SCRIPT(final-iam.mjs)	-	-	C0RC_REAL_STACK	NO	evidence/final-rc-bc5c47f292d0/final-iam.json#IAM-M02-B	953d17e53d05ba939f79d8fa03763fef9cd580da	NA	edf32dfe187a25ee159339c22be2ff4c1c093df4	stack c0rc	final-iam.json (final RC QA, product bc5c47f292d0)	12
FIN-J03-IAM-M02-C	JOURNEY_03_IAM_LIFECYCLE	UNRATED	PASS	REAL_BACKEND_E2E	bc5c47f292d00846c106669b09679a6fc36daef6	2026-10-10	NODE_SCRIPT(final-iam.mjs)	-	-	C0RC_REAL_STACK	NO	evidence/final-rc-bc5c47f292d0/final-iam.json#IAM-M02-C	953d17e53d05ba939f79d8fa03763fef9cd580da	NA	edf32dfe187a25ee159339c22be2ff4c1c093df4	stack c0rc	final-iam.json (final RC QA, product bc5c47f292d0)	12
FIN-J03-IAM-M02-D	JOURNEY_03_IAM_LIFECYCLE	UNRATED	PASS	REAL_BACKEND_E2E	bc5c47f292d00846c106669b09679a6fc36daef6	2026-10-10	NODE_SCRIPT(final-iam.mjs)	-	-	C0RC_REAL_STACK	NO	evidence/final-rc-bc5c47f292d0/final-iam.json#IAM-M02-D	953d17e53d05ba939f79d8fa03763fef9cd580da	NA	edf32dfe187a25ee159339c22be2ff4c1c093df4	stack c0rc	final-iam.json (final RC QA, product bc5c47f292d0)	12
FIN-J03-IAM-M02-M1	JOURNEY_03_IAM_LIFECYCLE	UNRATED	PASS	REAL_BACKEND_E2E	bc5c47f292d00846c106669b09679a6fc36daef6	2026-10-10	NODE_SCRIPT(final-iam.mjs)	-	-	C0RC_REAL_STACK	NO	evidence/final-rc-bc5c47f292d0/final-iam.json#IAM-M02-M1	953d17e53d05ba939f79d8fa03763fef9cd580da	NA	edf32dfe187a25ee159339c22be2ff4c1c093df4	stack c0rc	final-iam.json (final RC QA, product bc5c47f292d0)	12
FIN-J03-IAM-M03-A	JOURNEY_03_IAM_LIFECYCLE	UNRATED	PASS	REAL_BACKEND_E2E	bc5c47f292d00846c106669b09679a6fc36daef6	2026-10-10	NODE_SCRIPT(final-iam.mjs)	-	-	C0RC_REAL_STACK	NO	evidence/final-rc-bc5c47f292d0/final-iam.json#IAM-M03-A	953d17e53d05ba939f79d8fa03763fef9cd580da	NA	edf32dfe187a25ee159339c22be2ff4c1c093df4	stack c0rc	final-iam.json (final RC QA, product bc5c47f292d0)	12
FIN-J03-IAM-M03-B	JOURNEY_03_IAM_LIFECYCLE	UNRATED	PASS	REAL_BACKEND_E2E	bc5c47f292d00846c106669b09679a6fc36daef6	2026-10-10	NODE_SCRIPT(final-iam.mjs)	-	-	C0RC_REAL_STACK	NO	evidence/final-rc-bc5c47f292d0/final-iam.json#IAM-M03-B	953d17e53d05ba939f79d8fa03763fef9cd580da	NA	edf32dfe187a25ee159339c22be2ff4c1c093df4	stack c0rc	final-iam.json (final RC QA, product bc5c47f292d0)	12
FIN-J03-IAM-M03-C	JOURNEY_03_IAM_LIFECYCLE	UNRATED	PASS	REAL_BACKEND_E2E	bc5c47f292d00846c106669b09679a6fc36daef6	2026-10-10	NODE_SCRIPT(final-iam.mjs)	-	-	C0RC_REAL_STACK	NO	evidence/final-rc-bc5c47f292d0/final-iam.json#IAM-M03-C	953d17e53d05ba939f79d8fa03763fef9cd580da	NA	edf32dfe187a25ee159339c22be2ff4c1c093df4	stack c0rc	final-iam.json (final RC QA, product bc5c47f292d0)	12
FIN-J03-IAM-M03-D	JOURNEY_03_IAM_LIFECYCLE	UNRATED	PASS	REAL_BACKEND_E2E	bc5c47f292d00846c106669b09679a6fc36daef6	2026-10-10	NODE_SCRIPT(final-iam.mjs)	-	-	C0RC_REAL_STACK	NO	evidence/final-rc-bc5c47f292d0/final-iam.json#IAM-M03-D	953d17e53d05ba939f79d8fa03763fef9cd580da	NA	edf32dfe187a25ee159339c22be2ff4c1c093df4	stack c0rc	final-iam.json (final RC QA, product bc5c47f292d0)	12
FIN-J03-IAM-M03-M1	JOURNEY_03_IAM_LIFECYCLE	UNRATED	PASS	REAL_BACKEND_E2E	bc5c47f292d00846c106669b09679a6fc36daef6	2026-10-10	NODE_SCRIPT(final-iam.mjs)	-	-	C0RC_REAL_STACK	NO	evidence/final-rc-bc5c47f292d0/final-iam.json#IAM-M03-M1	953d17e53d05ba939f79d8fa03763fef9cd580da	NA	edf32dfe187a25ee159339c22be2ff4c1c093df4	stack c0rc	final-iam.json (final RC QA, product bc5c47f292d0)	12
FIN-J03-IAM-M04-A	JOURNEY_03_IAM_LIFECYCLE	UNRATED	PASS	REAL_BACKEND_E2E	bc5c47f292d00846c106669b09679a6fc36daef6	2026-10-10	NODE_SCRIPT(final-iam.mjs)	-	-	C0RC_REAL_STACK	NO	evidence/final-rc-bc5c47f292d0/final-iam.json#IAM-M04-A	953d17e53d05ba939f79d8fa03763fef9cd580da	NA	edf32dfe187a25ee159339c22be2ff4c1c093df4	stack c0rc	final-iam.json (final RC QA, product bc5c47f292d0)	12
FIN-J03-IAM-M04r-A	JOURNEY_03_IAM_LIFECYCLE	UNRATED	PASS	REAL_BACKEND_E2E	bc5c47f292d00846c106669b09679a6fc36daef6	2026-10-10	NODE_SCRIPT(final-iam.mjs)	-	-	C0RC_REAL_STACK	NO	evidence/final-rc-bc5c47f292d0/final-iam.json#IAM-M04r-A	953d17e53d05ba939f79d8fa03763fef9cd580da	NA	edf32dfe187a25ee159339c22be2ff4c1c093df4	stack c0rc	final-iam.json (final RC QA, product bc5c47f292d0)	12
FIN-J03-IAM-M04-B	JOURNEY_03_IAM_LIFECYCLE	UNRATED	PASS	REAL_BACKEND_E2E	bc5c47f292d00846c106669b09679a6fc36daef6	2026-10-10	NODE_SCRIPT(final-iam.mjs)	-	-	C0RC_REAL_STACK	NO	evidence/final-rc-bc5c47f292d0/final-iam.json#IAM-M04-B	953d17e53d05ba939f79d8fa03763fef9cd580da	NA	edf32dfe187a25ee159339c22be2ff4c1c093df4	stack c0rc	final-iam.json (final RC QA, product bc5c47f292d0)	12
FIN-J03-IAM-M04r-B	JOURNEY_03_IAM_LIFECYCLE	UNRATED	PASS	REAL_BACKEND_E2E	bc5c47f292d00846c106669b09679a6fc36daef6	2026-10-10	NODE_SCRIPT(final-iam.mjs)	-	-	C0RC_REAL_STACK	NO	evidence/final-rc-bc5c47f292d0/final-iam.json#IAM-M04r-B	953d17e53d05ba939f79d8fa03763fef9cd580da	NA	edf32dfe187a25ee159339c22be2ff4c1c093df4	stack c0rc	final-iam.json (final RC QA, product bc5c47f292d0)	12
FIN-J03-IAM-M04-C	JOURNEY_03_IAM_LIFECYCLE	UNRATED	PASS	REAL_BACKEND_E2E	bc5c47f292d00846c106669b09679a6fc36daef6	2026-10-10	NODE_SCRIPT(final-iam.mjs)	-	-	C0RC_REAL_STACK	NO	evidence/final-rc-bc5c47f292d0/final-iam.json#IAM-M04-C	953d17e53d05ba939f79d8fa03763fef9cd580da	NA	edf32dfe187a25ee159339c22be2ff4c1c093df4	stack c0rc	final-iam.json (final RC QA, product bc5c47f292d0)	12
FIN-J03-IAM-M04r-C	JOURNEY_03_IAM_LIFECYCLE	UNRATED	PASS	REAL_BACKEND_E2E	bc5c47f292d00846c106669b09679a6fc36daef6	2026-10-10	NODE_SCRIPT(final-iam.mjs)	-	-	C0RC_REAL_STACK	NO	evidence/final-rc-bc5c47f292d0/final-iam.json#IAM-M04r-C	953d17e53d05ba939f79d8fa03763fef9cd580da	NA	edf32dfe187a25ee159339c22be2ff4c1c093df4	stack c0rc	final-iam.json (final RC QA, product bc5c47f292d0)	12
FIN-J03-IAM-M04-D	JOURNEY_03_IAM_LIFECYCLE	UNRATED	PASS	REAL_BACKEND_E2E	bc5c47f292d00846c106669b09679a6fc36daef6	2026-10-10	NODE_SCRIPT(final-iam.mjs)	-	-	C0RC_REAL_STACK	NO	evidence/final-rc-bc5c47f292d0/final-iam.json#IAM-M04-D	953d17e53d05ba939f79d8fa03763fef9cd580da	NA	edf32dfe187a25ee159339c22be2ff4c1c093df4	stack c0rc	final-iam.json (final RC QA, product bc5c47f292d0)	12
FIN-J03-IAM-M04r-D	JOURNEY_03_IAM_LIFECYCLE	UNRATED	PASS	REAL_BACKEND_E2E	bc5c47f292d00846c106669b09679a6fc36daef6	2026-10-10	NODE_SCRIPT(final-iam.mjs)	-	-	C0RC_REAL_STACK	NO	evidence/final-rc-bc5c47f292d0/final-iam.json#IAM-M04r-D	953d17e53d05ba939f79d8fa03763fef9cd580da	NA	edf32dfe187a25ee159339c22be2ff4c1c093df4	stack c0rc	final-iam.json (final RC QA, product bc5c47f292d0)	12
FIN-J03-IAM-M05-A	JOURNEY_03_IAM_LIFECYCLE	UNRATED	PASS	REAL_BACKEND_E2E	bc5c47f292d00846c106669b09679a6fc36daef6	2026-10-10	NODE_SCRIPT(final-iam.mjs)	-	-	C0RC_REAL_STACK	NO	evidence/final-rc-bc5c47f292d0/final-iam.json#IAM-M05-A	953d17e53d05ba939f79d8fa03763fef9cd580da	NA	edf32dfe187a25ee159339c22be2ff4c1c093df4	stack c0rc	final-iam.json (final RC QA, product bc5c47f292d0)	12
FIN-J03-IAM-M05-B	JOURNEY_03_IAM_LIFECYCLE	UNRATED	PASS	REAL_BACKEND_E2E	bc5c47f292d00846c106669b09679a6fc36daef6	2026-10-10	NODE_SCRIPT(final-iam.mjs)	-	-	C0RC_REAL_STACK	NO	evidence/final-rc-bc5c47f292d0/final-iam.json#IAM-M05-B	953d17e53d05ba939f79d8fa03763fef9cd580da	NA	edf32dfe187a25ee159339c22be2ff4c1c093df4	stack c0rc	final-iam.json (final RC QA, product bc5c47f292d0)	12
FIN-J03-IAM-M05-D	JOURNEY_03_IAM_LIFECYCLE	UNRATED	PASS	REAL_BACKEND_E2E	bc5c47f292d00846c106669b09679a6fc36daef6	2026-10-10	NODE_SCRIPT(final-iam.mjs)	-	-	C0RC_REAL_STACK	NO	evidence/final-rc-bc5c47f292d0/final-iam.json#IAM-M05-D	953d17e53d05ba939f79d8fa03763fef9cd580da	NA	edf32dfe187a25ee159339c22be2ff4c1c093df4	stack c0rc	final-iam.json (final RC QA, product bc5c47f292d0)	12
FIN-J03-IAM-M05-C	JOURNEY_03_IAM_LIFECYCLE	UNRATED	PASS	REAL_BACKEND_E2E	bc5c47f292d00846c106669b09679a6fc36daef6	2026-10-10	NODE_SCRIPT(final-iam.mjs)	-	-	C0RC_REAL_STACK	NO	evidence/final-rc-bc5c47f292d0/final-iam.json#IAM-M05-C	953d17e53d05ba939f79d8fa03763fef9cd580da	NA	edf32dfe187a25ee159339c22be2ff4c1c093df4	stack c0rc	final-iam.json (final RC QA, product bc5c47f292d0)	12
FIN-J03-IAM-M06-A	JOURNEY_03_IAM_LIFECYCLE	UNRATED	PASS	REAL_BACKEND_E2E	bc5c47f292d00846c106669b09679a6fc36daef6	2026-10-10	NODE_SCRIPT(final-iam.mjs)	-	-	C0RC_REAL_STACK	NO	evidence/final-rc-bc5c47f292d0/final-iam.json#IAM-M06-A	953d17e53d05ba939f79d8fa03763fef9cd580da	NA	edf32dfe187a25ee159339c22be2ff4c1c093df4	stack c0rc	final-iam.json (final RC QA, product bc5c47f292d0)	12
FIN-J03-IAM-M06-B	JOURNEY_03_IAM_LIFECYCLE	UNRATED	PASS	REAL_BACKEND_E2E	bc5c47f292d00846c106669b09679a6fc36daef6	2026-10-10	NODE_SCRIPT(final-iam.mjs)	-	-	C0RC_REAL_STACK	NO	evidence/final-rc-bc5c47f292d0/final-iam.json#IAM-M06-B	953d17e53d05ba939f79d8fa03763fef9cd580da	NA	edf32dfe187a25ee159339c22be2ff4c1c093df4	stack c0rc	final-iam.json (final RC QA, product bc5c47f292d0)	12
FIN-J03-IAM-M06-C	JOURNEY_03_IAM_LIFECYCLE	UNRATED	PASS	REAL_BACKEND_E2E	bc5c47f292d00846c106669b09679a6fc36daef6	2026-10-10	NODE_SCRIPT(final-iam.mjs)	-	-	C0RC_REAL_STACK	NO	evidence/final-rc-bc5c47f292d0/final-iam.json#IAM-M06-C	953d17e53d05ba939f79d8fa03763fef9cd580da	NA	edf32dfe187a25ee159339c22be2ff4c1c093df4	stack c0rc	final-iam.json (final RC QA, product bc5c47f292d0)	12
FIN-J03-IAM-M06-D	JOURNEY_03_IAM_LIFECYCLE	UNRATED	PASS	REAL_BACKEND_E2E	bc5c47f292d00846c106669b09679a6fc36daef6	2026-10-10	NODE_SCRIPT(final-iam.mjs)	-	-	C0RC_REAL_STACK	NO	evidence/final-rc-bc5c47f292d0/final-iam.json#IAM-M06-D	953d17e53d05ba939f79d8fa03763fef9cd580da	NA	edf32dfe187a25ee159339c22be2ff4c1c093df4	stack c0rc	final-iam.json (final RC QA, product bc5c47f292d0)	12
FIN-J03-IAM-M06-M1	JOURNEY_03_IAM_LIFECYCLE	UNRATED	PASS	REAL_BACKEND_E2E	bc5c47f292d00846c106669b09679a6fc36daef6	2026-10-10	NODE_SCRIPT(final-iam.mjs)	-	-	C0RC_REAL_STACK	NO	evidence/final-rc-bc5c47f292d0/final-iam.json#IAM-M06-M1	953d17e53d05ba939f79d8fa03763fef9cd580da	NA	edf32dfe187a25ee159339c22be2ff4c1c093df4	stack c0rc	final-iam.json (final RC QA, product bc5c47f292d0)	12
FIN-J03-IAM-M07-A	JOURNEY_03_IAM_LIFECYCLE	UNRATED	PASS	REAL_BACKEND_E2E	bc5c47f292d00846c106669b09679a6fc36daef6	2026-10-10	NODE_SCRIPT(final-iam.mjs)	-	-	C0RC_REAL_STACK	NO	evidence/final-rc-bc5c47f292d0/final-iam.json#IAM-M07-A	953d17e53d05ba939f79d8fa03763fef9cd580da	NA	edf32dfe187a25ee159339c22be2ff4c1c093df4	stack c0rc	final-iam.json (final RC QA, product bc5c47f292d0)	12
FIN-J03-IAM-M07-B	JOURNEY_03_IAM_LIFECYCLE	UNRATED	PASS	REAL_BACKEND_E2E	bc5c47f292d00846c106669b09679a6fc36daef6	2026-10-10	NODE_SCRIPT(final-iam.mjs)	-	-	C0RC_REAL_STACK	NO	evidence/final-rc-bc5c47f292d0/final-iam.json#IAM-M07-B	953d17e53d05ba939f79d8fa03763fef9cd580da	NA	edf32dfe187a25ee159339c22be2ff4c1c093df4	stack c0rc	final-iam.json (final RC QA, product bc5c47f292d0)	12
FIN-J03-IAM-M07-C	JOURNEY_03_IAM_LIFECYCLE	UNRATED	PASS	REAL_BACKEND_E2E	bc5c47f292d00846c106669b09679a6fc36daef6	2026-10-10	NODE_SCRIPT(final-iam.mjs)	-	-	C0RC_REAL_STACK	NO	evidence/final-rc-bc5c47f292d0/final-iam.json#IAM-M07-C	953d17e53d05ba939f79d8fa03763fef9cd580da	NA	edf32dfe187a25ee159339c22be2ff4c1c093df4	stack c0rc	final-iam.json (final RC QA, product bc5c47f292d0)	12
FIN-J03-IAM-M07-D	JOURNEY_03_IAM_LIFECYCLE	UNRATED	PASS	REAL_BACKEND_E2E	bc5c47f292d00846c106669b09679a6fc36daef6	2026-10-10	NODE_SCRIPT(final-iam.mjs)	-	-	C0RC_REAL_STACK	NO	evidence/final-rc-bc5c47f292d0/final-iam.json#IAM-M07-D	953d17e53d05ba939f79d8fa03763fef9cd580da	NA	edf32dfe187a25ee159339c22be2ff4c1c093df4	stack c0rc	final-iam.json (final RC QA, product bc5c47f292d0)	12
FIN-J03-IAM-M07-M1	JOURNEY_03_IAM_LIFECYCLE	UNRATED	PASS	REAL_BACKEND_E2E	bc5c47f292d00846c106669b09679a6fc36daef6	2026-10-10	NODE_SCRIPT(final-iam.mjs)	-	-	C0RC_REAL_STACK	NO	evidence/final-rc-bc5c47f292d0/final-iam.json#IAM-M07-M1	953d17e53d05ba939f79d8fa03763fef9cd580da	NA	edf32dfe187a25ee159339c22be2ff4c1c093df4	stack c0rc	final-iam.json (final RC QA, product bc5c47f292d0)	12
FIN-J03-IAM-M08-A	JOURNEY_03_IAM_LIFECYCLE	UNRATED	PASS	REAL_BACKEND_E2E	bc5c47f292d00846c106669b09679a6fc36daef6	2026-10-10	NODE_SCRIPT(final-iam.mjs)	-	-	C0RC_REAL_STACK	NO	evidence/final-rc-bc5c47f292d0/final-iam.json#IAM-M08-A	953d17e53d05ba939f79d8fa03763fef9cd580da	NA	edf32dfe187a25ee159339c22be2ff4c1c093df4	stack c0rc	final-iam.json (final RC QA, product bc5c47f292d0)	12
FIN-J03-IAM-M08-B	JOURNEY_03_IAM_LIFECYCLE	UNRATED	PASS	REAL_BACKEND_E2E	bc5c47f292d00846c106669b09679a6fc36daef6	2026-10-10	NODE_SCRIPT(final-iam.mjs)	-	-	C0RC_REAL_STACK	NO	evidence/final-rc-bc5c47f292d0/final-iam.json#IAM-M08-B	953d17e53d05ba939f79d8fa03763fef9cd580da	NA	edf32dfe187a25ee159339c22be2ff4c1c093df4	stack c0rc	final-iam.json (final RC QA, product bc5c47f292d0)	12
FIN-J03-IAM-M08-C	JOURNEY_03_IAM_LIFECYCLE	UNRATED	PASS	REAL_BACKEND_E2E	bc5c47f292d00846c106669b09679a6fc36daef6	2026-10-10	NODE_SCRIPT(final-iam.mjs)	-	-	C0RC_REAL_STACK	NO	evidence/final-rc-bc5c47f292d0/final-iam.json#IAM-M08-C	953d17e53d05ba939f79d8fa03763fef9cd580da	NA	edf32dfe187a25ee159339c22be2ff4c1c093df4	stack c0rc	final-iam.json (final RC QA, product bc5c47f292d0)	12
FIN-J03-IAM-M08-D	JOURNEY_03_IAM_LIFECYCLE	UNRATED	PASS	REAL_BACKEND_E2E	bc5c47f292d00846c106669b09679a6fc36daef6	2026-10-10	NODE_SCRIPT(final-iam.mjs)	-	-	C0RC_REAL_STACK	NO	evidence/final-rc-bc5c47f292d0/final-iam.json#IAM-M08-D	953d17e53d05ba939f79d8fa03763fef9cd580da	NA	edf32dfe187a25ee159339c22be2ff4c1c093df4	stack c0rc	final-iam.json (final RC QA, product bc5c47f292d0)	12
FIN-J03-IAM-M08-M1	JOURNEY_03_IAM_LIFECYCLE	UNRATED	PASS	REAL_BACKEND_E2E	bc5c47f292d00846c106669b09679a6fc36daef6	2026-10-10	NODE_SCRIPT(final-iam.mjs)	-	-	C0RC_REAL_STACK	NO	evidence/final-rc-bc5c47f292d0/final-iam.json#IAM-M08-M1	953d17e53d05ba939f79d8fa03763fef9cd580da	NA	edf32dfe187a25ee159339c22be2ff4c1c093df4	stack c0rc	final-iam.json (final RC QA, product bc5c47f292d0)	12
FIN-J03-IAM-M09-A	JOURNEY_03_IAM_LIFECYCLE	UNRATED	PASS	REAL_BACKEND_E2E	bc5c47f292d00846c106669b09679a6fc36daef6	2026-10-10	NODE_SCRIPT(final-iam.mjs)	-	-	C0RC_REAL_STACK	NO	evidence/final-rc-bc5c47f292d0/final-iam.json#IAM-M09-A	953d17e53d05ba939f79d8fa03763fef9cd580da	NA	edf32dfe187a25ee159339c22be2ff4c1c093df4	stack c0rc	final-iam.json (final RC QA, product bc5c47f292d0)	12
FIN-J03-IAM-M09-B	JOURNEY_03_IAM_LIFECYCLE	UNRATED	PASS	REAL_BACKEND_E2E	bc5c47f292d00846c106669b09679a6fc36daef6	2026-10-10	NODE_SCRIPT(final-iam.mjs)	-	-	C0RC_REAL_STACK	NO	evidence/final-rc-bc5c47f292d0/final-iam.json#IAM-M09-B	953d17e53d05ba939f79d8fa03763fef9cd580da	NA	edf32dfe187a25ee159339c22be2ff4c1c093df4	stack c0rc	final-iam.json (final RC QA, product bc5c47f292d0)	12
FIN-J03-IAM-M09-C	JOURNEY_03_IAM_LIFECYCLE	UNRATED	PASS	REAL_BACKEND_E2E	bc5c47f292d00846c106669b09679a6fc36daef6	2026-10-10	NODE_SCRIPT(final-iam.mjs)	-	-	C0RC_REAL_STACK	NO	evidence/final-rc-bc5c47f292d0/final-iam.json#IAM-M09-C	953d17e53d05ba939f79d8fa03763fef9cd580da	NA	edf32dfe187a25ee159339c22be2ff4c1c093df4	stack c0rc	final-iam.json (final RC QA, product bc5c47f292d0)	12
FIN-J03-IAM-M09-D	JOURNEY_03_IAM_LIFECYCLE	UNRATED	PASS	REAL_BACKEND_E2E	bc5c47f292d00846c106669b09679a6fc36daef6	2026-10-10	NODE_SCRIPT(final-iam.mjs)	-	-	C0RC_REAL_STACK	NO	evidence/final-rc-bc5c47f292d0/final-iam.json#IAM-M09-D	953d17e53d05ba939f79d8fa03763fef9cd580da	NA	edf32dfe187a25ee159339c22be2ff4c1c093df4	stack c0rc	final-iam.json (final RC QA, product bc5c47f292d0)	12
FIN-J03-IAM-M09-M1	JOURNEY_03_IAM_LIFECYCLE	UNRATED	PASS	REAL_BACKEND_E2E	bc5c47f292d00846c106669b09679a6fc36daef6	2026-10-10	NODE_SCRIPT(final-iam.mjs)	-	-	C0RC_REAL_STACK	NO	evidence/final-rc-bc5c47f292d0/final-iam.json#IAM-M09-M1	953d17e53d05ba939f79d8fa03763fef9cd580da	NA	edf32dfe187a25ee159339c22be2ff4c1c093df4	stack c0rc	final-iam.json (final RC QA, product bc5c47f292d0)	12
FIN-J03-IAM-M10-A	JOURNEY_03_IAM_LIFECYCLE	UNRATED	PASS	REAL_BACKEND_E2E	bc5c47f292d00846c106669b09679a6fc36daef6	2026-10-10	NODE_SCRIPT(final-iam.mjs)	-	-	C0RC_REAL_STACK	NO	evidence/final-rc-bc5c47f292d0/final-iam.json#IAM-M10-A	953d17e53d05ba939f79d8fa03763fef9cd580da	NA	edf32dfe187a25ee159339c22be2ff4c1c093df4	stack c0rc	final-iam.json (final RC QA, product bc5c47f292d0)	12
FIN-J03-IAM-M10-B	JOURNEY_03_IAM_LIFECYCLE	UNRATED	PASS	REAL_BACKEND_E2E	bc5c47f292d00846c106669b09679a6fc36daef6	2026-10-10	NODE_SCRIPT(final-iam.mjs)	-	-	C0RC_REAL_STACK	NO	evidence/final-rc-bc5c47f292d0/final-iam.json#IAM-M10-B	953d17e53d05ba939f79d8fa03763fef9cd580da	NA	edf32dfe187a25ee159339c22be2ff4c1c093df4	stack c0rc	final-iam.json (final RC QA, product bc5c47f292d0)	12
FIN-J03-IAM-M10-C	JOURNEY_03_IAM_LIFECYCLE	UNRATED	PASS	REAL_BACKEND_E2E	bc5c47f292d00846c106669b09679a6fc36daef6	2026-10-10	NODE_SCRIPT(final-iam.mjs)	-	-	C0RC_REAL_STACK	NO	evidence/final-rc-bc5c47f292d0/final-iam.json#IAM-M10-C	953d17e53d05ba939f79d8fa03763fef9cd580da	NA	edf32dfe187a25ee159339c22be2ff4c1c093df4	stack c0rc	final-iam.json (final RC QA, product bc5c47f292d0)	12
FIN-J03-IAM-M10-D	JOURNEY_03_IAM_LIFECYCLE	UNRATED	PASS	REAL_BACKEND_E2E	bc5c47f292d00846c106669b09679a6fc36daef6	2026-10-10	NODE_SCRIPT(final-iam.mjs)	-	-	C0RC_REAL_STACK	NO	evidence/final-rc-bc5c47f292d0/final-iam.json#IAM-M10-D	953d17e53d05ba939f79d8fa03763fef9cd580da	NA	edf32dfe187a25ee159339c22be2ff4c1c093df4	stack c0rc	final-iam.json (final RC QA, product bc5c47f292d0)	12
FIN-J03-IAM-M10b	JOURNEY_03_IAM_LIFECYCLE	UNRATED	FAIL	REAL_BACKEND_E2E	bc5c47f292d00846c106669b09679a6fc36daef6	2026-10-10	NODE_SCRIPT(final-iam.mjs)	-	-	C0RC_REAL_STACK	YES	evidence/final-rc-bc5c47f292d0/final-iam.json#IAM-M10b	953d17e53d05ba939f79d8fa03763fef9cd580da	NA	edf32dfe187a25ee159339c22be2ff4c1c093df4	stack c0rc	final-iam.json (final RC QA, product bc5c47f292d0)	12
FIN-J03-IAM-M11-A	JOURNEY_03_IAM_LIFECYCLE	UNRATED	PASS	REAL_BACKEND_E2E	bc5c47f292d00846c106669b09679a6fc36daef6	2026-10-10	NODE_SCRIPT(final-iam.mjs)	-	-	C0RC_REAL_STACK	NO	evidence/final-rc-bc5c47f292d0/final-iam.json#IAM-M11-A	953d17e53d05ba939f79d8fa03763fef9cd580da	NA	edf32dfe187a25ee159339c22be2ff4c1c093df4	stack c0rc	final-iam.json (final RC QA, product bc5c47f292d0)	12
FIN-J03-IAM-M11-B	JOURNEY_03_IAM_LIFECYCLE	UNRATED	PASS	REAL_BACKEND_E2E	bc5c47f292d00846c106669b09679a6fc36daef6	2026-10-10	NODE_SCRIPT(final-iam.mjs)	-	-	C0RC_REAL_STACK	NO	evidence/final-rc-bc5c47f292d0/final-iam.json#IAM-M11-B	953d17e53d05ba939f79d8fa03763fef9cd580da	NA	edf32dfe187a25ee159339c22be2ff4c1c093df4	stack c0rc	final-iam.json (final RC QA, product bc5c47f292d0)	12
FIN-J03-IAM-M11-C	JOURNEY_03_IAM_LIFECYCLE	UNRATED	PASS	REAL_BACKEND_E2E	bc5c47f292d00846c106669b09679a6fc36daef6	2026-10-10	NODE_SCRIPT(final-iam.mjs)	-	-	C0RC_REAL_STACK	NO	evidence/final-rc-bc5c47f292d0/final-iam.json#IAM-M11-C	953d17e53d05ba939f79d8fa03763fef9cd580da	NA	edf32dfe187a25ee159339c22be2ff4c1c093df4	stack c0rc	final-iam.json (final RC QA, product bc5c47f292d0)	12
FIN-J03-IAM-M11-D	JOURNEY_03_IAM_LIFECYCLE	UNRATED	PASS	REAL_BACKEND_E2E	bc5c47f292d00846c106669b09679a6fc36daef6	2026-10-10	NODE_SCRIPT(final-iam.mjs)	-	-	C0RC_REAL_STACK	NO	evidence/final-rc-bc5c47f292d0/final-iam.json#IAM-M11-D	953d17e53d05ba939f79d8fa03763fef9cd580da	NA	edf32dfe187a25ee159339c22be2ff4c1c093df4	stack c0rc	final-iam.json (final RC QA, product bc5c47f292d0)	12
FIN-J03-IAM-M12-A	JOURNEY_03_IAM_LIFECYCLE	UNRATED	PASS	REAL_BACKEND_E2E	bc5c47f292d00846c106669b09679a6fc36daef6	2026-10-10	NODE_SCRIPT(final-iam.mjs)	-	-	C0RC_REAL_STACK	NO	evidence/final-rc-bc5c47f292d0/final-iam.json#IAM-M12-A	953d17e53d05ba939f79d8fa03763fef9cd580da	NA	edf32dfe187a25ee159339c22be2ff4c1c093df4	stack c0rc	final-iam.json (final RC QA, product bc5c47f292d0)	12
FIN-J03-IAM-M12-B	JOURNEY_03_IAM_LIFECYCLE	UNRATED	PASS	REAL_BACKEND_E2E	bc5c47f292d00846c106669b09679a6fc36daef6	2026-10-10	NODE_SCRIPT(final-iam.mjs)	-	-	C0RC_REAL_STACK	NO	evidence/final-rc-bc5c47f292d0/final-iam.json#IAM-M12-B	953d17e53d05ba939f79d8fa03763fef9cd580da	NA	edf32dfe187a25ee159339c22be2ff4c1c093df4	stack c0rc	final-iam.json (final RC QA, product bc5c47f292d0)	12
FIN-J03-IAM-M12-C	JOURNEY_03_IAM_LIFECYCLE	UNRATED	PASS	REAL_BACKEND_E2E	bc5c47f292d00846c106669b09679a6fc36daef6	2026-10-10	NODE_SCRIPT(final-iam.mjs)	-	-	C0RC_REAL_STACK	NO	evidence/final-rc-bc5c47f292d0/final-iam.json#IAM-M12-C	953d17e53d05ba939f79d8fa03763fef9cd580da	NA	edf32dfe187a25ee159339c22be2ff4c1c093df4	stack c0rc	final-iam.json (final RC QA, product bc5c47f292d0)	12
FIN-J03-IAM-M12-D	JOURNEY_03_IAM_LIFECYCLE	UNRATED	PASS	REAL_BACKEND_E2E	bc5c47f292d00846c106669b09679a6fc36daef6	2026-10-10	NODE_SCRIPT(final-iam.mjs)	-	-	C0RC_REAL_STACK	NO	evidence/final-rc-bc5c47f292d0/final-iam.json#IAM-M12-D	953d17e53d05ba939f79d8fa03763fef9cd580da	NA	edf32dfe187a25ee159339c22be2ff4c1c093df4	stack c0rc	final-iam.json (final RC QA, product bc5c47f292d0)	12
FIN-J03-IAM-M12-M1	JOURNEY_03_IAM_LIFECYCLE	UNRATED	PASS	REAL_BACKEND_E2E	bc5c47f292d00846c106669b09679a6fc36daef6	2026-10-10	NODE_SCRIPT(final-iam.mjs)	-	-	C0RC_REAL_STACK	NO	evidence/final-rc-bc5c47f292d0/final-iam.json#IAM-M12-M1	953d17e53d05ba939f79d8fa03763fef9cd580da	NA	edf32dfe187a25ee159339c22be2ff4c1c093df4	stack c0rc	final-iam.json (final RC QA, product bc5c47f292d0)	12
FIN-J03-IAM-M13-A	JOURNEY_03_IAM_LIFECYCLE	UNRATED	PASS	REAL_BACKEND_E2E	bc5c47f292d00846c106669b09679a6fc36daef6	2026-10-10	NODE_SCRIPT(final-iam.mjs)	-	-	C0RC_REAL_STACK	NO	evidence/final-rc-bc5c47f292d0/final-iam.json#IAM-M13-A	953d17e53d05ba939f79d8fa03763fef9cd580da	NA	edf32dfe187a25ee159339c22be2ff4c1c093df4	stack c0rc	final-iam.json (final RC QA, product bc5c47f292d0)	12
FIN-J03-IAM-M13-B	JOURNEY_03_IAM_LIFECYCLE	UNRATED	PASS	REAL_BACKEND_E2E	bc5c47f292d00846c106669b09679a6fc36daef6	2026-10-10	NODE_SCRIPT(final-iam.mjs)	-	-	C0RC_REAL_STACK	NO	evidence/final-rc-bc5c47f292d0/final-iam.json#IAM-M13-B	953d17e53d05ba939f79d8fa03763fef9cd580da	NA	edf32dfe187a25ee159339c22be2ff4c1c093df4	stack c0rc	final-iam.json (final RC QA, product bc5c47f292d0)	12
FIN-J03-IAM-M13-C	JOURNEY_03_IAM_LIFECYCLE	UNRATED	PASS	REAL_BACKEND_E2E	bc5c47f292d00846c106669b09679a6fc36daef6	2026-10-10	NODE_SCRIPT(final-iam.mjs)	-	-	C0RC_REAL_STACK	NO	evidence/final-rc-bc5c47f292d0/final-iam.json#IAM-M13-C	953d17e53d05ba939f79d8fa03763fef9cd580da	NA	edf32dfe187a25ee159339c22be2ff4c1c093df4	stack c0rc	final-iam.json (final RC QA, product bc5c47f292d0)	12
FIN-J03-IAM-M13-D	JOURNEY_03_IAM_LIFECYCLE	UNRATED	PASS	REAL_BACKEND_E2E	bc5c47f292d00846c106669b09679a6fc36daef6	2026-10-10	NODE_SCRIPT(final-iam.mjs)	-	-	C0RC_REAL_STACK	NO	evidence/final-rc-bc5c47f292d0/final-iam.json#IAM-M13-D	953d17e53d05ba939f79d8fa03763fef9cd580da	NA	edf32dfe187a25ee159339c22be2ff4c1c093df4	stack c0rc	final-iam.json (final RC QA, product bc5c47f292d0)	12
FIN-J03-IAM-M13-M1	JOURNEY_03_IAM_LIFECYCLE	UNRATED	PASS	REAL_BACKEND_E2E	bc5c47f292d00846c106669b09679a6fc36daef6	2026-10-10	NODE_SCRIPT(final-iam.mjs)	-	-	C0RC_REAL_STACK	NO	evidence/final-rc-bc5c47f292d0/final-iam.json#IAM-M13-M1	953d17e53d05ba939f79d8fa03763fef9cd580da	NA	edf32dfe187a25ee159339c22be2ff4c1c093df4	stack c0rc	final-iam.json (final RC QA, product bc5c47f292d0)	12
FIN-J03-IAM-FX1	JOURNEY_03_IAM_LIFECYCLE	UNRATED	PASS	REAL_BACKEND_E2E	bc5c47f292d00846c106669b09679a6fc36daef6	2026-10-10	NODE_SCRIPT(final-iam.mjs)	-	-	C0RC_REAL_STACK	NO	evidence/final-rc-bc5c47f292d0/final-iam.json#IAM-FX1	953d17e53d05ba939f79d8fa03763fef9cd580da	NA	edf32dfe187a25ee159339c22be2ff4c1c093df4	stack c0rc	final-iam.json (final RC QA, product bc5c47f292d0)	12
FIN-J03-IAM-FX2	JOURNEY_03_IAM_LIFECYCLE	UNRATED	PASS	REAL_BACKEND_E2E	bc5c47f292d00846c106669b09679a6fc36daef6	2026-10-10	NODE_SCRIPT(final-iam.mjs)	-	-	C0RC_REAL_STACK	NO	evidence/final-rc-bc5c47f292d0/final-iam.json#IAM-FX2	953d17e53d05ba939f79d8fa03763fef9cd580da	NA	edf32dfe187a25ee159339c22be2ff4c1c093df4	stack c0rc	final-iam.json (final RC QA, product bc5c47f292d0)	12
FIN-J03-IAM-FX3	JOURNEY_03_IAM_LIFECYCLE	UNRATED	PASS	REAL_BACKEND_E2E	bc5c47f292d00846c106669b09679a6fc36daef6	2026-10-10	NODE_SCRIPT(final-iam.mjs)	-	-	C0RC_REAL_STACK	NO	evidence/final-rc-bc5c47f292d0/final-iam.json#IAM-FX3	953d17e53d05ba939f79d8fa03763fef9cd580da	NA	edf32dfe187a25ee159339c22be2ff4c1c093df4	stack c0rc	final-iam.json (final RC QA, product bc5c47f292d0)	12
FIN-J03-IAM-FX4	JOURNEY_03_IAM_LIFECYCLE	UNRATED	PASS	REAL_BACKEND_E2E	bc5c47f292d00846c106669b09679a6fc36daef6	2026-10-10	NODE_SCRIPT(final-iam.mjs)	-	-	C0RC_REAL_STACK	NO	evidence/final-rc-bc5c47f292d0/final-iam.json#IAM-FX4	953d17e53d05ba939f79d8fa03763fef9cd580da	NA	edf32dfe187a25ee159339c22be2ff4c1c093df4	stack c0rc	final-iam.json (final RC QA, product bc5c47f292d0)	12
FIN-J03-IAM-M14-A	JOURNEY_03_IAM_LIFECYCLE	UNRATED	PASS	REAL_BACKEND_E2E	bc5c47f292d00846c106669b09679a6fc36daef6	2026-10-10	NODE_SCRIPT(final-iam.mjs)	-	-	C0RC_REAL_STACK	NO	evidence/final-rc-bc5c47f292d0/final-iam.json#IAM-M14-A	953d17e53d05ba939f79d8fa03763fef9cd580da	NA	edf32dfe187a25ee159339c22be2ff4c1c093df4	stack c0rc	final-iam.json (final RC QA, product bc5c47f292d0)	12
FIN-J03-IAM-M14-B	JOURNEY_03_IAM_LIFECYCLE	UNRATED	PASS	REAL_BACKEND_E2E	bc5c47f292d00846c106669b09679a6fc36daef6	2026-10-10	NODE_SCRIPT(final-iam.mjs)	-	-	C0RC_REAL_STACK	NO	evidence/final-rc-bc5c47f292d0/final-iam.json#IAM-M14-B	953d17e53d05ba939f79d8fa03763fef9cd580da	NA	edf32dfe187a25ee159339c22be2ff4c1c093df4	stack c0rc	final-iam.json (final RC QA, product bc5c47f292d0)	12
FIN-J03-IAM-M14-C	JOURNEY_03_IAM_LIFECYCLE	UNRATED	PASS	REAL_BACKEND_E2E	bc5c47f292d00846c106669b09679a6fc36daef6	2026-10-10	NODE_SCRIPT(final-iam.mjs)	-	-	C0RC_REAL_STACK	NO	evidence/final-rc-bc5c47f292d0/final-iam.json#IAM-M14-C	953d17e53d05ba939f79d8fa03763fef9cd580da	NA	edf32dfe187a25ee159339c22be2ff4c1c093df4	stack c0rc	final-iam.json (final RC QA, product bc5c47f292d0)	12
FIN-J03-IAM-M14-D	JOURNEY_03_IAM_LIFECYCLE	UNRATED	PASS	REAL_BACKEND_E2E	bc5c47f292d00846c106669b09679a6fc36daef6	2026-10-10	NODE_SCRIPT(final-iam.mjs)	-	-	C0RC_REAL_STACK	NO	evidence/final-rc-bc5c47f292d0/final-iam.json#IAM-M14-D	953d17e53d05ba939f79d8fa03763fef9cd580da	NA	edf32dfe187a25ee159339c22be2ff4c1c093df4	stack c0rc	final-iam.json (final RC QA, product bc5c47f292d0)	12
FIN-J03-IAM-M14-M1	JOURNEY_03_IAM_LIFECYCLE	UNRATED	PASS	REAL_BACKEND_E2E	bc5c47f292d00846c106669b09679a6fc36daef6	2026-10-10	NODE_SCRIPT(final-iam.mjs)	-	-	C0RC_REAL_STACK	NO	evidence/final-rc-bc5c47f292d0/final-iam.json#IAM-M14-M1	953d17e53d05ba939f79d8fa03763fef9cd580da	NA	edf32dfe187a25ee159339c22be2ff4c1c093df4	stack c0rc	final-iam.json (final RC QA, product bc5c47f292d0)	12
FIN-J03-IAM-M15-A	JOURNEY_03_IAM_LIFECYCLE	UNRATED	PASS	REAL_BACKEND_E2E	bc5c47f292d00846c106669b09679a6fc36daef6	2026-10-10	NODE_SCRIPT(final-iam.mjs)	-	-	C0RC_REAL_STACK	NO	evidence/final-rc-bc5c47f292d0/final-iam.json#IAM-M15-A	953d17e53d05ba939f79d8fa03763fef9cd580da	NA	edf32dfe187a25ee159339c22be2ff4c1c093df4	stack c0rc	final-iam.json (final RC QA, product bc5c47f292d0)	12
FIN-J03-IAM-M15-B	JOURNEY_03_IAM_LIFECYCLE	UNRATED	PASS	REAL_BACKEND_E2E	bc5c47f292d00846c106669b09679a6fc36daef6	2026-10-10	NODE_SCRIPT(final-iam.mjs)	-	-	C0RC_REAL_STACK	NO	evidence/final-rc-bc5c47f292d0/final-iam.json#IAM-M15-B	953d17e53d05ba939f79d8fa03763fef9cd580da	NA	edf32dfe187a25ee159339c22be2ff4c1c093df4	stack c0rc	final-iam.json (final RC QA, product bc5c47f292d0)	12
FIN-J03-IAM-M15-C	JOURNEY_03_IAM_LIFECYCLE	UNRATED	PASS	REAL_BACKEND_E2E	bc5c47f292d00846c106669b09679a6fc36daef6	2026-10-10	NODE_SCRIPT(final-iam.mjs)	-	-	C0RC_REAL_STACK	NO	evidence/final-rc-bc5c47f292d0/final-iam.json#IAM-M15-C	953d17e53d05ba939f79d8fa03763fef9cd580da	NA	edf32dfe187a25ee159339c22be2ff4c1c093df4	stack c0rc	final-iam.json (final RC QA, product bc5c47f292d0)	12
FIN-J03-IAM-M15-D	JOURNEY_03_IAM_LIFECYCLE	UNRATED	PASS	REAL_BACKEND_E2E	bc5c47f292d00846c106669b09679a6fc36daef6	2026-10-10	NODE_SCRIPT(final-iam.mjs)	-	-	C0RC_REAL_STACK	NO	evidence/final-rc-bc5c47f292d0/final-iam.json#IAM-M15-D	953d17e53d05ba939f79d8fa03763fef9cd580da	NA	edf32dfe187a25ee159339c22be2ff4c1c093df4	stack c0rc	final-iam.json (final RC QA, product bc5c47f292d0)	12
FIN-J03-IAM-M15-M1	JOURNEY_03_IAM_LIFECYCLE	UNRATED	PASS	REAL_BACKEND_E2E	bc5c47f292d00846c106669b09679a6fc36daef6	2026-10-10	NODE_SCRIPT(final-iam.mjs)	-	-	C0RC_REAL_STACK	NO	evidence/final-rc-bc5c47f292d0/final-iam.json#IAM-M15-M1	953d17e53d05ba939f79d8fa03763fef9cd580da	NA	edf32dfe187a25ee159339c22be2ff4c1c093df4	stack c0rc	final-iam.json (final RC QA, product bc5c47f292d0)	12
FIN-J03-IAM-M16-A	JOURNEY_03_IAM_LIFECYCLE	UNRATED	PASS	REAL_BACKEND_E2E	bc5c47f292d00846c106669b09679a6fc36daef6	2026-10-10	NODE_SCRIPT(final-iam.mjs)	-	-	C0RC_REAL_STACK	NO	evidence/final-rc-bc5c47f292d0/final-iam.json#IAM-M16-A	953d17e53d05ba939f79d8fa03763fef9cd580da	NA	edf32dfe187a25ee159339c22be2ff4c1c093df4	stack c0rc	final-iam.json (final RC QA, product bc5c47f292d0)	12
FIN-J03-IAM-M16-B	JOURNEY_03_IAM_LIFECYCLE	UNRATED	PASS	REAL_BACKEND_E2E	bc5c47f292d00846c106669b09679a6fc36daef6	2026-10-10	NODE_SCRIPT(final-iam.mjs)	-	-	C0RC_REAL_STACK	NO	evidence/final-rc-bc5c47f292d0/final-iam.json#IAM-M16-B	953d17e53d05ba939f79d8fa03763fef9cd580da	NA	edf32dfe187a25ee159339c22be2ff4c1c093df4	stack c0rc	final-iam.json (final RC QA, product bc5c47f292d0)	12
FIN-J03-IAM-M16-C	JOURNEY_03_IAM_LIFECYCLE	UNRATED	PASS	REAL_BACKEND_E2E	bc5c47f292d00846c106669b09679a6fc36daef6	2026-10-10	NODE_SCRIPT(final-iam.mjs)	-	-	C0RC_REAL_STACK	NO	evidence/final-rc-bc5c47f292d0/final-iam.json#IAM-M16-C	953d17e53d05ba939f79d8fa03763fef9cd580da	NA	edf32dfe187a25ee159339c22be2ff4c1c093df4	stack c0rc	final-iam.json (final RC QA, product bc5c47f292d0)	12
FIN-J03-IAM-M16-D	JOURNEY_03_IAM_LIFECYCLE	UNRATED	PASS	REAL_BACKEND_E2E	bc5c47f292d00846c106669b09679a6fc36daef6	2026-10-10	NODE_SCRIPT(final-iam.mjs)	-	-	C0RC_REAL_STACK	NO	evidence/final-rc-bc5c47f292d0/final-iam.json#IAM-M16-D	953d17e53d05ba939f79d8fa03763fef9cd580da	NA	edf32dfe187a25ee159339c22be2ff4c1c093df4	stack c0rc	final-iam.json (final RC QA, product bc5c47f292d0)	12
FIN-J03-IAM-M16-M1	JOURNEY_03_IAM_LIFECYCLE	UNRATED	PASS	REAL_BACKEND_E2E	bc5c47f292d00846c106669b09679a6fc36daef6	2026-10-10	NODE_SCRIPT(final-iam.mjs)	-	-	C0RC_REAL_STACK	NO	evidence/final-rc-bc5c47f292d0/final-iam.json#IAM-M16-M1	953d17e53d05ba939f79d8fa03763fef9cd580da	NA	edf32dfe187a25ee159339c22be2ff4c1c093df4	stack c0rc	final-iam.json (final RC QA, product bc5c47f292d0)	12
FIN-J03-IAM-M17-A	JOURNEY_03_IAM_LIFECYCLE	UNRATED	PASS	REAL_BACKEND_E2E	bc5c47f292d00846c106669b09679a6fc36daef6	2026-10-10	NODE_SCRIPT(final-iam.mjs)	-	-	C0RC_REAL_STACK	NO	evidence/final-rc-bc5c47f292d0/final-iam.json#IAM-M17-A	953d17e53d05ba939f79d8fa03763fef9cd580da	NA	edf32dfe187a25ee159339c22be2ff4c1c093df4	stack c0rc	final-iam.json (final RC QA, product bc5c47f292d0)	12
FIN-J03-IAM-M17-B	JOURNEY_03_IAM_LIFECYCLE	UNRATED	PASS	REAL_BACKEND_E2E	bc5c47f292d00846c106669b09679a6fc36daef6	2026-10-10	NODE_SCRIPT(final-iam.mjs)	-	-	C0RC_REAL_STACK	NO	evidence/final-rc-bc5c47f292d0/final-iam.json#IAM-M17-B	953d17e53d05ba939f79d8fa03763fef9cd580da	NA	edf32dfe187a25ee159339c22be2ff4c1c093df4	stack c0rc	final-iam.json (final RC QA, product bc5c47f292d0)	12
FIN-J03-IAM-M17-C	JOURNEY_03_IAM_LIFECYCLE	UNRATED	PASS	REAL_BACKEND_E2E	bc5c47f292d00846c106669b09679a6fc36daef6	2026-10-10	NODE_SCRIPT(final-iam.mjs)	-	-	C0RC_REAL_STACK	NO	evidence/final-rc-bc5c47f292d0/final-iam.json#IAM-M17-C	953d17e53d05ba939f79d8fa03763fef9cd580da	NA	edf32dfe187a25ee159339c22be2ff4c1c093df4	stack c0rc	final-iam.json (final RC QA, product bc5c47f292d0)	12
FIN-J03-IAM-M17-D	JOURNEY_03_IAM_LIFECYCLE	UNRATED	PASS	REAL_BACKEND_E2E	bc5c47f292d00846c106669b09679a6fc36daef6	2026-10-10	NODE_SCRIPT(final-iam.mjs)	-	-	C0RC_REAL_STACK	NO	evidence/final-rc-bc5c47f292d0/final-iam.json#IAM-M17-D	953d17e53d05ba939f79d8fa03763fef9cd580da	NA	edf32dfe187a25ee159339c22be2ff4c1c093df4	stack c0rc	final-iam.json (final RC QA, product bc5c47f292d0)	12
FIN-J03-IAM-M17-M1	JOURNEY_03_IAM_LIFECYCLE	UNRATED	PASS	REAL_BACKEND_E2E	bc5c47f292d00846c106669b09679a6fc36daef6	2026-10-10	NODE_SCRIPT(final-iam.mjs)	-	-	C0RC_REAL_STACK	NO	evidence/final-rc-bc5c47f292d0/final-iam.json#IAM-M17-M1	953d17e53d05ba939f79d8fa03763fef9cd580da	NA	edf32dfe187a25ee159339c22be2ff4c1c093df4	stack c0rc	final-iam.json (final RC QA, product bc5c47f292d0)	12
FIN-J03-IAM-M18-A	JOURNEY_03_IAM_LIFECYCLE	UNRATED	PASS	REAL_BACKEND_E2E	bc5c47f292d00846c106669b09679a6fc36daef6	2026-10-10	NODE_SCRIPT(final-iam.mjs)	-	-	C0RC_REAL_STACK	NO	evidence/final-rc-bc5c47f292d0/final-iam.json#IAM-M18-A	953d17e53d05ba939f79d8fa03763fef9cd580da	NA	edf32dfe187a25ee159339c22be2ff4c1c093df4	stack c0rc	final-iam.json (final RC QA, product bc5c47f292d0)	12
FIN-J03-IAM-M18-B	JOURNEY_03_IAM_LIFECYCLE	UNRATED	PASS	REAL_BACKEND_E2E	bc5c47f292d00846c106669b09679a6fc36daef6	2026-10-10	NODE_SCRIPT(final-iam.mjs)	-	-	C0RC_REAL_STACK	NO	evidence/final-rc-bc5c47f292d0/final-iam.json#IAM-M18-B	953d17e53d05ba939f79d8fa03763fef9cd580da	NA	edf32dfe187a25ee159339c22be2ff4c1c093df4	stack c0rc	final-iam.json (final RC QA, product bc5c47f292d0)	12
FIN-J03-IAM-M18-C	JOURNEY_03_IAM_LIFECYCLE	UNRATED	PASS	REAL_BACKEND_E2E	bc5c47f292d00846c106669b09679a6fc36daef6	2026-10-10	NODE_SCRIPT(final-iam.mjs)	-	-	C0RC_REAL_STACK	NO	evidence/final-rc-bc5c47f292d0/final-iam.json#IAM-M18-C	953d17e53d05ba939f79d8fa03763fef9cd580da	NA	edf32dfe187a25ee159339c22be2ff4c1c093df4	stack c0rc	final-iam.json (final RC QA, product bc5c47f292d0)	12
FIN-J03-IAM-M18-D	JOURNEY_03_IAM_LIFECYCLE	UNRATED	PASS	REAL_BACKEND_E2E	bc5c47f292d00846c106669b09679a6fc36daef6	2026-10-10	NODE_SCRIPT(final-iam.mjs)	-	-	C0RC_REAL_STACK	NO	evidence/final-rc-bc5c47f292d0/final-iam.json#IAM-M18-D	953d17e53d05ba939f79d8fa03763fef9cd580da	NA	edf32dfe187a25ee159339c22be2ff4c1c093df4	stack c0rc	final-iam.json (final RC QA, product bc5c47f292d0)	12
FIN-J03-IAM-M18-M1	JOURNEY_03_IAM_LIFECYCLE	UNRATED	PASS	REAL_BACKEND_E2E	bc5c47f292d00846c106669b09679a6fc36daef6	2026-10-10	NODE_SCRIPT(final-iam.mjs)	-	-	C0RC_REAL_STACK	NO	evidence/final-rc-bc5c47f292d0/final-iam.json#IAM-M18-M1	953d17e53d05ba939f79d8fa03763fef9cd580da	NA	edf32dfe187a25ee159339c22be2ff4c1c093df4	stack c0rc	final-iam.json (final RC QA, product bc5c47f292d0)	12
FIN-J03-IAM-M20-A	JOURNEY_03_IAM_LIFECYCLE	UNRATED	PASS	REAL_BACKEND_E2E	bc5c47f292d00846c106669b09679a6fc36daef6	2026-10-10	NODE_SCRIPT(final-iam.mjs)	-	-	C0RC_REAL_STACK	NO	evidence/final-rc-bc5c47f292d0/final-iam.json#IAM-M20-A	953d17e53d05ba939f79d8fa03763fef9cd580da	NA	edf32dfe187a25ee159339c22be2ff4c1c093df4	stack c0rc	final-iam.json (final RC QA, product bc5c47f292d0)	12
FIN-J03-IAM-M20-B	JOURNEY_03_IAM_LIFECYCLE	UNRATED	PASS	REAL_BACKEND_E2E	bc5c47f292d00846c106669b09679a6fc36daef6	2026-10-10	NODE_SCRIPT(final-iam.mjs)	-	-	C0RC_REAL_STACK	NO	evidence/final-rc-bc5c47f292d0/final-iam.json#IAM-M20-B	953d17e53d05ba939f79d8fa03763fef9cd580da	NA	edf32dfe187a25ee159339c22be2ff4c1c093df4	stack c0rc	final-iam.json (final RC QA, product bc5c47f292d0)	12
FIN-J03-IAM-M20-C	JOURNEY_03_IAM_LIFECYCLE	UNRATED	PASS	REAL_BACKEND_E2E	bc5c47f292d00846c106669b09679a6fc36daef6	2026-10-10	NODE_SCRIPT(final-iam.mjs)	-	-	C0RC_REAL_STACK	NO	evidence/final-rc-bc5c47f292d0/final-iam.json#IAM-M20-C	953d17e53d05ba939f79d8fa03763fef9cd580da	NA	edf32dfe187a25ee159339c22be2ff4c1c093df4	stack c0rc	final-iam.json (final RC QA, product bc5c47f292d0)	12
FIN-J03-IAM-M20-D	JOURNEY_03_IAM_LIFECYCLE	UNRATED	PASS	REAL_BACKEND_E2E	bc5c47f292d00846c106669b09679a6fc36daef6	2026-10-10	NODE_SCRIPT(final-iam.mjs)	-	-	C0RC_REAL_STACK	NO	evidence/final-rc-bc5c47f292d0/final-iam.json#IAM-M20-D	953d17e53d05ba939f79d8fa03763fef9cd580da	NA	edf32dfe187a25ee159339c22be2ff4c1c093df4	stack c0rc	final-iam.json (final RC QA, product bc5c47f292d0)	12
FIN-J03-IAM-M20-M1	JOURNEY_03_IAM_LIFECYCLE	UNRATED	PASS	REAL_BACKEND_E2E	bc5c47f292d00846c106669b09679a6fc36daef6	2026-10-10	NODE_SCRIPT(final-iam.mjs)	-	-	C0RC_REAL_STACK	NO	evidence/final-rc-bc5c47f292d0/final-iam.json#IAM-M20-M1	953d17e53d05ba939f79d8fa03763fef9cd580da	NA	edf32dfe187a25ee159339c22be2ff4c1c093df4	stack c0rc	final-iam.json (final RC QA, product bc5c47f292d0)	12
FIN-J03-IAM-M19	JOURNEY_03_IAM_LIFECYCLE	UNRATED	PASS	REAL_BACKEND_E2E	bc5c47f292d00846c106669b09679a6fc36daef6	2026-10-10	NODE_SCRIPT(final-iam.mjs)	-	-	C0RC_REAL_STACK	NO	evidence/final-rc-bc5c47f292d0/final-iam.json#IAM-M19	953d17e53d05ba939f79d8fa03763fef9cd580da	NA	edf32dfe187a25ee159339c22be2ff4c1c093df4	stack c0rc	final-iam.json (final RC QA, product bc5c47f292d0)	12
FIN-J03-IAM-M19-M1	JOURNEY_03_IAM_LIFECYCLE	UNRATED	PASS	REAL_BACKEND_E2E	bc5c47f292d00846c106669b09679a6fc36daef6	2026-10-10	NODE_SCRIPT(final-iam.mjs)	-	-	C0RC_REAL_STACK	NO	evidence/final-rc-bc5c47f292d0/final-iam.json#IAM-M19-M1	953d17e53d05ba939f79d8fa03763fef9cd580da	NA	edf32dfe187a25ee159339c22be2ff4c1c093df4	stack c0rc	final-iam.json (final RC QA, product bc5c47f292d0)	12
FIN-J03-IAM-M19-B	JOURNEY_03_IAM_LIFECYCLE	UNRATED	PASS	REAL_BACKEND_E2E	bc5c47f292d00846c106669b09679a6fc36daef6	2026-10-10	NODE_SCRIPT(final-iam.mjs)	-	-	C0RC_REAL_STACK	NO	evidence/final-rc-bc5c47f292d0/final-iam.json#IAM-M19-B	953d17e53d05ba939f79d8fa03763fef9cd580da	NA	edf32dfe187a25ee159339c22be2ff4c1c093df4	stack c0rc	final-iam.json (final RC QA, product bc5c47f292d0)	12
FIN-J03-IAM-M19c-B	JOURNEY_03_IAM_LIFECYCLE	UNRATED	PASS	REAL_BACKEND_E2E	bc5c47f292d00846c106669b09679a6fc36daef6	2026-10-10	NODE_SCRIPT(final-iam.mjs)	-	-	C0RC_REAL_STACK	NO	evidence/final-rc-bc5c47f292d0/final-iam.json#IAM-M19c-B	953d17e53d05ba939f79d8fa03763fef9cd580da	NA	edf32dfe187a25ee159339c22be2ff4c1c093df4	stack c0rc	final-iam.json (final RC QA, product bc5c47f292d0)	12
FIN-J03-IAM-M19-C	JOURNEY_03_IAM_LIFECYCLE	UNRATED	PASS	REAL_BACKEND_E2E	bc5c47f292d00846c106669b09679a6fc36daef6	2026-10-10	NODE_SCRIPT(final-iam.mjs)	-	-	C0RC_REAL_STACK	NO	evidence/final-rc-bc5c47f292d0/final-iam.json#IAM-M19-C	953d17e53d05ba939f79d8fa03763fef9cd580da	NA	edf32dfe187a25ee159339c22be2ff4c1c093df4	stack c0rc	final-iam.json (final RC QA, product bc5c47f292d0)	12
FIN-J03-IAM-M19c-C	JOURNEY_03_IAM_LIFECYCLE	UNRATED	PASS	REAL_BACKEND_E2E	bc5c47f292d00846c106669b09679a6fc36daef6	2026-10-10	NODE_SCRIPT(final-iam.mjs)	-	-	C0RC_REAL_STACK	NO	evidence/final-rc-bc5c47f292d0/final-iam.json#IAM-M19c-C	953d17e53d05ba939f79d8fa03763fef9cd580da	NA	edf32dfe187a25ee159339c22be2ff4c1c093df4	stack c0rc	final-iam.json (final RC QA, product bc5c47f292d0)	12
FIN-J03-IAM-M19-D	JOURNEY_03_IAM_LIFECYCLE	UNRATED	PASS	REAL_BACKEND_E2E	bc5c47f292d00846c106669b09679a6fc36daef6	2026-10-10	NODE_SCRIPT(final-iam.mjs)	-	-	C0RC_REAL_STACK	NO	evidence/final-rc-bc5c47f292d0/final-iam.json#IAM-M19-D	953d17e53d05ba939f79d8fa03763fef9cd580da	NA	edf32dfe187a25ee159339c22be2ff4c1c093df4	stack c0rc	final-iam.json (final RC QA, product bc5c47f292d0)	12
FIN-J03-IAM-M19c-D	JOURNEY_03_IAM_LIFECYCLE	UNRATED	PASS	REAL_BACKEND_E2E	bc5c47f292d00846c106669b09679a6fc36daef6	2026-10-10	NODE_SCRIPT(final-iam.mjs)	-	-	C0RC_REAL_STACK	NO	evidence/final-rc-bc5c47f292d0/final-iam.json#IAM-M19c-D	953d17e53d05ba939f79d8fa03763fef9cd580da	NA	edf32dfe187a25ee159339c22be2ff4c1c093df4	stack c0rc	final-iam.json (final RC QA, product bc5c47f292d0)	12
FIN-J03-IAM-M19-A	JOURNEY_03_IAM_LIFECYCLE	UNRATED	PASS	REAL_BACKEND_E2E	bc5c47f292d00846c106669b09679a6fc36daef6	2026-10-10	NODE_SCRIPT(final-iam.mjs)	-	-	C0RC_REAL_STACK	NO	evidence/final-rc-bc5c47f292d0/final-iam.json#IAM-M19-A	953d17e53d05ba939f79d8fa03763fef9cd580da	NA	edf32dfe187a25ee159339c22be2ff4c1c093df4	stack c0rc	final-iam.json (final RC QA, product bc5c47f292d0)	12
FIN-J03-IAM-M21-A	JOURNEY_03_IAM_LIFECYCLE	UNRATED	PASS	REAL_BACKEND_E2E	bc5c47f292d00846c106669b09679a6fc36daef6	2026-10-10	NODE_SCRIPT(final-iam.mjs)	-	-	C0RC_REAL_STACK	NO	evidence/final-rc-bc5c47f292d0/final-iam.json#IAM-M21-A	953d17e53d05ba939f79d8fa03763fef9cd580da	NA	edf32dfe187a25ee159339c22be2ff4c1c093df4	stack c0rc	final-iam.json (final RC QA, product bc5c47f292d0)	12
FIN-J03-IAM-M21-B	JOURNEY_03_IAM_LIFECYCLE	UNRATED	PASS	REAL_BACKEND_E2E	bc5c47f292d00846c106669b09679a6fc36daef6	2026-10-10	NODE_SCRIPT(final-iam.mjs)	-	-	C0RC_REAL_STACK	NO	evidence/final-rc-bc5c47f292d0/final-iam.json#IAM-M21-B	953d17e53d05ba939f79d8fa03763fef9cd580da	NA	edf32dfe187a25ee159339c22be2ff4c1c093df4	stack c0rc	final-iam.json (final RC QA, product bc5c47f292d0)	12
FIN-J03-IAM-M21-C	JOURNEY_03_IAM_LIFECYCLE	UNRATED	PASS	REAL_BACKEND_E2E	bc5c47f292d00846c106669b09679a6fc36daef6	2026-10-10	NODE_SCRIPT(final-iam.mjs)	-	-	C0RC_REAL_STACK	NO	evidence/final-rc-bc5c47f292d0/final-iam.json#IAM-M21-C	953d17e53d05ba939f79d8fa03763fef9cd580da	NA	edf32dfe187a25ee159339c22be2ff4c1c093df4	stack c0rc	final-iam.json (final RC QA, product bc5c47f292d0)	12
FIN-J03-IAM-M21-D	JOURNEY_03_IAM_LIFECYCLE	UNRATED	PASS	REAL_BACKEND_E2E	bc5c47f292d00846c106669b09679a6fc36daef6	2026-10-10	NODE_SCRIPT(final-iam.mjs)	-	-	C0RC_REAL_STACK	NO	evidence/final-rc-bc5c47f292d0/final-iam.json#IAM-M21-D	953d17e53d05ba939f79d8fa03763fef9cd580da	NA	edf32dfe187a25ee159339c22be2ff4c1c093df4	stack c0rc	final-iam.json (final RC QA, product bc5c47f292d0)	12
FIN-J03-IAM-M21-M1	JOURNEY_03_IAM_LIFECYCLE	UNRATED	PASS	REAL_BACKEND_E2E	bc5c47f292d00846c106669b09679a6fc36daef6	2026-10-10	NODE_SCRIPT(final-iam.mjs)	-	-	C0RC_REAL_STACK	NO	evidence/final-rc-bc5c47f292d0/final-iam.json#IAM-M21-M1	953d17e53d05ba939f79d8fa03763fef9cd580da	NA	edf32dfe187a25ee159339c22be2ff4c1c093df4	stack c0rc	final-iam.json (final RC QA, product bc5c47f292d0)	12
FIN-J03-IAM-M22-A	JOURNEY_03_IAM_LIFECYCLE	UNRATED	PASS	REAL_BACKEND_E2E	bc5c47f292d00846c106669b09679a6fc36daef6	2026-10-10	NODE_SCRIPT(final-iam.mjs)	-	-	C0RC_REAL_STACK	NO	evidence/final-rc-bc5c47f292d0/final-iam.json#IAM-M22-A	953d17e53d05ba939f79d8fa03763fef9cd580da	NA	edf32dfe187a25ee159339c22be2ff4c1c093df4	stack c0rc	final-iam.json (final RC QA, product bc5c47f292d0)	12
FIN-J03-IAM-M22-B	JOURNEY_03_IAM_LIFECYCLE	UNRATED	PASS	REAL_BACKEND_E2E	bc5c47f292d00846c106669b09679a6fc36daef6	2026-10-10	NODE_SCRIPT(final-iam.mjs)	-	-	C0RC_REAL_STACK	NO	evidence/final-rc-bc5c47f292d0/final-iam.json#IAM-M22-B	953d17e53d05ba939f79d8fa03763fef9cd580da	NA	edf32dfe187a25ee159339c22be2ff4c1c093df4	stack c0rc	final-iam.json (final RC QA, product bc5c47f292d0)	12
FIN-J03-IAM-M22-C	JOURNEY_03_IAM_LIFECYCLE	UNRATED	PASS	REAL_BACKEND_E2E	bc5c47f292d00846c106669b09679a6fc36daef6	2026-10-10	NODE_SCRIPT(final-iam.mjs)	-	-	C0RC_REAL_STACK	NO	evidence/final-rc-bc5c47f292d0/final-iam.json#IAM-M22-C	953d17e53d05ba939f79d8fa03763fef9cd580da	NA	edf32dfe187a25ee159339c22be2ff4c1c093df4	stack c0rc	final-iam.json (final RC QA, product bc5c47f292d0)	12
FIN-J03-IAM-M22-D	JOURNEY_03_IAM_LIFECYCLE	UNRATED	PASS	REAL_BACKEND_E2E	bc5c47f292d00846c106669b09679a6fc36daef6	2026-10-10	NODE_SCRIPT(final-iam.mjs)	-	-	C0RC_REAL_STACK	NO	evidence/final-rc-bc5c47f292d0/final-iam.json#IAM-M22-D	953d17e53d05ba939f79d8fa03763fef9cd580da	NA	edf32dfe187a25ee159339c22be2ff4c1c093df4	stack c0rc	final-iam.json (final RC QA, product bc5c47f292d0)	12
FIN-J03-IAM-M22-M1	JOURNEY_03_IAM_LIFECYCLE	UNRATED	PASS	REAL_BACKEND_E2E	bc5c47f292d00846c106669b09679a6fc36daef6	2026-10-10	NODE_SCRIPT(final-iam.mjs)	-	-	C0RC_REAL_STACK	NO	evidence/final-rc-bc5c47f292d0/final-iam.json#IAM-M22-M1	953d17e53d05ba939f79d8fa03763fef9cd580da	NA	edf32dfe187a25ee159339c22be2ff4c1c093df4	stack c0rc	final-iam.json (final RC QA, product bc5c47f292d0)	12
FIN-J03-IAM-M23-A	JOURNEY_03_IAM_LIFECYCLE	UNRATED	PASS	REAL_BACKEND_E2E	bc5c47f292d00846c106669b09679a6fc36daef6	2026-10-10	NODE_SCRIPT(final-iam.mjs)	-	-	C0RC_REAL_STACK	NO	evidence/final-rc-bc5c47f292d0/final-iam.json#IAM-M23-A	953d17e53d05ba939f79d8fa03763fef9cd580da	NA	edf32dfe187a25ee159339c22be2ff4c1c093df4	stack c0rc	final-iam.json (final RC QA, product bc5c47f292d0)	12
FIN-J03-IAM-M23-B	JOURNEY_03_IAM_LIFECYCLE	UNRATED	PASS	REAL_BACKEND_E2E	bc5c47f292d00846c106669b09679a6fc36daef6	2026-10-10	NODE_SCRIPT(final-iam.mjs)	-	-	C0RC_REAL_STACK	NO	evidence/final-rc-bc5c47f292d0/final-iam.json#IAM-M23-B	953d17e53d05ba939f79d8fa03763fef9cd580da	NA	edf32dfe187a25ee159339c22be2ff4c1c093df4	stack c0rc	final-iam.json (final RC QA, product bc5c47f292d0)	12
FIN-J03-IAM-M23-C	JOURNEY_03_IAM_LIFECYCLE	UNRATED	PASS	REAL_BACKEND_E2E	bc5c47f292d00846c106669b09679a6fc36daef6	2026-10-10	NODE_SCRIPT(final-iam.mjs)	-	-	C0RC_REAL_STACK	NO	evidence/final-rc-bc5c47f292d0/final-iam.json#IAM-M23-C	953d17e53d05ba939f79d8fa03763fef9cd580da	NA	edf32dfe187a25ee159339c22be2ff4c1c093df4	stack c0rc	final-iam.json (final RC QA, product bc5c47f292d0)	12
FIN-J03-IAM-M23-D	JOURNEY_03_IAM_LIFECYCLE	UNRATED	PASS	REAL_BACKEND_E2E	bc5c47f292d00846c106669b09679a6fc36daef6	2026-10-10	NODE_SCRIPT(final-iam.mjs)	-	-	C0RC_REAL_STACK	NO	evidence/final-rc-bc5c47f292d0/final-iam.json#IAM-M23-D	953d17e53d05ba939f79d8fa03763fef9cd580da	NA	edf32dfe187a25ee159339c22be2ff4c1c093df4	stack c0rc	final-iam.json (final RC QA, product bc5c47f292d0)	12
FIN-J03-IAM-M23-M1	JOURNEY_03_IAM_LIFECYCLE	UNRATED	PASS	REAL_BACKEND_E2E	bc5c47f292d00846c106669b09679a6fc36daef6	2026-10-10	NODE_SCRIPT(final-iam.mjs)	-	-	C0RC_REAL_STACK	NO	evidence/final-rc-bc5c47f292d0/final-iam.json#IAM-M23-M1	953d17e53d05ba939f79d8fa03763fef9cd580da	NA	edf32dfe187a25ee159339c22be2ff4c1c093df4	stack c0rc	final-iam.json (final RC QA, product bc5c47f292d0)	12
FIN-J03-IAM-M24-A	JOURNEY_03_IAM_LIFECYCLE	UNRATED	PASS	REAL_BACKEND_E2E	bc5c47f292d00846c106669b09679a6fc36daef6	2026-10-10	NODE_SCRIPT(final-iam.mjs)	-	-	C0RC_REAL_STACK	NO	evidence/final-rc-bc5c47f292d0/final-iam.json#IAM-M24-A	953d17e53d05ba939f79d8fa03763fef9cd580da	NA	edf32dfe187a25ee159339c22be2ff4c1c093df4	stack c0rc	final-iam.json (final RC QA, product bc5c47f292d0)	12
FIN-J03-IAM-M24-B	JOURNEY_03_IAM_LIFECYCLE	UNRATED	PASS	REAL_BACKEND_E2E	bc5c47f292d00846c106669b09679a6fc36daef6	2026-10-10	NODE_SCRIPT(final-iam.mjs)	-	-	C0RC_REAL_STACK	NO	evidence/final-rc-bc5c47f292d0/final-iam.json#IAM-M24-B	953d17e53d05ba939f79d8fa03763fef9cd580da	NA	edf32dfe187a25ee159339c22be2ff4c1c093df4	stack c0rc	final-iam.json (final RC QA, product bc5c47f292d0)	12
FIN-J03-IAM-M24-C	JOURNEY_03_IAM_LIFECYCLE	UNRATED	PASS	REAL_BACKEND_E2E	bc5c47f292d00846c106669b09679a6fc36daef6	2026-10-10	NODE_SCRIPT(final-iam.mjs)	-	-	C0RC_REAL_STACK	NO	evidence/final-rc-bc5c47f292d0/final-iam.json#IAM-M24-C	953d17e53d05ba939f79d8fa03763fef9cd580da	NA	edf32dfe187a25ee159339c22be2ff4c1c093df4	stack c0rc	final-iam.json (final RC QA, product bc5c47f292d0)	12
FIN-J03-IAM-M24-D	JOURNEY_03_IAM_LIFECYCLE	UNRATED	PASS	REAL_BACKEND_E2E	bc5c47f292d00846c106669b09679a6fc36daef6	2026-10-10	NODE_SCRIPT(final-iam.mjs)	-	-	C0RC_REAL_STACK	NO	evidence/final-rc-bc5c47f292d0/final-iam.json#IAM-M24-D	953d17e53d05ba939f79d8fa03763fef9cd580da	NA	edf32dfe187a25ee159339c22be2ff4c1c093df4	stack c0rc	final-iam.json (final RC QA, product bc5c47f292d0)	12
FIN-J03-IAM-M24-M1	JOURNEY_03_IAM_LIFECYCLE	UNRATED	PASS	REAL_BACKEND_E2E	bc5c47f292d00846c106669b09679a6fc36daef6	2026-10-10	NODE_SCRIPT(final-iam.mjs)	-	-	C0RC_REAL_STACK	NO	evidence/final-rc-bc5c47f292d0/final-iam.json#IAM-M24-M1	953d17e53d05ba939f79d8fa03763fef9cd580da	NA	edf32dfe187a25ee159339c22be2ff4c1c093df4	stack c0rc	final-iam.json (final RC QA, product bc5c47f292d0)	12
FIN-J03-IAM-M25-A	JOURNEY_03_IAM_LIFECYCLE	UNRATED	PASS	REAL_BACKEND_E2E	bc5c47f292d00846c106669b09679a6fc36daef6	2026-10-10	NODE_SCRIPT(final-iam.mjs)	-	-	C0RC_REAL_STACK	NO	evidence/final-rc-bc5c47f292d0/final-iam.json#IAM-M25-A	953d17e53d05ba939f79d8fa03763fef9cd580da	NA	edf32dfe187a25ee159339c22be2ff4c1c093df4	stack c0rc	final-iam.json (final RC QA, product bc5c47f292d0)	12
FIN-J03-IAM-M25-B	JOURNEY_03_IAM_LIFECYCLE	UNRATED	PASS	REAL_BACKEND_E2E	bc5c47f292d00846c106669b09679a6fc36daef6	2026-10-10	NODE_SCRIPT(final-iam.mjs)	-	-	C0RC_REAL_STACK	NO	evidence/final-rc-bc5c47f292d0/final-iam.json#IAM-M25-B	953d17e53d05ba939f79d8fa03763fef9cd580da	NA	edf32dfe187a25ee159339c22be2ff4c1c093df4	stack c0rc	final-iam.json (final RC QA, product bc5c47f292d0)	12
FIN-J03-IAM-M25-C	JOURNEY_03_IAM_LIFECYCLE	UNRATED	PASS	REAL_BACKEND_E2E	bc5c47f292d00846c106669b09679a6fc36daef6	2026-10-10	NODE_SCRIPT(final-iam.mjs)	-	-	C0RC_REAL_STACK	NO	evidence/final-rc-bc5c47f292d0/final-iam.json#IAM-M25-C	953d17e53d05ba939f79d8fa03763fef9cd580da	NA	edf32dfe187a25ee159339c22be2ff4c1c093df4	stack c0rc	final-iam.json (final RC QA, product bc5c47f292d0)	12
FIN-J03-IAM-M25-D	JOURNEY_03_IAM_LIFECYCLE	UNRATED	PASS	REAL_BACKEND_E2E	bc5c47f292d00846c106669b09679a6fc36daef6	2026-10-10	NODE_SCRIPT(final-iam.mjs)	-	-	C0RC_REAL_STACK	NO	evidence/final-rc-bc5c47f292d0/final-iam.json#IAM-M25-D	953d17e53d05ba939f79d8fa03763fef9cd580da	NA	edf32dfe187a25ee159339c22be2ff4c1c093df4	stack c0rc	final-iam.json (final RC QA, product bc5c47f292d0)	12
FIN-J03-IAM-M25-M1	JOURNEY_03_IAM_LIFECYCLE	UNRATED	PASS	REAL_BACKEND_E2E	bc5c47f292d00846c106669b09679a6fc36daef6	2026-10-10	NODE_SCRIPT(final-iam.mjs)	-	-	C0RC_REAL_STACK	NO	evidence/final-rc-bc5c47f292d0/final-iam.json#IAM-M25-M1	953d17e53d05ba939f79d8fa03763fef9cd580da	NA	edf32dfe187a25ee159339c22be2ff4c1c093df4	stack c0rc	final-iam.json (final RC QA, product bc5c47f292d0)	12
FIN-J03-IAM-M26-B	JOURNEY_03_IAM_LIFECYCLE	UNRATED	PASS	REAL_BACKEND_E2E	bc5c47f292d00846c106669b09679a6fc36daef6	2026-10-10	NODE_SCRIPT(final-iam.mjs)	-	-	C0RC_REAL_STACK	NO	evidence/final-rc-bc5c47f292d0/final-iam.json#IAM-M26-B	953d17e53d05ba939f79d8fa03763fef9cd580da	NA	edf32dfe187a25ee159339c22be2ff4c1c093df4	stack c0rc	final-iam.json (final RC QA, product bc5c47f292d0)	12
FIN-J03-IAM-M26-C	JOURNEY_03_IAM_LIFECYCLE	UNRATED	PASS	REAL_BACKEND_E2E	bc5c47f292d00846c106669b09679a6fc36daef6	2026-10-10	NODE_SCRIPT(final-iam.mjs)	-	-	C0RC_REAL_STACK	NO	evidence/final-rc-bc5c47f292d0/final-iam.json#IAM-M26-C	953d17e53d05ba939f79d8fa03763fef9cd580da	NA	edf32dfe187a25ee159339c22be2ff4c1c093df4	stack c0rc	final-iam.json (final RC QA, product bc5c47f292d0)	12
FIN-J03-IAM-M26-D	JOURNEY_03_IAM_LIFECYCLE	UNRATED	PASS	REAL_BACKEND_E2E	bc5c47f292d00846c106669b09679a6fc36daef6	2026-10-10	NODE_SCRIPT(final-iam.mjs)	-	-	C0RC_REAL_STACK	NO	evidence/final-rc-bc5c47f292d0/final-iam.json#IAM-M26-D	953d17e53d05ba939f79d8fa03763fef9cd580da	NA	edf32dfe187a25ee159339c22be2ff4c1c093df4	stack c0rc	final-iam.json (final RC QA, product bc5c47f292d0)	12
FIN-J03-IAM-M26-M1	JOURNEY_03_IAM_LIFECYCLE	UNRATED	PASS	REAL_BACKEND_E2E	bc5c47f292d00846c106669b09679a6fc36daef6	2026-10-10	NODE_SCRIPT(final-iam.mjs)	-	-	C0RC_REAL_STACK	NO	evidence/final-rc-bc5c47f292d0/final-iam.json#IAM-M26-M1	953d17e53d05ba939f79d8fa03763fef9cd580da	NA	edf32dfe187a25ee159339c22be2ff4c1c093df4	stack c0rc	final-iam.json (final RC QA, product bc5c47f292d0)	12
FIN-J03-IAM-M27-B	JOURNEY_03_IAM_LIFECYCLE	UNRATED	PASS	REAL_BACKEND_E2E	bc5c47f292d00846c106669b09679a6fc36daef6	2026-10-10	NODE_SCRIPT(final-iam.mjs)	-	-	C0RC_REAL_STACK	NO	evidence/final-rc-bc5c47f292d0/final-iam.json#IAM-M27-B	953d17e53d05ba939f79d8fa03763fef9cd580da	NA	edf32dfe187a25ee159339c22be2ff4c1c093df4	stack c0rc	final-iam.json (final RC QA, product bc5c47f292d0)	12
FIN-J03-IAM-M27-C	JOURNEY_03_IAM_LIFECYCLE	UNRATED	PASS	REAL_BACKEND_E2E	bc5c47f292d00846c106669b09679a6fc36daef6	2026-10-10	NODE_SCRIPT(final-iam.mjs)	-	-	C0RC_REAL_STACK	NO	evidence/final-rc-bc5c47f292d0/final-iam.json#IAM-M27-C	953d17e53d05ba939f79d8fa03763fef9cd580da	NA	edf32dfe187a25ee159339c22be2ff4c1c093df4	stack c0rc	final-iam.json (final RC QA, product bc5c47f292d0)	12
FIN-J03-IAM-M27-D	JOURNEY_03_IAM_LIFECYCLE	UNRATED	PASS	REAL_BACKEND_E2E	bc5c47f292d00846c106669b09679a6fc36daef6	2026-10-10	NODE_SCRIPT(final-iam.mjs)	-	-	C0RC_REAL_STACK	NO	evidence/final-rc-bc5c47f292d0/final-iam.json#IAM-M27-D	953d17e53d05ba939f79d8fa03763fef9cd580da	NA	edf32dfe187a25ee159339c22be2ff4c1c093df4	stack c0rc	final-iam.json (final RC QA, product bc5c47f292d0)	12
FIN-J03-IAM-M27-M1	JOURNEY_03_IAM_LIFECYCLE	UNRATED	PASS	REAL_BACKEND_E2E	bc5c47f292d00846c106669b09679a6fc36daef6	2026-10-10	NODE_SCRIPT(final-iam.mjs)	-	-	C0RC_REAL_STACK	NO	evidence/final-rc-bc5c47f292d0/final-iam.json#IAM-M27-M1	953d17e53d05ba939f79d8fa03763fef9cd580da	NA	edf32dfe187a25ee159339c22be2ff4c1c093df4	stack c0rc	final-iam.json (final RC QA, product bc5c47f292d0)	12
FIN-J03-IAM-M28-B	JOURNEY_03_IAM_LIFECYCLE	UNRATED	PASS	REAL_BACKEND_E2E	bc5c47f292d00846c106669b09679a6fc36daef6	2026-10-10	NODE_SCRIPT(final-iam.mjs)	-	-	C0RC_REAL_STACK	NO	evidence/final-rc-bc5c47f292d0/final-iam.json#IAM-M28-B	953d17e53d05ba939f79d8fa03763fef9cd580da	NA	edf32dfe187a25ee159339c22be2ff4c1c093df4	stack c0rc	final-iam.json (final RC QA, product bc5c47f292d0)	12
FIN-J03-IAM-M28-C	JOURNEY_03_IAM_LIFECYCLE	UNRATED	PASS	REAL_BACKEND_E2E	bc5c47f292d00846c106669b09679a6fc36daef6	2026-10-10	NODE_SCRIPT(final-iam.mjs)	-	-	C0RC_REAL_STACK	NO	evidence/final-rc-bc5c47f292d0/final-iam.json#IAM-M28-C	953d17e53d05ba939f79d8fa03763fef9cd580da	NA	edf32dfe187a25ee159339c22be2ff4c1c093df4	stack c0rc	final-iam.json (final RC QA, product bc5c47f292d0)	12
FIN-J03-IAM-M28-D	JOURNEY_03_IAM_LIFECYCLE	UNRATED	PASS	REAL_BACKEND_E2E	bc5c47f292d00846c106669b09679a6fc36daef6	2026-10-10	NODE_SCRIPT(final-iam.mjs)	-	-	C0RC_REAL_STACK	NO	evidence/final-rc-bc5c47f292d0/final-iam.json#IAM-M28-D	953d17e53d05ba939f79d8fa03763fef9cd580da	NA	edf32dfe187a25ee159339c22be2ff4c1c093df4	stack c0rc	final-iam.json (final RC QA, product bc5c47f292d0)	12
FIN-J03-IAM-M28-M1	JOURNEY_03_IAM_LIFECYCLE	UNRATED	PASS	REAL_BACKEND_E2E	bc5c47f292d00846c106669b09679a6fc36daef6	2026-10-10	NODE_SCRIPT(final-iam.mjs)	-	-	C0RC_REAL_STACK	NO	evidence/final-rc-bc5c47f292d0/final-iam.json#IAM-M28-M1	953d17e53d05ba939f79d8fa03763fef9cd580da	NA	edf32dfe187a25ee159339c22be2ff4c1c093df4	stack c0rc	final-iam.json (final RC QA, product bc5c47f292d0)	12
FIN-J03-IAM-M29-A	JOURNEY_03_IAM_LIFECYCLE	UNRATED	PASS	REAL_BACKEND_E2E	bc5c47f292d00846c106669b09679a6fc36daef6	2026-10-10	NODE_SCRIPT(final-iam.mjs)	-	-	C0RC_REAL_STACK	NO	evidence/final-rc-bc5c47f292d0/final-iam.json#IAM-M29-A	953d17e53d05ba939f79d8fa03763fef9cd580da	NA	edf32dfe187a25ee159339c22be2ff4c1c093df4	stack c0rc	final-iam.json (final RC QA, product bc5c47f292d0)	12
FIN-J03-IAM-M29-B	JOURNEY_03_IAM_LIFECYCLE	UNRATED	PASS	REAL_BACKEND_E2E	bc5c47f292d00846c106669b09679a6fc36daef6	2026-10-10	NODE_SCRIPT(final-iam.mjs)	-	-	C0RC_REAL_STACK	NO	evidence/final-rc-bc5c47f292d0/final-iam.json#IAM-M29-B	953d17e53d05ba939f79d8fa03763fef9cd580da	NA	edf32dfe187a25ee159339c22be2ff4c1c093df4	stack c0rc	final-iam.json (final RC QA, product bc5c47f292d0)	12
FIN-J03-IAM-M29-C	JOURNEY_03_IAM_LIFECYCLE	UNRATED	PASS	REAL_BACKEND_E2E	bc5c47f292d00846c106669b09679a6fc36daef6	2026-10-10	NODE_SCRIPT(final-iam.mjs)	-	-	C0RC_REAL_STACK	NO	evidence/final-rc-bc5c47f292d0/final-iam.json#IAM-M29-C	953d17e53d05ba939f79d8fa03763fef9cd580da	NA	edf32dfe187a25ee159339c22be2ff4c1c093df4	stack c0rc	final-iam.json (final RC QA, product bc5c47f292d0)	12
FIN-J03-IAM-M29-D	JOURNEY_03_IAM_LIFECYCLE	UNRATED	PASS	REAL_BACKEND_E2E	bc5c47f292d00846c106669b09679a6fc36daef6	2026-10-10	NODE_SCRIPT(final-iam.mjs)	-	-	C0RC_REAL_STACK	NO	evidence/final-rc-bc5c47f292d0/final-iam.json#IAM-M29-D	953d17e53d05ba939f79d8fa03763fef9cd580da	NA	edf32dfe187a25ee159339c22be2ff4c1c093df4	stack c0rc	final-iam.json (final RC QA, product bc5c47f292d0)	12
FIN-J03-IAM-M29-M1	JOURNEY_03_IAM_LIFECYCLE	UNRATED	PASS	REAL_BACKEND_E2E	bc5c47f292d00846c106669b09679a6fc36daef6	2026-10-10	NODE_SCRIPT(final-iam.mjs)	-	-	C0RC_REAL_STACK	NO	evidence/final-rc-bc5c47f292d0/final-iam.json#IAM-M29-M1	953d17e53d05ba939f79d8fa03763fef9cd580da	NA	edf32dfe187a25ee159339c22be2ff4c1c093df4	stack c0rc	final-iam.json (final RC QA, product bc5c47f292d0)	12
FIN-J03-IAM-M30-A	JOURNEY_03_IAM_LIFECYCLE	UNRATED	PASS	REAL_BACKEND_E2E	bc5c47f292d00846c106669b09679a6fc36daef6	2026-10-10	NODE_SCRIPT(final-iam.mjs)	-	-	C0RC_REAL_STACK	NO	evidence/final-rc-bc5c47f292d0/final-iam.json#IAM-M30-A	953d17e53d05ba939f79d8fa03763fef9cd580da	NA	edf32dfe187a25ee159339c22be2ff4c1c093df4	stack c0rc	final-iam.json (final RC QA, product bc5c47f292d0)	12
FIN-J03-IAM-M30-B	JOURNEY_03_IAM_LIFECYCLE	UNRATED	PASS	REAL_BACKEND_E2E	bc5c47f292d00846c106669b09679a6fc36daef6	2026-10-10	NODE_SCRIPT(final-iam.mjs)	-	-	C0RC_REAL_STACK	NO	evidence/final-rc-bc5c47f292d0/final-iam.json#IAM-M30-B	953d17e53d05ba939f79d8fa03763fef9cd580da	NA	edf32dfe187a25ee159339c22be2ff4c1c093df4	stack c0rc	final-iam.json (final RC QA, product bc5c47f292d0)	12
FIN-J03-IAM-M30-C	JOURNEY_03_IAM_LIFECYCLE	UNRATED	PASS	REAL_BACKEND_E2E	bc5c47f292d00846c106669b09679a6fc36daef6	2026-10-10	NODE_SCRIPT(final-iam.mjs)	-	-	C0RC_REAL_STACK	NO	evidence/final-rc-bc5c47f292d0/final-iam.json#IAM-M30-C	953d17e53d05ba939f79d8fa03763fef9cd580da	NA	edf32dfe187a25ee159339c22be2ff4c1c093df4	stack c0rc	final-iam.json (final RC QA, product bc5c47f292d0)	12
FIN-J03-IAM-M30-D	JOURNEY_03_IAM_LIFECYCLE	UNRATED	PASS	REAL_BACKEND_E2E	bc5c47f292d00846c106669b09679a6fc36daef6	2026-10-10	NODE_SCRIPT(final-iam.mjs)	-	-	C0RC_REAL_STACK	NO	evidence/final-rc-bc5c47f292d0/final-iam.json#IAM-M30-D	953d17e53d05ba939f79d8fa03763fef9cd580da	NA	edf32dfe187a25ee159339c22be2ff4c1c093df4	stack c0rc	final-iam.json (final RC QA, product bc5c47f292d0)	12
FIN-J03-IAM-M30-M1	JOURNEY_03_IAM_LIFECYCLE	UNRATED	PASS	REAL_BACKEND_E2E	bc5c47f292d00846c106669b09679a6fc36daef6	2026-10-10	NODE_SCRIPT(final-iam.mjs)	-	-	C0RC_REAL_STACK	NO	evidence/final-rc-bc5c47f292d0/final-iam.json#IAM-M30-M1	953d17e53d05ba939f79d8fa03763fef9cd580da	NA	edf32dfe187a25ee159339c22be2ff4c1c093df4	stack c0rc	final-iam.json (final RC QA, product bc5c47f292d0)	12
FIN-J03-IAM-M31	JOURNEY_03_IAM_LIFECYCLE	UNRATED	PASS	REAL_BACKEND_E2E	bc5c47f292d00846c106669b09679a6fc36daef6	2026-10-10	NODE_SCRIPT(final-iam.mjs)	-	-	C0RC_REAL_STACK	NO	evidence/final-rc-bc5c47f292d0/final-iam.json#IAM-M31	953d17e53d05ba939f79d8fa03763fef9cd580da	NA	edf32dfe187a25ee159339c22be2ff4c1c093df4	stack c0rc	final-iam.json (final RC QA, product bc5c47f292d0)	12
FIN-J03-IAM-F01	JOURNEY_03_IAM_LIFECYCLE	UNRATED	PASS	REAL_BACKEND_E2E	bc5c47f292d00846c106669b09679a6fc36daef6	2026-10-10	NODE_SCRIPT(final-iam.mjs)	-	-	C0RC_REAL_STACK	NO	evidence/final-rc-bc5c47f292d0/final-iam.json#IAM-F01	953d17e53d05ba939f79d8fa03763fef9cd580da	NA	edf32dfe187a25ee159339c22be2ff4c1c093df4	stack c0rc	final-iam.json (final RC QA, product bc5c47f292d0)	12
FIN-J03-IAM-F02	JOURNEY_03_IAM_LIFECYCLE	UNRATED	PASS	REAL_BACKEND_E2E	bc5c47f292d00846c106669b09679a6fc36daef6	2026-10-10	NODE_SCRIPT(final-iam.mjs)	-	-	C0RC_REAL_STACK	NO	evidence/final-rc-bc5c47f292d0/final-iam.json#IAM-F02	953d17e53d05ba939f79d8fa03763fef9cd580da	NA	edf32dfe187a25ee159339c22be2ff4c1c093df4	stack c0rc	final-iam.json (final RC QA, product bc5c47f292d0)	12
FIN-J03-IAM-F03	JOURNEY_03_IAM_LIFECYCLE	UNRATED	PASS	REAL_BACKEND_E2E	bc5c47f292d00846c106669b09679a6fc36daef6	2026-10-10	NODE_SCRIPT(final-iam.mjs)	-	-	C0RC_REAL_STACK	NO	evidence/final-rc-bc5c47f292d0/final-iam.json#IAM-F03	953d17e53d05ba939f79d8fa03763fef9cd580da	NA	edf32dfe187a25ee159339c22be2ff4c1c093df4	stack c0rc	final-iam.json (final RC QA, product bc5c47f292d0)	12
FIN-J03-IAM-F04	JOURNEY_03_IAM_LIFECYCLE	UNRATED	PASS	REAL_BACKEND_E2E	bc5c47f292d00846c106669b09679a6fc36daef6	2026-10-10	NODE_SCRIPT(final-iam.mjs)	-	-	C0RC_REAL_STACK	NO	evidence/final-rc-bc5c47f292d0/final-iam.json#IAM-F04	953d17e53d05ba939f79d8fa03763fef9cd580da	NA	edf32dfe187a25ee159339c22be2ff4c1c093df4	stack c0rc	final-iam.json (final RC QA, product bc5c47f292d0)	12
FIN-J03-IAM-F05	JOURNEY_03_IAM_LIFECYCLE	UNRATED	PASS	REAL_BACKEND_E2E	bc5c47f292d00846c106669b09679a6fc36daef6	2026-10-10	NODE_SCRIPT(final-iam.mjs)	-	-	C0RC_REAL_STACK	NO	evidence/final-rc-bc5c47f292d0/final-iam.json#IAM-F05	953d17e53d05ba939f79d8fa03763fef9cd580da	NA	edf32dfe187a25ee159339c22be2ff4c1c093df4	stack c0rc	final-iam.json (final RC QA, product bc5c47f292d0)	12
FIN-J03-IAM-F06	JOURNEY_03_IAM_LIFECYCLE	UNRATED	PASS	REAL_BACKEND_E2E	bc5c47f292d00846c106669b09679a6fc36daef6	2026-10-10	NODE_SCRIPT(final-iam.mjs)	-	-	C0RC_REAL_STACK	NO	evidence/final-rc-bc5c47f292d0/final-iam.json#IAM-F06	953d17e53d05ba939f79d8fa03763fef9cd580da	NA	edf32dfe187a25ee159339c22be2ff4c1c093df4	stack c0rc	final-iam.json (final RC QA, product bc5c47f292d0)	12
FIN-J03-IAM-O01	JOURNEY_03_IAM_LIFECYCLE	UNRATED	PASS	REAL_BACKEND_E2E	bc5c47f292d00846c106669b09679a6fc36daef6	2026-10-10	NODE_SCRIPT(final-iam.mjs)	-	-	C0RC_REAL_STACK	NO	evidence/final-rc-bc5c47f292d0/final-iam.json#IAM-O01	953d17e53d05ba939f79d8fa03763fef9cd580da	NA	edf32dfe187a25ee159339c22be2ff4c1c093df4	stack c0rc	final-iam.json (final RC QA, product bc5c47f292d0)	12
FIN-J03-IAM-O02	JOURNEY_03_IAM_LIFECYCLE	UNRATED	PASS	REAL_BACKEND_E2E	bc5c47f292d00846c106669b09679a6fc36daef6	2026-10-10	NODE_SCRIPT(final-iam.mjs)	-	-	C0RC_REAL_STACK	NO	evidence/final-rc-bc5c47f292d0/final-iam.json#IAM-O02	953d17e53d05ba939f79d8fa03763fef9cd580da	NA	edf32dfe187a25ee159339c22be2ff4c1c093df4	stack c0rc	final-iam.json (final RC QA, product bc5c47f292d0)	12
FIN-J03-IAM-O03	JOURNEY_03_IAM_LIFECYCLE	UNRATED	PASS	REAL_BACKEND_E2E	bc5c47f292d00846c106669b09679a6fc36daef6	2026-10-10	NODE_SCRIPT(final-iam.mjs)	-	-	C0RC_REAL_STACK	NO	evidence/final-rc-bc5c47f292d0/final-iam.json#IAM-O03	953d17e53d05ba939f79d8fa03763fef9cd580da	NA	edf32dfe187a25ee159339c22be2ff4c1c093df4	stack c0rc	final-iam.json (final RC QA, product bc5c47f292d0)	12
FIN-J03-IAM-O04	JOURNEY_03_IAM_LIFECYCLE	UNRATED	PASS	REAL_BACKEND_E2E	bc5c47f292d00846c106669b09679a6fc36daef6	2026-10-10	NODE_SCRIPT(final-iam.mjs)	-	-	C0RC_REAL_STACK	NO	evidence/final-rc-bc5c47f292d0/final-iam.json#IAM-O04	953d17e53d05ba939f79d8fa03763fef9cd580da	NA	edf32dfe187a25ee159339c22be2ff4c1c093df4	stack c0rc	final-iam.json (final RC QA, product bc5c47f292d0)	12
FIN-J03-IAM-O05	JOURNEY_03_IAM_LIFECYCLE	UNRATED	PASS	REAL_BACKEND_E2E	bc5c47f292d00846c106669b09679a6fc36daef6	2026-10-10	NODE_SCRIPT(final-iam.mjs)	-	-	C0RC_REAL_STACK	NO	evidence/final-rc-bc5c47f292d0/final-iam.json#IAM-O05	953d17e53d05ba939f79d8fa03763fef9cd580da	NA	edf32dfe187a25ee159339c22be2ff4c1c093df4	stack c0rc	final-iam.json (final RC QA, product bc5c47f292d0)	12
FIN-J03-IAM-O06	JOURNEY_03_IAM_LIFECYCLE	UNRATED	PASS	REAL_BACKEND_E2E	bc5c47f292d00846c106669b09679a6fc36daef6	2026-10-10	NODE_SCRIPT(final-iam.mjs)	-	-	C0RC_REAL_STACK	NO	evidence/final-rc-bc5c47f292d0/final-iam.json#IAM-O06	953d17e53d05ba939f79d8fa03763fef9cd580da	NA	edf32dfe187a25ee159339c22be2ff4c1c093df4	stack c0rc	final-iam.json (final RC QA, product bc5c47f292d0)	12
FIN-J03-IAM-O07	JOURNEY_03_IAM_LIFECYCLE	UNRATED	PASS	REAL_BACKEND_E2E	bc5c47f292d00846c106669b09679a6fc36daef6	2026-10-10	NODE_SCRIPT(final-iam.mjs)	-	-	C0RC_REAL_STACK	NO	evidence/final-rc-bc5c47f292d0/final-iam.json#IAM-O07	953d17e53d05ba939f79d8fa03763fef9cd580da	NA	edf32dfe187a25ee159339c22be2ff4c1c093df4	stack c0rc	final-iam.json (final RC QA, product bc5c47f292d0)	12
FIN-J03-IAM-O08	JOURNEY_03_IAM_LIFECYCLE	UNRATED	PASS	REAL_BACKEND_E2E	bc5c47f292d00846c106669b09679a6fc36daef6	2026-10-10	NODE_SCRIPT(final-iam.mjs)	-	-	C0RC_REAL_STACK	NO	evidence/final-rc-bc5c47f292d0/final-iam.json#IAM-O08	953d17e53d05ba939f79d8fa03763fef9cd580da	NA	edf32dfe187a25ee159339c22be2ff4c1c093df4	stack c0rc	final-iam.json (final RC QA, product bc5c47f292d0)	12
FIN-J03-IAM-O09	JOURNEY_03_IAM_LIFECYCLE	UNRATED	PASS	REAL_BACKEND_E2E	bc5c47f292d00846c106669b09679a6fc36daef6	2026-10-10	NODE_SCRIPT(final-iam.mjs)	-	-	C0RC_REAL_STACK	NO	evidence/final-rc-bc5c47f292d0/final-iam.json#IAM-O09	953d17e53d05ba939f79d8fa03763fef9cd580da	NA	edf32dfe187a25ee159339c22be2ff4c1c093df4	stack c0rc	final-iam.json (final RC QA, product bc5c47f292d0)	12
FIN-J03-IAM-O10	JOURNEY_03_IAM_LIFECYCLE	UNRATED	PASS	REAL_BACKEND_E2E	bc5c47f292d00846c106669b09679a6fc36daef6	2026-10-10	NODE_SCRIPT(final-iam.mjs)	-	-	C0RC_REAL_STACK	NO	evidence/final-rc-bc5c47f292d0/final-iam.json#IAM-O10	953d17e53d05ba939f79d8fa03763fef9cd580da	NA	edf32dfe187a25ee159339c22be2ff4c1c093df4	stack c0rc	final-iam.json (final RC QA, product bc5c47f292d0)	12
FIN-J03-M052-02	JOURNEY_03_IAM_LIFECYCLE	UNRATED	PASS	REAL_BACKEND_E2E	bc5c47f292d00846c106669b09679a6fc36daef6	2026-10-10	NODE_SCRIPT(final-iam.mjs)	-	-	C0RC_REAL_STACK	NO	evidence/final-rc-bc5c47f292d0/final-iam.json#M052-02	953d17e53d05ba939f79d8fa03763fef9cd580da	NA	edf32dfe187a25ee159339c22be2ff4c1c093df4	stack c0rc	final-iam.json (final RC QA, product bc5c47f292d0)	12
FIN-J03-M052-03	JOURNEY_03_IAM_LIFECYCLE	UNRATED	PASS	REAL_BACKEND_E2E	bc5c47f292d00846c106669b09679a6fc36daef6	2026-10-10	NODE_SCRIPT(final-iam.mjs)	-	-	C0RC_REAL_STACK	NO	evidence/final-rc-bc5c47f292d0/final-iam.json#M052-03	953d17e53d05ba939f79d8fa03763fef9cd580da	NA	edf32dfe187a25ee159339c22be2ff4c1c093df4	stack c0rc	final-iam.json (final RC QA, product bc5c47f292d0)	12
FIN-J03-M052-04	JOURNEY_03_IAM_LIFECYCLE	UNRATED	PASS	REAL_BACKEND_E2E	bc5c47f292d00846c106669b09679a6fc36daef6	2026-10-10	NODE_SCRIPT(final-iam.mjs)	-	-	C0RC_REAL_STACK	NO	evidence/final-rc-bc5c47f292d0/final-iam.json#M052-04	953d17e53d05ba939f79d8fa03763fef9cd580da	NA	edf32dfe187a25ee159339c22be2ff4c1c093df4	stack c0rc	final-iam.json (final RC QA, product bc5c47f292d0)	12
FIN-J03-M052-05	JOURNEY_03_IAM_LIFECYCLE	UNRATED	PASS	REAL_BACKEND_E2E	bc5c47f292d00846c106669b09679a6fc36daef6	2026-10-10	NODE_SCRIPT(final-iam.mjs)	-	-	C0RC_REAL_STACK	NO	evidence/final-rc-bc5c47f292d0/final-iam.json#M052-05	953d17e53d05ba939f79d8fa03763fef9cd580da	NA	edf32dfe187a25ee159339c22be2ff4c1c093df4	stack c0rc	final-iam.json (final RC QA, product bc5c47f292d0)	12
FIN-J03-M052-06	JOURNEY_03_IAM_LIFECYCLE	UNRATED	PASS	REAL_BACKEND_E2E	bc5c47f292d00846c106669b09679a6fc36daef6	2026-10-10	NODE_SCRIPT(final-iam.mjs)	-	-	C0RC_REAL_STACK	NO	evidence/final-rc-bc5c47f292d0/final-iam.json#M052-06	953d17e53d05ba939f79d8fa03763fef9cd580da	NA	edf32dfe187a25ee159339c22be2ff4c1c093df4	stack c0rc	final-iam.json (final RC QA, product bc5c47f292d0)	12
FIN-J03-M052-07	JOURNEY_03_IAM_LIFECYCLE	UNRATED	PASS	REAL_BACKEND_E2E	bc5c47f292d00846c106669b09679a6fc36daef6	2026-10-10	NODE_SCRIPT(final-iam.mjs)	-	-	C0RC_REAL_STACK	NO	evidence/final-rc-bc5c47f292d0/final-iam.json#M052-07	953d17e53d05ba939f79d8fa03763fef9cd580da	NA	edf32dfe187a25ee159339c22be2ff4c1c093df4	stack c0rc	final-iam.json (final RC QA, product bc5c47f292d0)	12
FIN-J03-M052-08	JOURNEY_03_IAM_LIFECYCLE	UNRATED	PASS	REAL_BACKEND_E2E	bc5c47f292d00846c106669b09679a6fc36daef6	2026-10-10	NODE_SCRIPT(final-iam.mjs)	-	-	C0RC_REAL_STACK	NO	evidence/final-rc-bc5c47f292d0/final-iam.json#M052-08	953d17e53d05ba939f79d8fa03763fef9cd580da	NA	edf32dfe187a25ee159339c22be2ff4c1c093df4	stack c0rc	final-iam.json (final RC QA, product bc5c47f292d0)	12
FIN-J03-M052-09	JOURNEY_03_IAM_LIFECYCLE	UNRATED	PASS	REAL_BACKEND_E2E	bc5c47f292d00846c106669b09679a6fc36daef6	2026-10-10	NODE_SCRIPT(final-iam.mjs)	-	-	C0RC_REAL_STACK	NO	evidence/final-rc-bc5c47f292d0/final-iam.json#M052-09	953d17e53d05ba939f79d8fa03763fef9cd580da	NA	edf32dfe187a25ee159339c22be2ff4c1c093df4	stack c0rc	final-iam.json (final RC QA, product bc5c47f292d0)	12
FIN-J03-M052-10	JOURNEY_03_IAM_LIFECYCLE	UNRATED	PASS	REAL_BACKEND_E2E	bc5c47f292d00846c106669b09679a6fc36daef6	2026-10-10	NODE_SCRIPT(final-iam.mjs)	-	-	C0RC_REAL_STACK	NO	evidence/final-rc-bc5c47f292d0/final-iam.json#M052-10	953d17e53d05ba939f79d8fa03763fef9cd580da	NA	edf32dfe187a25ee159339c22be2ff4c1c093df4	stack c0rc	final-iam.json (final RC QA, product bc5c47f292d0)	12
FIN-J03-M052-11	JOURNEY_03_IAM_LIFECYCLE	UNRATED	PASS	REAL_BACKEND_E2E	bc5c47f292d00846c106669b09679a6fc36daef6	2026-10-10	NODE_SCRIPT(final-iam.mjs)	-	-	C0RC_REAL_STACK	NO	evidence/final-rc-bc5c47f292d0/final-iam.json#M052-11	953d17e53d05ba939f79d8fa03763fef9cd580da	NA	edf32dfe187a25ee159339c22be2ff4c1c093df4	stack c0rc	final-iam.json (final RC QA, product bc5c47f292d0)	12
FIN-J03-M052-12	JOURNEY_03_IAM_LIFECYCLE	UNRATED	PASS	REAL_BACKEND_E2E	bc5c47f292d00846c106669b09679a6fc36daef6	2026-10-10	NODE_SCRIPT(final-iam.mjs)	-	-	C0RC_REAL_STACK	NO	evidence/final-rc-bc5c47f292d0/final-iam.json#M052-12	953d17e53d05ba939f79d8fa03763fef9cd580da	NA	edf32dfe187a25ee159339c22be2ff4c1c093df4	stack c0rc	final-iam.json (final RC QA, product bc5c47f292d0)	12
FIN-J03-M052-13a	JOURNEY_03_IAM_LIFECYCLE	UNRATED	PASS	REAL_BACKEND_E2E	bc5c47f292d00846c106669b09679a6fc36daef6	2026-10-10	NODE_SCRIPT(final-iam.mjs)	-	-	C0RC_REAL_STACK	NO	evidence/final-rc-bc5c47f292d0/final-iam.json#M052-13a	953d17e53d05ba939f79d8fa03763fef9cd580da	NA	edf32dfe187a25ee159339c22be2ff4c1c093df4	stack c0rc	final-iam.json (final RC QA, product bc5c47f292d0)	12
FIN-J03-M052-13	JOURNEY_03_IAM_LIFECYCLE	UNRATED	PASS	REAL_BACKEND_E2E	bc5c47f292d00846c106669b09679a6fc36daef6	2026-10-10	NODE_SCRIPT(final-iam.mjs)	-	-	C0RC_REAL_STACK	NO	evidence/final-rc-bc5c47f292d0/final-iam.json#M052-13	953d17e53d05ba939f79d8fa03763fef9cd580da	NA	edf32dfe187a25ee159339c22be2ff4c1c093df4	stack c0rc	final-iam.json (final RC QA, product bc5c47f292d0)	12
FIN-J03-LIF-01	JOURNEY_03_IAM_LIFECYCLE	UNRATED	PASS	REAL_BACKEND_E2E	bc5c47f292d00846c106669b09679a6fc36daef6	2026-10-10	NODE_SCRIPT(final-iam.mjs)	-	-	C0RC_REAL_STACK	NO	evidence/final-rc-bc5c47f292d0/final-iam.json#LIF-01	953d17e53d05ba939f79d8fa03763fef9cd580da	NA	edf32dfe187a25ee159339c22be2ff4c1c093df4	stack c0rc	final-iam.json (final RC QA, product bc5c47f292d0)	12
FIN-J03-LIF-02	JOURNEY_03_IAM_LIFECYCLE	UNRATED	PASS	REAL_BACKEND_E2E	bc5c47f292d00846c106669b09679a6fc36daef6	2026-10-10	NODE_SCRIPT(final-iam.mjs)	-	-	C0RC_REAL_STACK	NO	evidence/final-rc-bc5c47f292d0/final-iam.json#LIF-02	953d17e53d05ba939f79d8fa03763fef9cd580da	NA	edf32dfe187a25ee159339c22be2ff4c1c093df4	stack c0rc	final-iam.json (final RC QA, product bc5c47f292d0)	12
FIN-J03-LIF-03	JOURNEY_03_IAM_LIFECYCLE	UNRATED	PASS	REAL_BACKEND_E2E	bc5c47f292d00846c106669b09679a6fc36daef6	2026-10-10	NODE_SCRIPT(final-iam.mjs)	-	-	C0RC_REAL_STACK	NO	evidence/final-rc-bc5c47f292d0/final-iam.json#LIF-03	953d17e53d05ba939f79d8fa03763fef9cd580da	NA	edf32dfe187a25ee159339c22be2ff4c1c093df4	stack c0rc	final-iam.json (final RC QA, product bc5c47f292d0)	12
FIN-J03-LIF-04	JOURNEY_03_IAM_LIFECYCLE	UNRATED	PASS	REAL_BACKEND_E2E	bc5c47f292d00846c106669b09679a6fc36daef6	2026-10-10	NODE_SCRIPT(final-iam.mjs)	-	-	C0RC_REAL_STACK	NO	evidence/final-rc-bc5c47f292d0/final-iam.json#LIF-04	953d17e53d05ba939f79d8fa03763fef9cd580da	NA	edf32dfe187a25ee159339c22be2ff4c1c093df4	stack c0rc	final-iam.json (final RC QA, product bc5c47f292d0)	12
FIN-J03-LIF-05	JOURNEY_03_IAM_LIFECYCLE	UNRATED	PASS	REAL_BACKEND_E2E	bc5c47f292d00846c106669b09679a6fc36daef6	2026-10-10	NODE_SCRIPT(final-iam.mjs)	-	-	C0RC_REAL_STACK	NO	evidence/final-rc-bc5c47f292d0/final-iam.json#LIF-05	953d17e53d05ba939f79d8fa03763fef9cd580da	NA	edf32dfe187a25ee159339c22be2ff4c1c093df4	stack c0rc	final-iam.json (final RC QA, product bc5c47f292d0)	12
FIN-J03-LIF-06	JOURNEY_03_IAM_LIFECYCLE	UNRATED	PASS	REAL_BACKEND_E2E	bc5c47f292d00846c106669b09679a6fc36daef6	2026-10-10	NODE_SCRIPT(final-iam.mjs)	-	-	C0RC_REAL_STACK	NO	evidence/final-rc-bc5c47f292d0/final-iam.json#LIF-06	953d17e53d05ba939f79d8fa03763fef9cd580da	NA	edf32dfe187a25ee159339c22be2ff4c1c093df4	stack c0rc	final-iam.json (final RC QA, product bc5c47f292d0)	12
FIN-J03-LIF-07	JOURNEY_03_IAM_LIFECYCLE	UNRATED	PASS	REAL_BACKEND_E2E	bc5c47f292d00846c106669b09679a6fc36daef6	2026-10-10	NODE_SCRIPT(final-iam.mjs)	-	-	C0RC_REAL_STACK	NO	evidence/final-rc-bc5c47f292d0/final-iam.json#LIF-07	953d17e53d05ba939f79d8fa03763fef9cd580da	NA	edf32dfe187a25ee159339c22be2ff4c1c093df4	stack c0rc	final-iam.json (final RC QA, product bc5c47f292d0)	12
FIN-J03-LIF-08	JOURNEY_03_IAM_LIFECYCLE	UNRATED	PASS	REAL_BACKEND_E2E	bc5c47f292d00846c106669b09679a6fc36daef6	2026-10-10	NODE_SCRIPT(final-iam.mjs)	-	-	C0RC_REAL_STACK	NO	evidence/final-rc-bc5c47f292d0/final-iam.json#LIF-08	953d17e53d05ba939f79d8fa03763fef9cd580da	NA	edf32dfe187a25ee159339c22be2ff4c1c093df4	stack c0rc	final-iam.json (final RC QA, product bc5c47f292d0)	12
FIN-J03-LIF-09	JOURNEY_03_IAM_LIFECYCLE	UNRATED	PASS	REAL_BACKEND_E2E	bc5c47f292d00846c106669b09679a6fc36daef6	2026-10-10	NODE_SCRIPT(final-iam.mjs)	-	-	C0RC_REAL_STACK	NO	evidence/final-rc-bc5c47f292d0/final-iam.json#LIF-09	953d17e53d05ba939f79d8fa03763fef9cd580da	NA	edf32dfe187a25ee159339c22be2ff4c1c093df4	stack c0rc	final-iam.json (final RC QA, product bc5c47f292d0)	12
FIN-J03-LIF-10	JOURNEY_03_IAM_LIFECYCLE	UNRATED	PASS	REAL_BACKEND_E2E	bc5c47f292d00846c106669b09679a6fc36daef6	2026-10-10	NODE_SCRIPT(final-iam.mjs)	-	-	C0RC_REAL_STACK	NO	evidence/final-rc-bc5c47f292d0/final-iam.json#LIF-10	953d17e53d05ba939f79d8fa03763fef9cd580da	NA	edf32dfe187a25ee159339c22be2ff4c1c093df4	stack c0rc	final-iam.json (final RC QA, product bc5c47f292d0)	12
FIN-J03-LIF-11	JOURNEY_03_IAM_LIFECYCLE	UNRATED	PASS	REAL_BACKEND_E2E	bc5c47f292d00846c106669b09679a6fc36daef6	2026-10-10	NODE_SCRIPT(final-iam.mjs)	-	-	C0RC_REAL_STACK	NO	evidence/final-rc-bc5c47f292d0/final-iam.json#LIF-11	953d17e53d05ba939f79d8fa03763fef9cd580da	NA	edf32dfe187a25ee159339c22be2ff4c1c093df4	stack c0rc	final-iam.json (final RC QA, product bc5c47f292d0)	12
FIN-J03-LIF-12	JOURNEY_03_IAM_LIFECYCLE	UNRATED	PASS	REAL_BACKEND_E2E	bc5c47f292d00846c106669b09679a6fc36daef6	2026-10-10	NODE_SCRIPT(final-iam.mjs)	-	-	C0RC_REAL_STACK	NO	evidence/final-rc-bc5c47f292d0/final-iam.json#LIF-12	953d17e53d05ba939f79d8fa03763fef9cd580da	NA	edf32dfe187a25ee159339c22be2ff4c1c093df4	stack c0rc	final-iam.json (final RC QA, product bc5c47f292d0)	12
FIN-J03-LIF-13	JOURNEY_03_IAM_LIFECYCLE	UNRATED	PASS	REAL_BACKEND_E2E	bc5c47f292d00846c106669b09679a6fc36daef6	2026-10-10	NODE_SCRIPT(final-iam.mjs)	-	-	C0RC_REAL_STACK	NO	evidence/final-rc-bc5c47f292d0/final-iam.json#LIF-13	953d17e53d05ba939f79d8fa03763fef9cd580da	NA	edf32dfe187a25ee159339c22be2ff4c1c093df4	stack c0rc	final-iam.json (final RC QA, product bc5c47f292d0)	12
FIN-J03-LIF-14	JOURNEY_03_IAM_LIFECYCLE	UNRATED	PASS	REAL_BACKEND_E2E	bc5c47f292d00846c106669b09679a6fc36daef6	2026-10-10	NODE_SCRIPT(final-iam.mjs)	-	-	C0RC_REAL_STACK	NO	evidence/final-rc-bc5c47f292d0/final-iam.json#LIF-14	953d17e53d05ba939f79d8fa03763fef9cd580da	NA	edf32dfe187a25ee159339c22be2ff4c1c093df4	stack c0rc	final-iam.json (final RC QA, product bc5c47f292d0)	12
FIN-J03-LIF-15	JOURNEY_03_IAM_LIFECYCLE	UNRATED	PASS	REAL_BACKEND_E2E	bc5c47f292d00846c106669b09679a6fc36daef6	2026-10-10	NODE_SCRIPT(final-iam.mjs)	-	-	C0RC_REAL_STACK	NO	evidence/final-rc-bc5c47f292d0/final-iam.json#LIF-15	953d17e53d05ba939f79d8fa03763fef9cd580da	NA	edf32dfe187a25ee159339c22be2ff4c1c093df4	stack c0rc	final-iam.json (final RC QA, product bc5c47f292d0)	12
FIN-J03-IAM-BUDGET	JOURNEY_03_IAM_LIFECYCLE	UNRATED	PASS	REAL_BACKEND_E2E	bc5c47f292d00846c106669b09679a6fc36daef6	2026-10-10	NODE_SCRIPT(final-iam.mjs)	-	-	C0RC_REAL_STACK	NO	evidence/final-rc-bc5c47f292d0/final-iam.json#IAM-BUDGET	953d17e53d05ba939f79d8fa03763fef9cd580da	NA	edf32dfe187a25ee159339c22be2ff4c1c093df4	stack c0rc	final-iam.json (final RC QA, product bc5c47f292d0)	12
FIN-ADV-ADV-AN-admin	SECURITY_ADVERSARIAL	UNRATED	PASS	REAL_BACKEND_E2E	bc5c47f292d00846c106669b09679a6fc36daef6	2026-10-10	NODE_SCRIPT(final-adv.mjs)	-	-	C0RC_REAL_STACK	NO	evidence/final-rc-bc5c47f292d0/final-adv.json#ADV-AN-admin	953d17e53d05ba939f79d8fa03763fef9cd580da	NA	edf32dfe187a25ee159339c22be2ff4c1c093df4	stack c0rc	final-adv.json (final RC QA, product bc5c47f292d0)	12
FIN-ADV-ADV-AN-workspaces	SECURITY_ADVERSARIAL	UNRATED	PASS	REAL_BACKEND_E2E	bc5c47f292d00846c106669b09679a6fc36daef6	2026-10-10	NODE_SCRIPT(final-adv.mjs)	-	-	C0RC_REAL_STACK	NO	evidence/final-rc-bc5c47f292d0/final-adv.json#ADV-AN-workspaces	953d17e53d05ba939f79d8fa03763fef9cd580da	NA	edf32dfe187a25ee159339c22be2ff4c1c093df4	stack c0rc	final-adv.json (final RC QA, product bc5c47f292d0)	12
FIN-ADV-ADV-AN-other	SECURITY_ADVERSARIAL	UNRATED	PASS	REAL_BACKEND_E2E	bc5c47f292d00846c106669b09679a6fc36daef6	2026-10-10	NODE_SCRIPT(final-adv.mjs)	-	-	C0RC_REAL_STACK	NO	evidence/final-rc-bc5c47f292d0/final-adv.json#ADV-AN-other	953d17e53d05ba939f79d8fa03763fef9cd580da	NA	edf32dfe187a25ee159339c22be2ff4c1c093df4	stack c0rc	final-adv.json (final RC QA, product bc5c47f292d0)	12
FIN-ADV-ADV-AN-csrf	SECURITY_ADVERSARIAL	UNRATED	PASS	REAL_BACKEND_E2E	bc5c47f292d00846c106669b09679a6fc36daef6	2026-10-10	NODE_SCRIPT(final-adv.mjs)	-	-	C0RC_REAL_STACK	NO	evidence/final-rc-bc5c47f292d0/final-adv.json#ADV-AN-csrf	953d17e53d05ba939f79d8fa03763fef9cd580da	NA	edf32dfe187a25ee159339c22be2ff4c1c093df4	stack c0rc	final-adv.json (final RC QA, product bc5c47f292d0)	12
FIN-ADV-ADV-WI-plat-TA_X	SECURITY_ADVERSARIAL	UNRATED	PASS	REAL_BACKEND_E2E	bc5c47f292d00846c106669b09679a6fc36daef6	2026-10-10	NODE_SCRIPT(final-adv.mjs)	-	-	C0RC_REAL_STACK	NO	evidence/final-rc-bc5c47f292d0/final-adv.json#ADV-WI-plat-TA_X	953d17e53d05ba939f79d8fa03763fef9cd580da	NA	edf32dfe187a25ee159339c22be2ff4c1c093df4	stack c0rc	final-adv.json (final RC QA, product bc5c47f292d0)	12
FIN-ADV-ADV-WI-plat-M1	SECURITY_ADVERSARIAL	UNRATED	PASS	REAL_BACKEND_E2E	bc5c47f292d00846c106669b09679a6fc36daef6	2026-10-10	NODE_SCRIPT(final-adv.mjs)	-	-	C0RC_REAL_STACK	NO	evidence/final-rc-bc5c47f292d0/final-adv.json#ADV-WI-plat-M1	953d17e53d05ba939f79d8fa03763fef9cd580da	NA	edf32dfe187a25ee159339c22be2ff4c1c093df4	stack c0rc	final-adv.json (final RC QA, product bc5c47f292d0)	12
FIN-ADV-ADV-WI-plat-B	SECURITY_ADVERSARIAL	UNRATED	PASS	REAL_BACKEND_E2E	bc5c47f292d00846c106669b09679a6fc36daef6	2026-10-10	NODE_SCRIPT(final-adv.mjs)	-	-	C0RC_REAL_STACK	NO	evidence/final-rc-bc5c47f292d0/final-adv.json#ADV-WI-plat-B	953d17e53d05ba939f79d8fa03763fef9cd580da	NA	edf32dfe187a25ee159339c22be2ff4c1c093df4	stack c0rc	final-adv.json (final RC QA, product bc5c47f292d0)	12
FIN-ADV-ADV-WI-plat-D	SECURITY_ADVERSARIAL	UNRATED	PASS	REAL_BACKEND_E2E	bc5c47f292d00846c106669b09679a6fc36daef6	2026-10-10	NODE_SCRIPT(final-adv.mjs)	-	-	C0RC_REAL_STACK	NO	evidence/final-rc-bc5c47f292d0/final-adv.json#ADV-WI-plat-D	953d17e53d05ba939f79d8fa03763fef9cd580da	NA	edf32dfe187a25ee159339c22be2ff4c1c093df4	stack c0rc	final-adv.json (final RC QA, product bc5c47f292d0)	12
FIN-ADV-ADV-WI-plat-TA_Y	SECURITY_ADVERSARIAL	UNRATED	PASS	REAL_BACKEND_E2E	bc5c47f292d00846c106669b09679a6fc36daef6	2026-10-10	NODE_SCRIPT(final-adv.mjs)	-	-	C0RC_REAL_STACK	NO	evidence/final-rc-bc5c47f292d0/final-adv.json#ADV-WI-plat-TA_Y	953d17e53d05ba939f79d8fa03763fef9cd580da	NA	edf32dfe187a25ee159339c22be2ff4c1c093df4	stack c0rc	final-adv.json (final RC QA, product bc5c47f292d0)	12
FIN-ADV-ADV-WI-tenant-TAY	SECURITY_ADVERSARIAL	UNRATED	PASS	REAL_BACKEND_E2E	bc5c47f292d00846c106669b09679a6fc36daef6	2026-10-10	NODE_SCRIPT(final-adv.mjs)	-	-	C0RC_REAL_STACK	NO	evidence/final-rc-bc5c47f292d0/final-adv.json#ADV-WI-tenant-TAY	953d17e53d05ba939f79d8fa03763fef9cd580da	NA	edf32dfe187a25ee159339c22be2ff4c1c093df4	stack c0rc	final-adv.json (final RC QA, product bc5c47f292d0)	12
FIN-ADV-ADV-WI-tenant-D	SECURITY_ADVERSARIAL	UNRATED	PASS	REAL_BACKEND_E2E	bc5c47f292d00846c106669b09679a6fc36daef6	2026-10-10	NODE_SCRIPT(final-adv.mjs)	-	-	C0RC_REAL_STACK	NO	evidence/final-rc-bc5c47f292d0/final-adv.json#ADV-WI-tenant-D	953d17e53d05ba939f79d8fa03763fef9cd580da	NA	edf32dfe187a25ee159339c22be2ff4c1c093df4	stack c0rc	final-adv.json (final RC QA, product bc5c47f292d0)	12
FIN-ADV-ADV-WI-tenant-B	SECURITY_ADVERSARIAL	UNRATED	PASS	REAL_BACKEND_E2E	bc5c47f292d00846c106669b09679a6fc36daef6	2026-10-10	NODE_SCRIPT(final-adv.mjs)	-	-	C0RC_REAL_STACK	NO	evidence/final-rc-bc5c47f292d0/final-adv.json#ADV-WI-tenant-B	953d17e53d05ba939f79d8fa03763fef9cd580da	NA	edf32dfe187a25ee159339c22be2ff4c1c093df4	stack c0rc	final-adv.json (final RC QA, product bc5c47f292d0)	12
FIN-ADV-ADV-WI-tenant-C	SECURITY_ADVERSARIAL	UNRATED	PASS	REAL_BACKEND_E2E	bc5c47f292d00846c106669b09679a6fc36daef6	2026-10-10	NODE_SCRIPT(final-adv.mjs)	-	-	C0RC_REAL_STACK	NO	evidence/final-rc-bc5c47f292d0/final-adv.json#ADV-WI-tenant-C	953d17e53d05ba939f79d8fa03763fef9cd580da	NA	edf32dfe187a25ee159339c22be2ff4c1c093df4	stack c0rc	final-adv.json (final RC QA, product bc5c47f292d0)	12
FIN-ADV-ADV-WI-tenant-M1	SECURITY_ADVERSARIAL	UNRATED	PASS	REAL_BACKEND_E2E	bc5c47f292d00846c106669b09679a6fc36daef6	2026-10-10	NODE_SCRIPT(final-adv.mjs)	-	-	C0RC_REAL_STACK	NO	evidence/final-rc-bc5c47f292d0/final-adv.json#ADV-WI-tenant-M1	953d17e53d05ba939f79d8fa03763fef9cd580da	NA	edf32dfe187a25ee159339c22be2ff4c1c093df4	stack c0rc	final-adv.json (final RC QA, product bc5c47f292d0)	12
FIN-ADV-ADV-WI-ws-TAY	SECURITY_ADVERSARIAL	UNRATED	PASS	REAL_BACKEND_E2E	bc5c47f292d00846c106669b09679a6fc36daef6	2026-10-10	NODE_SCRIPT(final-adv.mjs)	-	-	C0RC_REAL_STACK	NO	evidence/final-rc-bc5c47f292d0/final-adv.json#ADV-WI-ws-TAY	953d17e53d05ba939f79d8fa03763fef9cd580da	NA	edf32dfe187a25ee159339c22be2ff4c1c093df4	stack c0rc	final-adv.json (final RC QA, product bc5c47f292d0)	12
FIN-ADV-ADV-WI-xproj-D	SECURITY_ADVERSARIAL	UNRATED	PASS	REAL_BACKEND_E2E	bc5c47f292d00846c106669b09679a6fc36daef6	2026-10-10	NODE_SCRIPT(final-adv.mjs)	-	-	C0RC_REAL_STACK	NO	evidence/final-rc-bc5c47f292d0/final-adv.json#ADV-WI-xproj-D	953d17e53d05ba939f79d8fa03763fef9cd580da	NA	edf32dfe187a25ee159339c22be2ff4c1c093df4	stack c0rc	final-adv.json (final RC QA, product bc5c47f292d0)	12
FIN-ADV-ADV-WI-xproj-B	SECURITY_ADVERSARIAL	UNRATED	PASS	REAL_BACKEND_E2E	bc5c47f292d00846c106669b09679a6fc36daef6	2026-10-10	NODE_SCRIPT(final-adv.mjs)	-	-	C0RC_REAL_STACK	NO	evidence/final-rc-bc5c47f292d0/final-adv.json#ADV-WI-xproj-B	953d17e53d05ba939f79d8fa03763fef9cd580da	NA	edf32dfe187a25ee159339c22be2ff4c1c093df4	stack c0rc	final-adv.json (final RC QA, product bc5c47f292d0)	12
FIN-ADV-ADV-WI-xws-M1	SECURITY_ADVERSARIAL	UNRATED	PASS	REAL_BACKEND_E2E	bc5c47f292d00846c106669b09679a6fc36daef6	2026-10-10	NODE_SCRIPT(final-adv.mjs)	-	-	C0RC_REAL_STACK	NO	evidence/final-rc-bc5c47f292d0/final-adv.json#ADV-WI-xws-M1	953d17e53d05ba939f79d8fa03763fef9cd580da	NA	edf32dfe187a25ee159339c22be2ff4c1c093df4	stack c0rc	final-adv.json (final RC QA, product bc5c47f292d0)	12
FIN-ADV-ADV-WI-xws2-M1	SECURITY_ADVERSARIAL	UNRATED	BLOCKED	REAL_BACKEND_E2E	bc5c47f292d00846c106669b09679a6fc36daef6	2026-10-10	NODE_SCRIPT(final-adv.mjs)	-	-	C0RC_REAL_STACK	YES	evidence/final-rc-bc5c47f292d0/final-adv.json#ADV-WI-xws2-M1	953d17e53d05ba939f79d8fa03763fef9cd580da	NA	edf32dfe187a25ee159339c22be2ff4c1c093df4	stack c0rc	final-adv.json (final RC QA, product bc5c47f292d0)	12
FIN-ADV-ADV-WI-ws-TAX	SECURITY_ADVERSARIAL	UNRATED	PASS	REAL_BACKEND_E2E	bc5c47f292d00846c106669b09679a6fc36daef6	2026-10-10	NODE_SCRIPT(final-adv.mjs)	-	-	C0RC_REAL_STACK	NO	evidence/final-rc-bc5c47f292d0/final-adv.json#ADV-WI-ws-TAX	953d17e53d05ba939f79d8fa03763fef9cd580da	NA	edf32dfe187a25ee159339c22be2ff4c1c093df4	stack c0rc	final-adv.json (final RC QA, product bc5c47f292d0)	12
FIN-ADV-ADV-WI-legacy	SECURITY_ADVERSARIAL	UNRATED	PASS	REAL_BACKEND_E2E	bc5c47f292d00846c106669b09679a6fc36daef6	2026-10-10	NODE_SCRIPT(final-adv.mjs)	-	-	C0RC_REAL_STACK	NO	evidence/final-rc-bc5c47f292d0/final-adv.json#ADV-WI-legacy	953d17e53d05ba939f79d8fa03763fef9cd580da	NA	edf32dfe187a25ee159339c22be2ff4c1c093df4	stack c0rc	final-adv.json (final RC QA, product bc5c47f292d0)	12
FIN-ADV-ADV-ORACLE	SECURITY_ADVERSARIAL	UNRATED	FAIL	REAL_BACKEND_E2E	bc5c47f292d00846c106669b09679a6fc36daef6	2026-10-10	NODE_SCRIPT(final-adv.mjs)	-	-	C0RC_REAL_STACK	YES	evidence/final-rc-bc5c47f292d0/final-adv.json#ADV-ORACLE	953d17e53d05ba939f79d8fa03763fef9cd580da	NA	edf32dfe187a25ee159339c22be2ff4c1c093df4	stack c0rc	final-adv.json (final RC QA, product bc5c47f292d0)	12
FIN-ADV-ADV-F01	SECURITY_ADVERSARIAL	UNRATED	PASS	REAL_BACKEND_E2E	bc5c47f292d00846c106669b09679a6fc36daef6	2026-10-10	NODE_SCRIPT(final-adv.mjs)	-	-	C0RC_REAL_STACK	NO	evidence/final-rc-bc5c47f292d0/final-adv.json#ADV-F01	953d17e53d05ba939f79d8fa03763fef9cd580da	NA	edf32dfe187a25ee159339c22be2ff4c1c093df4	stack c0rc	final-adv.json (final RC QA, product bc5c47f292d0)	12
FIN-ADV-ADV-F02	SECURITY_ADVERSARIAL	UNRATED	PASS	REAL_BACKEND_E2E	bc5c47f292d00846c106669b09679a6fc36daef6	2026-10-10	NODE_SCRIPT(final-adv.mjs)	-	-	C0RC_REAL_STACK	NO	evidence/final-rc-bc5c47f292d0/final-adv.json#ADV-F02	953d17e53d05ba939f79d8fa03763fef9cd580da	NA	edf32dfe187a25ee159339c22be2ff4c1c093df4	stack c0rc	final-adv.json (final RC QA, product bc5c47f292d0)	12
FIN-ADV-ADV-F03	SECURITY_ADVERSARIAL	UNRATED	PASS	REAL_BACKEND_E2E	bc5c47f292d00846c106669b09679a6fc36daef6	2026-10-10	NODE_SCRIPT(final-adv.mjs)	-	-	C0RC_REAL_STACK	NO	evidence/final-rc-bc5c47f292d0/final-adv.json#ADV-F03	953d17e53d05ba939f79d8fa03763fef9cd580da	NA	edf32dfe187a25ee159339c22be2ff4c1c093df4	stack c0rc	final-adv.json (final RC QA, product bc5c47f292d0)	12
FIN-ADV-ADV-F04	SECURITY_ADVERSARIAL	UNRATED	PASS	REAL_BACKEND_E2E	bc5c47f292d00846c106669b09679a6fc36daef6	2026-10-10	NODE_SCRIPT(final-adv.mjs)	-	-	C0RC_REAL_STACK	NO	evidence/final-rc-bc5c47f292d0/final-adv.json#ADV-F04	953d17e53d05ba939f79d8fa03763fef9cd580da	NA	edf32dfe187a25ee159339c22be2ff4c1c093df4	stack c0rc	final-adv.json (final RC QA, product bc5c47f292d0)	12
FIN-ADV-ADV-F05	SECURITY_ADVERSARIAL	UNRATED	PASS	REAL_BACKEND_E2E	bc5c47f292d00846c106669b09679a6fc36daef6	2026-10-10	NODE_SCRIPT(final-adv.mjs)	-	-	C0RC_REAL_STACK	NO	evidence/final-rc-bc5c47f292d0/final-adv.json#ADV-F05	953d17e53d05ba939f79d8fa03763fef9cd580da	NA	edf32dfe187a25ee159339c22be2ff4c1c093df4	stack c0rc	final-adv.json (final RC QA, product bc5c47f292d0)	12
FIN-ADV-ADV-F06	SECURITY_ADVERSARIAL	UNRATED	PASS	REAL_BACKEND_E2E	bc5c47f292d00846c106669b09679a6fc36daef6	2026-10-10	NODE_SCRIPT(final-adv.mjs)	-	-	C0RC_REAL_STACK	NO	evidence/final-rc-bc5c47f292d0/final-adv.json#ADV-F06	953d17e53d05ba939f79d8fa03763fef9cd580da	NA	edf32dfe187a25ee159339c22be2ff4c1c093df4	stack c0rc	final-adv.json (final RC QA, product bc5c47f292d0)	12
FIN-ADV-ADV-F07	SECURITY_ADVERSARIAL	UNRATED	PASS	REAL_BACKEND_E2E	bc5c47f292d00846c106669b09679a6fc36daef6	2026-10-10	NODE_SCRIPT(final-adv.mjs)	-	-	C0RC_REAL_STACK	NO	evidence/final-rc-bc5c47f292d0/final-adv.json#ADV-F07	953d17e53d05ba939f79d8fa03763fef9cd580da	NA	edf32dfe187a25ee159339c22be2ff4c1c093df4	stack c0rc	final-adv.json (final RC QA, product bc5c47f292d0)	12
FIN-ADV-ADV-F08	SECURITY_ADVERSARIAL	UNRATED	PASS	REAL_BACKEND_E2E	bc5c47f292d00846c106669b09679a6fc36daef6	2026-10-10	NODE_SCRIPT(final-adv.mjs)	-	-	C0RC_REAL_STACK	NO	evidence/final-rc-bc5c47f292d0/final-adv.json#ADV-F08	953d17e53d05ba939f79d8fa03763fef9cd580da	NA	edf32dfe187a25ee159339c22be2ff4c1c093df4	stack c0rc	final-adv.json (final RC QA, product bc5c47f292d0)	12
FIN-ADV-ADV-F10	SECURITY_ADVERSARIAL	UNRATED	PASS	REAL_BACKEND_E2E	bc5c47f292d00846c106669b09679a6fc36daef6	2026-10-10	NODE_SCRIPT(final-adv.mjs)	-	-	C0RC_REAL_STACK	NO	evidence/final-rc-bc5c47f292d0/final-adv.json#ADV-F10	953d17e53d05ba939f79d8fa03763fef9cd580da	NA	edf32dfe187a25ee159339c22be2ff4c1c093df4	stack c0rc	final-adv.json (final RC QA, product bc5c47f292d0)	12
FIN-ADV-ADV-F11	SECURITY_ADVERSARIAL	UNRATED	PASS	REAL_BACKEND_E2E	bc5c47f292d00846c106669b09679a6fc36daef6	2026-10-10	NODE_SCRIPT(final-adv.mjs)	-	-	C0RC_REAL_STACK	NO	evidence/final-rc-bc5c47f292d0/final-adv.json#ADV-F11	953d17e53d05ba939f79d8fa03763fef9cd580da	NA	edf32dfe187a25ee159339c22be2ff4c1c093df4	stack c0rc	final-adv.json (final RC QA, product bc5c47f292d0)	12
FIN-ADV-ADV-F12	SECURITY_ADVERSARIAL	UNRATED	PASS	REAL_BACKEND_E2E	bc5c47f292d00846c106669b09679a6fc36daef6	2026-10-10	NODE_SCRIPT(final-adv.mjs)	-	-	C0RC_REAL_STACK	NO	evidence/final-rc-bc5c47f292d0/final-adv.json#ADV-F12	953d17e53d05ba939f79d8fa03763fef9cd580da	NA	edf32dfe187a25ee159339c22be2ff4c1c093df4	stack c0rc	final-adv.json (final RC QA, product bc5c47f292d0)	12
FIN-ADV-ADV-F13	SECURITY_ADVERSARIAL	UNRATED	PASS	REAL_BACKEND_E2E	bc5c47f292d00846c106669b09679a6fc36daef6	2026-10-10	NODE_SCRIPT(final-adv.mjs)	-	-	C0RC_REAL_STACK	NO	evidence/final-rc-bc5c47f292d0/final-adv.json#ADV-F13	953d17e53d05ba939f79d8fa03763fef9cd580da	NA	edf32dfe187a25ee159339c22be2ff4c1c093df4	stack c0rc	final-adv.json (final RC QA, product bc5c47f292d0)	12
FIN-ADV-ADV-F14	SECURITY_ADVERSARIAL	UNRATED	PASS	REAL_BACKEND_E2E	bc5c47f292d00846c106669b09679a6fc36daef6	2026-10-10	NODE_SCRIPT(final-adv.mjs)	-	-	C0RC_REAL_STACK	NO	evidence/final-rc-bc5c47f292d0/final-adv.json#ADV-F14	953d17e53d05ba939f79d8fa03763fef9cd580da	NA	edf32dfe187a25ee159339c22be2ff4c1c093df4	stack c0rc	final-adv.json (final RC QA, product bc5c47f292d0)	12
FIN-ADV-ADV-S01	SECURITY_ADVERSARIAL	UNRATED	PASS	REAL_BACKEND_E2E	bc5c47f292d00846c106669b09679a6fc36daef6	2026-10-10	NODE_SCRIPT(final-adv.mjs)	-	-	C0RC_REAL_STACK	NO	evidence/final-rc-bc5c47f292d0/final-adv.json#ADV-S01	953d17e53d05ba939f79d8fa03763fef9cd580da	NA	edf32dfe187a25ee159339c22be2ff4c1c093df4	stack c0rc	final-adv.json (final RC QA, product bc5c47f292d0)	12
FIN-ADV-ADV-S02	SECURITY_ADVERSARIAL	UNRATED	PASS	REAL_BACKEND_E2E	bc5c47f292d00846c106669b09679a6fc36daef6	2026-10-10	NODE_SCRIPT(final-adv.mjs)	-	-	C0RC_REAL_STACK	NO	evidence/final-rc-bc5c47f292d0/final-adv.json#ADV-S02	953d17e53d05ba939f79d8fa03763fef9cd580da	NA	edf32dfe187a25ee159339c22be2ff4c1c093df4	stack c0rc	final-adv.json (final RC QA, product bc5c47f292d0)	12
FIN-ADV-ADV-S03	SECURITY_ADVERSARIAL	UNRATED	PASS	REAL_BACKEND_E2E	bc5c47f292d00846c106669b09679a6fc36daef6	2026-10-10	NODE_SCRIPT(final-adv.mjs)	-	-	C0RC_REAL_STACK	NO	evidence/final-rc-bc5c47f292d0/final-adv.json#ADV-S03	953d17e53d05ba939f79d8fa03763fef9cd580da	NA	edf32dfe187a25ee159339c22be2ff4c1c093df4	stack c0rc	final-adv.json (final RC QA, product bc5c47f292d0)	12
FIN-ADV-ADV-S04	SECURITY_ADVERSARIAL	UNRATED	BLOCKED	REAL_BACKEND_E2E	bc5c47f292d00846c106669b09679a6fc36daef6	2026-10-10	NODE_SCRIPT(final-adv.mjs)	-	-	C0RC_REAL_STACK	YES	evidence/final-rc-bc5c47f292d0/final-adv.json#ADV-S04	953d17e53d05ba939f79d8fa03763fef9cd580da	NA	edf32dfe187a25ee159339c22be2ff4c1c093df4	stack c0rc	final-adv.json (final RC QA, product bc5c47f292d0)	12
FIN-ADV-ADV-S05	SECURITY_ADVERSARIAL	UNRATED	PASS	REAL_BACKEND_E2E	bc5c47f292d00846c106669b09679a6fc36daef6	2026-10-10	NODE_SCRIPT(final-adv.mjs)	-	-	C0RC_REAL_STACK	NO	evidence/final-rc-bc5c47f292d0/final-adv.json#ADV-S05	953d17e53d05ba939f79d8fa03763fef9cd580da	NA	edf32dfe187a25ee159339c22be2ff4c1c093df4	stack c0rc	final-adv.json (final RC QA, product bc5c47f292d0)	12
FIN-ADV-ADV-S06	SECURITY_ADVERSARIAL	UNRATED	BLOCKED	REAL_BACKEND_E2E	bc5c47f292d00846c106669b09679a6fc36daef6	2026-10-10	NODE_SCRIPT(final-adv.mjs)	-	-	C0RC_REAL_STACK	YES	evidence/final-rc-bc5c47f292d0/final-adv.json#ADV-S06	953d17e53d05ba939f79d8fa03763fef9cd580da	NA	edf32dfe187a25ee159339c22be2ff4c1c093df4	stack c0rc	final-adv.json (final RC QA, product bc5c47f292d0)	12
FIN-ADV-ADV-PX	SECURITY_ADVERSARIAL	UNRATED	PASS	REAL_BACKEND_E2E	bc5c47f292d00846c106669b09679a6fc36daef6	2026-10-10	NODE_SCRIPT(final-adv.mjs)	-	-	C0RC_REAL_STACK	NO	evidence/final-rc-bc5c47f292d0/final-adv.json#ADV-PX	953d17e53d05ba939f79d8fa03763fef9cd580da	NA	edf32dfe187a25ee159339c22be2ff4c1c093df4	stack c0rc	final-adv.json (final RC QA, product bc5c47f292d0)	12
FIN-ADV-ADV-R01	SECURITY_ADVERSARIAL	UNRATED	PASS	REAL_BACKEND_E2E	bc5c47f292d00846c106669b09679a6fc36daef6	2026-10-10	NODE_SCRIPT(final-adv.mjs)	-	-	C0RC_REAL_STACK	NO	evidence/final-rc-bc5c47f292d0/final-adv.json#ADV-R01	953d17e53d05ba939f79d8fa03763fef9cd580da	NA	edf32dfe187a25ee159339c22be2ff4c1c093df4	stack c0rc	final-adv.json (final RC QA, product bc5c47f292d0)	12
FIN-ADV-ADV-R02	SECURITY_ADVERSARIAL	UNRATED	PASS	REAL_BACKEND_E2E	bc5c47f292d00846c106669b09679a6fc36daef6	2026-10-10	NODE_SCRIPT(final-adv.mjs)	-	-	C0RC_REAL_STACK	NO	evidence/final-rc-bc5c47f292d0/final-adv.json#ADV-R02	953d17e53d05ba939f79d8fa03763fef9cd580da	NA	edf32dfe187a25ee159339c22be2ff4c1c093df4	stack c0rc	final-adv.json (final RC QA, product bc5c47f292d0)	12
FIN-ADV-ADV-R03	SECURITY_ADVERSARIAL	UNRATED	PASS	REAL_BACKEND_E2E	bc5c47f292d00846c106669b09679a6fc36daef6	2026-10-10	NODE_SCRIPT(final-adv.mjs)	-	-	C0RC_REAL_STACK	NO	evidence/final-rc-bc5c47f292d0/final-adv.json#ADV-R03	953d17e53d05ba939f79d8fa03763fef9cd580da	NA	edf32dfe187a25ee159339c22be2ff4c1c093df4	stack c0rc	final-adv.json (final RC QA, product bc5c47f292d0)	12
FIN-ADV-ADV-R04	SECURITY_ADVERSARIAL	UNRATED	PASS	REAL_BACKEND_E2E	bc5c47f292d00846c106669b09679a6fc36daef6	2026-10-10	NODE_SCRIPT(final-adv.mjs)	-	-	C0RC_REAL_STACK	NO	evidence/final-rc-bc5c47f292d0/final-adv.json#ADV-R04	953d17e53d05ba939f79d8fa03763fef9cd580da	NA	edf32dfe187a25ee159339c22be2ff4c1c093df4	stack c0rc	final-adv.json (final RC QA, product bc5c47f292d0)	12
FIN-ADV-ADV-R05	SECURITY_ADVERSARIAL	UNRATED	PASS	REAL_BACKEND_E2E	bc5c47f292d00846c106669b09679a6fc36daef6	2026-10-10	NODE_SCRIPT(final-adv.mjs)	-	-	C0RC_REAL_STACK	NO	evidence/final-rc-bc5c47f292d0/final-adv.json#ADV-R05	953d17e53d05ba939f79d8fa03763fef9cd580da	NA	edf32dfe187a25ee159339c22be2ff4c1c093df4	stack c0rc	final-adv.json (final RC QA, product bc5c47f292d0)	12
FIN-ADV-ADV-R08	SECURITY_ADVERSARIAL	UNRATED	PASS	REAL_BACKEND_E2E	bc5c47f292d00846c106669b09679a6fc36daef6	2026-10-10	NODE_SCRIPT(final-adv.mjs)	-	-	C0RC_REAL_STACK	NO	evidence/final-rc-bc5c47f292d0/final-adv.json#ADV-R08	953d17e53d05ba939f79d8fa03763fef9cd580da	NA	edf32dfe187a25ee159339c22be2ff4c1c093df4	stack c0rc	final-adv.json (final RC QA, product bc5c47f292d0)	12
FIN-ADV-ADV-R06	SECURITY_ADVERSARIAL	UNRATED	PASS	REAL_BACKEND_E2E	bc5c47f292d00846c106669b09679a6fc36daef6	2026-10-10	NODE_SCRIPT(final-adv.mjs)	-	-	C0RC_REAL_STACK	NO	evidence/final-rc-bc5c47f292d0/final-adv.json#ADV-R06	953d17e53d05ba939f79d8fa03763fef9cd580da	NA	edf32dfe187a25ee159339c22be2ff4c1c093df4	stack c0rc	final-adv.json (final RC QA, product bc5c47f292d0)	12
FIN-ADV-ADV-R07	SECURITY_ADVERSARIAL	UNRATED	PASS	REAL_BACKEND_E2E	bc5c47f292d00846c106669b09679a6fc36daef6	2026-10-10	NODE_SCRIPT(final-adv.mjs)	-	-	C0RC_REAL_STACK	NO	evidence/final-rc-bc5c47f292d0/final-adv.json#ADV-R07	953d17e53d05ba939f79d8fa03763fef9cd580da	NA	edf32dfe187a25ee159339c22be2ff4c1c093df4	stack c0rc	final-adv.json (final RC QA, product bc5c47f292d0)	12
FIN-ADV-ADV-R09	SECURITY_ADVERSARIAL	UNRATED	PASS	REAL_BACKEND_E2E	bc5c47f292d00846c106669b09679a6fc36daef6	2026-10-10	NODE_SCRIPT(final-adv.mjs)	-	-	C0RC_REAL_STACK	NO	evidence/final-rc-bc5c47f292d0/final-adv.json#ADV-R09	953d17e53d05ba939f79d8fa03763fef9cd580da	NA	edf32dfe187a25ee159339c22be2ff4c1c093df4	stack c0rc	final-adv.json (final RC QA, product bc5c47f292d0)	12
FIN-ADV-ADV-R10	SECURITY_ADVERSARIAL	UNRATED	PASS	REAL_BACKEND_E2E	bc5c47f292d00846c106669b09679a6fc36daef6	2026-10-10	NODE_SCRIPT(final-adv.mjs)	-	-	C0RC_REAL_STACK	NO	evidence/final-rc-bc5c47f292d0/final-adv.json#ADV-R10	953d17e53d05ba939f79d8fa03763fef9cd580da	NA	edf32dfe187a25ee159339c22be2ff4c1c093df4	stack c0rc	final-adv.json (final RC QA, product bc5c47f292d0)	12
FIN-ADV-ADV-N01	SECURITY_ADVERSARIAL	UNRATED	PASS	REAL_BACKEND_E2E	bc5c47f292d00846c106669b09679a6fc36daef6	2026-10-10	NODE_SCRIPT(final-adv.mjs)	-	-	C0RC_REAL_STACK	NO	evidence/final-rc-bc5c47f292d0/final-adv.json#ADV-N01	953d17e53d05ba939f79d8fa03763fef9cd580da	NA	edf32dfe187a25ee159339c22be2ff4c1c093df4	stack c0rc	final-adv.json (final RC QA, product bc5c47f292d0)	12
FIN-ADV-ADV-N02	SECURITY_ADVERSARIAL	UNRATED	PASS	REAL_BACKEND_E2E	bc5c47f292d00846c106669b09679a6fc36daef6	2026-10-10	NODE_SCRIPT(final-adv.mjs)	-	-	C0RC_REAL_STACK	NO	evidence/final-rc-bc5c47f292d0/final-adv.json#ADV-N02	953d17e53d05ba939f79d8fa03763fef9cd580da	NA	edf32dfe187a25ee159339c22be2ff4c1c093df4	stack c0rc	final-adv.json (final RC QA, product bc5c47f292d0)	12
FIN-ADV-ADV-CLEAN	SECURITY_ADVERSARIAL	UNRATED	PASS	REAL_BACKEND_E2E	bc5c47f292d00846c106669b09679a6fc36daef6	2026-10-10	NODE_SCRIPT(final-adv.mjs)	-	-	C0RC_REAL_STACK	NO	evidence/final-rc-bc5c47f292d0/final-adv.json#ADV-CLEAN	953d17e53d05ba939f79d8fa03763fef9cd580da	NA	edf32dfe187a25ee159339c22be2ff4c1c093df4	stack c0rc	final-adv.json (final RC QA, product bc5c47f292d0)	12
FIN-ADVS04-ADV-S04b	SECURITY_ADVERSARIAL	UNRATED	PASS	REAL_BACKEND_E2E	bc5c47f292d00846c106669b09679a6fc36daef6	2026-10-10	NODE_SCRIPT(final-adv-s04.mjs)	-	-	C0RC_REAL_STACK	NO	evidence/final-rc-bc5c47f292d0/final-adv-s04.json#ADV-S04b	953d17e53d05ba939f79d8fa03763fef9cd580da	NA	edf32dfe187a25ee159339c22be2ff4c1c093df4	stack c0rc	final-adv-s04.json (final RC QA, product bc5c47f292d0)	12
FIN-RCSEC-F00	SECURITY_REGRESSION	UNRATED	PASS	REAL_BACKEND_E2E	bc5c47f292d00846c106669b09679a6fc36daef6	2026-10-10	NODE_SCRIPT(final-rcsec.mjs)	-	-	C0RC_REAL_STACK	NO	evidence/final-rc-bc5c47f292d0/final-rcsec.json#F00	953d17e53d05ba939f79d8fa03763fef9cd580da	NA	edf32dfe187a25ee159339c22be2ff4c1c093df4	stack c0rc (rc-sec regression)	final-rcsec.json (final RC QA, product bc5c47f292d0)	12
FIN-RCSEC-S01	SECURITY_REGRESSION	UNRATED	PASS	REAL_BACKEND_E2E	bc5c47f292d00846c106669b09679a6fc36daef6	2026-10-10	NODE_SCRIPT(final-rcsec.mjs)	-	-	C0RC_REAL_STACK	NO	evidence/final-rc-bc5c47f292d0/final-rcsec.json#S01	953d17e53d05ba939f79d8fa03763fef9cd580da	NA	edf32dfe187a25ee159339c22be2ff4c1c093df4	stack c0rc (rc-sec regression)	final-rcsec.json (final RC QA, product bc5c47f292d0)	12
FIN-RCSEC-S02	SECURITY_REGRESSION	UNRATED	PASS	REAL_BACKEND_E2E	bc5c47f292d00846c106669b09679a6fc36daef6	2026-10-10	NODE_SCRIPT(final-rcsec.mjs)	-	-	C0RC_REAL_STACK	NO	evidence/final-rc-bc5c47f292d0/final-rcsec.json#S02	953d17e53d05ba939f79d8fa03763fef9cd580da	NA	edf32dfe187a25ee159339c22be2ff4c1c093df4	stack c0rc (rc-sec regression)	final-rcsec.json (final RC QA, product bc5c47f292d0)	12
FIN-RCSEC-S03	SECURITY_REGRESSION	UNRATED	PASS	REAL_BACKEND_E2E	bc5c47f292d00846c106669b09679a6fc36daef6	2026-10-10	NODE_SCRIPT(final-rcsec.mjs)	-	-	C0RC_REAL_STACK	NO	evidence/final-rc-bc5c47f292d0/final-rcsec.json#S03	953d17e53d05ba939f79d8fa03763fef9cd580da	NA	edf32dfe187a25ee159339c22be2ff4c1c093df4	stack c0rc (rc-sec regression)	final-rcsec.json (final RC QA, product bc5c47f292d0)	12
FIN-RCSEC-S04	SECURITY_REGRESSION	UNRATED	PASS	REAL_BACKEND_E2E	bc5c47f292d00846c106669b09679a6fc36daef6	2026-10-10	NODE_SCRIPT(final-rcsec.mjs)	-	-	C0RC_REAL_STACK	NO	evidence/final-rc-bc5c47f292d0/final-rcsec.json#S04	953d17e53d05ba939f79d8fa03763fef9cd580da	NA	edf32dfe187a25ee159339c22be2ff4c1c093df4	stack c0rc (rc-sec regression)	final-rcsec.json (final RC QA, product bc5c47f292d0)	12
FIN-RCSEC-C01	SECURITY_REGRESSION	UNRATED	PASS	REAL_BACKEND_E2E	bc5c47f292d00846c106669b09679a6fc36daef6	2026-10-10	NODE_SCRIPT(final-rcsec.mjs)	-	-	C0RC_REAL_STACK	NO	evidence/final-rc-bc5c47f292d0/final-rcsec.json#C01	953d17e53d05ba939f79d8fa03763fef9cd580da	NA	edf32dfe187a25ee159339c22be2ff4c1c093df4	stack c0rc (rc-sec regression)	final-rcsec.json (final RC QA, product bc5c47f292d0)	12
FIN-RCSEC-C02	SECURITY_REGRESSION	UNRATED	PASS	REAL_BACKEND_E2E	bc5c47f292d00846c106669b09679a6fc36daef6	2026-10-10	NODE_SCRIPT(final-rcsec.mjs)	-	-	C0RC_REAL_STACK	NO	evidence/final-rc-bc5c47f292d0/final-rcsec.json#C02	953d17e53d05ba939f79d8fa03763fef9cd580da	NA	edf32dfe187a25ee159339c22be2ff4c1c093df4	stack c0rc (rc-sec regression)	final-rcsec.json (final RC QA, product bc5c47f292d0)	12
FIN-RCSEC-C03	SECURITY_REGRESSION	UNRATED	PASS	REAL_BACKEND_E2E	bc5c47f292d00846c106669b09679a6fc36daef6	2026-10-10	NODE_SCRIPT(final-rcsec.mjs)	-	-	C0RC_REAL_STACK	NO	evidence/final-rc-bc5c47f292d0/final-rcsec.json#C03	953d17e53d05ba939f79d8fa03763fef9cd580da	NA	edf32dfe187a25ee159339c22be2ff4c1c093df4	stack c0rc (rc-sec regression)	final-rcsec.json (final RC QA, product bc5c47f292d0)	12
FIN-RCSEC-C04	SECURITY_REGRESSION	UNRATED	PASS	REAL_BACKEND_E2E	bc5c47f292d00846c106669b09679a6fc36daef6	2026-10-10	NODE_SCRIPT(final-rcsec.mjs)	-	-	C0RC_REAL_STACK	NO	evidence/final-rc-bc5c47f292d0/final-rcsec.json#C04	953d17e53d05ba939f79d8fa03763fef9cd580da	NA	edf32dfe187a25ee159339c22be2ff4c1c093df4	stack c0rc (rc-sec regression)	final-rcsec.json (final RC QA, product bc5c47f292d0)	12
FIN-RCSEC-C05	SECURITY_REGRESSION	UNRATED	PASS	REAL_BACKEND_E2E	bc5c47f292d00846c106669b09679a6fc36daef6	2026-10-10	NODE_SCRIPT(final-rcsec.mjs)	-	-	C0RC_REAL_STACK	NO	evidence/final-rc-bc5c47f292d0/final-rcsec.json#C05	953d17e53d05ba939f79d8fa03763fef9cd580da	NA	edf32dfe187a25ee159339c22be2ff4c1c093df4	stack c0rc (rc-sec regression)	final-rcsec.json (final RC QA, product bc5c47f292d0)	12
FIN-RCSEC-C06	SECURITY_REGRESSION	UNRATED	PASS	REAL_BACKEND_E2E	bc5c47f292d00846c106669b09679a6fc36daef6	2026-10-10	NODE_SCRIPT(final-rcsec.mjs)	-	-	C0RC_REAL_STACK	NO	evidence/final-rc-bc5c47f292d0/final-rcsec.json#C06	953d17e53d05ba939f79d8fa03763fef9cd580da	NA	edf32dfe187a25ee159339c22be2ff4c1c093df4	stack c0rc (rc-sec regression)	final-rcsec.json (final RC QA, product bc5c47f292d0)	12
FIN-RCSEC-C07	SECURITY_REGRESSION	UNRATED	PASS	REAL_BACKEND_E2E	bc5c47f292d00846c106669b09679a6fc36daef6	2026-10-10	NODE_SCRIPT(final-rcsec.mjs)	-	-	C0RC_REAL_STACK	NO	evidence/final-rc-bc5c47f292d0/final-rcsec.json#C07	953d17e53d05ba939f79d8fa03763fef9cd580da	NA	edf32dfe187a25ee159339c22be2ff4c1c093df4	stack c0rc (rc-sec regression)	final-rcsec.json (final RC QA, product bc5c47f292d0)	12
FIN-RCSEC-C08	SECURITY_REGRESSION	UNRATED	PASS	REAL_BACKEND_E2E	bc5c47f292d00846c106669b09679a6fc36daef6	2026-10-10	NODE_SCRIPT(final-rcsec.mjs)	-	-	C0RC_REAL_STACK	NO	evidence/final-rc-bc5c47f292d0/final-rcsec.json#C08	953d17e53d05ba939f79d8fa03763fef9cd580da	NA	edf32dfe187a25ee159339c22be2ff4c1c093df4	stack c0rc (rc-sec regression)	final-rcsec.json (final RC QA, product bc5c47f292d0)	12
FIN-RCSEC-A01	SECURITY_REGRESSION	UNRATED	PASS	REAL_BACKEND_E2E	bc5c47f292d00846c106669b09679a6fc36daef6	2026-10-10	NODE_SCRIPT(final-rcsec.mjs)	-	-	C0RC_REAL_STACK	NO	evidence/final-rc-bc5c47f292d0/final-rcsec.json#A01	953d17e53d05ba939f79d8fa03763fef9cd580da	NA	edf32dfe187a25ee159339c22be2ff4c1c093df4	stack c0rc (rc-sec regression)	final-rcsec.json (final RC QA, product bc5c47f292d0)	12
FIN-RCSEC-A02	SECURITY_REGRESSION	UNRATED	PASS	REAL_BACKEND_E2E	bc5c47f292d00846c106669b09679a6fc36daef6	2026-10-10	NODE_SCRIPT(final-rcsec.mjs)	-	-	C0RC_REAL_STACK	NO	evidence/final-rc-bc5c47f292d0/final-rcsec.json#A02	953d17e53d05ba939f79d8fa03763fef9cd580da	NA	edf32dfe187a25ee159339c22be2ff4c1c093df4	stack c0rc (rc-sec regression)	final-rcsec.json (final RC QA, product bc5c47f292d0)	12
FIN-RCSEC-A03	SECURITY_REGRESSION	UNRATED	PASS	REAL_BACKEND_E2E	bc5c47f292d00846c106669b09679a6fc36daef6	2026-10-10	NODE_SCRIPT(final-rcsec.mjs)	-	-	C0RC_REAL_STACK	NO	evidence/final-rc-bc5c47f292d0/final-rcsec.json#A03	953d17e53d05ba939f79d8fa03763fef9cd580da	NA	edf32dfe187a25ee159339c22be2ff4c1c093df4	stack c0rc (rc-sec regression)	final-rcsec.json (final RC QA, product bc5c47f292d0)	12
FIN-RCSEC-A04	SECURITY_REGRESSION	UNRATED	PASS	REAL_BACKEND_E2E	bc5c47f292d00846c106669b09679a6fc36daef6	2026-10-10	NODE_SCRIPT(final-rcsec.mjs)	-	-	C0RC_REAL_STACK	NO	evidence/final-rc-bc5c47f292d0/final-rcsec.json#A04	953d17e53d05ba939f79d8fa03763fef9cd580da	NA	edf32dfe187a25ee159339c22be2ff4c1c093df4	stack c0rc (rc-sec regression)	final-rcsec.json (final RC QA, product bc5c47f292d0)	12
FIN-RCSEC-A05	SECURITY_REGRESSION	UNRATED	PASS	REAL_BACKEND_E2E	bc5c47f292d00846c106669b09679a6fc36daef6	2026-10-10	NODE_SCRIPT(final-rcsec.mjs)	-	-	C0RC_REAL_STACK	NO	evidence/final-rc-bc5c47f292d0/final-rcsec.json#A05	953d17e53d05ba939f79d8fa03763fef9cd580da	NA	edf32dfe187a25ee159339c22be2ff4c1c093df4	stack c0rc (rc-sec regression)	final-rcsec.json (final RC QA, product bc5c47f292d0)	12
FIN-RCSEC-A12a	SECURITY_REGRESSION	UNRATED	PASS	REAL_BACKEND_E2E	bc5c47f292d00846c106669b09679a6fc36daef6	2026-10-10	NODE_SCRIPT(final-rcsec.mjs)	-	-	C0RC_REAL_STACK	NO	evidence/final-rc-bc5c47f292d0/final-rcsec.json#A12a	953d17e53d05ba939f79d8fa03763fef9cd580da	NA	edf32dfe187a25ee159339c22be2ff4c1c093df4	stack c0rc (rc-sec regression)	final-rcsec.json (final RC QA, product bc5c47f292d0)	12
FIN-RCSEC-A12b	SECURITY_REGRESSION	UNRATED	PASS	REAL_BACKEND_E2E	bc5c47f292d00846c106669b09679a6fc36daef6	2026-10-10	NODE_SCRIPT(final-rcsec.mjs)	-	-	C0RC_REAL_STACK	NO	evidence/final-rc-bc5c47f292d0/final-rcsec.json#A12b	953d17e53d05ba939f79d8fa03763fef9cd580da	NA	edf32dfe187a25ee159339c22be2ff4c1c093df4	stack c0rc (rc-sec regression)	final-rcsec.json (final RC QA, product bc5c47f292d0)	12
FIN-RCSEC-A12	SECURITY_REGRESSION	UNRATED	PASS	REAL_BACKEND_E2E	bc5c47f292d00846c106669b09679a6fc36daef6	2026-10-10	NODE_SCRIPT(final-rcsec.mjs)	-	-	C0RC_REAL_STACK	NO	evidence/final-rc-bc5c47f292d0/final-rcsec.json#A12	953d17e53d05ba939f79d8fa03763fef9cd580da	NA	edf32dfe187a25ee159339c22be2ff4c1c093df4	stack c0rc (rc-sec regression)	final-rcsec.json (final RC QA, product bc5c47f292d0)	12
FIN-RCSEC-A13	SECURITY_REGRESSION	UNRATED	PASS	REAL_BACKEND_E2E	bc5c47f292d00846c106669b09679a6fc36daef6	2026-10-10	NODE_SCRIPT(final-rcsec.mjs)	-	-	C0RC_REAL_STACK	NO	evidence/final-rc-bc5c47f292d0/final-rcsec.json#A13	953d17e53d05ba939f79d8fa03763fef9cd580da	NA	edf32dfe187a25ee159339c22be2ff4c1c093df4	stack c0rc (rc-sec regression)	final-rcsec.json (final RC QA, product bc5c47f292d0)	12
FIN-RCSEC-A14	SECURITY_REGRESSION	UNRATED	PASS	REAL_BACKEND_E2E	bc5c47f292d00846c106669b09679a6fc36daef6	2026-10-10	NODE_SCRIPT(final-rcsec.mjs)	-	-	C0RC_REAL_STACK	NO	evidence/final-rc-bc5c47f292d0/final-rcsec.json#A14	953d17e53d05ba939f79d8fa03763fef9cd580da	NA	edf32dfe187a25ee159339c22be2ff4c1c093df4	stack c0rc (rc-sec regression)	final-rcsec.json (final RC QA, product bc5c47f292d0)	12
FIN-RCSEC-A15	SECURITY_REGRESSION	UNRATED	PASS	REAL_BACKEND_E2E	bc5c47f292d00846c106669b09679a6fc36daef6	2026-10-10	NODE_SCRIPT(final-rcsec.mjs)	-	-	C0RC_REAL_STACK	NO	evidence/final-rc-bc5c47f292d0/final-rcsec.json#A15	953d17e53d05ba939f79d8fa03763fef9cd580da	NA	edf32dfe187a25ee159339c22be2ff4c1c093df4	stack c0rc (rc-sec regression)	final-rcsec.json (final RC QA, product bc5c47f292d0)	12
FIN-RCSEC-A06	SECURITY_REGRESSION	UNRATED	PASS	REAL_BACKEND_E2E	bc5c47f292d00846c106669b09679a6fc36daef6	2026-10-10	NODE_SCRIPT(final-rcsec.mjs)	-	-	C0RC_REAL_STACK	NO	evidence/final-rc-bc5c47f292d0/final-rcsec.json#A06	953d17e53d05ba939f79d8fa03763fef9cd580da	NA	edf32dfe187a25ee159339c22be2ff4c1c093df4	stack c0rc (rc-sec regression)	final-rcsec.json (final RC QA, product bc5c47f292d0)	12
FIN-RCSEC-A07	SECURITY_REGRESSION	UNRATED	PASS	REAL_BACKEND_E2E	bc5c47f292d00846c106669b09679a6fc36daef6	2026-10-10	NODE_SCRIPT(final-rcsec.mjs)	-	-	C0RC_REAL_STACK	NO	evidence/final-rc-bc5c47f292d0/final-rcsec.json#A07	953d17e53d05ba939f79d8fa03763fef9cd580da	NA	edf32dfe187a25ee159339c22be2ff4c1c093df4	stack c0rc (rc-sec regression)	final-rcsec.json (final RC QA, product bc5c47f292d0)	12
FIN-RCSEC-A08	SECURITY_REGRESSION	UNRATED	PASS	REAL_BACKEND_E2E	bc5c47f292d00846c106669b09679a6fc36daef6	2026-10-10	NODE_SCRIPT(final-rcsec.mjs)	-	-	C0RC_REAL_STACK	NO	evidence/final-rc-bc5c47f292d0/final-rcsec.json#A08	953d17e53d05ba939f79d8fa03763fef9cd580da	NA	edf32dfe187a25ee159339c22be2ff4c1c093df4	stack c0rc (rc-sec regression)	final-rcsec.json (final RC QA, product bc5c47f292d0)	12
FIN-RCSEC-A09	SECURITY_REGRESSION	UNRATED	PASS	REAL_BACKEND_E2E	bc5c47f292d00846c106669b09679a6fc36daef6	2026-10-10	NODE_SCRIPT(final-rcsec.mjs)	-	-	C0RC_REAL_STACK	NO	evidence/final-rc-bc5c47f292d0/final-rcsec.json#A09	953d17e53d05ba939f79d8fa03763fef9cd580da	NA	edf32dfe187a25ee159339c22be2ff4c1c093df4	stack c0rc (rc-sec regression)	final-rcsec.json (final RC QA, product bc5c47f292d0)	12
FIN-RCSEC-A10	SECURITY_REGRESSION	UNRATED	PASS	REAL_BACKEND_E2E	bc5c47f292d00846c106669b09679a6fc36daef6	2026-10-10	NODE_SCRIPT(final-rcsec.mjs)	-	-	C0RC_REAL_STACK	NO	evidence/final-rc-bc5c47f292d0/final-rcsec.json#A10	953d17e53d05ba939f79d8fa03763fef9cd580da	NA	edf32dfe187a25ee159339c22be2ff4c1c093df4	stack c0rc (rc-sec regression)	final-rcsec.json (final RC QA, product bc5c47f292d0)	12
FIN-RCSEC-A11	SECURITY_REGRESSION	UNRATED	PASS	REAL_BACKEND_E2E	bc5c47f292d00846c106669b09679a6fc36daef6	2026-10-10	NODE_SCRIPT(final-rcsec.mjs)	-	-	C0RC_REAL_STACK	NO	evidence/final-rc-bc5c47f292d0/final-rcsec.json#A11	953d17e53d05ba939f79d8fa03763fef9cd580da	NA	edf32dfe187a25ee159339c22be2ff4c1c093df4	stack c0rc (rc-sec regression)	final-rcsec.json (final RC QA, product bc5c47f292d0)	12
FIN-RCSEC-N01	SECURITY_REGRESSION	UNRATED	PASS	REAL_BACKEND_E2E	bc5c47f292d00846c106669b09679a6fc36daef6	2026-10-10	NODE_SCRIPT(final-rcsec.mjs)	-	-	C0RC_REAL_STACK	NO	evidence/final-rc-bc5c47f292d0/final-rcsec.json#N01	953d17e53d05ba939f79d8fa03763fef9cd580da	NA	edf32dfe187a25ee159339c22be2ff4c1c093df4	stack c0rc (rc-sec regression)	final-rcsec.json (final RC QA, product bc5c47f292d0)	12
FIN-RCSEC-N02	SECURITY_REGRESSION	UNRATED	PASS	REAL_BACKEND_E2E	bc5c47f292d00846c106669b09679a6fc36daef6	2026-10-10	NODE_SCRIPT(final-rcsec.mjs)	-	-	C0RC_REAL_STACK	NO	evidence/final-rc-bc5c47f292d0/final-rcsec.json#N02	953d17e53d05ba939f79d8fa03763fef9cd580da	NA	edf32dfe187a25ee159339c22be2ff4c1c093df4	stack c0rc (rc-sec regression)	final-rcsec.json (final RC QA, product bc5c47f292d0)	12
FIN-RCSEC-N03	SECURITY_REGRESSION	UNRATED	PASS	REAL_BACKEND_E2E	bc5c47f292d00846c106669b09679a6fc36daef6	2026-10-10	NODE_SCRIPT(final-rcsec.mjs)	-	-	C0RC_REAL_STACK	NO	evidence/final-rc-bc5c47f292d0/final-rcsec.json#N03	953d17e53d05ba939f79d8fa03763fef9cd580da	NA	edf32dfe187a25ee159339c22be2ff4c1c093df4	stack c0rc (rc-sec regression)	final-rcsec.json (final RC QA, product bc5c47f292d0)	12
FIN-RCSEC-N04	SECURITY_REGRESSION	UNRATED	PASS	REAL_BACKEND_E2E	bc5c47f292d00846c106669b09679a6fc36daef6	2026-10-10	NODE_SCRIPT(final-rcsec.mjs)	-	-	C0RC_REAL_STACK	NO	evidence/final-rc-bc5c47f292d0/final-rcsec.json#N04	953d17e53d05ba939f79d8fa03763fef9cd580da	NA	edf32dfe187a25ee159339c22be2ff4c1c093df4	stack c0rc (rc-sec regression)	final-rcsec.json (final RC QA, product bc5c47f292d0)	12
FIN-RCSEC-N05	SECURITY_REGRESSION	UNRATED	PASS	REAL_BACKEND_E2E	bc5c47f292d00846c106669b09679a6fc36daef6	2026-10-10	NODE_SCRIPT(final-rcsec.mjs)	-	-	C0RC_REAL_STACK	NO	evidence/final-rc-bc5c47f292d0/final-rcsec.json#N05	953d17e53d05ba939f79d8fa03763fef9cd580da	NA	edf32dfe187a25ee159339c22be2ff4c1c093df4	stack c0rc (rc-sec regression)	final-rcsec.json (final RC QA, product bc5c47f292d0)	12
FIN-RCSEC-N06	SECURITY_REGRESSION	UNRATED	PASS	REAL_BACKEND_E2E	bc5c47f292d00846c106669b09679a6fc36daef6	2026-10-10	NODE_SCRIPT(final-rcsec.mjs)	-	-	C0RC_REAL_STACK	NO	evidence/final-rc-bc5c47f292d0/final-rcsec.json#N06	953d17e53d05ba939f79d8fa03763fef9cd580da	NA	edf32dfe187a25ee159339c22be2ff4c1c093df4	stack c0rc (rc-sec regression)	final-rcsec.json (final RC QA, product bc5c47f292d0)	12
FIN-RCSEC-N07	SECURITY_REGRESSION	UNRATED	PASS	REAL_BACKEND_E2E	bc5c47f292d00846c106669b09679a6fc36daef6	2026-10-10	NODE_SCRIPT(final-rcsec.mjs)	-	-	C0RC_REAL_STACK	NO	evidence/final-rc-bc5c47f292d0/final-rcsec.json#N07	953d17e53d05ba939f79d8fa03763fef9cd580da	NA	edf32dfe187a25ee159339c22be2ff4c1c093df4	stack c0rc (rc-sec regression)	final-rcsec.json (final RC QA, product bc5c47f292d0)	12
FIN-RCSEC-N08	SECURITY_REGRESSION	UNRATED	PASS	REAL_BACKEND_E2E	bc5c47f292d00846c106669b09679a6fc36daef6	2026-10-10	NODE_SCRIPT(final-rcsec.mjs)	-	-	C0RC_REAL_STACK	NO	evidence/final-rc-bc5c47f292d0/final-rcsec.json#N08	953d17e53d05ba939f79d8fa03763fef9cd580da	NA	edf32dfe187a25ee159339c22be2ff4c1c093df4	stack c0rc (rc-sec regression)	final-rcsec.json (final RC QA, product bc5c47f292d0)	12
FIN-RCSEC-N09	SECURITY_REGRESSION	UNRATED	PASS	REAL_BACKEND_E2E	bc5c47f292d00846c106669b09679a6fc36daef6	2026-10-10	NODE_SCRIPT(final-rcsec.mjs)	-	-	C0RC_REAL_STACK	NO	evidence/final-rc-bc5c47f292d0/final-rcsec.json#N09	953d17e53d05ba939f79d8fa03763fef9cd580da	NA	edf32dfe187a25ee159339c22be2ff4c1c093df4	stack c0rc (rc-sec regression)	final-rcsec.json (final RC QA, product bc5c47f292d0)	12
FIN-RCSEC-N10	SECURITY_REGRESSION	UNRATED	PASS	REAL_BACKEND_E2E	bc5c47f292d00846c106669b09679a6fc36daef6	2026-10-10	NODE_SCRIPT(final-rcsec.mjs)	-	-	C0RC_REAL_STACK	NO	evidence/final-rc-bc5c47f292d0/final-rcsec.json#N10	953d17e53d05ba939f79d8fa03763fef9cd580da	NA	edf32dfe187a25ee159339c22be2ff4c1c093df4	stack c0rc (rc-sec regression)	final-rcsec.json (final RC QA, product bc5c47f292d0)	12
FIN-RCSEC-N11	SECURITY_REGRESSION	UNRATED	PASS	REAL_BACKEND_E2E	bc5c47f292d00846c106669b09679a6fc36daef6	2026-10-10	NODE_SCRIPT(final-rcsec.mjs)	-	-	C0RC_REAL_STACK	NO	evidence/final-rc-bc5c47f292d0/final-rcsec.json#N11	953d17e53d05ba939f79d8fa03763fef9cd580da	NA	edf32dfe187a25ee159339c22be2ff4c1c093df4	stack c0rc (rc-sec regression)	final-rcsec.json (final RC QA, product bc5c47f292d0)	12
FIN-RCSEC-N12	SECURITY_REGRESSION	UNRATED	PASS	REAL_BACKEND_E2E	bc5c47f292d00846c106669b09679a6fc36daef6	2026-10-10	NODE_SCRIPT(final-rcsec.mjs)	-	-	C0RC_REAL_STACK	NO	evidence/final-rc-bc5c47f292d0/final-rcsec.json#N12	953d17e53d05ba939f79d8fa03763fef9cd580da	NA	edf32dfe187a25ee159339c22be2ff4c1c093df4	stack c0rc (rc-sec regression)	final-rcsec.json (final RC QA, product bc5c47f292d0)	12
FIN-RCSEC-N13	SECURITY_REGRESSION	UNRATED	PASS	REAL_BACKEND_E2E	bc5c47f292d00846c106669b09679a6fc36daef6	2026-10-10	NODE_SCRIPT(final-rcsec.mjs)	-	-	C0RC_REAL_STACK	NO	evidence/final-rc-bc5c47f292d0/final-rcsec.json#N13	953d17e53d05ba939f79d8fa03763fef9cd580da	NA	edf32dfe187a25ee159339c22be2ff4c1c093df4	stack c0rc (rc-sec regression)	final-rcsec.json (final RC QA, product bc5c47f292d0)	12
FIN-RCSEC-N14	SECURITY_REGRESSION	UNRATED	PASS	REAL_BACKEND_E2E	bc5c47f292d00846c106669b09679a6fc36daef6	2026-10-10	NODE_SCRIPT(final-rcsec.mjs)	-	-	C0RC_REAL_STACK	NO	evidence/final-rc-bc5c47f292d0/final-rcsec.json#N14	953d17e53d05ba939f79d8fa03763fef9cd580da	NA	edf32dfe187a25ee159339c22be2ff4c1c093df4	stack c0rc (rc-sec regression)	final-rcsec.json (final RC QA, product bc5c47f292d0)	12
FIN-RCSEC-E01	SECURITY_REGRESSION	UNRATED	PASS	REAL_BACKEND_E2E	bc5c47f292d00846c106669b09679a6fc36daef6	2026-10-10	NODE_SCRIPT(final-rcsec.mjs)	-	-	C0RC_REAL_STACK	NO	evidence/final-rc-bc5c47f292d0/final-rcsec.json#E01	953d17e53d05ba939f79d8fa03763fef9cd580da	NA	edf32dfe187a25ee159339c22be2ff4c1c093df4	stack c0rc (rc-sec regression)	final-rcsec.json (final RC QA, product bc5c47f292d0)	12
FIN-RCSEC-E02	SECURITY_REGRESSION	UNRATED	PASS	REAL_BACKEND_E2E	bc5c47f292d00846c106669b09679a6fc36daef6	2026-10-10	NODE_SCRIPT(final-rcsec.mjs)	-	-	C0RC_REAL_STACK	NO	evidence/final-rc-bc5c47f292d0/final-rcsec.json#E02	953d17e53d05ba939f79d8fa03763fef9cd580da	NA	edf32dfe187a25ee159339c22be2ff4c1c093df4	stack c0rc (rc-sec regression)	final-rcsec.json (final RC QA, product bc5c47f292d0)	12
FIN-RCSEC-E03	SECURITY_REGRESSION	UNRATED	PASS	REAL_BACKEND_E2E	bc5c47f292d00846c106669b09679a6fc36daef6	2026-10-10	NODE_SCRIPT(final-rcsec.mjs)	-	-	C0RC_REAL_STACK	NO	evidence/final-rc-bc5c47f292d0/final-rcsec.json#E03	953d17e53d05ba939f79d8fa03763fef9cd580da	NA	edf32dfe187a25ee159339c22be2ff4c1c093df4	stack c0rc (rc-sec regression)	final-rcsec.json (final RC QA, product bc5c47f292d0)	12
FIN-RCSEC-E04	SECURITY_REGRESSION	UNRATED	PASS	REAL_BACKEND_E2E	bc5c47f292d00846c106669b09679a6fc36daef6	2026-10-10	NODE_SCRIPT(final-rcsec.mjs)	-	-	C0RC_REAL_STACK	NO	evidence/final-rc-bc5c47f292d0/final-rcsec.json#E04	953d17e53d05ba939f79d8fa03763fef9cd580da	NA	edf32dfe187a25ee159339c22be2ff4c1c093df4	stack c0rc (rc-sec regression)	final-rcsec.json (final RC QA, product bc5c47f292d0)	12
FIN-RCSEC-E05	SECURITY_REGRESSION	UNRATED	PASS	REAL_BACKEND_E2E	bc5c47f292d00846c106669b09679a6fc36daef6	2026-10-10	NODE_SCRIPT(final-rcsec.mjs)	-	-	C0RC_REAL_STACK	NO	evidence/final-rc-bc5c47f292d0/final-rcsec.json#E05	953d17e53d05ba939f79d8fa03763fef9cd580da	NA	edf32dfe187a25ee159339c22be2ff4c1c093df4	stack c0rc (rc-sec regression)	final-rcsec.json (final RC QA, product bc5c47f292d0)	12
FIN-RCSEC-E06	SECURITY_REGRESSION	UNRATED	PASS	REAL_BACKEND_E2E	bc5c47f292d00846c106669b09679a6fc36daef6	2026-10-10	NODE_SCRIPT(final-rcsec.mjs)	-	-	C0RC_REAL_STACK	NO	evidence/final-rc-bc5c47f292d0/final-rcsec.json#E06	953d17e53d05ba939f79d8fa03763fef9cd580da	NA	edf32dfe187a25ee159339c22be2ff4c1c093df4	stack c0rc (rc-sec regression)	final-rcsec.json (final RC QA, product bc5c47f292d0)	12
FIN-RCSEC-E07	SECURITY_REGRESSION	UNRATED	PASS	REAL_BACKEND_E2E	bc5c47f292d00846c106669b09679a6fc36daef6	2026-10-10	NODE_SCRIPT(final-rcsec.mjs)	-	-	C0RC_REAL_STACK	NO	evidence/final-rc-bc5c47f292d0/final-rcsec.json#E07	953d17e53d05ba939f79d8fa03763fef9cd580da	NA	edf32dfe187a25ee159339c22be2ff4c1c093df4	stack c0rc (rc-sec regression)	final-rcsec.json (final RC QA, product bc5c47f292d0)	12
FIN-RCSEC-E08	SECURITY_REGRESSION	UNRATED	PASS	REAL_BACKEND_E2E	bc5c47f292d00846c106669b09679a6fc36daef6	2026-10-10	NODE_SCRIPT(final-rcsec.mjs)	-	-	C0RC_REAL_STACK	NO	evidence/final-rc-bc5c47f292d0/final-rcsec.json#E08	953d17e53d05ba939f79d8fa03763fef9cd580da	NA	edf32dfe187a25ee159339c22be2ff4c1c093df4	stack c0rc (rc-sec regression)	final-rcsec.json (final RC QA, product bc5c47f292d0)	12
FIN-RCSEC-E09	SECURITY_REGRESSION	UNRATED	PASS	REAL_BACKEND_E2E	bc5c47f292d00846c106669b09679a6fc36daef6	2026-10-10	NODE_SCRIPT(final-rcsec.mjs)	-	-	C0RC_REAL_STACK	NO	evidence/final-rc-bc5c47f292d0/final-rcsec.json#E09	953d17e53d05ba939f79d8fa03763fef9cd580da	NA	edf32dfe187a25ee159339c22be2ff4c1c093df4	stack c0rc (rc-sec regression)	final-rcsec.json (final RC QA, product bc5c47f292d0)	12
FIN-RCSEC-D01	SECURITY_REGRESSION	UNRATED	PASS	REAL_BACKEND_E2E	bc5c47f292d00846c106669b09679a6fc36daef6	2026-10-10	NODE_SCRIPT(final-rcsec.mjs)	-	-	C0RC_REAL_STACK	NO	evidence/final-rc-bc5c47f292d0/final-rcsec.json#D01	953d17e53d05ba939f79d8fa03763fef9cd580da	NA	edf32dfe187a25ee159339c22be2ff4c1c093df4	stack c0rc (rc-sec regression)	final-rcsec.json (final RC QA, product bc5c47f292d0)	12
FIN-RCSEC-D02	SECURITY_REGRESSION	UNRATED	PASS	REAL_BACKEND_E2E	bc5c47f292d00846c106669b09679a6fc36daef6	2026-10-10	NODE_SCRIPT(final-rcsec.mjs)	-	-	C0RC_REAL_STACK	NO	evidence/final-rc-bc5c47f292d0/final-rcsec.json#D02	953d17e53d05ba939f79d8fa03763fef9cd580da	NA	edf32dfe187a25ee159339c22be2ff4c1c093df4	stack c0rc (rc-sec regression)	final-rcsec.json (final RC QA, product bc5c47f292d0)	12
FIN-RCSEC-D03	SECURITY_REGRESSION	UNRATED	PASS	REAL_BACKEND_E2E	bc5c47f292d00846c106669b09679a6fc36daef6	2026-10-10	NODE_SCRIPT(final-rcsec.mjs)	-	-	C0RC_REAL_STACK	NO	evidence/final-rc-bc5c47f292d0/final-rcsec.json#D03	953d17e53d05ba939f79d8fa03763fef9cd580da	NA	edf32dfe187a25ee159339c22be2ff4c1c093df4	stack c0rc (rc-sec regression)	final-rcsec.json (final RC QA, product bc5c47f292d0)	12
FIN-RCSEC-D04	SECURITY_REGRESSION	UNRATED	PASS	REAL_BACKEND_E2E	bc5c47f292d00846c106669b09679a6fc36daef6	2026-10-10	NODE_SCRIPT(final-rcsec.mjs)	-	-	C0RC_REAL_STACK	NO	evidence/final-rc-bc5c47f292d0/final-rcsec.json#D04	953d17e53d05ba939f79d8fa03763fef9cd580da	NA	edf32dfe187a25ee159339c22be2ff4c1c093df4	stack c0rc (rc-sec regression)	final-rcsec.json (final RC QA, product bc5c47f292d0)	12
FIN-RCSEC-L01	SECURITY_REGRESSION	UNRATED	PASS	REAL_BACKEND_E2E	bc5c47f292d00846c106669b09679a6fc36daef6	2026-10-10	NODE_SCRIPT(final-rcsec.mjs)	-	-	C0RC_REAL_STACK	NO	evidence/final-rc-bc5c47f292d0/final-rcsec.json#L01	953d17e53d05ba939f79d8fa03763fef9cd580da	NA	edf32dfe187a25ee159339c22be2ff4c1c093df4	stack c0rc (rc-sec regression)	final-rcsec.json (final RC QA, product bc5c47f292d0)	12
FIN-RCSEC-L02	SECURITY_REGRESSION	UNRATED	PASS	REAL_BACKEND_E2E	bc5c47f292d00846c106669b09679a6fc36daef6	2026-10-10	NODE_SCRIPT(final-rcsec.mjs)	-	-	C0RC_REAL_STACK	NO	evidence/final-rc-bc5c47f292d0/final-rcsec.json#L02	953d17e53d05ba939f79d8fa03763fef9cd580da	NA	edf32dfe187a25ee159339c22be2ff4c1c093df4	stack c0rc (rc-sec regression)	final-rcsec.json (final RC QA, product bc5c47f292d0)	12
FIN-RCSEC-L03	SECURITY_REGRESSION	UNRATED	PASS	REAL_BACKEND_E2E	bc5c47f292d00846c106669b09679a6fc36daef6	2026-10-10	NODE_SCRIPT(final-rcsec.mjs)	-	-	C0RC_REAL_STACK	NO	evidence/final-rc-bc5c47f292d0/final-rcsec.json#L03	953d17e53d05ba939f79d8fa03763fef9cd580da	NA	edf32dfe187a25ee159339c22be2ff4c1c093df4	stack c0rc (rc-sec regression)	final-rcsec.json (final RC QA, product bc5c47f292d0)	12
FIN-RCSEC-L04	SECURITY_REGRESSION	UNRATED	PASS	REAL_BACKEND_E2E	bc5c47f292d00846c106669b09679a6fc36daef6	2026-10-10	NODE_SCRIPT(final-rcsec.mjs)	-	-	C0RC_REAL_STACK	NO	evidence/final-rc-bc5c47f292d0/final-rcsec.json#L04	953d17e53d05ba939f79d8fa03763fef9cd580da	NA	edf32dfe187a25ee159339c22be2ff4c1c093df4	stack c0rc (rc-sec regression)	final-rcsec.json (final RC QA, product bc5c47f292d0)	12
FIN-RCSEC-L05	SECURITY_REGRESSION	UNRATED	PASS	REAL_BACKEND_E2E	bc5c47f292d00846c106669b09679a6fc36daef6	2026-10-10	NODE_SCRIPT(final-rcsec.mjs)	-	-	C0RC_REAL_STACK	NO	evidence/final-rc-bc5c47f292d0/final-rcsec.json#L05	953d17e53d05ba939f79d8fa03763fef9cd580da	NA	edf32dfe187a25ee159339c22be2ff4c1c093df4	stack c0rc (rc-sec regression)	final-rcsec.json (final RC QA, product bc5c47f292d0)	12
FIN-RCSEC-L06	SECURITY_REGRESSION	UNRATED	PASS	REAL_BACKEND_E2E	bc5c47f292d00846c106669b09679a6fc36daef6	2026-10-10	NODE_SCRIPT(final-rcsec.mjs)	-	-	C0RC_REAL_STACK	NO	evidence/final-rc-bc5c47f292d0/final-rcsec.json#L06	953d17e53d05ba939f79d8fa03763fef9cd580da	NA	edf32dfe187a25ee159339c22be2ff4c1c093df4	stack c0rc (rc-sec regression)	final-rcsec.json (final RC QA, product bc5c47f292d0)	12
FIN-RCSEC-O01	SECURITY_REGRESSION	UNRATED	PASS	REAL_BACKEND_E2E	bc5c47f292d00846c106669b09679a6fc36daef6	2026-10-10	NODE_SCRIPT(final-rcsec.mjs)	-	-	C0RC_REAL_STACK	NO	evidence/final-rc-bc5c47f292d0/final-rcsec.json#O01	953d17e53d05ba939f79d8fa03763fef9cd580da	NA	edf32dfe187a25ee159339c22be2ff4c1c093df4	stack c0rc (rc-sec regression)	final-rcsec.json (final RC QA, product bc5c47f292d0)	12
FIN-RCSEC-O02	SECURITY_REGRESSION	UNRATED	PASS	REAL_BACKEND_E2E	bc5c47f292d00846c106669b09679a6fc36daef6	2026-10-10	NODE_SCRIPT(final-rcsec.mjs)	-	-	C0RC_REAL_STACK	NO	evidence/final-rc-bc5c47f292d0/final-rcsec.json#O02	953d17e53d05ba939f79d8fa03763fef9cd580da	NA	edf32dfe187a25ee159339c22be2ff4c1c093df4	stack c0rc (rc-sec regression)	final-rcsec.json (final RC QA, product bc5c47f292d0)	12
FIN-RCSEC-O03	SECURITY_REGRESSION	UNRATED	PASS	REAL_BACKEND_E2E	bc5c47f292d00846c106669b09679a6fc36daef6	2026-10-10	NODE_SCRIPT(final-rcsec.mjs)	-	-	C0RC_REAL_STACK	NO	evidence/final-rc-bc5c47f292d0/final-rcsec.json#O03	953d17e53d05ba939f79d8fa03763fef9cd580da	NA	edf32dfe187a25ee159339c22be2ff4c1c093df4	stack c0rc (rc-sec regression)	final-rcsec.json (final RC QA, product bc5c47f292d0)	12
FIN-RCSEC-O04	SECURITY_REGRESSION	UNRATED	PASS	REAL_BACKEND_E2E	bc5c47f292d00846c106669b09679a6fc36daef6	2026-10-10	NODE_SCRIPT(final-rcsec.mjs)	-	-	C0RC_REAL_STACK	NO	evidence/final-rc-bc5c47f292d0/final-rcsec.json#O04	953d17e53d05ba939f79d8fa03763fef9cd580da	NA	edf32dfe187a25ee159339c22be2ff4c1c093df4	stack c0rc (rc-sec regression)	final-rcsec.json (final RC QA, product bc5c47f292d0)	12
FIN-RCSEC-O05	SECURITY_REGRESSION	UNRATED	PASS	REAL_BACKEND_E2E	bc5c47f292d00846c106669b09679a6fc36daef6	2026-10-10	NODE_SCRIPT(final-rcsec.mjs)	-	-	C0RC_REAL_STACK	NO	evidence/final-rc-bc5c47f292d0/final-rcsec.json#O05	953d17e53d05ba939f79d8fa03763fef9cd580da	NA	edf32dfe187a25ee159339c22be2ff4c1c093df4	stack c0rc (rc-sec regression)	final-rcsec.json (final RC QA, product bc5c47f292d0)	12
FIN-RCSEC-O06	SECURITY_REGRESSION	UNRATED	PASS	REAL_BACKEND_E2E	bc5c47f292d00846c106669b09679a6fc36daef6	2026-10-10	NODE_SCRIPT(final-rcsec.mjs)	-	-	C0RC_REAL_STACK	NO	evidence/final-rc-bc5c47f292d0/final-rcsec.json#O06	953d17e53d05ba939f79d8fa03763fef9cd580da	NA	edf32dfe187a25ee159339c22be2ff4c1c093df4	stack c0rc (rc-sec regression)	final-rcsec.json (final RC QA, product bc5c47f292d0)	12
FIN-RCSEC-P01	SECURITY_REGRESSION	UNRATED	PASS	REAL_BACKEND_E2E	bc5c47f292d00846c106669b09679a6fc36daef6	2026-10-10	NODE_SCRIPT(final-rcsec.mjs)	-	-	C0RC_REAL_STACK	NO	evidence/final-rc-bc5c47f292d0/final-rcsec.json#P01	953d17e53d05ba939f79d8fa03763fef9cd580da	NA	edf32dfe187a25ee159339c22be2ff4c1c093df4	stack c0rc (rc-sec regression)	final-rcsec.json (final RC QA, product bc5c47f292d0)	12
FIN-RCSEC-P02	SECURITY_REGRESSION	UNRATED	PASS	REAL_BACKEND_E2E	bc5c47f292d00846c106669b09679a6fc36daef6	2026-10-10	NODE_SCRIPT(final-rcsec.mjs)	-	-	C0RC_REAL_STACK	NO	evidence/final-rc-bc5c47f292d0/final-rcsec.json#P02	953d17e53d05ba939f79d8fa03763fef9cd580da	NA	edf32dfe187a25ee159339c22be2ff4c1c093df4	stack c0rc (rc-sec regression)	final-rcsec.json (final RC QA, product bc5c47f292d0)	12
FIN-RCSEC-P03	SECURITY_REGRESSION	UNRATED	PASS	REAL_BACKEND_E2E	bc5c47f292d00846c106669b09679a6fc36daef6	2026-10-10	NODE_SCRIPT(final-rcsec.mjs)	-	-	C0RC_REAL_STACK	NO	evidence/final-rc-bc5c47f292d0/final-rcsec.json#P03	953d17e53d05ba939f79d8fa03763fef9cd580da	NA	edf32dfe187a25ee159339c22be2ff4c1c093df4	stack c0rc (rc-sec regression)	final-rcsec.json (final RC QA, product bc5c47f292d0)	12
FIN-RCSEC-P04	SECURITY_REGRESSION	UNRATED	PASS	REAL_BACKEND_E2E	bc5c47f292d00846c106669b09679a6fc36daef6	2026-10-10	NODE_SCRIPT(final-rcsec.mjs)	-	-	C0RC_REAL_STACK	NO	evidence/final-rc-bc5c47f292d0/final-rcsec.json#P04	953d17e53d05ba939f79d8fa03763fef9cd580da	NA	edf32dfe187a25ee159339c22be2ff4c1c093df4	stack c0rc (rc-sec regression)	final-rcsec.json (final RC QA, product bc5c47f292d0)	12
FIN-RCSEC-S05	SECURITY_REGRESSION	UNRATED	PASS	REAL_BACKEND_E2E	bc5c47f292d00846c106669b09679a6fc36daef6	2026-10-10	NODE_SCRIPT(final-rcsec.mjs)	-	-	C0RC_REAL_STACK	NO	evidence/final-rc-bc5c47f292d0/final-rcsec.json#S05	953d17e53d05ba939f79d8fa03763fef9cd580da	NA	edf32dfe187a25ee159339c22be2ff4c1c093df4	stack c0rc (rc-sec regression)	final-rcsec.json (final RC QA, product bc5c47f292d0)	12
FIN-J04-J04-01	JOURNEY_04_BUILD_APP	UNRATED	PASS	REAL_BACKEND_E2E	bc5c47f292d00846c106669b09679a6fc36daef6	2026-10-10	NODE_SCRIPT(final-app.mjs)	-	-	C0RC_REAL_STACK	NO	evidence/final-rc-bc5c47f292d0/journey04-app.json#J04-01	953d17e53d05ba939f79d8fa03763fef9cd580da	NA	edf32dfe187a25ee159339c22be2ff4c1c093df4	stack c0rc	journey04-app.json (final RC QA, product bc5c47f292d0)	12
FIN-J04-J04-01b	JOURNEY_04_BUILD_APP	UNRATED	PASS	REAL_BACKEND_E2E	bc5c47f292d00846c106669b09679a6fc36daef6	2026-10-10	NODE_SCRIPT(final-app.mjs)	-	-	C0RC_REAL_STACK	NO	evidence/final-rc-bc5c47f292d0/journey04-app.json#J04-01b	953d17e53d05ba939f79d8fa03763fef9cd580da	NA	edf32dfe187a25ee159339c22be2ff4c1c093df4	stack c0rc	journey04-app.json (final RC QA, product bc5c47f292d0)	12
FIN-J04-J04-02	JOURNEY_04_BUILD_APP	UNRATED	PASS	REAL_BACKEND_E2E	bc5c47f292d00846c106669b09679a6fc36daef6	2026-10-10	NODE_SCRIPT(final-app.mjs)	-	-	C0RC_REAL_STACK	NO	evidence/final-rc-bc5c47f292d0/journey04-app.json#J04-02	953d17e53d05ba939f79d8fa03763fef9cd580da	NA	edf32dfe187a25ee159339c22be2ff4c1c093df4	stack c0rc	journey04-app.json (final RC QA, product bc5c47f292d0)	12
FIN-J04-J04-03a	JOURNEY_04_BUILD_APP	UNRATED	PASS	REAL_BACKEND_E2E	bc5c47f292d00846c106669b09679a6fc36daef6	2026-10-10	NODE_SCRIPT(final-app.mjs)	-	-	C0RC_REAL_STACK	NO	evidence/final-rc-bc5c47f292d0/journey04-app.json#J04-03a	953d17e53d05ba939f79d8fa03763fef9cd580da	NA	edf32dfe187a25ee159339c22be2ff4c1c093df4	stack c0rc	journey04-app.json (final RC QA, product bc5c47f292d0)	12
FIN-J04-J04-04	JOURNEY_04_BUILD_APP	UNRATED	PASS	REAL_BACKEND_E2E	bc5c47f292d00846c106669b09679a6fc36daef6	2026-10-10	NODE_SCRIPT(final-app.mjs)	-	-	C0RC_REAL_STACK	NO	evidence/final-rc-bc5c47f292d0/journey04-app.json#J04-04	953d17e53d05ba939f79d8fa03763fef9cd580da	NA	edf32dfe187a25ee159339c22be2ff4c1c093df4	stack c0rc	journey04-app.json (final RC QA, product bc5c47f292d0)	12
FIN-J04-J04-05	JOURNEY_04_BUILD_APP	UNRATED	PASS	REAL_BACKEND_E2E	bc5c47f292d00846c106669b09679a6fc36daef6	2026-10-10	NODE_SCRIPT(final-app.mjs)	-	-	C0RC_REAL_STACK	NO	evidence/final-rc-bc5c47f292d0/journey04-app.json#J04-05	953d17e53d05ba939f79d8fa03763fef9cd580da	NA	edf32dfe187a25ee159339c22be2ff4c1c093df4	stack c0rc	journey04-app.json (final RC QA, product bc5c47f292d0)	12
FIN-J04-J04-06	JOURNEY_04_BUILD_APP	UNRATED	PASS	REAL_BACKEND_E2E	bc5c47f292d00846c106669b09679a6fc36daef6	2026-10-10	NODE_SCRIPT(final-app.mjs)	-	-	C0RC_REAL_STACK	NO	evidence/final-rc-bc5c47f292d0/journey04-app.json#J04-06	953d17e53d05ba939f79d8fa03763fef9cd580da	NA	edf32dfe187a25ee159339c22be2ff4c1c093df4	stack c0rc	journey04-app.json (final RC QA, product bc5c47f292d0)	12
FIN-J04-J04-07	JOURNEY_04_BUILD_APP	UNRATED	PASS	REAL_BACKEND_E2E	bc5c47f292d00846c106669b09679a6fc36daef6	2026-10-10	NODE_SCRIPT(final-app.mjs)	-	-	C0RC_REAL_STACK	NO	evidence/final-rc-bc5c47f292d0/journey04-app.json#J04-07	953d17e53d05ba939f79d8fa03763fef9cd580da	NA	edf32dfe187a25ee159339c22be2ff4c1c093df4	stack c0rc	journey04-app.json (final RC QA, product bc5c47f292d0)	12
FIN-J04-J04-07b	JOURNEY_04_BUILD_APP	UNRATED	PASS	REAL_BACKEND_E2E	bc5c47f292d00846c106669b09679a6fc36daef6	2026-10-10	NODE_SCRIPT(final-app.mjs)	-	-	C0RC_REAL_STACK	NO	evidence/final-rc-bc5c47f292d0/journey04-app.json#J04-07b	953d17e53d05ba939f79d8fa03763fef9cd580da	NA	edf32dfe187a25ee159339c22be2ff4c1c093df4	stack c0rc	journey04-app.json (final RC QA, product bc5c47f292d0)	12
FIN-J04-J04-08	JOURNEY_04_BUILD_APP	UNRATED	PASS	REAL_BACKEND_E2E	bc5c47f292d00846c106669b09679a6fc36daef6	2026-10-10	NODE_SCRIPT(final-app.mjs)	-	-	C0RC_REAL_STACK	NO	evidence/final-rc-bc5c47f292d0/journey04-app.json#J04-08	953d17e53d05ba939f79d8fa03763fef9cd580da	NA	edf32dfe187a25ee159339c22be2ff4c1c093df4	stack c0rc	journey04-app.json (final RC QA, product bc5c47f292d0)	12
FIN-J04-J04-08b	JOURNEY_04_BUILD_APP	UNRATED	PASS	REAL_BACKEND_E2E	bc5c47f292d00846c106669b09679a6fc36daef6	2026-10-10	NODE_SCRIPT(final-app.mjs)	-	-	C0RC_REAL_STACK	NO	evidence/final-rc-bc5c47f292d0/journey04-app.json#J04-08b	953d17e53d05ba939f79d8fa03763fef9cd580da	NA	edf32dfe187a25ee159339c22be2ff4c1c093df4	stack c0rc	journey04-app.json (final RC QA, product bc5c47f292d0)	12
FIN-J04-J04-09	JOURNEY_04_BUILD_APP	UNRATED	PASS	REAL_BACKEND_E2E	bc5c47f292d00846c106669b09679a6fc36daef6	2026-10-10	NODE_SCRIPT(final-app.mjs)	-	-	C0RC_REAL_STACK	NO	evidence/final-rc-bc5c47f292d0/journey04-app.json#J04-09	953d17e53d05ba939f79d8fa03763fef9cd580da	NA	edf32dfe187a25ee159339c22be2ff4c1c093df4	stack c0rc	journey04-app.json (final RC QA, product bc5c47f292d0)	12
FIN-J04-J04-09b	JOURNEY_04_BUILD_APP	UNRATED	PASS	REAL_BACKEND_E2E	bc5c47f292d00846c106669b09679a6fc36daef6	2026-10-10	NODE_SCRIPT(final-app.mjs)	-	-	C0RC_REAL_STACK	NO	evidence/final-rc-bc5c47f292d0/journey04-app.json#J04-09b	953d17e53d05ba939f79d8fa03763fef9cd580da	NA	edf32dfe187a25ee159339c22be2ff4c1c093df4	stack c0rc	journey04-app.json (final RC QA, product bc5c47f292d0)	12
FIN-J04-J04-10	JOURNEY_04_BUILD_APP	UNRATED	PASS	REAL_BACKEND_E2E	bc5c47f292d00846c106669b09679a6fc36daef6	2026-10-10	NODE_SCRIPT(final-app.mjs)	-	-	C0RC_REAL_STACK	NO	evidence/final-rc-bc5c47f292d0/journey04-app.json#J04-10	953d17e53d05ba939f79d8fa03763fef9cd580da	NA	edf32dfe187a25ee159339c22be2ff4c1c093df4	stack c0rc	journey04-app.json (final RC QA, product bc5c47f292d0)	12
FIN-J04-J04-11	JOURNEY_04_BUILD_APP	UNRATED	PASS	REAL_BACKEND_E2E	bc5c47f292d00846c106669b09679a6fc36daef6	2026-10-10	NODE_SCRIPT(final-app.mjs)	-	-	C0RC_REAL_STACK	NO	evidence/final-rc-bc5c47f292d0/journey04-app.json#J04-11	953d17e53d05ba939f79d8fa03763fef9cd580da	NA	edf32dfe187a25ee159339c22be2ff4c1c093df4	stack c0rc	journey04-app.json (final RC QA, product bc5c47f292d0)	12
FIN-J04-J04-11b	JOURNEY_04_BUILD_APP	UNRATED	PASS	REAL_BACKEND_E2E	bc5c47f292d00846c106669b09679a6fc36daef6	2026-10-10	NODE_SCRIPT(final-app.mjs)	-	-	C0RC_REAL_STACK	NO	evidence/final-rc-bc5c47f292d0/journey04-app.json#J04-11b	953d17e53d05ba939f79d8fa03763fef9cd580da	NA	edf32dfe187a25ee159339c22be2ff4c1c093df4	stack c0rc	journey04-app.json (final RC QA, product bc5c47f292d0)	12
FIN-J04-J04-12	JOURNEY_04_BUILD_APP	UNRATED	BLOCKED	REAL_BACKEND_E2E	bc5c47f292d00846c106669b09679a6fc36daef6	2026-10-10	NODE_SCRIPT(final-app.mjs)	-	-	C0RC_REAL_STACK	YES	evidence/final-rc-bc5c47f292d0/journey04-app.json#J04-12	953d17e53d05ba939f79d8fa03763fef9cd580da	NA	edf32dfe187a25ee159339c22be2ff4c1c093df4	stack c0rc	journey04-app.json (final RC QA, product bc5c47f292d0)	12
FIN-J04-J04-13	JOURNEY_04_BUILD_APP	UNRATED	PASS	REAL_BACKEND_E2E	bc5c47f292d00846c106669b09679a6fc36daef6	2026-10-10	NODE_SCRIPT(final-app.mjs)	-	-	C0RC_REAL_STACK	NO	evidence/final-rc-bc5c47f292d0/journey04-app.json#J04-13	953d17e53d05ba939f79d8fa03763fef9cd580da	NA	edf32dfe187a25ee159339c22be2ff4c1c093df4	stack c0rc	journey04-app.json (final RC QA, product bc5c47f292d0)	12
FIN-J04-J04-13b	JOURNEY_04_BUILD_APP	UNRATED	PASS	REAL_BACKEND_E2E	bc5c47f292d00846c106669b09679a6fc36daef6	2026-10-10	NODE_SCRIPT(final-app.mjs)	-	-	C0RC_REAL_STACK	NO	evidence/final-rc-bc5c47f292d0/journey04-app.json#J04-13b	953d17e53d05ba939f79d8fa03763fef9cd580da	NA	edf32dfe187a25ee159339c22be2ff4c1c093df4	stack c0rc	journey04-app.json (final RC QA, product bc5c47f292d0)	12
FIN-J04-J04-13c	JOURNEY_04_BUILD_APP	UNRATED	PASS	REAL_BACKEND_E2E	bc5c47f292d00846c106669b09679a6fc36daef6	2026-10-10	NODE_SCRIPT(final-app.mjs)	-	-	C0RC_REAL_STACK	NO	evidence/final-rc-bc5c47f292d0/journey04-app.json#J04-13c	953d17e53d05ba939f79d8fa03763fef9cd580da	NA	edf32dfe187a25ee159339c22be2ff4c1c093df4	stack c0rc	journey04-app.json (final RC QA, product bc5c47f292d0)	12
FIN-J04-J04-14a	JOURNEY_04_BUILD_APP	UNRATED	PASS	REAL_BACKEND_E2E	bc5c47f292d00846c106669b09679a6fc36daef6	2026-10-10	NODE_SCRIPT(final-app.mjs)	-	-	C0RC_REAL_STACK	NO	evidence/final-rc-bc5c47f292d0/journey04-app.json#J04-14a	953d17e53d05ba939f79d8fa03763fef9cd580da	NA	edf32dfe187a25ee159339c22be2ff4c1c093df4	stack c0rc	journey04-app.json (final RC QA, product bc5c47f292d0)	12
FIN-J04-J04-14	JOURNEY_04_BUILD_APP	UNRATED	PASS	REAL_BACKEND_E2E	bc5c47f292d00846c106669b09679a6fc36daef6	2026-10-10	NODE_SCRIPT(final-app.mjs)	-	-	C0RC_REAL_STACK	NO	evidence/final-rc-bc5c47f292d0/journey04-app.json#J04-14	953d17e53d05ba939f79d8fa03763fef9cd580da	NA	edf32dfe187a25ee159339c22be2ff4c1c093df4	stack c0rc	journey04-app.json (final RC QA, product bc5c47f292d0)	12
FIN-J04-J04-14b	JOURNEY_04_BUILD_APP	UNRATED	PASS	REAL_BACKEND_E2E	bc5c47f292d00846c106669b09679a6fc36daef6	2026-10-10	NODE_SCRIPT(final-app.mjs)	-	-	C0RC_REAL_STACK	NO	evidence/final-rc-bc5c47f292d0/journey04-app.json#J04-14b	953d17e53d05ba939f79d8fa03763fef9cd580da	NA	edf32dfe187a25ee159339c22be2ff4c1c093df4	stack c0rc	journey04-app.json (final RC QA, product bc5c47f292d0)	12
FIN-J04-J04-14c	JOURNEY_04_BUILD_APP	UNRATED	PASS	REAL_BACKEND_E2E	bc5c47f292d00846c106669b09679a6fc36daef6	2026-10-10	NODE_SCRIPT(final-app.mjs)	-	-	C0RC_REAL_STACK	NO	evidence/final-rc-bc5c47f292d0/journey04-app.json#J04-14c	953d17e53d05ba939f79d8fa03763fef9cd580da	NA	edf32dfe187a25ee159339c22be2ff4c1c093df4	stack c0rc	journey04-app.json (final RC QA, product bc5c47f292d0)	12
FIN-J04-J04-14d	JOURNEY_04_BUILD_APP	UNRATED	PASS	REAL_BACKEND_E2E	bc5c47f292d00846c106669b09679a6fc36daef6	2026-10-10	NODE_SCRIPT(final-app.mjs)	-	-	C0RC_REAL_STACK	NO	evidence/final-rc-bc5c47f292d0/journey04-app.json#J04-14d	953d17e53d05ba939f79d8fa03763fef9cd580da	NA	edf32dfe187a25ee159339c22be2ff4c1c093df4	stack c0rc	journey04-app.json (final RC QA, product bc5c47f292d0)	12
FIN-J04-J04-15a	JOURNEY_04_BUILD_APP	UNRATED	PASS	REAL_BACKEND_E2E	bc5c47f292d00846c106669b09679a6fc36daef6	2026-10-10	NODE_SCRIPT(final-app.mjs)	-	-	C0RC_REAL_STACK	NO	evidence/final-rc-bc5c47f292d0/journey04-app.json#J04-15a	953d17e53d05ba939f79d8fa03763fef9cd580da	NA	edf32dfe187a25ee159339c22be2ff4c1c093df4	stack c0rc	journey04-app.json (final RC QA, product bc5c47f292d0)	12
FIN-J04-J04-15b	JOURNEY_04_BUILD_APP	UNRATED	PASS	REAL_BACKEND_E2E	bc5c47f292d00846c106669b09679a6fc36daef6	2026-10-10	NODE_SCRIPT(final-app.mjs)	-	-	C0RC_REAL_STACK	NO	evidence/final-rc-bc5c47f292d0/journey04-app.json#J04-15b	953d17e53d05ba939f79d8fa03763fef9cd580da	NA	edf32dfe187a25ee159339c22be2ff4c1c093df4	stack c0rc	journey04-app.json (final RC QA, product bc5c47f292d0)	12
FIN-J04-J04-15c	JOURNEY_04_BUILD_APP	UNRATED	PASS	REAL_BACKEND_E2E	bc5c47f292d00846c106669b09679a6fc36daef6	2026-10-10	NODE_SCRIPT(final-app.mjs)	-	-	C0RC_REAL_STACK	NO	evidence/final-rc-bc5c47f292d0/journey04-app.json#J04-15c	953d17e53d05ba939f79d8fa03763fef9cd580da	NA	edf32dfe187a25ee159339c22be2ff4c1c093df4	stack c0rc	journey04-app.json (final RC QA, product bc5c47f292d0)	12
FIN-J04-J04-15d	JOURNEY_04_BUILD_APP	UNRATED	PASS	REAL_BACKEND_E2E	bc5c47f292d00846c106669b09679a6fc36daef6	2026-10-10	NODE_SCRIPT(final-app.mjs)	-	-	C0RC_REAL_STACK	NO	evidence/final-rc-bc5c47f292d0/journey04-app.json#J04-15d	953d17e53d05ba939f79d8fa03763fef9cd580da	NA	edf32dfe187a25ee159339c22be2ff4c1c093df4	stack c0rc	journey04-app.json (final RC QA, product bc5c47f292d0)	12
FIN-J04-J04-15e	JOURNEY_04_BUILD_APP	UNRATED	PASS	REAL_BACKEND_E2E	bc5c47f292d00846c106669b09679a6fc36daef6	2026-10-10	NODE_SCRIPT(final-app.mjs)	-	-	C0RC_REAL_STACK	NO	evidence/final-rc-bc5c47f292d0/journey04-app.json#J04-15e	953d17e53d05ba939f79d8fa03763fef9cd580da	NA	edf32dfe187a25ee159339c22be2ff4c1c093df4	stack c0rc	journey04-app.json (final RC QA, product bc5c47f292d0)	12
FIN-J04-J04-15f	JOURNEY_04_BUILD_APP	UNRATED	PASS	REAL_BACKEND_E2E	bc5c47f292d00846c106669b09679a6fc36daef6	2026-10-10	NODE_SCRIPT(final-app.mjs)	-	-	C0RC_REAL_STACK	NO	evidence/final-rc-bc5c47f292d0/journey04-app.json#J04-15f	953d17e53d05ba939f79d8fa03763fef9cd580da	NA	edf32dfe187a25ee159339c22be2ff4c1c093df4	stack c0rc	journey04-app.json (final RC QA, product bc5c47f292d0)	12
FIN-J04-J04-15g	JOURNEY_04_BUILD_APP	UNRATED	PASS	REAL_BACKEND_E2E	bc5c47f292d00846c106669b09679a6fc36daef6	2026-10-10	NODE_SCRIPT(final-app.mjs)	-	-	C0RC_REAL_STACK	NO	evidence/final-rc-bc5c47f292d0/journey04-app.json#J04-15g	953d17e53d05ba939f79d8fa03763fef9cd580da	NA	edf32dfe187a25ee159339c22be2ff4c1c093df4	stack c0rc	journey04-app.json (final RC QA, product bc5c47f292d0)	12
FIN-J04-J04-15h	JOURNEY_04_BUILD_APP	UNRATED	PASS	REAL_BACKEND_E2E	bc5c47f292d00846c106669b09679a6fc36daef6	2026-10-10	NODE_SCRIPT(final-app.mjs)	-	-	C0RC_REAL_STACK	NO	evidence/final-rc-bc5c47f292d0/journey04-app.json#J04-15h	953d17e53d05ba939f79d8fa03763fef9cd580da	NA	edf32dfe187a25ee159339c22be2ff4c1c093df4	stack c0rc	journey04-app.json (final RC QA, product bc5c47f292d0)	12
FIN-J04-J04-15i	JOURNEY_04_BUILD_APP	UNRATED	PASS	REAL_BACKEND_E2E	bc5c47f292d00846c106669b09679a6fc36daef6	2026-10-10	NODE_SCRIPT(final-app.mjs)	-	-	C0RC_REAL_STACK	NO	evidence/final-rc-bc5c47f292d0/journey04-app.json#J04-15i	953d17e53d05ba939f79d8fa03763fef9cd580da	NA	edf32dfe187a25ee159339c22be2ff4c1c093df4	stack c0rc	journey04-app.json (final RC QA, product bc5c47f292d0)	12
FIN-J04-J04-15j	JOURNEY_04_BUILD_APP	UNRATED	PASS	REAL_BACKEND_E2E	bc5c47f292d00846c106669b09679a6fc36daef6	2026-10-10	NODE_SCRIPT(final-app.mjs)	-	-	C0RC_REAL_STACK	NO	evidence/final-rc-bc5c47f292d0/journey04-app.json#J04-15j	953d17e53d05ba939f79d8fa03763fef9cd580da	NA	edf32dfe187a25ee159339c22be2ff4c1c093df4	stack c0rc	journey04-app.json (final RC QA, product bc5c47f292d0)	12
FIN-J04-J04-15k	JOURNEY_04_BUILD_APP	UNRATED	PASS	REAL_BACKEND_E2E	bc5c47f292d00846c106669b09679a6fc36daef6	2026-10-10	NODE_SCRIPT(final-app.mjs)	-	-	C0RC_REAL_STACK	NO	evidence/final-rc-bc5c47f292d0/journey04-app.json#J04-15k	953d17e53d05ba939f79d8fa03763fef9cd580da	NA	edf32dfe187a25ee159339c22be2ff4c1c093df4	stack c0rc	journey04-app.json (final RC QA, product bc5c47f292d0)	12
FIN-J04-J04-16	JOURNEY_04_BUILD_APP	UNRATED	PASS	REAL_BACKEND_E2E	bc5c47f292d00846c106669b09679a6fc36daef6	2026-10-10	NODE_SCRIPT(final-app.mjs)	-	-	C0RC_REAL_STACK	NO	evidence/final-rc-bc5c47f292d0/journey04-app.json#J04-16	953d17e53d05ba939f79d8fa03763fef9cd580da	NA	edf32dfe187a25ee159339c22be2ff4c1c093df4	stack c0rc	journey04-app.json (final RC QA, product bc5c47f292d0)	12
FIN-J04-J04-16b	JOURNEY_04_BUILD_APP	UNRATED	PASS	REAL_BACKEND_E2E	bc5c47f292d00846c106669b09679a6fc36daef6	2026-10-10	NODE_SCRIPT(final-app.mjs)	-	-	C0RC_REAL_STACK	NO	evidence/final-rc-bc5c47f292d0/journey04-app.json#J04-16b	953d17e53d05ba939f79d8fa03763fef9cd580da	NA	edf32dfe187a25ee159339c22be2ff4c1c093df4	stack c0rc	journey04-app.json (final RC QA, product bc5c47f292d0)	12
FIN-J04-J04-16c	JOURNEY_04_BUILD_APP	UNRATED	PASS	REAL_BACKEND_E2E	bc5c47f292d00846c106669b09679a6fc36daef6	2026-10-10	NODE_SCRIPT(final-app.mjs)	-	-	C0RC_REAL_STACK	NO	evidence/final-rc-bc5c47f292d0/journey04-app.json#J04-16c	953d17e53d05ba939f79d8fa03763fef9cd580da	NA	edf32dfe187a25ee159339c22be2ff4c1c093df4	stack c0rc	journey04-app.json (final RC QA, product bc5c47f292d0)	12
FIN-J04-J04-17a	JOURNEY_04_BUILD_APP	UNRATED	PASS	REAL_BACKEND_E2E	bc5c47f292d00846c106669b09679a6fc36daef6	2026-10-10	NODE_SCRIPT(final-app.mjs)	-	-	C0RC_REAL_STACK	NO	evidence/final-rc-bc5c47f292d0/journey04-app.json#J04-17a	953d17e53d05ba939f79d8fa03763fef9cd580da	NA	edf32dfe187a25ee159339c22be2ff4c1c093df4	stack c0rc	journey04-app.json (final RC QA, product bc5c47f292d0)	12
FIN-J04-J04-17b	JOURNEY_04_BUILD_APP	UNRATED	PASS	REAL_BACKEND_E2E	bc5c47f292d00846c106669b09679a6fc36daef6	2026-10-10	NODE_SCRIPT(final-app.mjs)	-	-	C0RC_REAL_STACK	NO	evidence/final-rc-bc5c47f292d0/journey04-app.json#J04-17b	953d17e53d05ba939f79d8fa03763fef9cd580da	NA	edf32dfe187a25ee159339c22be2ff4c1c093df4	stack c0rc	journey04-app.json (final RC QA, product bc5c47f292d0)	12
FIN-J04-J04-17c	JOURNEY_04_BUILD_APP	UNRATED	PASS	REAL_BACKEND_E2E	bc5c47f292d00846c106669b09679a6fc36daef6	2026-10-10	NODE_SCRIPT(final-app.mjs)	-	-	C0RC_REAL_STACK	NO	evidence/final-rc-bc5c47f292d0/journey04-app.json#J04-17c	953d17e53d05ba939f79d8fa03763fef9cd580da	NA	edf32dfe187a25ee159339c22be2ff4c1c093df4	stack c0rc	journey04-app.json (final RC QA, product bc5c47f292d0)	12
FIN-J04-J04-17d	JOURNEY_04_BUILD_APP	UNRATED	PASS	REAL_BACKEND_E2E	bc5c47f292d00846c106669b09679a6fc36daef6	2026-10-10	NODE_SCRIPT(final-app.mjs)	-	-	C0RC_REAL_STACK	NO	evidence/final-rc-bc5c47f292d0/journey04-app.json#J04-17d	953d17e53d05ba939f79d8fa03763fef9cd580da	NA	edf32dfe187a25ee159339c22be2ff4c1c093df4	stack c0rc	journey04-app.json (final RC QA, product bc5c47f292d0)	12
FIN-J04-J04-17e	JOURNEY_04_BUILD_APP	UNRATED	PASS	REAL_BACKEND_E2E	bc5c47f292d00846c106669b09679a6fc36daef6	2026-10-10	NODE_SCRIPT(final-app.mjs)	-	-	C0RC_REAL_STACK	NO	evidence/final-rc-bc5c47f292d0/journey04-app.json#J04-17e	953d17e53d05ba939f79d8fa03763fef9cd580da	NA	edf32dfe187a25ee159339c22be2ff4c1c093df4	stack c0rc	journey04-app.json (final RC QA, product bc5c47f292d0)	12
FIN-J04-J04-18	JOURNEY_04_BUILD_APP	UNRATED	PASS	REAL_BACKEND_E2E	bc5c47f292d00846c106669b09679a6fc36daef6	2026-10-10	NODE_SCRIPT(final-app.mjs)	-	-	C0RC_REAL_STACK	NO	evidence/final-rc-bc5c47f292d0/journey04-app.json#J04-18	953d17e53d05ba939f79d8fa03763fef9cd580da	NA	edf32dfe187a25ee159339c22be2ff4c1c093df4	stack c0rc	journey04-app.json (final RC QA, product bc5c47f292d0)	12
FIN-J05C0-J05-DS01	JOURNEY_05_DATA_APP	UNRATED	PASS	REAL_BACKEND_E2E	bc5c47f292d00846c106669b09679a6fc36daef6	2026-10-10	NODE_SCRIPT(final-data.mjs)	-	-	C0RC_REAL_STACK_NO_TRUSTSTORE	YES	evidence/final-rc-bc5c47f292d0/journey05-data.json#J05-DS01	953d17e53d05ba939f79d8fa03763fef9cd580da	NA	edf32dfe187a25ee159339c22be2ff4c1c093df4	stack c0rc: JVM has no data-target trust store (TLS_FAILED) -> target-dependent rows BLOCKED (owner C0)	journey05-data.json (final RC QA, product bc5c47f292d0)	12
FIN-J05C0-J05-DS02	JOURNEY_05_DATA_APP	UNRATED	PASS	REAL_BACKEND_E2E	bc5c47f292d00846c106669b09679a6fc36daef6	2026-10-10	NODE_SCRIPT(final-data.mjs)	-	-	C0RC_REAL_STACK_NO_TRUSTSTORE	YES	evidence/final-rc-bc5c47f292d0/journey05-data.json#J05-DS02	953d17e53d05ba939f79d8fa03763fef9cd580da	NA	edf32dfe187a25ee159339c22be2ff4c1c093df4	stack c0rc: JVM has no data-target trust store (TLS_FAILED) -> target-dependent rows BLOCKED (owner C0)	journey05-data.json (final RC QA, product bc5c47f292d0)	12
FIN-J05C0-J05-DS02b	JOURNEY_05_DATA_APP	UNRATED	PASS	REAL_BACKEND_E2E	bc5c47f292d00846c106669b09679a6fc36daef6	2026-10-10	NODE_SCRIPT(final-data.mjs)	-	-	C0RC_REAL_STACK_NO_TRUSTSTORE	YES	evidence/final-rc-bc5c47f292d0/journey05-data.json#J05-DS02b	953d17e53d05ba939f79d8fa03763fef9cd580da	NA	edf32dfe187a25ee159339c22be2ff4c1c093df4	stack c0rc: JVM has no data-target trust store (TLS_FAILED) -> target-dependent rows BLOCKED (owner C0)	journey05-data.json (final RC QA, product bc5c47f292d0)	12
FIN-J05C0-J05-DS03	JOURNEY_05_DATA_APP	UNRATED	PASS	REAL_BACKEND_E2E	bc5c47f292d00846c106669b09679a6fc36daef6	2026-10-10	NODE_SCRIPT(final-data.mjs)	-	-	C0RC_REAL_STACK_NO_TRUSTSTORE	YES	evidence/final-rc-bc5c47f292d0/journey05-data.json#J05-DS03	953d17e53d05ba939f79d8fa03763fef9cd580da	NA	edf32dfe187a25ee159339c22be2ff4c1c093df4	stack c0rc: JVM has no data-target trust store (TLS_FAILED) -> target-dependent rows BLOCKED (owner C0)	journey05-data.json (final RC QA, product bc5c47f292d0)	12
FIN-J05C0-J05-DS04	JOURNEY_05_DATA_APP	UNRATED	PASS	REAL_BACKEND_E2E	bc5c47f292d00846c106669b09679a6fc36daef6	2026-10-10	NODE_SCRIPT(final-data.mjs)	-	-	C0RC_REAL_STACK_NO_TRUSTSTORE	YES	evidence/final-rc-bc5c47f292d0/journey05-data.json#J05-DS04	953d17e53d05ba939f79d8fa03763fef9cd580da	NA	edf32dfe187a25ee159339c22be2ff4c1c093df4	stack c0rc: JVM has no data-target trust store (TLS_FAILED) -> target-dependent rows BLOCKED (owner C0)	journey05-data.json (final RC QA, product bc5c47f292d0)	12
FIN-J05C0-J05-DS05	JOURNEY_05_DATA_APP	UNRATED	BLOCKED	REAL_BACKEND_E2E	bc5c47f292d00846c106669b09679a6fc36daef6	2026-10-10	NODE_SCRIPT(final-data.mjs)	C0 (environment)	FQ-ENV-01	C0RC_REAL_STACK_NO_TRUSTSTORE	YES	evidence/final-rc-bc5c47f292d0/journey05-data.json#J05-DS05	953d17e53d05ba939f79d8fa03763fef9cd580da	NA	edf32dfe187a25ee159339c22be2ff4c1c093df4	stack c0rc: JVM has no data-target trust store (TLS_FAILED) -> target-dependent rows BLOCKED (owner C0)	journey05-data.json (final RC QA, product bc5c47f292d0)	12
FIN-J05C0-J05-DS06	JOURNEY_05_DATA_APP	UNRATED	BLOCKED	REAL_BACKEND_E2E	bc5c47f292d00846c106669b09679a6fc36daef6	2026-10-10	NODE_SCRIPT(final-data.mjs)	C0/C3	FQ-ENV-01	C0RC_REAL_STACK_NO_TRUSTSTORE	YES	evidence/final-rc-bc5c47f292d0/journey05-data.json#J05-DS06	953d17e53d05ba939f79d8fa03763fef9cd580da	NA	edf32dfe187a25ee159339c22be2ff4c1c093df4	stack c0rc: JVM has no data-target trust store (TLS_FAILED) -> target-dependent rows BLOCKED (owner C0)	journey05-data.json (final RC QA, product bc5c47f292d0)	12
FIN-J05C0-J05-DS06b	JOURNEY_05_DATA_APP	UNRATED	BLOCKED	REAL_BACKEND_E2E	bc5c47f292d00846c106669b09679a6fc36daef6	2026-10-10	NODE_SCRIPT(final-data.mjs)	C0/C3	FQ-ENV-01	C0RC_REAL_STACK_NO_TRUSTSTORE	YES	evidence/final-rc-bc5c47f292d0/journey05-data.json#J05-DS06b	953d17e53d05ba939f79d8fa03763fef9cd580da	NA	edf32dfe187a25ee159339c22be2ff4c1c093df4	stack c0rc: JVM has no data-target trust store (TLS_FAILED) -> target-dependent rows BLOCKED (owner C0)	journey05-data.json (final RC QA, product bc5c47f292d0)	12
FIN-J05C0-J05-DS07	JOURNEY_05_DATA_APP	UNRATED	BLOCKED	REAL_BACKEND_E2E	bc5c47f292d00846c106669b09679a6fc36daef6	2026-10-10	NODE_SCRIPT(final-data.mjs)	C0/C3	FQ-ENV-01	C0RC_REAL_STACK_NO_TRUSTSTORE	YES	evidence/final-rc-bc5c47f292d0/journey05-data.json#J05-DS07	953d17e53d05ba939f79d8fa03763fef9cd580da	NA	edf32dfe187a25ee159339c22be2ff4c1c093df4	stack c0rc: JVM has no data-target trust store (TLS_FAILED) -> target-dependent rows BLOCKED (owner C0)	journey05-data.json (final RC QA, product bc5c47f292d0)	12
FIN-J05C0-J05-SSRF-cloud metadata	JOURNEY_05_DATA_APP	UNRATED	PASS	REAL_BACKEND_E2E	bc5c47f292d00846c106669b09679a6fc36daef6	2026-10-10	NODE_SCRIPT(final-data.mjs)	-	-	C0RC_REAL_STACK_NO_TRUSTSTORE	YES	evidence/final-rc-bc5c47f292d0/journey05-data.json#J05-SSRF-cloud metadata	953d17e53d05ba939f79d8fa03763fef9cd580da	NA	edf32dfe187a25ee159339c22be2ff4c1c093df4	stack c0rc: JVM has no data-target trust store (TLS_FAILED) -> target-dependent rows BLOCKED (owner C0)	journey05-data.json (final RC QA, product bc5c47f292d0)	12
FIN-J05C0-J05-SSRF-c0rc platform 	JOURNEY_05_DATA_APP	UNRATED	PASS	REAL_BACKEND_E2E	bc5c47f292d00846c106669b09679a6fc36daef6	2026-10-10	NODE_SCRIPT(final-data.mjs)	-	-	C0RC_REAL_STACK_NO_TRUSTSTORE	YES	evidence/final-rc-bc5c47f292d0/journey05-data.json#J05-SSRF-c0rc platform 	953d17e53d05ba939f79d8fa03763fef9cd580da	NA	edf32dfe187a25ee159339c22be2ff4c1c093df4	stack c0rc: JVM has no data-target trust store (TLS_FAILED) -> target-dependent rows BLOCKED (owner C0)	journey05-data.json (final RC QA, product bc5c47f292d0)	12
FIN-J05C0-J05-SSRF-platform DB by	JOURNEY_05_DATA_APP	UNRATED	PASS	REAL_BACKEND_E2E	bc5c47f292d00846c106669b09679a6fc36daef6	2026-10-10	NODE_SCRIPT(final-data.mjs)	-	-	C0RC_REAL_STACK_NO_TRUSTSTORE	YES	evidence/final-rc-bc5c47f292d0/journey05-data.json#J05-SSRF-platform DB by	953d17e53d05ba939f79d8fa03763fef9cd580da	NA	edf32dfe187a25ee159339c22be2ff4c1c093df4	stack c0rc: JVM has no data-target trust store (TLS_FAILED) -> target-dependent rows BLOCKED (owner C0)	journey05-data.json (final RC QA, product bc5c47f292d0)	12
FIN-J05C0-J05-SSRF-loopback not a	JOURNEY_05_DATA_APP	UNRATED	PASS	REAL_BACKEND_E2E	bc5c47f292d00846c106669b09679a6fc36daef6	2026-10-10	NODE_SCRIPT(final-data.mjs)	-	-	C0RC_REAL_STACK_NO_TRUSTSTORE	YES	evidence/final-rc-bc5c47f292d0/journey05-data.json#J05-SSRF-loopback not a	953d17e53d05ba939f79d8fa03763fef9cd580da	NA	edf32dfe187a25ee159339c22be2ff4c1c093df4	stack c0rc: JVM has no data-target trust store (TLS_FAILED) -> target-dependent rows BLOCKED (owner C0)	journey05-data.json (final RC QA, product bc5c47f292d0)	12
FIN-J05C0-J05-SSRF-RFC1918 10.x	JOURNEY_05_DATA_APP	UNRATED	PASS	REAL_BACKEND_E2E	bc5c47f292d00846c106669b09679a6fc36daef6	2026-10-10	NODE_SCRIPT(final-data.mjs)	-	-	C0RC_REAL_STACK_NO_TRUSTSTORE	YES	evidence/final-rc-bc5c47f292d0/journey05-data.json#J05-SSRF-RFC1918 10.x	953d17e53d05ba939f79d8fa03763fef9cd580da	NA	edf32dfe187a25ee159339c22be2ff4c1c093df4	stack c0rc: JVM has no data-target trust store (TLS_FAILED) -> target-dependent rows BLOCKED (owner C0)	journey05-data.json (final RC QA, product bc5c47f292d0)	12
FIN-J05C0-J05-SSRF-RFC1918 192.16	JOURNEY_05_DATA_APP	UNRATED	PASS	REAL_BACKEND_E2E	bc5c47f292d00846c106669b09679a6fc36daef6	2026-10-10	NODE_SCRIPT(final-data.mjs)	-	-	C0RC_REAL_STACK_NO_TRUSTSTORE	YES	evidence/final-rc-bc5c47f292d0/journey05-data.json#J05-SSRF-RFC1918 192.16	953d17e53d05ba939f79d8fa03763fef9cd580da	NA	edf32dfe187a25ee159339c22be2ff4c1c093df4	stack c0rc: JVM has no data-target trust store (TLS_FAILED) -> target-dependent rows BLOCKED (owner C0)	journey05-data.json (final RC QA, product bc5c47f292d0)	12
FIN-J05C0-J05-SSRF-RFC1918 172.16	JOURNEY_05_DATA_APP	UNRATED	PASS	REAL_BACKEND_E2E	bc5c47f292d00846c106669b09679a6fc36daef6	2026-10-10	NODE_SCRIPT(final-data.mjs)	-	-	C0RC_REAL_STACK_NO_TRUSTSTORE	YES	evidence/final-rc-bc5c47f292d0/journey05-data.json#J05-SSRF-RFC1918 172.16	953d17e53d05ba939f79d8fa03763fef9cd580da	NA	edf32dfe187a25ee159339c22be2ff4c1c093df4	stack c0rc: JVM has no data-target trust store (TLS_FAILED) -> target-dependent rows BLOCKED (owner C0)	journey05-data.json (final RC QA, product bc5c47f292d0)	12
FIN-J05C0-J05-SSRF-IPv6 loopback	JOURNEY_05_DATA_APP	UNRATED	PASS	REAL_BACKEND_E2E	bc5c47f292d00846c106669b09679a6fc36daef6	2026-10-10	NODE_SCRIPT(final-data.mjs)	-	-	C0RC_REAL_STACK_NO_TRUSTSTORE	YES	evidence/final-rc-bc5c47f292d0/journey05-data.json#J05-SSRF-IPv6 loopback	953d17e53d05ba939f79d8fa03763fef9cd580da	NA	edf32dfe187a25ee159339c22be2ff4c1c093df4	stack c0rc: JVM has no data-target trust store (TLS_FAILED) -> target-dependent rows BLOCKED (owner C0)	journey05-data.json (final RC QA, product bc5c47f292d0)	12
FIN-J05C0-J05-SSRF-unspecified 0.	JOURNEY_05_DATA_APP	UNRATED	PASS	REAL_BACKEND_E2E	bc5c47f292d00846c106669b09679a6fc36daef6	2026-10-10	NODE_SCRIPT(final-data.mjs)	-	-	C0RC_REAL_STACK_NO_TRUSTSTORE	YES	evidence/final-rc-bc5c47f292d0/journey05-data.json#J05-SSRF-unspecified 0.	953d17e53d05ba939f79d8fa03763fef9cd580da	NA	edf32dfe187a25ee159339c22be2ff4c1c093df4	stack c0rc: JVM has no data-target trust store (TLS_FAILED) -> target-dependent rows BLOCKED (owner C0)	journey05-data.json (final RC QA, product bc5c47f292d0)	12
FIN-J05C0-J05-SSRF-decimal-encode	JOURNEY_05_DATA_APP	UNRATED	PASS	REAL_BACKEND_E2E	bc5c47f292d00846c106669b09679a6fc36daef6	2026-10-10	NODE_SCRIPT(final-data.mjs)	-	-	C0RC_REAL_STACK_NO_TRUSTSTORE	YES	evidence/final-rc-bc5c47f292d0/journey05-data.json#J05-SSRF-decimal-encode	953d17e53d05ba939f79d8fa03763fef9cd580da	NA	edf32dfe187a25ee159339c22be2ff4c1c093df4	stack c0rc: JVM has no data-target trust store (TLS_FAILED) -> target-dependent rows BLOCKED (owner C0)	journey05-data.json (final RC QA, product bc5c47f292d0)	12
FIN-J05C0-J05-SSRF-hex-encoded 12	JOURNEY_05_DATA_APP	UNRATED	PASS	REAL_BACKEND_E2E	bc5c47f292d00846c106669b09679a6fc36daef6	2026-10-10	NODE_SCRIPT(final-data.mjs)	-	-	C0RC_REAL_STACK_NO_TRUSTSTORE	YES	evidence/final-rc-bc5c47f292d0/journey05-data.json#J05-SSRF-hex-encoded 12	953d17e53d05ba939f79d8fa03763fef9cd580da	NA	edf32dfe187a25ee159339c22be2ff4c1c093df4	stack c0rc: JVM has no data-target trust store (TLS_FAILED) -> target-dependent rows BLOCKED (owner C0)	journey05-data.json (final RC QA, product bc5c47f292d0)	12
FIN-J05C0-J05-SSRF-carrier-grade 	JOURNEY_05_DATA_APP	UNRATED	PASS	REAL_BACKEND_E2E	bc5c47f292d00846c106669b09679a6fc36daef6	2026-10-10	NODE_SCRIPT(final-data.mjs)	-	-	C0RC_REAL_STACK_NO_TRUSTSTORE	YES	evidence/final-rc-bc5c47f292d0/journey05-data.json#J05-SSRF-carrier-grade 	953d17e53d05ba939f79d8fa03763fef9cd580da	NA	edf32dfe187a25ee159339c22be2ff4c1c093df4	stack c0rc: JVM has no data-target trust store (TLS_FAILED) -> target-dependent rows BLOCKED (owner C0)	journey05-data.json (final RC QA, product bc5c47f292d0)	12
FIN-J05C0-J05-SSRF-GCE metadata h	JOURNEY_05_DATA_APP	UNRATED	PASS	REAL_BACKEND_E2E	bc5c47f292d00846c106669b09679a6fc36daef6	2026-10-10	NODE_SCRIPT(final-data.mjs)	-	-	C0RC_REAL_STACK_NO_TRUSTSTORE	YES	evidence/final-rc-bc5c47f292d0/journey05-data.json#J05-SSRF-GCE metadata h	953d17e53d05ba939f79d8fa03763fef9cd580da	NA	edf32dfe187a25ee159339c22be2ff4c1c093df4	stack c0rc: JVM has no data-target trust store (TLS_FAILED) -> target-dependent rows BLOCKED (owner C0)	journey05-data.json (final RC QA, product bc5c47f292d0)	12
FIN-J05C0-J05-SSRF-URL as host	JOURNEY_05_DATA_APP	UNRATED	PASS	REAL_BACKEND_E2E	bc5c47f292d00846c106669b09679a6fc36daef6	2026-10-10	NODE_SCRIPT(final-data.mjs)	-	-	C0RC_REAL_STACK_NO_TRUSTSTORE	YES	evidence/final-rc-bc5c47f292d0/journey05-data.json#J05-SSRF-URL as host	953d17e53d05ba939f79d8fa03763fef9cd580da	NA	edf32dfe187a25ee159339c22be2ff4c1c093df4	stack c0rc: JVM has no data-target trust store (TLS_FAILED) -> target-dependent rows BLOCKED (owner C0)	journey05-data.json (final RC QA, product bc5c47f292d0)	12
FIN-J05C0-J05-SSRF-host with cred	JOURNEY_05_DATA_APP	UNRATED	PASS	REAL_BACKEND_E2E	bc5c47f292d00846c106669b09679a6fc36daef6	2026-10-10	NODE_SCRIPT(final-data.mjs)	-	-	C0RC_REAL_STACK_NO_TRUSTSTORE	YES	evidence/final-rc-bc5c47f292d0/journey05-data.json#J05-SSRF-host with cred	953d17e53d05ba939f79d8fa03763fef9cd580da	NA	edf32dfe187a25ee159339c22be2ff4c1c093df4	stack c0rc: JVM has no data-target trust store (TLS_FAILED) -> target-dependent rows BLOCKED (owner C0)	journey05-data.json (final RC QA, product bc5c47f292d0)	12
FIN-J05C0-J05-SSRF-IPv4-mapped IP	JOURNEY_05_DATA_APP	UNRATED	PASS	REAL_BACKEND_E2E	bc5c47f292d00846c106669b09679a6fc36daef6	2026-10-10	NODE_SCRIPT(final-data.mjs)	-	-	C0RC_REAL_STACK_NO_TRUSTSTORE	YES	evidence/final-rc-bc5c47f292d0/journey05-data.json#J05-SSRF-IPv4-mapped IP	953d17e53d05ba939f79d8fa03763fef9cd580da	NA	edf32dfe187a25ee159339c22be2ff4c1c093df4	stack c0rc: JVM has no data-target trust store (TLS_FAILED) -> target-dependent rows BLOCKED (owner C0)	journey05-data.json (final RC QA, product bc5c47f292d0)	12
FIN-J05C0-J05-DS08a	JOURNEY_05_DATA_APP	UNRATED	PASS	REAL_BACKEND_E2E	bc5c47f292d00846c106669b09679a6fc36daef6	2026-10-10	NODE_SCRIPT(final-data.mjs)	-	-	C0RC_REAL_STACK_NO_TRUSTSTORE	YES	evidence/final-rc-bc5c47f292d0/journey05-data.json#J05-DS08a	953d17e53d05ba939f79d8fa03763fef9cd580da	NA	edf32dfe187a25ee159339c22be2ff4c1c093df4	stack c0rc: JVM has no data-target trust store (TLS_FAILED) -> target-dependent rows BLOCKED (owner C0)	journey05-data.json (final RC QA, product bc5c47f292d0)	12
FIN-J05C0-J05-DS08b	JOURNEY_05_DATA_APP	UNRATED	PASS	REAL_BACKEND_E2E	bc5c47f292d00846c106669b09679a6fc36daef6	2026-10-10	NODE_SCRIPT(final-data.mjs)	-	-	C0RC_REAL_STACK_NO_TRUSTSTORE	YES	evidence/final-rc-bc5c47f292d0/journey05-data.json#J05-DS08b	953d17e53d05ba939f79d8fa03763fef9cd580da	NA	edf32dfe187a25ee159339c22be2ff4c1c093df4	stack c0rc: JVM has no data-target trust store (TLS_FAILED) -> target-dependent rows BLOCKED (owner C0)	journey05-data.json (final RC QA, product bc5c47f292d0)	12
FIN-J05C0-J05-DS08c	JOURNEY_05_DATA_APP	UNRATED	PASS	REAL_BACKEND_E2E	bc5c47f292d00846c106669b09679a6fc36daef6	2026-10-10	NODE_SCRIPT(final-data.mjs)	-	-	C0RC_REAL_STACK_NO_TRUSTSTORE	YES	evidence/final-rc-bc5c47f292d0/journey05-data.json#J05-DS08c	953d17e53d05ba939f79d8fa03763fef9cd580da	NA	edf32dfe187a25ee159339c22be2ff4c1c093df4	stack c0rc: JVM has no data-target trust store (TLS_FAILED) -> target-dependent rows BLOCKED (owner C0)	journey05-data.json (final RC QA, product bc5c47f292d0)	12
FIN-J05C0-J05-DS09a	JOURNEY_05_DATA_APP	UNRATED	PASS	REAL_BACKEND_E2E	bc5c47f292d00846c106669b09679a6fc36daef6	2026-10-10	NODE_SCRIPT(final-data.mjs)	-	-	C0RC_REAL_STACK_NO_TRUSTSTORE	YES	evidence/final-rc-bc5c47f292d0/journey05-data.json#J05-DS09a	953d17e53d05ba939f79d8fa03763fef9cd580da	NA	edf32dfe187a25ee159339c22be2ff4c1c093df4	stack c0rc: JVM has no data-target trust store (TLS_FAILED) -> target-dependent rows BLOCKED (owner C0)	journey05-data.json (final RC QA, product bc5c47f292d0)	12
FIN-J05C0-J05-DS09b	JOURNEY_05_DATA_APP	UNRATED	PASS	REAL_BACKEND_E2E	bc5c47f292d00846c106669b09679a6fc36daef6	2026-10-10	NODE_SCRIPT(final-data.mjs)	-	-	C0RC_REAL_STACK_NO_TRUSTSTORE	YES	evidence/final-rc-bc5c47f292d0/journey05-data.json#J05-DS09b	953d17e53d05ba939f79d8fa03763fef9cd580da	NA	edf32dfe187a25ee159339c22be2ff4c1c093df4	stack c0rc: JVM has no data-target trust store (TLS_FAILED) -> target-dependent rows BLOCKED (owner C0)	journey05-data.json (final RC QA, product bc5c47f292d0)	12
FIN-J05C0-J05-DS09c	JOURNEY_05_DATA_APP	UNRATED	PASS	REAL_BACKEND_E2E	bc5c47f292d00846c106669b09679a6fc36daef6	2026-10-10	NODE_SCRIPT(final-data.mjs)	-	-	C0RC_REAL_STACK_NO_TRUSTSTORE	YES	evidence/final-rc-bc5c47f292d0/journey05-data.json#J05-DS09c	953d17e53d05ba939f79d8fa03763fef9cd580da	NA	edf32dfe187a25ee159339c22be2ff4c1c093df4	stack c0rc: JVM has no data-target trust store (TLS_FAILED) -> target-dependent rows BLOCKED (owner C0)	journey05-data.json (final RC QA, product bc5c47f292d0)	12
FIN-J05C0-J05-DS10	JOURNEY_05_DATA_APP	UNRATED	PASS	REAL_BACKEND_E2E	bc5c47f292d00846c106669b09679a6fc36daef6	2026-10-10	NODE_SCRIPT(final-data.mjs)	-	-	C0RC_REAL_STACK_NO_TRUSTSTORE	YES	evidence/final-rc-bc5c47f292d0/journey05-data.json#J05-DS10	953d17e53d05ba939f79d8fa03763fef9cd580da	NA	edf32dfe187a25ee159339c22be2ff4c1c093df4	stack c0rc: JVM has no data-target trust store (TLS_FAILED) -> target-dependent rows BLOCKED (owner C0)	journey05-data.json (final RC QA, product bc5c47f292d0)	12
FIN-J05C0-J05-DS11	JOURNEY_05_DATA_APP	UNRATED	PASS	REAL_BACKEND_E2E	bc5c47f292d00846c106669b09679a6fc36daef6	2026-10-10	NODE_SCRIPT(final-data.mjs)	-	-	C0RC_REAL_STACK_NO_TRUSTSTORE	YES	evidence/final-rc-bc5c47f292d0/journey05-data.json#J05-DS11	953d17e53d05ba939f79d8fa03763fef9cd580da	NA	edf32dfe187a25ee159339c22be2ff4c1c093df4	stack c0rc: JVM has no data-target trust store (TLS_FAILED) -> target-dependent rows BLOCKED (owner C0)	journey05-data.json (final RC QA, product bc5c47f292d0)	12
FIN-J05C0-J05-Q01	JOURNEY_05_DATA_APP	UNRATED	PASS	REAL_BACKEND_E2E	bc5c47f292d00846c106669b09679a6fc36daef6	2026-10-10	NODE_SCRIPT(final-data.mjs)	-	-	C0RC_REAL_STACK_NO_TRUSTSTORE	YES	evidence/final-rc-bc5c47f292d0/journey05-data.json#J05-Q01	953d17e53d05ba939f79d8fa03763fef9cd580da	NA	edf32dfe187a25ee159339c22be2ff4c1c093df4	stack c0rc: JVM has no data-target trust store (TLS_FAILED) -> target-dependent rows BLOCKED (owner C0)	journey05-data.json (final RC QA, product bc5c47f292d0)	12
FIN-J05C0-J05-Q01b	JOURNEY_05_DATA_APP	UNRATED	PASS	REAL_BACKEND_E2E	bc5c47f292d00846c106669b09679a6fc36daef6	2026-10-10	NODE_SCRIPT(final-data.mjs)	-	-	C0RC_REAL_STACK_NO_TRUSTSTORE	YES	evidence/final-rc-bc5c47f292d0/journey05-data.json#J05-Q01b	953d17e53d05ba939f79d8fa03763fef9cd580da	NA	edf32dfe187a25ee159339c22be2ff4c1c093df4	stack c0rc: JVM has no data-target trust store (TLS_FAILED) -> target-dependent rows BLOCKED (owner C0)	journey05-data.json (final RC QA, product bc5c47f292d0)	12
FIN-J05C0-J05-Q02-bad.ddl	JOURNEY_05_DATA_APP	UNRATED	PASS	REAL_BACKEND_E2E	bc5c47f292d00846c106669b09679a6fc36daef6	2026-10-10	NODE_SCRIPT(final-data.mjs)	-	-	C0RC_REAL_STACK_NO_TRUSTSTORE	YES	evidence/final-rc-bc5c47f292d0/journey05-data.json#J05-Q02-bad.ddl	953d17e53d05ba939f79d8fa03763fef9cd580da	NA	edf32dfe187a25ee159339c22be2ff4c1c093df4	stack c0rc: JVM has no data-target trust store (TLS_FAILED) -> target-dependent rows BLOCKED (owner C0)	journey05-data.json (final RC QA, product bc5c47f292d0)	12
FIN-J05C0-J05-Q02-bad.multi	JOURNEY_05_DATA_APP	UNRATED	PASS	REAL_BACKEND_E2E	bc5c47f292d00846c106669b09679a6fc36daef6	2026-10-10	NODE_SCRIPT(final-data.mjs)	-	-	C0RC_REAL_STACK_NO_TRUSTSTORE	YES	evidence/final-rc-bc5c47f292d0/journey05-data.json#J05-Q02-bad.multi	953d17e53d05ba939f79d8fa03763fef9cd580da	NA	edf32dfe187a25ee159339c22be2ff4c1c093df4	stack c0rc: JVM has no data-target trust store (TLS_FAILED) -> target-dependent rows BLOCKED (owner C0)	journey05-data.json (final RC QA, product bc5c47f292d0)	12
FIN-J05C0-J05-Q02-bad.write	JOURNEY_05_DATA_APP	UNRATED	PASS	REAL_BACKEND_E2E	bc5c47f292d00846c106669b09679a6fc36daef6	2026-10-10	NODE_SCRIPT(final-data.mjs)	-	-	C0RC_REAL_STACK_NO_TRUSTSTORE	YES	evidence/final-rc-bc5c47f292d0/journey05-data.json#J05-Q02-bad.write	953d17e53d05ba939f79d8fa03763fef9cd580da	NA	edf32dfe187a25ee159339c22be2ff4c1c093df4	stack c0rc: JVM has no data-target trust store (TLS_FAILED) -> target-dependent rows BLOCKED (owner C0)	journey05-data.json (final RC QA, product bc5c47f292d0)	12
FIN-J05C0-J05-Q02-bad.func	JOURNEY_05_DATA_APP	UNRATED	PASS	REAL_BACKEND_E2E	bc5c47f292d00846c106669b09679a6fc36daef6	2026-10-10	NODE_SCRIPT(final-data.mjs)	-	-	C0RC_REAL_STACK_NO_TRUSTSTORE	YES	evidence/final-rc-bc5c47f292d0/journey05-data.json#J05-Q02-bad.func	953d17e53d05ba939f79d8fa03763fef9cd580da	NA	edf32dfe187a25ee159339c22be2ff4c1c093df4	stack c0rc: JVM has no data-target trust store (TLS_FAILED) -> target-dependent rows BLOCKED (owner C0)	journey05-data.json (final RC QA, product bc5c47f292d0)	12
FIN-J05C0-J05-Q02-bad.copy	JOURNEY_05_DATA_APP	UNRATED	PASS	REAL_BACKEND_E2E	bc5c47f292d00846c106669b09679a6fc36daef6	2026-10-10	NODE_SCRIPT(final-data.mjs)	-	-	C0RC_REAL_STACK_NO_TRUSTSTORE	YES	evidence/final-rc-bc5c47f292d0/journey05-data.json#J05-Q02-bad.copy	953d17e53d05ba939f79d8fa03763fef9cd580da	NA	edf32dfe187a25ee159339c22be2ff4c1c093df4	stack c0rc: JVM has no data-target trust store (TLS_FAILED) -> target-dependent rows BLOCKED (owner C0)	journey05-data.json (final RC QA, product bc5c47f292d0)	12
FIN-J05C0-J05-Q02-bad.into	JOURNEY_05_DATA_APP	UNRATED	PASS	REAL_BACKEND_E2E	bc5c47f292d00846c106669b09679a6fc36daef6	2026-10-10	NODE_SCRIPT(final-data.mjs)	-	-	C0RC_REAL_STACK_NO_TRUSTSTORE	YES	evidence/final-rc-bc5c47f292d0/journey05-data.json#J05-Q02-bad.into	953d17e53d05ba939f79d8fa03763fef9cd580da	NA	edf32dfe187a25ee159339c22be2ff4c1c093df4	stack c0rc: JVM has no data-target trust store (TLS_FAILED) -> target-dependent rows BLOCKED (owner C0)	journey05-data.json (final RC QA, product bc5c47f292d0)	12
FIN-J05C0-J05-Q02-bad.cte	JOURNEY_05_DATA_APP	UNRATED	PASS	REAL_BACKEND_E2E	bc5c47f292d00846c106669b09679a6fc36daef6	2026-10-10	NODE_SCRIPT(final-data.mjs)	-	-	C0RC_REAL_STACK_NO_TRUSTSTORE	YES	evidence/final-rc-bc5c47f292d0/journey05-data.json#J05-Q02-bad.cte	953d17e53d05ba939f79d8fa03763fef9cd580da	NA	edf32dfe187a25ee159339c22be2ff4c1c093df4	stack c0rc: JVM has no data-target trust store (TLS_FAILED) -> target-dependent rows BLOCKED (owner C0)	journey05-data.json (final RC QA, product bc5c47f292d0)	12
FIN-J05C0-J05-Q03	JOURNEY_05_DATA_APP	UNRATED	PASS	REAL_BACKEND_E2E	bc5c47f292d00846c106669b09679a6fc36daef6	2026-10-10	NODE_SCRIPT(final-data.mjs)	-	-	C0RC_REAL_STACK_NO_TRUSTSTORE	YES	evidence/final-rc-bc5c47f292d0/journey05-data.json#J05-Q03	953d17e53d05ba939f79d8fa03763fef9cd580da	NA	edf32dfe187a25ee159339c22be2ff4c1c093df4	stack c0rc: JVM has no data-target trust store (TLS_FAILED) -> target-dependent rows BLOCKED (owner C0)	journey05-data.json (final RC QA, product bc5c47f292d0)	12
FIN-J05C0-J05-Q03b	JOURNEY_05_DATA_APP	UNRATED	PASS	REAL_BACKEND_E2E	bc5c47f292d00846c106669b09679a6fc36daef6	2026-10-10	NODE_SCRIPT(final-data.mjs)	-	-	C0RC_REAL_STACK_NO_TRUSTSTORE	YES	evidence/final-rc-bc5c47f292d0/journey05-data.json#J05-Q03b	953d17e53d05ba939f79d8fa03763fef9cd580da	NA	edf32dfe187a25ee159339c22be2ff4c1c093df4	stack c0rc: JVM has no data-target trust store (TLS_FAILED) -> target-dependent rows BLOCKED (owner C0)	journey05-data.json (final RC QA, product bc5c47f292d0)	12
FIN-J05C0-J05-A00	JOURNEY_05_DATA_APP	UNRATED	PASS	REAL_BACKEND_E2E	bc5c47f292d00846c106669b09679a6fc36daef6	2026-10-10	NODE_SCRIPT(final-data.mjs)	-	-	C0RC_REAL_STACK_NO_TRUSTSTORE	YES	evidence/final-rc-bc5c47f292d0/journey05-data.json#J05-A00	953d17e53d05ba939f79d8fa03763fef9cd580da	NA	edf32dfe187a25ee159339c22be2ff4c1c093df4	stack c0rc: JVM has no data-target trust store (TLS_FAILED) -> target-dependent rows BLOCKED (owner C0)	journey05-data.json (final RC QA, product bc5c47f292d0)	12
FIN-J05C0-J05-A00b	JOURNEY_05_DATA_APP	UNRATED	PASS	REAL_BACKEND_E2E	bc5c47f292d00846c106669b09679a6fc36daef6	2026-10-10	NODE_SCRIPT(final-data.mjs)	-	-	C0RC_REAL_STACK_NO_TRUSTSTORE	YES	evidence/final-rc-bc5c47f292d0/journey05-data.json#J05-A00b	953d17e53d05ba939f79d8fa03763fef9cd580da	NA	edf32dfe187a25ee159339c22be2ff4c1c093df4	stack c0rc: JVM has no data-target trust store (TLS_FAILED) -> target-dependent rows BLOCKED (owner C0)	journey05-data.json (final RC QA, product bc5c47f292d0)	12
FIN-J05C0-J05-Q04	JOURNEY_05_DATA_APP	UNRATED	PASS	REAL_BACKEND_E2E	bc5c47f292d00846c106669b09679a6fc36daef6	2026-10-10	NODE_SCRIPT(final-data.mjs)	-	-	C0RC_REAL_STACK_NO_TRUSTSTORE	YES	evidence/final-rc-bc5c47f292d0/journey05-data.json#J05-Q04	953d17e53d05ba939f79d8fa03763fef9cd580da	NA	edf32dfe187a25ee159339c22be2ff4c1c093df4	stack c0rc: JVM has no data-target trust store (TLS_FAILED) -> target-dependent rows BLOCKED (owner C0)	journey05-data.json (final RC QA, product bc5c47f292d0)	12
FIN-J05C0-J05-Q05a	JOURNEY_05_DATA_APP	UNRATED	PASS	REAL_BACKEND_E2E	bc5c47f292d00846c106669b09679a6fc36daef6	2026-10-10	NODE_SCRIPT(final-data.mjs)	-	-	C0RC_REAL_STACK_NO_TRUSTSTORE	YES	evidence/final-rc-bc5c47f292d0/journey05-data.json#J05-Q05a	953d17e53d05ba939f79d8fa03763fef9cd580da	NA	edf32dfe187a25ee159339c22be2ff4c1c093df4	stack c0rc: JVM has no data-target trust store (TLS_FAILED) -> target-dependent rows BLOCKED (owner C0)	journey05-data.json (final RC QA, product bc5c47f292d0)	12
FIN-J05C0-J05-Q05	JOURNEY_05_DATA_APP	UNRATED	PASS	REAL_BACKEND_E2E	bc5c47f292d00846c106669b09679a6fc36daef6	2026-10-10	NODE_SCRIPT(final-data.mjs)	-	-	C0RC_REAL_STACK_NO_TRUSTSTORE	YES	evidence/final-rc-bc5c47f292d0/journey05-data.json#J05-Q05	953d17e53d05ba939f79d8fa03763fef9cd580da	NA	edf32dfe187a25ee159339c22be2ff4c1c093df4	stack c0rc: JVM has no data-target trust store (TLS_FAILED) -> target-dependent rows BLOCKED (owner C0)	journey05-data.json (final RC QA, product bc5c47f292d0)	12
FIN-J05C0-J05-Q06	JOURNEY_05_DATA_APP	UNRATED	BLOCKED	REAL_BACKEND_E2E	bc5c47f292d00846c106669b09679a6fc36daef6	2026-10-10	NODE_SCRIPT(final-data.mjs)	C0/C3	FQ-ENV-01	C0RC_REAL_STACK_NO_TRUSTSTORE	YES	evidence/final-rc-bc5c47f292d0/journey05-data.json#J05-Q06	953d17e53d05ba939f79d8fa03763fef9cd580da	NA	edf32dfe187a25ee159339c22be2ff4c1c093df4	stack c0rc: JVM has no data-target trust store (TLS_FAILED) -> target-dependent rows BLOCKED (owner C0)	journey05-data.json (final RC QA, product bc5c47f292d0)	12
FIN-J05C0-J05-Q06b	JOURNEY_05_DATA_APP	UNRATED	BLOCKED	REAL_BACKEND_E2E	bc5c47f292d00846c106669b09679a6fc36daef6	2026-10-10	NODE_SCRIPT(final-data.mjs)	C0/C3	FQ-ENV-01	C0RC_REAL_STACK_NO_TRUSTSTORE	YES	evidence/final-rc-bc5c47f292d0/journey05-data.json#J05-Q06b	953d17e53d05ba939f79d8fa03763fef9cd580da	NA	edf32dfe187a25ee159339c22be2ff4c1c093df4	stack c0rc: JVM has no data-target trust store (TLS_FAILED) -> target-dependent rows BLOCKED (owner C0)	journey05-data.json (final RC QA, product bc5c47f292d0)	12
FIN-J05C0-J05-Q07	JOURNEY_05_DATA_APP	UNRATED	BLOCKED	REAL_BACKEND_E2E	bc5c47f292d00846c106669b09679a6fc36daef6	2026-10-10	NODE_SCRIPT(final-data.mjs)	C0/C3	FQ-ENV-01	C0RC_REAL_STACK_NO_TRUSTSTORE	YES	evidence/final-rc-bc5c47f292d0/journey05-data.json#J05-Q07	953d17e53d05ba939f79d8fa03763fef9cd580da	NA	edf32dfe187a25ee159339c22be2ff4c1c093df4	stack c0rc: JVM has no data-target trust store (TLS_FAILED) -> target-dependent rows BLOCKED (owner C0)	journey05-data.json (final RC QA, product bc5c47f292d0)	12
FIN-J05C0-J05-Q08a	JOURNEY_05_DATA_APP	UNRATED	BLOCKED	REAL_BACKEND_E2E	bc5c47f292d00846c106669b09679a6fc36daef6	2026-10-10	NODE_SCRIPT(final-data.mjs)	C0/C3	FQ-ENV-01	C0RC_REAL_STACK_NO_TRUSTSTORE	YES	evidence/final-rc-bc5c47f292d0/journey05-data.json#J05-Q08a	953d17e53d05ba939f79d8fa03763fef9cd580da	NA	edf32dfe187a25ee159339c22be2ff4c1c093df4	stack c0rc: JVM has no data-target trust store (TLS_FAILED) -> target-dependent rows BLOCKED (owner C0)	journey05-data.json (final RC QA, product bc5c47f292d0)	12
FIN-J05C0-J05-Q08b	JOURNEY_05_DATA_APP	UNRATED	PASS	REAL_BACKEND_E2E	bc5c47f292d00846c106669b09679a6fc36daef6	2026-10-10	NODE_SCRIPT(final-data.mjs)	-	-	C0RC_REAL_STACK_NO_TRUSTSTORE	YES	evidence/final-rc-bc5c47f292d0/journey05-data.json#J05-Q08b	953d17e53d05ba939f79d8fa03763fef9cd580da	NA	edf32dfe187a25ee159339c22be2ff4c1c093df4	stack c0rc: JVM has no data-target trust store (TLS_FAILED) -> target-dependent rows BLOCKED (owner C0)	journey05-data.json (final RC QA, product bc5c47f292d0)	12
FIN-J05C0-J05-Q08c	JOURNEY_05_DATA_APP	UNRATED	BLOCKED	REAL_BACKEND_E2E	bc5c47f292d00846c106669b09679a6fc36daef6	2026-10-10	NODE_SCRIPT(final-data.mjs)	C0/C3	FQ-ENV-01	C0RC_REAL_STACK_NO_TRUSTSTORE	YES	evidence/final-rc-bc5c47f292d0/journey05-data.json#J05-Q08c	953d17e53d05ba939f79d8fa03763fef9cd580da	NA	edf32dfe187a25ee159339c22be2ff4c1c093df4	stack c0rc: JVM has no data-target trust store (TLS_FAILED) -> target-dependent rows BLOCKED (owner C0)	journey05-data.json (final RC QA, product bc5c47f292d0)	12
FIN-J05C0-J05-Q08d	JOURNEY_05_DATA_APP	UNRATED	PASS	REAL_BACKEND_E2E	bc5c47f292d00846c106669b09679a6fc36daef6	2026-10-10	NODE_SCRIPT(final-data.mjs)	-	-	C0RC_REAL_STACK_NO_TRUSTSTORE	YES	evidence/final-rc-bc5c47f292d0/journey05-data.json#J05-Q08d	953d17e53d05ba939f79d8fa03763fef9cd580da	NA	edf32dfe187a25ee159339c22be2ff4c1c093df4	stack c0rc: JVM has no data-target trust store (TLS_FAILED) -> target-dependent rows BLOCKED (owner C0)	journey05-data.json (final RC QA, product bc5c47f292d0)	12
FIN-J05C0-J05-Q08e	JOURNEY_05_DATA_APP	UNRATED	PASS	REAL_BACKEND_E2E	bc5c47f292d00846c106669b09679a6fc36daef6	2026-10-10	NODE_SCRIPT(final-data.mjs)	-	-	C0RC_REAL_STACK_NO_TRUSTSTORE	YES	evidence/final-rc-bc5c47f292d0/journey05-data.json#J05-Q08e	953d17e53d05ba939f79d8fa03763fef9cd580da	NA	edf32dfe187a25ee159339c22be2ff4c1c093df4	stack c0rc: JVM has no data-target trust store (TLS_FAILED) -> target-dependent rows BLOCKED (owner C0)	journey05-data.json (final RC QA, product bc5c47f292d0)	12
FIN-J05C0-J05-Q08f	JOURNEY_05_DATA_APP	UNRATED	PASS	REAL_BACKEND_E2E	bc5c47f292d00846c106669b09679a6fc36daef6	2026-10-10	NODE_SCRIPT(final-data.mjs)	-	-	C0RC_REAL_STACK_NO_TRUSTSTORE	YES	evidence/final-rc-bc5c47f292d0/journey05-data.json#J05-Q08f	953d17e53d05ba939f79d8fa03763fef9cd580da	NA	edf32dfe187a25ee159339c22be2ff4c1c093df4	stack c0rc: JVM has no data-target trust store (TLS_FAILED) -> target-dependent rows BLOCKED (owner C0)	journey05-data.json (final RC QA, product bc5c47f292d0)	12
FIN-J05C0-J05-Q08g	JOURNEY_05_DATA_APP	UNRATED	PASS	REAL_BACKEND_E2E	bc5c47f292d00846c106669b09679a6fc36daef6	2026-10-10	NODE_SCRIPT(final-data.mjs)	-	-	C0RC_REAL_STACK_NO_TRUSTSTORE	YES	evidence/final-rc-bc5c47f292d0/journey05-data.json#J05-Q08g	953d17e53d05ba939f79d8fa03763fef9cd580da	NA	edf32dfe187a25ee159339c22be2ff4c1c093df4	stack c0rc: JVM has no data-target trust store (TLS_FAILED) -> target-dependent rows BLOCKED (owner C0)	journey05-data.json (final RC QA, product bc5c47f292d0)	12
FIN-J05C0-J05-Q08h	JOURNEY_05_DATA_APP	UNRATED	PASS	REAL_BACKEND_E2E	bc5c47f292d00846c106669b09679a6fc36daef6	2026-10-10	NODE_SCRIPT(final-data.mjs)	-	-	C0RC_REAL_STACK_NO_TRUSTSTORE	YES	evidence/final-rc-bc5c47f292d0/journey05-data.json#J05-Q08h	953d17e53d05ba939f79d8fa03763fef9cd580da	NA	edf32dfe187a25ee159339c22be2ff4c1c093df4	stack c0rc: JVM has no data-target trust store (TLS_FAILED) -> target-dependent rows BLOCKED (owner C0)	journey05-data.json (final RC QA, product bc5c47f292d0)	12
FIN-J05C0-J05-Q08i	JOURNEY_05_DATA_APP	UNRATED	PASS	REAL_BACKEND_E2E	bc5c47f292d00846c106669b09679a6fc36daef6	2026-10-10	NODE_SCRIPT(final-data.mjs)	-	-	C0RC_REAL_STACK_NO_TRUSTSTORE	YES	evidence/final-rc-bc5c47f292d0/journey05-data.json#J05-Q08i	953d17e53d05ba939f79d8fa03763fef9cd580da	NA	edf32dfe187a25ee159339c22be2ff4c1c093df4	stack c0rc: JVM has no data-target trust store (TLS_FAILED) -> target-dependent rows BLOCKED (owner C0)	journey05-data.json (final RC QA, product bc5c47f292d0)	12
FIN-J05C0-J05-Q09a	JOURNEY_05_DATA_APP	UNRATED	PASS	REAL_BACKEND_E2E	bc5c47f292d00846c106669b09679a6fc36daef6	2026-10-10	NODE_SCRIPT(final-data.mjs)	-	-	C0RC_REAL_STACK_NO_TRUSTSTORE	YES	evidence/final-rc-bc5c47f292d0/journey05-data.json#J05-Q09a	953d17e53d05ba939f79d8fa03763fef9cd580da	NA	edf32dfe187a25ee159339c22be2ff4c1c093df4	stack c0rc: JVM has no data-target trust store (TLS_FAILED) -> target-dependent rows BLOCKED (owner C0)	journey05-data.json (final RC QA, product bc5c47f292d0)	12
FIN-J05C0-J05-Q09b	JOURNEY_05_DATA_APP	UNRATED	PASS	REAL_BACKEND_E2E	bc5c47f292d00846c106669b09679a6fc36daef6	2026-10-10	NODE_SCRIPT(final-data.mjs)	-	-	C0RC_REAL_STACK_NO_TRUSTSTORE	YES	evidence/final-rc-bc5c47f292d0/journey05-data.json#J05-Q09b	953d17e53d05ba939f79d8fa03763fef9cd580da	NA	edf32dfe187a25ee159339c22be2ff4c1c093df4	stack c0rc: JVM has no data-target trust store (TLS_FAILED) -> target-dependent rows BLOCKED (owner C0)	journey05-data.json (final RC QA, product bc5c47f292d0)	12
FIN-J05C0-J05-Q09c	JOURNEY_05_DATA_APP	UNRATED	PASS	REAL_BACKEND_E2E	bc5c47f292d00846c106669b09679a6fc36daef6	2026-10-10	NODE_SCRIPT(final-data.mjs)	-	-	C0RC_REAL_STACK_NO_TRUSTSTORE	YES	evidence/final-rc-bc5c47f292d0/journey05-data.json#J05-Q09c	953d17e53d05ba939f79d8fa03763fef9cd580da	NA	edf32dfe187a25ee159339c22be2ff4c1c093df4	stack c0rc: JVM has no data-target trust store (TLS_FAILED) -> target-dependent rows BLOCKED (owner C0)	journey05-data.json (final RC QA, product bc5c47f292d0)	12
FIN-J05C0-J05-Q09d	JOURNEY_05_DATA_APP	UNRATED	PASS	REAL_BACKEND_E2E	bc5c47f292d00846c106669b09679a6fc36daef6	2026-10-10	NODE_SCRIPT(final-data.mjs)	-	-	C0RC_REAL_STACK_NO_TRUSTSTORE	YES	evidence/final-rc-bc5c47f292d0/journey05-data.json#J05-Q09d	953d17e53d05ba939f79d8fa03763fef9cd580da	NA	edf32dfe187a25ee159339c22be2ff4c1c093df4	stack c0rc: JVM has no data-target trust store (TLS_FAILED) -> target-dependent rows BLOCKED (owner C0)	journey05-data.json (final RC QA, product bc5c47f292d0)	12
FIN-J05C0-J05-Q09d2	JOURNEY_05_DATA_APP	UNRATED	PASS	REAL_BACKEND_E2E	bc5c47f292d00846c106669b09679a6fc36daef6	2026-10-10	NODE_SCRIPT(final-data.mjs)	-	-	C0RC_REAL_STACK_NO_TRUSTSTORE	YES	evidence/final-rc-bc5c47f292d0/journey05-data.json#J05-Q09d2	953d17e53d05ba939f79d8fa03763fef9cd580da	NA	edf32dfe187a25ee159339c22be2ff4c1c093df4	stack c0rc: JVM has no data-target trust store (TLS_FAILED) -> target-dependent rows BLOCKED (owner C0)	journey05-data.json (final RC QA, product bc5c47f292d0)	12
FIN-J05C0-J05-Q09e	JOURNEY_05_DATA_APP	UNRATED	PASS	REAL_BACKEND_E2E	bc5c47f292d00846c106669b09679a6fc36daef6	2026-10-10	NODE_SCRIPT(final-data.mjs)	-	-	C0RC_REAL_STACK_NO_TRUSTSTORE	YES	evidence/final-rc-bc5c47f292d0/journey05-data.json#J05-Q09e	953d17e53d05ba939f79d8fa03763fef9cd580da	NA	edf32dfe187a25ee159339c22be2ff4c1c093df4	stack c0rc: JVM has no data-target trust store (TLS_FAILED) -> target-dependent rows BLOCKED (owner C0)	journey05-data.json (final RC QA, product bc5c47f292d0)	12
FIN-J05C0-J05-Q09f	JOURNEY_05_DATA_APP	UNRATED	PASS	REAL_BACKEND_E2E	bc5c47f292d00846c106669b09679a6fc36daef6	2026-10-10	NODE_SCRIPT(final-data.mjs)	-	-	C0RC_REAL_STACK_NO_TRUSTSTORE	YES	evidence/final-rc-bc5c47f292d0/journey05-data.json#J05-Q09f	953d17e53d05ba939f79d8fa03763fef9cd580da	NA	edf32dfe187a25ee159339c22be2ff4c1c093df4	stack c0rc: JVM has no data-target trust store (TLS_FAILED) -> target-dependent rows BLOCKED (owner C0)	journey05-data.json (final RC QA, product bc5c47f292d0)	12
FIN-J05C0-J05-Q09g	JOURNEY_05_DATA_APP	UNRATED	PASS	REAL_BACKEND_E2E	bc5c47f292d00846c106669b09679a6fc36daef6	2026-10-10	NODE_SCRIPT(final-data.mjs)	-	-	C0RC_REAL_STACK_NO_TRUSTSTORE	YES	evidence/final-rc-bc5c47f292d0/journey05-data.json#J05-Q09g	953d17e53d05ba939f79d8fa03763fef9cd580da	NA	edf32dfe187a25ee159339c22be2ff4c1c093df4	stack c0rc: JVM has no data-target trust store (TLS_FAILED) -> target-dependent rows BLOCKED (owner C0)	journey05-data.json (final RC QA, product bc5c47f292d0)	12
FIN-J05C0-J05-Q09h	JOURNEY_05_DATA_APP	UNRATED	PASS	REAL_BACKEND_E2E	bc5c47f292d00846c106669b09679a6fc36daef6	2026-10-10	NODE_SCRIPT(final-data.mjs)	-	-	C0RC_REAL_STACK_NO_TRUSTSTORE	YES	evidence/final-rc-bc5c47f292d0/journey05-data.json#J05-Q09h	953d17e53d05ba939f79d8fa03763fef9cd580da	NA	edf32dfe187a25ee159339c22be2ff4c1c093df4	stack c0rc: JVM has no data-target trust store (TLS_FAILED) -> target-dependent rows BLOCKED (owner C0)	journey05-data.json (final RC QA, product bc5c47f292d0)	12
FIN-J05C0-J05-Q10	JOURNEY_05_DATA_APP	UNRATED	BLOCKED	REAL_BACKEND_E2E	bc5c47f292d00846c106669b09679a6fc36daef6	2026-10-10	NODE_SCRIPT(final-data.mjs)	C0/C3	FQ-ENV-01	C0RC_REAL_STACK_NO_TRUSTSTORE	YES	evidence/final-rc-bc5c47f292d0/journey05-data.json#J05-Q10	953d17e53d05ba939f79d8fa03763fef9cd580da	NA	edf32dfe187a25ee159339c22be2ff4c1c093df4	stack c0rc: JVM has no data-target trust store (TLS_FAILED) -> target-dependent rows BLOCKED (owner C0)	journey05-data.json (final RC QA, product bc5c47f292d0)	12
FIN-J05C0-J05-M00	JOURNEY_05_DATA_APP	UNRATED	PASS	REAL_BACKEND_E2E	bc5c47f292d00846c106669b09679a6fc36daef6	2026-10-10	NODE_SCRIPT(final-data.mjs)	-	-	C0RC_REAL_STACK_NO_TRUSTSTORE	YES	evidence/final-rc-bc5c47f292d0/journey05-data.json#J05-M00	953d17e53d05ba939f79d8fa03763fef9cd580da	NA	edf32dfe187a25ee159339c22be2ff4c1c093df4	stack c0rc: JVM has no data-target trust store (TLS_FAILED) -> target-dependent rows BLOCKED (owner C0)	journey05-data.json (final RC QA, product bc5c47f292d0)	12
FIN-J05C0-J05-M01	JOURNEY_05_DATA_APP	UNRATED	BLOCKED	REAL_BACKEND_E2E	bc5c47f292d00846c106669b09679a6fc36daef6	2026-10-10	NODE_SCRIPT(final-data.mjs)	C0/C3	FQ-ENV-01	C0RC_REAL_STACK_NO_TRUSTSTORE	YES	evidence/final-rc-bc5c47f292d0/journey05-data.json#J05-M01	953d17e53d05ba939f79d8fa03763fef9cd580da	NA	edf32dfe187a25ee159339c22be2ff4c1c093df4	stack c0rc: JVM has no data-target trust store (TLS_FAILED) -> target-dependent rows BLOCKED (owner C0)	journey05-data.json (final RC QA, product bc5c47f292d0)	12
FIN-J05C0-J05-M02	JOURNEY_05_DATA_APP	UNRATED	PASS	REAL_BACKEND_E2E	bc5c47f292d00846c106669b09679a6fc36daef6	2026-10-10	NODE_SCRIPT(final-data.mjs)	-	-	C0RC_REAL_STACK_NO_TRUSTSTORE	YES	evidence/final-rc-bc5c47f292d0/journey05-data.json#J05-M02	953d17e53d05ba939f79d8fa03763fef9cd580da	NA	edf32dfe187a25ee159339c22be2ff4c1c093df4	stack c0rc: JVM has no data-target trust store (TLS_FAILED) -> target-dependent rows BLOCKED (owner C0)	journey05-data.json (final RC QA, product bc5c47f292d0)	12
FIN-J05C0-J05-M03	JOURNEY_05_DATA_APP	UNRATED	PASS	REAL_BACKEND_E2E	bc5c47f292d00846c106669b09679a6fc36daef6	2026-10-10	NODE_SCRIPT(final-data.mjs)	-	-	C0RC_REAL_STACK_NO_TRUSTSTORE	YES	evidence/final-rc-bc5c47f292d0/journey05-data.json#J05-M03	953d17e53d05ba939f79d8fa03763fef9cd580da	NA	edf32dfe187a25ee159339c22be2ff4c1c093df4	stack c0rc: JVM has no data-target trust store (TLS_FAILED) -> target-dependent rows BLOCKED (owner C0)	journey05-data.json (final RC QA, product bc5c47f292d0)	12
FIN-J05C0-J05-M03b	JOURNEY_05_DATA_APP	UNRATED	PASS	REAL_BACKEND_E2E	bc5c47f292d00846c106669b09679a6fc36daef6	2026-10-10	NODE_SCRIPT(final-data.mjs)	-	-	C0RC_REAL_STACK_NO_TRUSTSTORE	YES	evidence/final-rc-bc5c47f292d0/journey05-data.json#J05-M03b	953d17e53d05ba939f79d8fa03763fef9cd580da	NA	edf32dfe187a25ee159339c22be2ff4c1c093df4	stack c0rc: JVM has no data-target trust store (TLS_FAILED) -> target-dependent rows BLOCKED (owner C0)	journey05-data.json (final RC QA, product bc5c47f292d0)	12
FIN-J05C0-J05-M03c	JOURNEY_05_DATA_APP	UNRATED	PASS	REAL_BACKEND_E2E	bc5c47f292d00846c106669b09679a6fc36daef6	2026-10-10	NODE_SCRIPT(final-data.mjs)	-	-	C0RC_REAL_STACK_NO_TRUSTSTORE	YES	evidence/final-rc-bc5c47f292d0/journey05-data.json#J05-M03c	953d17e53d05ba939f79d8fa03763fef9cd580da	NA	edf32dfe187a25ee159339c22be2ff4c1c093df4	stack c0rc: JVM has no data-target trust store (TLS_FAILED) -> target-dependent rows BLOCKED (owner C0)	journey05-data.json (final RC QA, product bc5c47f292d0)	12
FIN-J05C0-J05-M04	JOURNEY_05_DATA_APP	UNRATED	PASS	REAL_BACKEND_E2E	bc5c47f292d00846c106669b09679a6fc36daef6	2026-10-10	NODE_SCRIPT(final-data.mjs)	-	-	C0RC_REAL_STACK_NO_TRUSTSTORE	YES	evidence/final-rc-bc5c47f292d0/journey05-data.json#J05-M04	953d17e53d05ba939f79d8fa03763fef9cd580da	NA	edf32dfe187a25ee159339c22be2ff4c1c093df4	stack c0rc: JVM has no data-target trust store (TLS_FAILED) -> target-dependent rows BLOCKED (owner C0)	journey05-data.json (final RC QA, product bc5c47f292d0)	12
FIN-J05C0-J05-M05	JOURNEY_05_DATA_APP	UNRATED	PASS	REAL_BACKEND_E2E	bc5c47f292d00846c106669b09679a6fc36daef6	2026-10-10	NODE_SCRIPT(final-data.mjs)	-	-	C0RC_REAL_STACK_NO_TRUSTSTORE	YES	evidence/final-rc-bc5c47f292d0/journey05-data.json#J05-M05	953d17e53d05ba939f79d8fa03763fef9cd580da	NA	edf32dfe187a25ee159339c22be2ff4c1c093df4	stack c0rc: JVM has no data-target trust store (TLS_FAILED) -> target-dependent rows BLOCKED (owner C0)	journey05-data.json (final RC QA, product bc5c47f292d0)	12
FIN-J05C0-J05-M06a	JOURNEY_05_DATA_APP	UNRATED	PASS	REAL_BACKEND_E2E	bc5c47f292d00846c106669b09679a6fc36daef6	2026-10-10	NODE_SCRIPT(final-data.mjs)	-	-	C0RC_REAL_STACK_NO_TRUSTSTORE	YES	evidence/final-rc-bc5c47f292d0/journey05-data.json#J05-M06a	953d17e53d05ba939f79d8fa03763fef9cd580da	NA	edf32dfe187a25ee159339c22be2ff4c1c093df4	stack c0rc: JVM has no data-target trust store (TLS_FAILED) -> target-dependent rows BLOCKED (owner C0)	journey05-data.json (final RC QA, product bc5c47f292d0)	12
FIN-J05C0-J05-M06c	JOURNEY_05_DATA_APP	UNRATED	PASS	REAL_BACKEND_E2E	bc5c47f292d00846c106669b09679a6fc36daef6	2026-10-10	NODE_SCRIPT(final-data.mjs)	-	-	C0RC_REAL_STACK_NO_TRUSTSTORE	YES	evidence/final-rc-bc5c47f292d0/journey05-data.json#J05-M06c	953d17e53d05ba939f79d8fa03763fef9cd580da	NA	edf32dfe187a25ee159339c22be2ff4c1c093df4	stack c0rc: JVM has no data-target trust store (TLS_FAILED) -> target-dependent rows BLOCKED (owner C0)	journey05-data.json (final RC QA, product bc5c47f292d0)	12
FIN-J05C0-J05-M06d	JOURNEY_05_DATA_APP	UNRATED	PASS	REAL_BACKEND_E2E	bc5c47f292d00846c106669b09679a6fc36daef6	2026-10-10	NODE_SCRIPT(final-data.mjs)	-	-	C0RC_REAL_STACK_NO_TRUSTSTORE	YES	evidence/final-rc-bc5c47f292d0/journey05-data.json#J05-M06d	953d17e53d05ba939f79d8fa03763fef9cd580da	NA	edf32dfe187a25ee159339c22be2ff4c1c093df4	stack c0rc: JVM has no data-target trust store (TLS_FAILED) -> target-dependent rows BLOCKED (owner C0)	journey05-data.json (final RC QA, product bc5c47f292d0)	12
FIN-J05C0-J05-M06	JOURNEY_05_DATA_APP	UNRATED	PASS	REAL_BACKEND_E2E	bc5c47f292d00846c106669b09679a6fc36daef6	2026-10-10	NODE_SCRIPT(final-data.mjs)	-	-	C0RC_REAL_STACK_NO_TRUSTSTORE	YES	evidence/final-rc-bc5c47f292d0/journey05-data.json#J05-M06	953d17e53d05ba939f79d8fa03763fef9cd580da	NA	edf32dfe187a25ee159339c22be2ff4c1c093df4	stack c0rc: JVM has no data-target trust store (TLS_FAILED) -> target-dependent rows BLOCKED (owner C0)	journey05-data.json (final RC QA, product bc5c47f292d0)	12
FIN-J05C0-J05-M06b	JOURNEY_05_DATA_APP	UNRATED	BLOCKED	REAL_BACKEND_E2E	bc5c47f292d00846c106669b09679a6fc36daef6	2026-10-10	NODE_SCRIPT(final-data.mjs)	C0/C3	FQ-ENV-01	C0RC_REAL_STACK_NO_TRUSTSTORE	YES	evidence/final-rc-bc5c47f292d0/journey05-data.json#J05-M06b	953d17e53d05ba939f79d8fa03763fef9cd580da	NA	edf32dfe187a25ee159339c22be2ff4c1c093df4	stack c0rc: JVM has no data-target trust store (TLS_FAILED) -> target-dependent rows BLOCKED (owner C0)	journey05-data.json (final RC QA, product bc5c47f292d0)	12
FIN-J05C0-J05-Q09b2	JOURNEY_05_DATA_APP	UNRATED	PASS	REAL_BACKEND_E2E	bc5c47f292d00846c106669b09679a6fc36daef6	2026-10-10	NODE_SCRIPT(final-data.mjs)	-	-	C0RC_REAL_STACK_NO_TRUSTSTORE	YES	evidence/final-rc-bc5c47f292d0/journey05-data.json#J05-Q09b2	953d17e53d05ba939f79d8fa03763fef9cd580da	NA	edf32dfe187a25ee159339c22be2ff4c1c093df4	stack c0rc: JVM has no data-target trust store (TLS_FAILED) -> target-dependent rows BLOCKED (owner C0)	journey05-data.json (final RC QA, product bc5c47f292d0)	12
FIN-J05C0-J05-Q09i	JOURNEY_05_DATA_APP	UNRATED	BLOCKED	REAL_BACKEND_E2E	bc5c47f292d00846c106669b09679a6fc36daef6	2026-10-10	NODE_SCRIPT(final-data.mjs)	C0/C3	FQ-ENV-01	C0RC_REAL_STACK_NO_TRUSTSTORE	YES	evidence/final-rc-bc5c47f292d0/journey05-data.json#J05-Q09i	953d17e53d05ba939f79d8fa03763fef9cd580da	NA	edf32dfe187a25ee159339c22be2ff4c1c093df4	stack c0rc: JVM has no data-target trust store (TLS_FAILED) -> target-dependent rows BLOCKED (owner C0)	journey05-data.json (final RC QA, product bc5c47f292d0)	12
FIN-J05C0-J05-M07	JOURNEY_05_DATA_APP	UNRATED	PASS	REAL_BACKEND_E2E	bc5c47f292d00846c106669b09679a6fc36daef6	2026-10-10	NODE_SCRIPT(final-data.mjs)	-	-	C0RC_REAL_STACK_NO_TRUSTSTORE	YES	evidence/final-rc-bc5c47f292d0/journey05-data.json#J05-M07	953d17e53d05ba939f79d8fa03763fef9cd580da	NA	edf32dfe187a25ee159339c22be2ff4c1c093df4	stack c0rc: JVM has no data-target trust store (TLS_FAILED) -> target-dependent rows BLOCKED (owner C0)	journey05-data.json (final RC QA, product bc5c47f292d0)	12
FIN-J05C0-J05-M08	JOURNEY_05_DATA_APP	UNRATED	PASS	REAL_BACKEND_E2E	bc5c47f292d00846c106669b09679a6fc36daef6	2026-10-10	NODE_SCRIPT(final-data.mjs)	-	-	C0RC_REAL_STACK_NO_TRUSTSTORE	YES	evidence/final-rc-bc5c47f292d0/journey05-data.json#J05-M08	953d17e53d05ba939f79d8fa03763fef9cd580da	NA	edf32dfe187a25ee159339c22be2ff4c1c093df4	stack c0rc: JVM has no data-target trust store (TLS_FAILED) -> target-dependent rows BLOCKED (owner C0)	journey05-data.json (final RC QA, product bc5c47f292d0)	12
FIN-J05C0-J05-M08b	JOURNEY_05_DATA_APP	UNRATED	PASS	REAL_BACKEND_E2E	bc5c47f292d00846c106669b09679a6fc36daef6	2026-10-10	NODE_SCRIPT(final-data.mjs)	-	-	C0RC_REAL_STACK_NO_TRUSTSTORE	YES	evidence/final-rc-bc5c47f292d0/journey05-data.json#J05-M08b	953d17e53d05ba939f79d8fa03763fef9cd580da	NA	edf32dfe187a25ee159339c22be2ff4c1c093df4	stack c0rc: JVM has no data-target trust store (TLS_FAILED) -> target-dependent rows BLOCKED (owner C0)	journey05-data.json (final RC QA, product bc5c47f292d0)	12
FIN-J05C0-J05-M08c	JOURNEY_05_DATA_APP	UNRATED	PASS	REAL_BACKEND_E2E	bc5c47f292d00846c106669b09679a6fc36daef6	2026-10-10	NODE_SCRIPT(final-data.mjs)	-	-	C0RC_REAL_STACK_NO_TRUSTSTORE	YES	evidence/final-rc-bc5c47f292d0/journey05-data.json#J05-M08c	953d17e53d05ba939f79d8fa03763fef9cd580da	NA	edf32dfe187a25ee159339c22be2ff4c1c093df4	stack c0rc: JVM has no data-target trust store (TLS_FAILED) -> target-dependent rows BLOCKED (owner C0)	journey05-data.json (final RC QA, product bc5c47f292d0)	12
FIN-J05C0-J05-M09	JOURNEY_05_DATA_APP	UNRATED	BLOCKED	REAL_BACKEND_E2E	bc5c47f292d00846c106669b09679a6fc36daef6	2026-10-10	NODE_SCRIPT(final-data.mjs)	C0/C3	FQ-ENV-01	C0RC_REAL_STACK_NO_TRUSTSTORE	YES	evidence/final-rc-bc5c47f292d0/journey05-data.json#J05-M09	953d17e53d05ba939f79d8fa03763fef9cd580da	NA	edf32dfe187a25ee159339c22be2ff4c1c093df4	stack c0rc: JVM has no data-target trust store (TLS_FAILED) -> target-dependent rows BLOCKED (owner C0)	journey05-data.json (final RC QA, product bc5c47f292d0)	12
FIN-J05C0-J05-M10	JOURNEY_05_DATA_APP	UNRATED	BLOCKED	REAL_BACKEND_E2E	bc5c47f292d00846c106669b09679a6fc36daef6	2026-10-10	NODE_SCRIPT(final-data.mjs)	C0/C3	FQ-ENV-01	C0RC_REAL_STACK_NO_TRUSTSTORE	YES	evidence/final-rc-bc5c47f292d0/journey05-data.json#J05-M10	953d17e53d05ba939f79d8fa03763fef9cd580da	NA	edf32dfe187a25ee159339c22be2ff4c1c093df4	stack c0rc: JVM has no data-target trust store (TLS_FAILED) -> target-dependent rows BLOCKED (owner C0)	journey05-data.json (final RC QA, product bc5c47f292d0)	12
FIN-J05C0-J05-M10b	JOURNEY_05_DATA_APP	UNRATED	BLOCKED	REAL_BACKEND_E2E	bc5c47f292d00846c106669b09679a6fc36daef6	2026-10-10	NODE_SCRIPT(final-data.mjs)	C0/C3	FQ-ENV-01	C0RC_REAL_STACK_NO_TRUSTSTORE	YES	evidence/final-rc-bc5c47f292d0/journey05-data.json#J05-M10b	953d17e53d05ba939f79d8fa03763fef9cd580da	NA	edf32dfe187a25ee159339c22be2ff4c1c093df4	stack c0rc: JVM has no data-target trust store (TLS_FAILED) -> target-dependent rows BLOCKED (owner C0)	journey05-data.json (final RC QA, product bc5c47f292d0)	12
FIN-J05C0-J05-M11	JOURNEY_05_DATA_APP	UNRATED	BLOCKED	REAL_BACKEND_E2E	bc5c47f292d00846c106669b09679a6fc36daef6	2026-10-10	NODE_SCRIPT(final-data.mjs)	C0/C3	FQ-ENV-01	C0RC_REAL_STACK_NO_TRUSTSTORE	YES	evidence/final-rc-bc5c47f292d0/journey05-data.json#J05-M11	953d17e53d05ba939f79d8fa03763fef9cd580da	NA	edf32dfe187a25ee159339c22be2ff4c1c093df4	stack c0rc: JVM has no data-target trust store (TLS_FAILED) -> target-dependent rows BLOCKED (owner C0)	journey05-data.json (final RC QA, product bc5c47f292d0)	12
FIN-J05C0-J05-M12	JOURNEY_05_DATA_APP	UNRATED	BLOCKED	REAL_BACKEND_E2E	bc5c47f292d00846c106669b09679a6fc36daef6	2026-10-10	NODE_SCRIPT(final-data.mjs)	C0/C3	FQ-ENV-01	C0RC_REAL_STACK_NO_TRUSTSTORE	YES	evidence/final-rc-bc5c47f292d0/journey05-data.json#J05-M12	953d17e53d05ba939f79d8fa03763fef9cd580da	NA	edf32dfe187a25ee159339c22be2ff4c1c093df4	stack c0rc: JVM has no data-target trust store (TLS_FAILED) -> target-dependent rows BLOCKED (owner C0)	journey05-data.json (final RC QA, product bc5c47f292d0)	12
FIN-J05C0-J05-M13	JOURNEY_05_DATA_APP	UNRATED	BLOCKED	REAL_BACKEND_E2E	bc5c47f292d00846c106669b09679a6fc36daef6	2026-10-10	NODE_SCRIPT(final-data.mjs)	C0/C3	FQ-ENV-01	C0RC_REAL_STACK_NO_TRUSTSTORE	YES	evidence/final-rc-bc5c47f292d0/journey05-data.json#J05-M13	953d17e53d05ba939f79d8fa03763fef9cd580da	NA	edf32dfe187a25ee159339c22be2ff4c1c093df4	stack c0rc: JVM has no data-target trust store (TLS_FAILED) -> target-dependent rows BLOCKED (owner C0)	journey05-data.json (final RC QA, product bc5c47f292d0)	12
FIN-J05C0-J05-M14	JOURNEY_05_DATA_APP	UNRATED	BLOCKED	REAL_BACKEND_E2E	bc5c47f292d00846c106669b09679a6fc36daef6	2026-10-10	NODE_SCRIPT(final-data.mjs)	C0/C3	FQ-ENV-01	C0RC_REAL_STACK_NO_TRUSTSTORE	YES	evidence/final-rc-bc5c47f292d0/journey05-data.json#J05-M14	953d17e53d05ba939f79d8fa03763fef9cd580da	NA	edf32dfe187a25ee159339c22be2ff4c1c093df4	stack c0rc: JVM has no data-target trust store (TLS_FAILED) -> target-dependent rows BLOCKED (owner C0)	journey05-data.json (final RC QA, product bc5c47f292d0)	12
FIN-J05C0-J05-M15	JOURNEY_05_DATA_APP	UNRATED	BLOCKED	REAL_BACKEND_E2E	bc5c47f292d00846c106669b09679a6fc36daef6	2026-10-10	NODE_SCRIPT(final-data.mjs)	C0/C3	FQ-ENV-01	C0RC_REAL_STACK_NO_TRUSTSTORE	YES	evidence/final-rc-bc5c47f292d0/journey05-data.json#J05-M15	953d17e53d05ba939f79d8fa03763fef9cd580da	NA	edf32dfe187a25ee159339c22be2ff4c1c093df4	stack c0rc: JVM has no data-target trust store (TLS_FAILED) -> target-dependent rows BLOCKED (owner C0)	journey05-data.json (final RC QA, product bc5c47f292d0)	12
FIN-J05C0-J05-M16	JOURNEY_05_DATA_APP	UNRATED	BLOCKED	REAL_BACKEND_E2E	bc5c47f292d00846c106669b09679a6fc36daef6	2026-10-10	NODE_SCRIPT(final-data.mjs)	C0/C3	FQ-ENV-01	C0RC_REAL_STACK_NO_TRUSTSTORE	YES	evidence/final-rc-bc5c47f292d0/journey05-data.json#J05-M16	953d17e53d05ba939f79d8fa03763fef9cd580da	NA	edf32dfe187a25ee159339c22be2ff4c1c093df4	stack c0rc: JVM has no data-target trust store (TLS_FAILED) -> target-dependent rows BLOCKED (owner C0)	journey05-data.json (final RC QA, product bc5c47f292d0)	12
FIN-J05C0-J05-M17	JOURNEY_05_DATA_APP	UNRATED	PASS	REAL_BACKEND_E2E	bc5c47f292d00846c106669b09679a6fc36daef6	2026-10-10	NODE_SCRIPT(final-data.mjs)	-	-	C0RC_REAL_STACK_NO_TRUSTSTORE	YES	evidence/final-rc-bc5c47f292d0/journey05-data.json#J05-M17	953d17e53d05ba939f79d8fa03763fef9cd580da	NA	edf32dfe187a25ee159339c22be2ff4c1c093df4	stack c0rc: JVM has no data-target trust store (TLS_FAILED) -> target-dependent rows BLOCKED (owner C0)	journey05-data.json (final RC QA, product bc5c47f292d0)	12
FIN-J05C0-J05-M18	JOURNEY_05_DATA_APP	UNRATED	BLOCKED	REAL_BACKEND_E2E	bc5c47f292d00846c106669b09679a6fc36daef6	2026-10-10	NODE_SCRIPT(final-data.mjs)	C0/C3	FQ-ENV-01	C0RC_REAL_STACK_NO_TRUSTSTORE	YES	evidence/final-rc-bc5c47f292d0/journey05-data.json#J05-M18	953d17e53d05ba939f79d8fa03763fef9cd580da	NA	edf32dfe187a25ee159339c22be2ff4c1c093df4	stack c0rc: JVM has no data-target trust store (TLS_FAILED) -> target-dependent rows BLOCKED (owner C0)	journey05-data.json (final RC QA, product bc5c47f292d0)	12
FIN-J05C0-J05-M19	JOURNEY_05_DATA_APP	UNRATED	BLOCKED	REAL_BACKEND_E2E	bc5c47f292d00846c106669b09679a6fc36daef6	2026-10-10	NODE_SCRIPT(final-data.mjs)	C0/C3	FQ-ENV-01	C0RC_REAL_STACK_NO_TRUSTSTORE	YES	evidence/final-rc-bc5c47f292d0/journey05-data.json#J05-M19	953d17e53d05ba939f79d8fa03763fef9cd580da	NA	edf32dfe187a25ee159339c22be2ff4c1c093df4	stack c0rc: JVM has no data-target trust store (TLS_FAILED) -> target-dependent rows BLOCKED (owner C0)	journey05-data.json (final RC QA, product bc5c47f292d0)	12
FIN-J05C0-J05-M20	JOURNEY_05_DATA_APP	UNRATED	BLOCKED	REAL_BACKEND_E2E	bc5c47f292d00846c106669b09679a6fc36daef6	2026-10-10	NODE_SCRIPT(final-data.mjs)	C0/C3	FQ-ENV-01	C0RC_REAL_STACK_NO_TRUSTSTORE	YES	evidence/final-rc-bc5c47f292d0/journey05-data.json#J05-M20	953d17e53d05ba939f79d8fa03763fef9cd580da	NA	edf32dfe187a25ee159339c22be2ff4c1c093df4	stack c0rc: JVM has no data-target trust store (TLS_FAILED) -> target-dependent rows BLOCKED (owner C0)	journey05-data.json (final RC QA, product bc5c47f292d0)	12
FIN-J05C0-J05-M21	JOURNEY_05_DATA_APP	UNRATED	PASS	REAL_BACKEND_E2E	bc5c47f292d00846c106669b09679a6fc36daef6	2026-10-10	NODE_SCRIPT(final-data.mjs)	-	-	C0RC_REAL_STACK_NO_TRUSTSTORE	YES	evidence/final-rc-bc5c47f292d0/journey05-data.json#J05-M21	953d17e53d05ba939f79d8fa03763fef9cd580da	NA	edf32dfe187a25ee159339c22be2ff4c1c093df4	stack c0rc: JVM has no data-target trust store (TLS_FAILED) -> target-dependent rows BLOCKED (owner C0)	journey05-data.json (final RC QA, product bc5c47f292d0)	12
FIN-J05C0-J05-M22	JOURNEY_05_DATA_APP	UNRATED	BLOCKED	REAL_BACKEND_E2E	bc5c47f292d00846c106669b09679a6fc36daef6	2026-10-10	NODE_SCRIPT(final-data.mjs)	C0/C3	FQ-ENV-01	C0RC_REAL_STACK_NO_TRUSTSTORE	YES	evidence/final-rc-bc5c47f292d0/journey05-data.json#J05-M22	953d17e53d05ba939f79d8fa03763fef9cd580da	NA	edf32dfe187a25ee159339c22be2ff4c1c093df4	stack c0rc: JVM has no data-target trust store (TLS_FAILED) -> target-dependent rows BLOCKED (owner C0)	journey05-data.json (final RC QA, product bc5c47f292d0)	12
FIN-J05C0-J05-X01	JOURNEY_05_DATA_APP	UNRATED	PASS	REAL_BACKEND_E2E	bc5c47f292d00846c106669b09679a6fc36daef6	2026-10-10	NODE_SCRIPT(final-data.mjs)	-	-	C0RC_REAL_STACK_NO_TRUSTSTORE	YES	evidence/final-rc-bc5c47f292d0/journey05-data.json#J05-X01	953d17e53d05ba939f79d8fa03763fef9cd580da	NA	edf32dfe187a25ee159339c22be2ff4c1c093df4	stack c0rc: JVM has no data-target trust store (TLS_FAILED) -> target-dependent rows BLOCKED (owner C0)	journey05-data.json (final RC QA, product bc5c47f292d0)	12
FIN-J05C0-J05-X02	JOURNEY_05_DATA_APP	UNRATED	PASS	REAL_BACKEND_E2E	bc5c47f292d00846c106669b09679a6fc36daef6	2026-10-10	NODE_SCRIPT(final-data.mjs)	-	-	C0RC_REAL_STACK_NO_TRUSTSTORE	YES	evidence/final-rc-bc5c47f292d0/journey05-data.json#J05-X02	953d17e53d05ba939f79d8fa03763fef9cd580da	NA	edf32dfe187a25ee159339c22be2ff4c1c093df4	stack c0rc: JVM has no data-target trust store (TLS_FAILED) -> target-dependent rows BLOCKED (owner C0)	journey05-data.json (final RC QA, product bc5c47f292d0)	12
FIN-J06C0-J06-S00	JOURNEY_06_ACTION_WORKFLOW	UNRATED	BLOCKED	REAL_BACKEND_E2E	bc5c47f292d00846c106669b09679a6fc36daef6	2026-10-10	NODE_SCRIPT(final-workflow.mjs)	C0 (environment)	FQ-ENV-01	C0RC_REAL_STACK_NO_TRUSTSTORE	YES	evidence/final-rc-bc5c47f292d0/journey06-workflow.json#J06-S00	953d17e53d05ba939f79d8fa03763fef9cd580da	NA	edf32dfe187a25ee159339c22be2ff4c1c093df4	stack c0rc: no data-target trust store	journey06-workflow.json (final RC QA, product bc5c47f292d0)	12
FIN-J06C0-J06-S01	JOURNEY_06_ACTION_WORKFLOW	UNRATED	PASS	REAL_BACKEND_E2E	bc5c47f292d00846c106669b09679a6fc36daef6	2026-10-10	NODE_SCRIPT(final-workflow.mjs)	-	-	C0RC_REAL_STACK_NO_TRUSTSTORE	YES	evidence/final-rc-bc5c47f292d0/journey06-workflow.json#J06-S01	953d17e53d05ba939f79d8fa03763fef9cd580da	NA	edf32dfe187a25ee159339c22be2ff4c1c093df4	stack c0rc: no data-target trust store	journey06-workflow.json (final RC QA, product bc5c47f292d0)	12
FIN-J06C0-J06-S02	JOURNEY_06_ACTION_WORKFLOW	UNRATED	PASS	REAL_BACKEND_E2E	bc5c47f292d00846c106669b09679a6fc36daef6	2026-10-10	NODE_SCRIPT(final-workflow.mjs)	-	-	C0RC_REAL_STACK_NO_TRUSTSTORE	YES	evidence/final-rc-bc5c47f292d0/journey06-workflow.json#J06-S02	953d17e53d05ba939f79d8fa03763fef9cd580da	NA	edf32dfe187a25ee159339c22be2ff4c1c093df4	stack c0rc: no data-target trust store	journey06-workflow.json (final RC QA, product bc5c47f292d0)	12
FIN-J06C0-J06-S03	JOURNEY_06_ACTION_WORKFLOW	UNRATED	PASS	REAL_BACKEND_E2E	bc5c47f292d00846c106669b09679a6fc36daef6	2026-10-10	NODE_SCRIPT(final-workflow.mjs)	-	-	C0RC_REAL_STACK_NO_TRUSTSTORE	YES	evidence/final-rc-bc5c47f292d0/journey06-workflow.json#J06-S03	953d17e53d05ba939f79d8fa03763fef9cd580da	NA	edf32dfe187a25ee159339c22be2ff4c1c093df4	stack c0rc: no data-target trust store	journey06-workflow.json (final RC QA, product bc5c47f292d0)	12
FIN-J06C0-J06-P01	JOURNEY_06_ACTION_WORKFLOW	UNRATED	PASS	REAL_BACKEND_E2E	bc5c47f292d00846c106669b09679a6fc36daef6	2026-10-10	NODE_SCRIPT(final-workflow.mjs)	-	-	C0RC_REAL_STACK_NO_TRUSTSTORE	YES	evidence/final-rc-bc5c47f292d0/journey06-workflow.json#J06-P01	953d17e53d05ba939f79d8fa03763fef9cd580da	NA	edf32dfe187a25ee159339c22be2ff4c1c093df4	stack c0rc: no data-target trust store	journey06-workflow.json (final RC QA, product bc5c47f292d0)	12
FIN-J06C0-J06-P01b	JOURNEY_06_ACTION_WORKFLOW	UNRATED	PASS	REAL_BACKEND_E2E	bc5c47f292d00846c106669b09679a6fc36daef6	2026-10-10	NODE_SCRIPT(final-workflow.mjs)	-	-	C0RC_REAL_STACK_NO_TRUSTSTORE	YES	evidence/final-rc-bc5c47f292d0/journey06-workflow.json#J06-P01b	953d17e53d05ba939f79d8fa03763fef9cd580da	NA	edf32dfe187a25ee159339c22be2ff4c1c093df4	stack c0rc: no data-target trust store	journey06-workflow.json (final RC QA, product bc5c47f292d0)	12
FIN-J06C0-J06-P01c	JOURNEY_06_ACTION_WORKFLOW	UNRATED	PASS	REAL_BACKEND_E2E	bc5c47f292d00846c106669b09679a6fc36daef6	2026-10-10	NODE_SCRIPT(final-workflow.mjs)	-	-	C0RC_REAL_STACK_NO_TRUSTSTORE	YES	evidence/final-rc-bc5c47f292d0/journey06-workflow.json#J06-P01c	953d17e53d05ba939f79d8fa03763fef9cd580da	NA	edf32dfe187a25ee159339c22be2ff4c1c093df4	stack c0rc: no data-target trust store	journey06-workflow.json (final RC QA, product bc5c47f292d0)	12
FIN-J06C0-J06-P01d	JOURNEY_06_ACTION_WORKFLOW	UNRATED	PASS	REAL_BACKEND_E2E	bc5c47f292d00846c106669b09679a6fc36daef6	2026-10-10	NODE_SCRIPT(final-workflow.mjs)	-	-	C0RC_REAL_STACK_NO_TRUSTSTORE	YES	evidence/final-rc-bc5c47f292d0/journey06-workflow.json#J06-P01d	953d17e53d05ba939f79d8fa03763fef9cd580da	NA	edf32dfe187a25ee159339c22be2ff4c1c093df4	stack c0rc: no data-target trust store	journey06-workflow.json (final RC QA, product bc5c47f292d0)	12
FIN-J06C0-J06-P02	JOURNEY_06_ACTION_WORKFLOW	UNRATED	PASS	REAL_BACKEND_E2E	bc5c47f292d00846c106669b09679a6fc36daef6	2026-10-10	NODE_SCRIPT(final-workflow.mjs)	-	-	C0RC_REAL_STACK_NO_TRUSTSTORE	YES	evidence/final-rc-bc5c47f292d0/journey06-workflow.json#J06-P02	953d17e53d05ba939f79d8fa03763fef9cd580da	NA	edf32dfe187a25ee159339c22be2ff4c1c093df4	stack c0rc: no data-target trust store	journey06-workflow.json (final RC QA, product bc5c47f292d0)	12
FIN-J06C0-J06-P02b	JOURNEY_06_ACTION_WORKFLOW	UNRATED	PASS	REAL_BACKEND_E2E	bc5c47f292d00846c106669b09679a6fc36daef6	2026-10-10	NODE_SCRIPT(final-workflow.mjs)	-	-	C0RC_REAL_STACK_NO_TRUSTSTORE	YES	evidence/final-rc-bc5c47f292d0/journey06-workflow.json#J06-P02b	953d17e53d05ba939f79d8fa03763fef9cd580da	NA	edf32dfe187a25ee159339c22be2ff4c1c093df4	stack c0rc: no data-target trust store	journey06-workflow.json (final RC QA, product bc5c47f292d0)	12
FIN-J06C0-J06-P03	JOURNEY_06_ACTION_WORKFLOW	UNRATED	PASS	REAL_BACKEND_E2E	bc5c47f292d00846c106669b09679a6fc36daef6	2026-10-10	NODE_SCRIPT(final-workflow.mjs)	-	-	C0RC_REAL_STACK_NO_TRUSTSTORE	YES	evidence/final-rc-bc5c47f292d0/journey06-workflow.json#J06-P03	953d17e53d05ba939f79d8fa03763fef9cd580da	NA	edf32dfe187a25ee159339c22be2ff4c1c093df4	stack c0rc: no data-target trust store	journey06-workflow.json (final RC QA, product bc5c47f292d0)	12
FIN-J06C0-J06-F01	JOURNEY_06_ACTION_WORKFLOW	UNRATED	BLOCKED	REAL_BACKEND_E2E	bc5c47f292d00846c106669b09679a6fc36daef6	2026-10-10	NODE_SCRIPT(final-workflow.mjs)	C0 (environment)	FQ-ENV-01	C0RC_REAL_STACK_NO_TRUSTSTORE	YES	evidence/final-rc-bc5c47f292d0/journey06-workflow.json#J06-F01	953d17e53d05ba939f79d8fa03763fef9cd580da	NA	edf32dfe187a25ee159339c22be2ff4c1c093df4	stack c0rc: no data-target trust store	journey06-workflow.json (final RC QA, product bc5c47f292d0)	12
FIN-J06C0-J06-F01b	JOURNEY_06_ACTION_WORKFLOW	UNRATED	BLOCKED	REAL_BACKEND_E2E	bc5c47f292d00846c106669b09679a6fc36daef6	2026-10-10	NODE_SCRIPT(final-workflow.mjs)	-	FQ-ENV-01	C0RC_REAL_STACK_NO_TRUSTSTORE	YES	evidence/final-rc-bc5c47f292d0/journey06-workflow.json#J06-F01b	953d17e53d05ba939f79d8fa03763fef9cd580da	NA	edf32dfe187a25ee159339c22be2ff4c1c093df4	stack c0rc: no data-target trust store	journey06-workflow.json (final RC QA, product bc5c47f292d0)	12
FIN-J06C0-J06-F01c	JOURNEY_06_ACTION_WORKFLOW	UNRATED	PASS	REAL_BACKEND_E2E	bc5c47f292d00846c106669b09679a6fc36daef6	2026-10-10	NODE_SCRIPT(final-workflow.mjs)	-	-	C0RC_REAL_STACK_NO_TRUSTSTORE	YES	evidence/final-rc-bc5c47f292d0/journey06-workflow.json#J06-F01c	953d17e53d05ba939f79d8fa03763fef9cd580da	NA	edf32dfe187a25ee159339c22be2ff4c1c093df4	stack c0rc: no data-target trust store	journey06-workflow.json (final RC QA, product bc5c47f292d0)	12
FIN-J06C0-J06-F01d	JOURNEY_06_ACTION_WORKFLOW	UNRATED	FAIL	REAL_BACKEND_E2E	bc5c47f292d00846c106669b09679a6fc36daef6	2026-10-10	NODE_SCRIPT(final-workflow.mjs)	C0	-	C0RC_REAL_STACK_NO_TRUSTSTORE	YES	evidence/final-rc-bc5c47f292d0/journey06-workflow.json#J06-F01d	953d17e53d05ba939f79d8fa03763fef9cd580da	NA	edf32dfe187a25ee159339c22be2ff4c1c093df4	stack c0rc: no data-target trust store	journey06-workflow.json (final RC QA, product bc5c47f292d0)	12
FIN-J06C0-J06-F02	JOURNEY_06_ACTION_WORKFLOW	UNRATED	PASS	REAL_BACKEND_E2E	bc5c47f292d00846c106669b09679a6fc36daef6	2026-10-10	NODE_SCRIPT(final-workflow.mjs)	-	-	C0RC_REAL_STACK_NO_TRUSTSTORE	YES	evidence/final-rc-bc5c47f292d0/journey06-workflow.json#J06-F02	953d17e53d05ba939f79d8fa03763fef9cd580da	NA	edf32dfe187a25ee159339c22be2ff4c1c093df4	stack c0rc: no data-target trust store	journey06-workflow.json (final RC QA, product bc5c47f292d0)	12
FIN-J06C0-J06-F03a	JOURNEY_06_ACTION_WORKFLOW	UNRATED	PASS	REAL_BACKEND_E2E	bc5c47f292d00846c106669b09679a6fc36daef6	2026-10-10	NODE_SCRIPT(final-workflow.mjs)	-	-	C0RC_REAL_STACK_NO_TRUSTSTORE	YES	evidence/final-rc-bc5c47f292d0/journey06-workflow.json#J06-F03a	953d17e53d05ba939f79d8fa03763fef9cd580da	NA	edf32dfe187a25ee159339c22be2ff4c1c093df4	stack c0rc: no data-target trust store	journey06-workflow.json (final RC QA, product bc5c47f292d0)	12
FIN-J06C0-J06-F03	JOURNEY_06_ACTION_WORKFLOW	UNRATED	FAIL	REAL_BACKEND_E2E	bc5c47f292d00846c106669b09679a6fc36daef6	2026-10-10	NODE_SCRIPT(final-workflow.mjs)	C4/C0	-	C0RC_REAL_STACK_NO_TRUSTSTORE	YES	evidence/final-rc-bc5c47f292d0/journey06-workflow.json#J06-F03	953d17e53d05ba939f79d8fa03763fef9cd580da	NA	edf32dfe187a25ee159339c22be2ff4c1c093df4	stack c0rc: no data-target trust store	journey06-workflow.json (final RC QA, product bc5c47f292d0)	12
FIN-J06C0-J06-F04	JOURNEY_06_ACTION_WORKFLOW	UNRATED	PASS	REAL_BACKEND_E2E	bc5c47f292d00846c106669b09679a6fc36daef6	2026-10-10	NODE_SCRIPT(final-workflow.mjs)	-	-	C0RC_REAL_STACK_NO_TRUSTSTORE	YES	evidence/final-rc-bc5c47f292d0/journey06-workflow.json#J06-F04	953d17e53d05ba939f79d8fa03763fef9cd580da	NA	edf32dfe187a25ee159339c22be2ff4c1c093df4	stack c0rc: no data-target trust store	journey06-workflow.json (final RC QA, product bc5c47f292d0)	12
FIN-J06C0-J06-F05	JOURNEY_06_ACTION_WORKFLOW	UNRATED	FAIL	REAL_BACKEND_E2E	bc5c47f292d00846c106669b09679a6fc36daef6	2026-10-10	NODE_SCRIPT(final-workflow.mjs)	C4/C0	-	C0RC_REAL_STACK_NO_TRUSTSTORE	YES	evidence/final-rc-bc5c47f292d0/journey06-workflow.json#J06-F05	953d17e53d05ba939f79d8fa03763fef9cd580da	NA	edf32dfe187a25ee159339c22be2ff4c1c093df4	stack c0rc: no data-target trust store	journey06-workflow.json (final RC QA, product bc5c47f292d0)	12
FIN-J06C0-J06-F06	JOURNEY_06_ACTION_WORKFLOW	UNRATED	BLOCKED	REAL_BACKEND_E2E	bc5c47f292d00846c106669b09679a6fc36daef6	2026-10-10	NODE_SCRIPT(final-workflow.mjs)	C4/C0	FQ-ENV-01	C0RC_REAL_STACK_NO_TRUSTSTORE	YES	evidence/final-rc-bc5c47f292d0/journey06-workflow.json#J06-F06	953d17e53d05ba939f79d8fa03763fef9cd580da	NA	edf32dfe187a25ee159339c22be2ff4c1c093df4	stack c0rc: no data-target trust store	journey06-workflow.json (final RC QA, product bc5c47f292d0)	12
FIN-J06C0-J06-F07	JOURNEY_06_ACTION_WORKFLOW	UNRATED	BLOCKED	REAL_BACKEND_E2E	bc5c47f292d00846c106669b09679a6fc36daef6	2026-10-10	NODE_SCRIPT(final-workflow.mjs)	C4/C0	FQ-ENV-01	C0RC_REAL_STACK_NO_TRUSTSTORE	YES	evidence/final-rc-bc5c47f292d0/journey06-workflow.json#J06-F07	953d17e53d05ba939f79d8fa03763fef9cd580da	NA	edf32dfe187a25ee159339c22be2ff4c1c093df4	stack c0rc: no data-target trust store	journey06-workflow.json (final RC QA, product bc5c47f292d0)	12
FIN-J06C0-J06-F08	JOURNEY_06_ACTION_WORKFLOW	UNRATED	FAIL	REAL_BACKEND_E2E	bc5c47f292d00846c106669b09679a6fc36daef6	2026-10-10	NODE_SCRIPT(final-workflow.mjs)	-	-	C0RC_REAL_STACK_NO_TRUSTSTORE	YES	evidence/final-rc-bc5c47f292d0/journey06-workflow.json#J06-F08	953d17e53d05ba939f79d8fa03763fef9cd580da	NA	edf32dfe187a25ee159339c22be2ff4c1c093df4	stack c0rc: no data-target trust store	journey06-workflow.json (final RC QA, product bc5c47f292d0)	12
FIN-J06C0-J06-R01	JOURNEY_06_ACTION_WORKFLOW	UNRATED	PASS	REAL_BACKEND_E2E	bc5c47f292d00846c106669b09679a6fc36daef6	2026-10-10	NODE_SCRIPT(final-workflow.mjs)	-	-	C0RC_REAL_STACK_NO_TRUSTSTORE	YES	evidence/final-rc-bc5c47f292d0/journey06-workflow.json#J06-R01	953d17e53d05ba939f79d8fa03763fef9cd580da	NA	edf32dfe187a25ee159339c22be2ff4c1c093df4	stack c0rc: no data-target trust store	journey06-workflow.json (final RC QA, product bc5c47f292d0)	12
FIN-J06C0-J06-R01b	JOURNEY_06_ACTION_WORKFLOW	UNRATED	PASS	REAL_BACKEND_E2E	bc5c47f292d00846c106669b09679a6fc36daef6	2026-10-10	NODE_SCRIPT(final-workflow.mjs)	-	-	C0RC_REAL_STACK_NO_TRUSTSTORE	YES	evidence/final-rc-bc5c47f292d0/journey06-workflow.json#J06-R01b	953d17e53d05ba939f79d8fa03763fef9cd580da	NA	edf32dfe187a25ee159339c22be2ff4c1c093df4	stack c0rc: no data-target trust store	journey06-workflow.json (final RC QA, product bc5c47f292d0)	12
FIN-J06C0-J06-R01c	JOURNEY_06_ACTION_WORKFLOW	UNRATED	PASS	REAL_BACKEND_E2E	bc5c47f292d00846c106669b09679a6fc36daef6	2026-10-10	NODE_SCRIPT(final-workflow.mjs)	-	-	C0RC_REAL_STACK_NO_TRUSTSTORE	YES	evidence/final-rc-bc5c47f292d0/journey06-workflow.json#J06-R01c	953d17e53d05ba939f79d8fa03763fef9cd580da	NA	edf32dfe187a25ee159339c22be2ff4c1c093df4	stack c0rc: no data-target trust store	journey06-workflow.json (final RC QA, product bc5c47f292d0)	12
FIN-J06C0-J06-R01d	JOURNEY_06_ACTION_WORKFLOW	UNRATED	PASS	REAL_BACKEND_E2E	bc5c47f292d00846c106669b09679a6fc36daef6	2026-10-10	NODE_SCRIPT(final-workflow.mjs)	-	-	C0RC_REAL_STACK_NO_TRUSTSTORE	YES	evidence/final-rc-bc5c47f292d0/journey06-workflow.json#J06-R01d	953d17e53d05ba939f79d8fa03763fef9cd580da	NA	edf32dfe187a25ee159339c22be2ff4c1c093df4	stack c0rc: no data-target trust store	journey06-workflow.json (final RC QA, product bc5c47f292d0)	12
FIN-J06C0-J06-R02	JOURNEY_06_ACTION_WORKFLOW	UNRATED	PASS	REAL_BACKEND_E2E	bc5c47f292d00846c106669b09679a6fc36daef6	2026-10-10	NODE_SCRIPT(final-workflow.mjs)	-	-	C0RC_REAL_STACK_NO_TRUSTSTORE	YES	evidence/final-rc-bc5c47f292d0/journey06-workflow.json#J06-R02	953d17e53d05ba939f79d8fa03763fef9cd580da	NA	edf32dfe187a25ee159339c22be2ff4c1c093df4	stack c0rc: no data-target trust store	journey06-workflow.json (final RC QA, product bc5c47f292d0)	12
FIN-J06C0-J06-T01	JOURNEY_06_ACTION_WORKFLOW	UNRATED	PASS	REAL_BACKEND_E2E	bc5c47f292d00846c106669b09679a6fc36daef6	2026-10-10	NODE_SCRIPT(final-workflow.mjs)	-	-	C0RC_REAL_STACK_NO_TRUSTSTORE	YES	evidence/final-rc-bc5c47f292d0/journey06-workflow.json#J06-T01	953d17e53d05ba939f79d8fa03763fef9cd580da	NA	edf32dfe187a25ee159339c22be2ff4c1c093df4	stack c0rc: no data-target trust store	journey06-workflow.json (final RC QA, product bc5c47f292d0)	12
FIN-J06C0-J06-C00	JOURNEY_06_ACTION_WORKFLOW	UNRATED	PASS	REAL_BACKEND_E2E	bc5c47f292d00846c106669b09679a6fc36daef6	2026-10-10	NODE_SCRIPT(final-workflow.mjs)	-	-	C0RC_REAL_STACK_NO_TRUSTSTORE	YES	evidence/final-rc-bc5c47f292d0/journey06-workflow.json#J06-C00	953d17e53d05ba939f79d8fa03763fef9cd580da	NA	edf32dfe187a25ee159339c22be2ff4c1c093df4	stack c0rc: no data-target trust store	journey06-workflow.json (final RC QA, product bc5c47f292d0)	12
FIN-J06C0-J06-C01	JOURNEY_06_ACTION_WORKFLOW	UNRATED	PASS	REAL_BACKEND_E2E	bc5c47f292d00846c106669b09679a6fc36daef6	2026-10-10	NODE_SCRIPT(final-workflow.mjs)	-	-	C0RC_REAL_STACK_NO_TRUSTSTORE	YES	evidence/final-rc-bc5c47f292d0/journey06-workflow.json#J06-C01	953d17e53d05ba939f79d8fa03763fef9cd580da	NA	edf32dfe187a25ee159339c22be2ff4c1c093df4	stack c0rc: no data-target trust store	journey06-workflow.json (final RC QA, product bc5c47f292d0)	12
FIN-J06C0-J06-C02	JOURNEY_06_ACTION_WORKFLOW	UNRATED	PASS	REAL_BACKEND_E2E	bc5c47f292d00846c106669b09679a6fc36daef6	2026-10-10	NODE_SCRIPT(final-workflow.mjs)	-	-	C0RC_REAL_STACK_NO_TRUSTSTORE	YES	evidence/final-rc-bc5c47f292d0/journey06-workflow.json#J06-C02	953d17e53d05ba939f79d8fa03763fef9cd580da	NA	edf32dfe187a25ee159339c22be2ff4c1c093df4	stack c0rc: no data-target trust store	journey06-workflow.json (final RC QA, product bc5c47f292d0)	12
FIN-J06C0-J06-C03	JOURNEY_06_ACTION_WORKFLOW	UNRATED	PASS	REAL_BACKEND_E2E	bc5c47f292d00846c106669b09679a6fc36daef6	2026-10-10	NODE_SCRIPT(final-workflow.mjs)	-	-	C0RC_REAL_STACK_NO_TRUSTSTORE	YES	evidence/final-rc-bc5c47f292d0/journey06-workflow.json#J06-C03	953d17e53d05ba939f79d8fa03763fef9cd580da	NA	edf32dfe187a25ee159339c22be2ff4c1c093df4	stack c0rc: no data-target trust store	journey06-workflow.json (final RC QA, product bc5c47f292d0)	12
FIN-J06C0-J06-C04	JOURNEY_06_ACTION_WORKFLOW	UNRATED	PASS	REAL_BACKEND_E2E	bc5c47f292d00846c106669b09679a6fc36daef6	2026-10-10	NODE_SCRIPT(final-workflow.mjs)	-	-	C0RC_REAL_STACK_NO_TRUSTSTORE	YES	evidence/final-rc-bc5c47f292d0/journey06-workflow.json#J06-C04	953d17e53d05ba939f79d8fa03763fef9cd580da	NA	edf32dfe187a25ee159339c22be2ff4c1c093df4	stack c0rc: no data-target trust store	journey06-workflow.json (final RC QA, product bc5c47f292d0)	12
FIN-J06C0-J06-C05	JOURNEY_06_ACTION_WORKFLOW	UNRATED	PASS	REAL_BACKEND_E2E	bc5c47f292d00846c106669b09679a6fc36daef6	2026-10-10	NODE_SCRIPT(final-workflow.mjs)	-	-	C0RC_REAL_STACK_NO_TRUSTSTORE	YES	evidence/final-rc-bc5c47f292d0/journey06-workflow.json#J06-C05	953d17e53d05ba939f79d8fa03763fef9cd580da	NA	edf32dfe187a25ee159339c22be2ff4c1c093df4	stack c0rc: no data-target trust store	journey06-workflow.json (final RC QA, product bc5c47f292d0)	12
FIN-J06C0-J06-C06	JOURNEY_06_ACTION_WORKFLOW	UNRATED	PASS	REAL_BACKEND_E2E	bc5c47f292d00846c106669b09679a6fc36daef6	2026-10-10	NODE_SCRIPT(final-workflow.mjs)	-	-	C0RC_REAL_STACK_NO_TRUSTSTORE	YES	evidence/final-rc-bc5c47f292d0/journey06-workflow.json#J06-C06	953d17e53d05ba939f79d8fa03763fef9cd580da	NA	edf32dfe187a25ee159339c22be2ff4c1c093df4	stack c0rc: no data-target trust store	journey06-workflow.json (final RC QA, product bc5c47f292d0)	12
FIN-J06C0-J06-D01	JOURNEY_06_ACTION_WORKFLOW	UNRATED	BLOCKED	REAL_BACKEND_E2E	bc5c47f292d00846c106669b09679a6fc36daef6	2026-10-10	NODE_SCRIPT(final-workflow.mjs)	C0 (environment)	FQ-ENV-01	C0RC_REAL_STACK_NO_TRUSTSTORE	YES	evidence/final-rc-bc5c47f292d0/journey06-workflow.json#J06-D01	953d17e53d05ba939f79d8fa03763fef9cd580da	NA	edf32dfe187a25ee159339c22be2ff4c1c093df4	stack c0rc: no data-target trust store	journey06-workflow.json (final RC QA, product bc5c47f292d0)	12
FIN-J06C0-J06-D01b	JOURNEY_06_ACTION_WORKFLOW	UNRATED	PASS	REAL_BACKEND_E2E	bc5c47f292d00846c106669b09679a6fc36daef6	2026-10-10	NODE_SCRIPT(final-workflow.mjs)	-	-	C0RC_REAL_STACK_NO_TRUSTSTORE	YES	evidence/final-rc-bc5c47f292d0/journey06-workflow.json#J06-D01b	953d17e53d05ba939f79d8fa03763fef9cd580da	NA	edf32dfe187a25ee159339c22be2ff4c1c093df4	stack c0rc: no data-target trust store	journey06-workflow.json (final RC QA, product bc5c47f292d0)	12
FIN-J06C0-J06-D02	JOURNEY_06_ACTION_WORKFLOW	UNRATED	BLOCKED	REAL_BACKEND_E2E	bc5c47f292d00846c106669b09679a6fc36daef6	2026-10-10	NODE_SCRIPT(final-workflow.mjs)	C4	FQ-ENV-01	C0RC_REAL_STACK_NO_TRUSTSTORE	YES	evidence/final-rc-bc5c47f292d0/journey06-workflow.json#J06-D02	953d17e53d05ba939f79d8fa03763fef9cd580da	NA	edf32dfe187a25ee159339c22be2ff4c1c093df4	stack c0rc: no data-target trust store	journey06-workflow.json (final RC QA, product bc5c47f292d0)	12
FIN-J06C0-J06-D03	JOURNEY_06_ACTION_WORKFLOW	UNRATED	BLOCKED	REAL_BACKEND_E2E	bc5c47f292d00846c106669b09679a6fc36daef6	2026-10-10	NODE_SCRIPT(final-workflow.mjs)	coordinator	FQ-ENV-01	C0RC_REAL_STACK_NO_TRUSTSTORE	YES	evidence/final-rc-bc5c47f292d0/journey06-workflow.json#J06-D03	953d17e53d05ba939f79d8fa03763fef9cd580da	NA	edf32dfe187a25ee159339c22be2ff4c1c093df4	stack c0rc: no data-target trust store	journey06-workflow.json (final RC QA, product bc5c47f292d0)	12
FIN-J06C0-J06-A01	JOURNEY_06_ACTION_WORKFLOW	UNRATED	BLOCKED	REAL_BACKEND_E2E	bc5c47f292d00846c106669b09679a6fc36daef6	2026-10-10	NODE_SCRIPT(final-workflow.mjs)	C0 (environment)	FQ-ENV-01	C0RC_REAL_STACK_NO_TRUSTSTORE	YES	evidence/final-rc-bc5c47f292d0/journey06-workflow.json#J06-A01	953d17e53d05ba939f79d8fa03763fef9cd580da	NA	edf32dfe187a25ee159339c22be2ff4c1c093df4	stack c0rc: no data-target trust store	journey06-workflow.json (final RC QA, product bc5c47f292d0)	12
FIN-J06C0-J06-D04	JOURNEY_06_ACTION_WORKFLOW	UNRATED	PASS	REAL_BACKEND_E2E	bc5c47f292d00846c106669b09679a6fc36daef6	2026-10-10	NODE_SCRIPT(final-workflow.mjs)	-	-	C0RC_REAL_STACK_NO_TRUSTSTORE	YES	evidence/final-rc-bc5c47f292d0/journey06-workflow.json#J06-D04	953d17e53d05ba939f79d8fa03763fef9cd580da	NA	edf32dfe187a25ee159339c22be2ff4c1c093df4	stack c0rc: no data-target trust store	journey06-workflow.json (final RC QA, product bc5c47f292d0)	12
FIN-J06C0-J06-Z01	JOURNEY_06_ACTION_WORKFLOW	UNRATED	PASS	REAL_BACKEND_E2E	bc5c47f292d00846c106669b09679a6fc36daef6	2026-10-10	NODE_SCRIPT(final-workflow.mjs)	-	-	C0RC_REAL_STACK_NO_TRUSTSTORE	YES	evidence/final-rc-bc5c47f292d0/journey06-workflow.json#J06-Z01	953d17e53d05ba939f79d8fa03763fef9cd580da	NA	edf32dfe187a25ee159339c22be2ff4c1c093df4	stack c0rc: no data-target trust store	journey06-workflow.json (final RC QA, product bc5c47f292d0)	12
FIN-J05-J05-DS01	JOURNEY_05_DATA_APP	UNRATED	PASS	REAL_BACKEND_E2E	bc5c47f292d00846c106669b09679a6fc36daef6	2026-10-10	NODE_SCRIPT(final-data.mjs)	-	-	C6FIN_OWN_STACK_TRUSTSTORE	YES	evidence/final-rc-bc5c47f292d0/c6fin/journey05-data.json#J05-DS01	fad4a7b4356fecd016e707423d426d1eb4b45c4d	NA	edf32dfe187a25ee159339c22be2ff4c1c093df4	own stack c6fin (same product SHA, data-target trust store, real target)	c6fin/journey05-data.json (final RC QA, product bc5c47f292d0)	12
FIN-J05-J05-DS02	JOURNEY_05_DATA_APP	UNRATED	PASS	REAL_BACKEND_E2E	bc5c47f292d00846c106669b09679a6fc36daef6	2026-10-10	NODE_SCRIPT(final-data.mjs)	-	-	C6FIN_OWN_STACK_TRUSTSTORE	YES	evidence/final-rc-bc5c47f292d0/c6fin/journey05-data.json#J05-DS02	fad4a7b4356fecd016e707423d426d1eb4b45c4d	NA	edf32dfe187a25ee159339c22be2ff4c1c093df4	own stack c6fin (same product SHA, data-target trust store, real target)	c6fin/journey05-data.json (final RC QA, product bc5c47f292d0)	12
FIN-J05-J05-DS02b	JOURNEY_05_DATA_APP	UNRATED	PASS	REAL_BACKEND_E2E	bc5c47f292d00846c106669b09679a6fc36daef6	2026-10-10	NODE_SCRIPT(final-data.mjs)	-	-	C6FIN_OWN_STACK_TRUSTSTORE	YES	evidence/final-rc-bc5c47f292d0/c6fin/journey05-data.json#J05-DS02b	fad4a7b4356fecd016e707423d426d1eb4b45c4d	NA	edf32dfe187a25ee159339c22be2ff4c1c093df4	own stack c6fin (same product SHA, data-target trust store, real target)	c6fin/journey05-data.json (final RC QA, product bc5c47f292d0)	12
FIN-J05-J05-DS03	JOURNEY_05_DATA_APP	UNRATED	PASS	REAL_BACKEND_E2E	bc5c47f292d00846c106669b09679a6fc36daef6	2026-10-10	NODE_SCRIPT(final-data.mjs)	-	-	C6FIN_OWN_STACK_TRUSTSTORE	YES	evidence/final-rc-bc5c47f292d0/c6fin/journey05-data.json#J05-DS03	fad4a7b4356fecd016e707423d426d1eb4b45c4d	NA	edf32dfe187a25ee159339c22be2ff4c1c093df4	own stack c6fin (same product SHA, data-target trust store, real target)	c6fin/journey05-data.json (final RC QA, product bc5c47f292d0)	12
FIN-J05-J05-DS04	JOURNEY_05_DATA_APP	UNRATED	PASS	REAL_BACKEND_E2E	bc5c47f292d00846c106669b09679a6fc36daef6	2026-10-10	NODE_SCRIPT(final-data.mjs)	-	-	C6FIN_OWN_STACK_TRUSTSTORE	YES	evidence/final-rc-bc5c47f292d0/c6fin/journey05-data.json#J05-DS04	fad4a7b4356fecd016e707423d426d1eb4b45c4d	NA	edf32dfe187a25ee159339c22be2ff4c1c093df4	own stack c6fin (same product SHA, data-target trust store, real target)	c6fin/journey05-data.json (final RC QA, product bc5c47f292d0)	12
FIN-J05-J05-DS05	JOURNEY_05_DATA_APP	UNRATED	PASS	REAL_BACKEND_E2E	bc5c47f292d00846c106669b09679a6fc36daef6	2026-10-10	NODE_SCRIPT(final-data.mjs)	-	-	C6FIN_OWN_STACK_TRUSTSTORE	YES	evidence/final-rc-bc5c47f292d0/c6fin/journey05-data.json#J05-DS05	fad4a7b4356fecd016e707423d426d1eb4b45c4d	NA	edf32dfe187a25ee159339c22be2ff4c1c093df4	own stack c6fin (same product SHA, data-target trust store, real target)	c6fin/journey05-data.json (final RC QA, product bc5c47f292d0)	12
FIN-J05-J05-DS06	JOURNEY_05_DATA_APP	UNRATED	PASS	REAL_BACKEND_E2E	bc5c47f292d00846c106669b09679a6fc36daef6	2026-10-10	NODE_SCRIPT(final-data.mjs)	-	-	C6FIN_OWN_STACK_TRUSTSTORE	YES	evidence/final-rc-bc5c47f292d0/c6fin/journey05-data.json#J05-DS06	fad4a7b4356fecd016e707423d426d1eb4b45c4d	NA	edf32dfe187a25ee159339c22be2ff4c1c093df4	own stack c6fin (same product SHA, data-target trust store, real target)	c6fin/journey05-data.json (final RC QA, product bc5c47f292d0)	12
FIN-J05-J05-DS06b	JOURNEY_05_DATA_APP	UNRATED	PASS	REAL_BACKEND_E2E	bc5c47f292d00846c106669b09679a6fc36daef6	2026-10-10	NODE_SCRIPT(final-data.mjs)	-	-	C6FIN_OWN_STACK_TRUSTSTORE	YES	evidence/final-rc-bc5c47f292d0/c6fin/journey05-data.json#J05-DS06b	fad4a7b4356fecd016e707423d426d1eb4b45c4d	NA	edf32dfe187a25ee159339c22be2ff4c1c093df4	own stack c6fin (same product SHA, data-target trust store, real target)	c6fin/journey05-data.json (final RC QA, product bc5c47f292d0)	12
FIN-J05-J05-DS07	JOURNEY_05_DATA_APP	UNRATED	PASS	REAL_BACKEND_E2E	bc5c47f292d00846c106669b09679a6fc36daef6	2026-10-10	NODE_SCRIPT(final-data.mjs)	-	-	C6FIN_OWN_STACK_TRUSTSTORE	YES	evidence/final-rc-bc5c47f292d0/c6fin/journey05-data.json#J05-DS07	fad4a7b4356fecd016e707423d426d1eb4b45c4d	NA	edf32dfe187a25ee159339c22be2ff4c1c093df4	own stack c6fin (same product SHA, data-target trust store, real target)	c6fin/journey05-data.json (final RC QA, product bc5c47f292d0)	12
FIN-J05-J05-SSRF-cloud metadata	JOURNEY_05_DATA_APP	UNRATED	PASS	REAL_BACKEND_E2E	bc5c47f292d00846c106669b09679a6fc36daef6	2026-10-10	NODE_SCRIPT(final-data.mjs)	-	-	C6FIN_OWN_STACK_TRUSTSTORE	YES	evidence/final-rc-bc5c47f292d0/c6fin/journey05-data.json#J05-SSRF-cloud metadata	fad4a7b4356fecd016e707423d426d1eb4b45c4d	NA	edf32dfe187a25ee159339c22be2ff4c1c093df4	own stack c6fin (same product SHA, data-target trust store, real target)	c6fin/journey05-data.json (final RC QA, product bc5c47f292d0)	12
FIN-J05-J05-SSRF-c0rc platform 	JOURNEY_05_DATA_APP	UNRATED	PASS	REAL_BACKEND_E2E	bc5c47f292d00846c106669b09679a6fc36daef6	2026-10-10	NODE_SCRIPT(final-data.mjs)	-	-	C6FIN_OWN_STACK_TRUSTSTORE	YES	evidence/final-rc-bc5c47f292d0/c6fin/journey05-data.json#J05-SSRF-c0rc platform 	fad4a7b4356fecd016e707423d426d1eb4b45c4d	NA	edf32dfe187a25ee159339c22be2ff4c1c093df4	own stack c6fin (same product SHA, data-target trust store, real target)	c6fin/journey05-data.json (final RC QA, product bc5c47f292d0)	12
FIN-J05-J05-SSRF-platform DB by	JOURNEY_05_DATA_APP	UNRATED	PASS	REAL_BACKEND_E2E	bc5c47f292d00846c106669b09679a6fc36daef6	2026-10-10	NODE_SCRIPT(final-data.mjs)	-	-	C6FIN_OWN_STACK_TRUSTSTORE	YES	evidence/final-rc-bc5c47f292d0/c6fin/journey05-data.json#J05-SSRF-platform DB by	fad4a7b4356fecd016e707423d426d1eb4b45c4d	NA	edf32dfe187a25ee159339c22be2ff4c1c093df4	own stack c6fin (same product SHA, data-target trust store, real target)	c6fin/journey05-data.json (final RC QA, product bc5c47f292d0)	12
FIN-J05-J05-SSRF-loopback not a	JOURNEY_05_DATA_APP	UNRATED	PASS	REAL_BACKEND_E2E	bc5c47f292d00846c106669b09679a6fc36daef6	2026-10-10	NODE_SCRIPT(final-data.mjs)	-	-	C6FIN_OWN_STACK_TRUSTSTORE	YES	evidence/final-rc-bc5c47f292d0/c6fin/journey05-data.json#J05-SSRF-loopback not a	fad4a7b4356fecd016e707423d426d1eb4b45c4d	NA	edf32dfe187a25ee159339c22be2ff4c1c093df4	own stack c6fin (same product SHA, data-target trust store, real target)	c6fin/journey05-data.json (final RC QA, product bc5c47f292d0)	12
FIN-J05-J05-SSRF-RFC1918 10.x	JOURNEY_05_DATA_APP	UNRATED	PASS	REAL_BACKEND_E2E	bc5c47f292d00846c106669b09679a6fc36daef6	2026-10-10	NODE_SCRIPT(final-data.mjs)	-	-	C6FIN_OWN_STACK_TRUSTSTORE	YES	evidence/final-rc-bc5c47f292d0/c6fin/journey05-data.json#J05-SSRF-RFC1918 10.x	fad4a7b4356fecd016e707423d426d1eb4b45c4d	NA	edf32dfe187a25ee159339c22be2ff4c1c093df4	own stack c6fin (same product SHA, data-target trust store, real target)	c6fin/journey05-data.json (final RC QA, product bc5c47f292d0)	12
FIN-J05-J05-SSRF-RFC1918 192.16	JOURNEY_05_DATA_APP	UNRATED	PASS	REAL_BACKEND_E2E	bc5c47f292d00846c106669b09679a6fc36daef6	2026-10-10	NODE_SCRIPT(final-data.mjs)	-	-	C6FIN_OWN_STACK_TRUSTSTORE	YES	evidence/final-rc-bc5c47f292d0/c6fin/journey05-data.json#J05-SSRF-RFC1918 192.16	fad4a7b4356fecd016e707423d426d1eb4b45c4d	NA	edf32dfe187a25ee159339c22be2ff4c1c093df4	own stack c6fin (same product SHA, data-target trust store, real target)	c6fin/journey05-data.json (final RC QA, product bc5c47f292d0)	12
FIN-J05-J05-SSRF-RFC1918 172.16	JOURNEY_05_DATA_APP	UNRATED	PASS	REAL_BACKEND_E2E	bc5c47f292d00846c106669b09679a6fc36daef6	2026-10-10	NODE_SCRIPT(final-data.mjs)	-	-	C6FIN_OWN_STACK_TRUSTSTORE	YES	evidence/final-rc-bc5c47f292d0/c6fin/journey05-data.json#J05-SSRF-RFC1918 172.16	fad4a7b4356fecd016e707423d426d1eb4b45c4d	NA	edf32dfe187a25ee159339c22be2ff4c1c093df4	own stack c6fin (same product SHA, data-target trust store, real target)	c6fin/journey05-data.json (final RC QA, product bc5c47f292d0)	12
FIN-J05-J05-SSRF-IPv6 loopback	JOURNEY_05_DATA_APP	UNRATED	PASS	REAL_BACKEND_E2E	bc5c47f292d00846c106669b09679a6fc36daef6	2026-10-10	NODE_SCRIPT(final-data.mjs)	-	-	C6FIN_OWN_STACK_TRUSTSTORE	YES	evidence/final-rc-bc5c47f292d0/c6fin/journey05-data.json#J05-SSRF-IPv6 loopback	fad4a7b4356fecd016e707423d426d1eb4b45c4d	NA	edf32dfe187a25ee159339c22be2ff4c1c093df4	own stack c6fin (same product SHA, data-target trust store, real target)	c6fin/journey05-data.json (final RC QA, product bc5c47f292d0)	12
FIN-J05-J05-SSRF-unspecified 0.	JOURNEY_05_DATA_APP	UNRATED	PASS	REAL_BACKEND_E2E	bc5c47f292d00846c106669b09679a6fc36daef6	2026-10-10	NODE_SCRIPT(final-data.mjs)	-	-	C6FIN_OWN_STACK_TRUSTSTORE	YES	evidence/final-rc-bc5c47f292d0/c6fin/journey05-data.json#J05-SSRF-unspecified 0.	fad4a7b4356fecd016e707423d426d1eb4b45c4d	NA	edf32dfe187a25ee159339c22be2ff4c1c093df4	own stack c6fin (same product SHA, data-target trust store, real target)	c6fin/journey05-data.json (final RC QA, product bc5c47f292d0)	12
FIN-J05-J05-SSRF-decimal-encode	JOURNEY_05_DATA_APP	UNRATED	PASS	REAL_BACKEND_E2E	bc5c47f292d00846c106669b09679a6fc36daef6	2026-10-10	NODE_SCRIPT(final-data.mjs)	-	-	C6FIN_OWN_STACK_TRUSTSTORE	YES	evidence/final-rc-bc5c47f292d0/c6fin/journey05-data.json#J05-SSRF-decimal-encode	fad4a7b4356fecd016e707423d426d1eb4b45c4d	NA	edf32dfe187a25ee159339c22be2ff4c1c093df4	own stack c6fin (same product SHA, data-target trust store, real target)	c6fin/journey05-data.json (final RC QA, product bc5c47f292d0)	12
FIN-J05-J05-SSRF-hex-encoded 12	JOURNEY_05_DATA_APP	UNRATED	PASS	REAL_BACKEND_E2E	bc5c47f292d00846c106669b09679a6fc36daef6	2026-10-10	NODE_SCRIPT(final-data.mjs)	-	-	C6FIN_OWN_STACK_TRUSTSTORE	YES	evidence/final-rc-bc5c47f292d0/c6fin/journey05-data.json#J05-SSRF-hex-encoded 12	fad4a7b4356fecd016e707423d426d1eb4b45c4d	NA	edf32dfe187a25ee159339c22be2ff4c1c093df4	own stack c6fin (same product SHA, data-target trust store, real target)	c6fin/journey05-data.json (final RC QA, product bc5c47f292d0)	12
FIN-J05-J05-SSRF-carrier-grade 	JOURNEY_05_DATA_APP	UNRATED	PASS	REAL_BACKEND_E2E	bc5c47f292d00846c106669b09679a6fc36daef6	2026-10-10	NODE_SCRIPT(final-data.mjs)	-	-	C6FIN_OWN_STACK_TRUSTSTORE	YES	evidence/final-rc-bc5c47f292d0/c6fin/journey05-data.json#J05-SSRF-carrier-grade 	fad4a7b4356fecd016e707423d426d1eb4b45c4d	NA	edf32dfe187a25ee159339c22be2ff4c1c093df4	own stack c6fin (same product SHA, data-target trust store, real target)	c6fin/journey05-data.json (final RC QA, product bc5c47f292d0)	12
FIN-J05-J05-SSRF-GCE metadata h	JOURNEY_05_DATA_APP	UNRATED	PASS	REAL_BACKEND_E2E	bc5c47f292d00846c106669b09679a6fc36daef6	2026-10-10	NODE_SCRIPT(final-data.mjs)	-	-	C6FIN_OWN_STACK_TRUSTSTORE	YES	evidence/final-rc-bc5c47f292d0/c6fin/journey05-data.json#J05-SSRF-GCE metadata h	fad4a7b4356fecd016e707423d426d1eb4b45c4d	NA	edf32dfe187a25ee159339c22be2ff4c1c093df4	own stack c6fin (same product SHA, data-target trust store, real target)	c6fin/journey05-data.json (final RC QA, product bc5c47f292d0)	12
FIN-J05-J05-SSRF-URL as host	JOURNEY_05_DATA_APP	UNRATED	PASS	REAL_BACKEND_E2E	bc5c47f292d00846c106669b09679a6fc36daef6	2026-10-10	NODE_SCRIPT(final-data.mjs)	-	-	C6FIN_OWN_STACK_TRUSTSTORE	YES	evidence/final-rc-bc5c47f292d0/c6fin/journey05-data.json#J05-SSRF-URL as host	fad4a7b4356fecd016e707423d426d1eb4b45c4d	NA	edf32dfe187a25ee159339c22be2ff4c1c093df4	own stack c6fin (same product SHA, data-target trust store, real target)	c6fin/journey05-data.json (final RC QA, product bc5c47f292d0)	12
FIN-J05-J05-SSRF-host with cred	JOURNEY_05_DATA_APP	UNRATED	PASS	REAL_BACKEND_E2E	bc5c47f292d00846c106669b09679a6fc36daef6	2026-10-10	NODE_SCRIPT(final-data.mjs)	-	-	C6FIN_OWN_STACK_TRUSTSTORE	YES	evidence/final-rc-bc5c47f292d0/c6fin/journey05-data.json#J05-SSRF-host with cred	fad4a7b4356fecd016e707423d426d1eb4b45c4d	NA	edf32dfe187a25ee159339c22be2ff4c1c093df4	own stack c6fin (same product SHA, data-target trust store, real target)	c6fin/journey05-data.json (final RC QA, product bc5c47f292d0)	12
FIN-J05-J05-SSRF-IPv4-mapped IP	JOURNEY_05_DATA_APP	UNRATED	PASS	REAL_BACKEND_E2E	bc5c47f292d00846c106669b09679a6fc36daef6	2026-10-10	NODE_SCRIPT(final-data.mjs)	-	-	C6FIN_OWN_STACK_TRUSTSTORE	YES	evidence/final-rc-bc5c47f292d0/c6fin/journey05-data.json#J05-SSRF-IPv4-mapped IP	fad4a7b4356fecd016e707423d426d1eb4b45c4d	NA	edf32dfe187a25ee159339c22be2ff4c1c093df4	own stack c6fin (same product SHA, data-target trust store, real target)	c6fin/journey05-data.json (final RC QA, product bc5c47f292d0)	12
FIN-J05-J05-DS08a	JOURNEY_05_DATA_APP	UNRATED	PASS	REAL_BACKEND_E2E	bc5c47f292d00846c106669b09679a6fc36daef6	2026-10-10	NODE_SCRIPT(final-data.mjs)	-	-	C6FIN_OWN_STACK_TRUSTSTORE	YES	evidence/final-rc-bc5c47f292d0/c6fin/journey05-data.json#J05-DS08a	fad4a7b4356fecd016e707423d426d1eb4b45c4d	NA	edf32dfe187a25ee159339c22be2ff4c1c093df4	own stack c6fin (same product SHA, data-target trust store, real target)	c6fin/journey05-data.json (final RC QA, product bc5c47f292d0)	12
FIN-J05-J05-DS08b	JOURNEY_05_DATA_APP	UNRATED	PASS	REAL_BACKEND_E2E	bc5c47f292d00846c106669b09679a6fc36daef6	2026-10-10	NODE_SCRIPT(final-data.mjs)	-	-	C6FIN_OWN_STACK_TRUSTSTORE	YES	evidence/final-rc-bc5c47f292d0/c6fin/journey05-data.json#J05-DS08b	fad4a7b4356fecd016e707423d426d1eb4b45c4d	NA	edf32dfe187a25ee159339c22be2ff4c1c093df4	own stack c6fin (same product SHA, data-target trust store, real target)	c6fin/journey05-data.json (final RC QA, product bc5c47f292d0)	12
FIN-J05-J05-DS08c	JOURNEY_05_DATA_APP	UNRATED	PASS	REAL_BACKEND_E2E	bc5c47f292d00846c106669b09679a6fc36daef6	2026-10-10	NODE_SCRIPT(final-data.mjs)	-	-	C6FIN_OWN_STACK_TRUSTSTORE	YES	evidence/final-rc-bc5c47f292d0/c6fin/journey05-data.json#J05-DS08c	fad4a7b4356fecd016e707423d426d1eb4b45c4d	NA	edf32dfe187a25ee159339c22be2ff4c1c093df4	own stack c6fin (same product SHA, data-target trust store, real target)	c6fin/journey05-data.json (final RC QA, product bc5c47f292d0)	12
FIN-J05-J05-DS09a	JOURNEY_05_DATA_APP	UNRATED	PASS	REAL_BACKEND_E2E	bc5c47f292d00846c106669b09679a6fc36daef6	2026-10-10	NODE_SCRIPT(final-data.mjs)	-	-	C6FIN_OWN_STACK_TRUSTSTORE	YES	evidence/final-rc-bc5c47f292d0/c6fin/journey05-data.json#J05-DS09a	fad4a7b4356fecd016e707423d426d1eb4b45c4d	NA	edf32dfe187a25ee159339c22be2ff4c1c093df4	own stack c6fin (same product SHA, data-target trust store, real target)	c6fin/journey05-data.json (final RC QA, product bc5c47f292d0)	12
FIN-J05-J05-DS09b	JOURNEY_05_DATA_APP	UNRATED	PASS	REAL_BACKEND_E2E	bc5c47f292d00846c106669b09679a6fc36daef6	2026-10-10	NODE_SCRIPT(final-data.mjs)	-	-	C6FIN_OWN_STACK_TRUSTSTORE	YES	evidence/final-rc-bc5c47f292d0/c6fin/journey05-data.json#J05-DS09b	fad4a7b4356fecd016e707423d426d1eb4b45c4d	NA	edf32dfe187a25ee159339c22be2ff4c1c093df4	own stack c6fin (same product SHA, data-target trust store, real target)	c6fin/journey05-data.json (final RC QA, product bc5c47f292d0)	12
FIN-J05-J05-DS09c	JOURNEY_05_DATA_APP	UNRATED	PASS	REAL_BACKEND_E2E	bc5c47f292d00846c106669b09679a6fc36daef6	2026-10-10	NODE_SCRIPT(final-data.mjs)	-	-	C6FIN_OWN_STACK_TRUSTSTORE	YES	evidence/final-rc-bc5c47f292d0/c6fin/journey05-data.json#J05-DS09c	fad4a7b4356fecd016e707423d426d1eb4b45c4d	NA	edf32dfe187a25ee159339c22be2ff4c1c093df4	own stack c6fin (same product SHA, data-target trust store, real target)	c6fin/journey05-data.json (final RC QA, product bc5c47f292d0)	12
FIN-J05-J05-DS10	JOURNEY_05_DATA_APP	UNRATED	PASS	REAL_BACKEND_E2E	bc5c47f292d00846c106669b09679a6fc36daef6	2026-10-10	NODE_SCRIPT(final-data.mjs)	-	-	C6FIN_OWN_STACK_TRUSTSTORE	YES	evidence/final-rc-bc5c47f292d0/c6fin/journey05-data.json#J05-DS10	fad4a7b4356fecd016e707423d426d1eb4b45c4d	NA	edf32dfe187a25ee159339c22be2ff4c1c093df4	own stack c6fin (same product SHA, data-target trust store, real target)	c6fin/journey05-data.json (final RC QA, product bc5c47f292d0)	12
FIN-J05-J05-DS11	JOURNEY_05_DATA_APP	UNRATED	PASS	REAL_BACKEND_E2E	bc5c47f292d00846c106669b09679a6fc36daef6	2026-10-10	NODE_SCRIPT(final-data.mjs)	-	-	C6FIN_OWN_STACK_TRUSTSTORE	YES	evidence/final-rc-bc5c47f292d0/c6fin/journey05-data.json#J05-DS11	fad4a7b4356fecd016e707423d426d1eb4b45c4d	NA	edf32dfe187a25ee159339c22be2ff4c1c093df4	own stack c6fin (same product SHA, data-target trust store, real target)	c6fin/journey05-data.json (final RC QA, product bc5c47f292d0)	12
FIN-J05-J05-Q01	JOURNEY_05_DATA_APP	UNRATED	PASS	REAL_BACKEND_E2E	bc5c47f292d00846c106669b09679a6fc36daef6	2026-10-10	NODE_SCRIPT(final-data.mjs)	-	-	C6FIN_OWN_STACK_TRUSTSTORE	YES	evidence/final-rc-bc5c47f292d0/c6fin/journey05-data.json#J05-Q01	fad4a7b4356fecd016e707423d426d1eb4b45c4d	NA	edf32dfe187a25ee159339c22be2ff4c1c093df4	own stack c6fin (same product SHA, data-target trust store, real target)	c6fin/journey05-data.json (final RC QA, product bc5c47f292d0)	12
FIN-J05-J05-Q01b	JOURNEY_05_DATA_APP	UNRATED	PASS	REAL_BACKEND_E2E	bc5c47f292d00846c106669b09679a6fc36daef6	2026-10-10	NODE_SCRIPT(final-data.mjs)	-	-	C6FIN_OWN_STACK_TRUSTSTORE	YES	evidence/final-rc-bc5c47f292d0/c6fin/journey05-data.json#J05-Q01b	fad4a7b4356fecd016e707423d426d1eb4b45c4d	NA	edf32dfe187a25ee159339c22be2ff4c1c093df4	own stack c6fin (same product SHA, data-target trust store, real target)	c6fin/journey05-data.json (final RC QA, product bc5c47f292d0)	12
FIN-J05-J05-Q02-bad.ddl	JOURNEY_05_DATA_APP	UNRATED	PASS	REAL_BACKEND_E2E	bc5c47f292d00846c106669b09679a6fc36daef6	2026-10-10	NODE_SCRIPT(final-data.mjs)	-	-	C6FIN_OWN_STACK_TRUSTSTORE	YES	evidence/final-rc-bc5c47f292d0/c6fin/journey05-data.json#J05-Q02-bad.ddl	fad4a7b4356fecd016e707423d426d1eb4b45c4d	NA	edf32dfe187a25ee159339c22be2ff4c1c093df4	own stack c6fin (same product SHA, data-target trust store, real target)	c6fin/journey05-data.json (final RC QA, product bc5c47f292d0)	12
FIN-J05-J05-Q02-bad.multi	JOURNEY_05_DATA_APP	UNRATED	PASS	REAL_BACKEND_E2E	bc5c47f292d00846c106669b09679a6fc36daef6	2026-10-10	NODE_SCRIPT(final-data.mjs)	-	-	C6FIN_OWN_STACK_TRUSTSTORE	YES	evidence/final-rc-bc5c47f292d0/c6fin/journey05-data.json#J05-Q02-bad.multi	fad4a7b4356fecd016e707423d426d1eb4b45c4d	NA	edf32dfe187a25ee159339c22be2ff4c1c093df4	own stack c6fin (same product SHA, data-target trust store, real target)	c6fin/journey05-data.json (final RC QA, product bc5c47f292d0)	12
FIN-J05-J05-Q02-bad.write	JOURNEY_05_DATA_APP	UNRATED	PASS	REAL_BACKEND_E2E	bc5c47f292d00846c106669b09679a6fc36daef6	2026-10-10	NODE_SCRIPT(final-data.mjs)	-	-	C6FIN_OWN_STACK_TRUSTSTORE	YES	evidence/final-rc-bc5c47f292d0/c6fin/journey05-data.json#J05-Q02-bad.write	fad4a7b4356fecd016e707423d426d1eb4b45c4d	NA	edf32dfe187a25ee159339c22be2ff4c1c093df4	own stack c6fin (same product SHA, data-target trust store, real target)	c6fin/journey05-data.json (final RC QA, product bc5c47f292d0)	12
FIN-J05-J05-Q02-bad.func	JOURNEY_05_DATA_APP	UNRATED	PASS	REAL_BACKEND_E2E	bc5c47f292d00846c106669b09679a6fc36daef6	2026-10-10	NODE_SCRIPT(final-data.mjs)	-	-	C6FIN_OWN_STACK_TRUSTSTORE	YES	evidence/final-rc-bc5c47f292d0/c6fin/journey05-data.json#J05-Q02-bad.func	fad4a7b4356fecd016e707423d426d1eb4b45c4d	NA	edf32dfe187a25ee159339c22be2ff4c1c093df4	own stack c6fin (same product SHA, data-target trust store, real target)	c6fin/journey05-data.json (final RC QA, product bc5c47f292d0)	12
FIN-J05-J05-Q02-bad.copy	JOURNEY_05_DATA_APP	UNRATED	PASS	REAL_BACKEND_E2E	bc5c47f292d00846c106669b09679a6fc36daef6	2026-10-10	NODE_SCRIPT(final-data.mjs)	-	-	C6FIN_OWN_STACK_TRUSTSTORE	YES	evidence/final-rc-bc5c47f292d0/c6fin/journey05-data.json#J05-Q02-bad.copy	fad4a7b4356fecd016e707423d426d1eb4b45c4d	NA	edf32dfe187a25ee159339c22be2ff4c1c093df4	own stack c6fin (same product SHA, data-target trust store, real target)	c6fin/journey05-data.json (final RC QA, product bc5c47f292d0)	12
FIN-J05-J05-Q02-bad.into	JOURNEY_05_DATA_APP	UNRATED	PASS	REAL_BACKEND_E2E	bc5c47f292d00846c106669b09679a6fc36daef6	2026-10-10	NODE_SCRIPT(final-data.mjs)	-	-	C6FIN_OWN_STACK_TRUSTSTORE	YES	evidence/final-rc-bc5c47f292d0/c6fin/journey05-data.json#J05-Q02-bad.into	fad4a7b4356fecd016e707423d426d1eb4b45c4d	NA	edf32dfe187a25ee159339c22be2ff4c1c093df4	own stack c6fin (same product SHA, data-target trust store, real target)	c6fin/journey05-data.json (final RC QA, product bc5c47f292d0)	12
FIN-J05-J05-Q02-bad.cte	JOURNEY_05_DATA_APP	UNRATED	PASS	REAL_BACKEND_E2E	bc5c47f292d00846c106669b09679a6fc36daef6	2026-10-10	NODE_SCRIPT(final-data.mjs)	-	-	C6FIN_OWN_STACK_TRUSTSTORE	YES	evidence/final-rc-bc5c47f292d0/c6fin/journey05-data.json#J05-Q02-bad.cte	fad4a7b4356fecd016e707423d426d1eb4b45c4d	NA	edf32dfe187a25ee159339c22be2ff4c1c093df4	own stack c6fin (same product SHA, data-target trust store, real target)	c6fin/journey05-data.json (final RC QA, product bc5c47f292d0)	12
FIN-J05-J05-Q03	JOURNEY_05_DATA_APP	UNRATED	PASS	REAL_BACKEND_E2E	bc5c47f292d00846c106669b09679a6fc36daef6	2026-10-10	NODE_SCRIPT(final-data.mjs)	-	-	C6FIN_OWN_STACK_TRUSTSTORE	YES	evidence/final-rc-bc5c47f292d0/c6fin/journey05-data.json#J05-Q03	fad4a7b4356fecd016e707423d426d1eb4b45c4d	NA	edf32dfe187a25ee159339c22be2ff4c1c093df4	own stack c6fin (same product SHA, data-target trust store, real target)	c6fin/journey05-data.json (final RC QA, product bc5c47f292d0)	12
FIN-J05-J05-Q03b	JOURNEY_05_DATA_APP	UNRATED	PASS	REAL_BACKEND_E2E	bc5c47f292d00846c106669b09679a6fc36daef6	2026-10-10	NODE_SCRIPT(final-data.mjs)	-	-	C6FIN_OWN_STACK_TRUSTSTORE	YES	evidence/final-rc-bc5c47f292d0/c6fin/journey05-data.json#J05-Q03b	fad4a7b4356fecd016e707423d426d1eb4b45c4d	NA	edf32dfe187a25ee159339c22be2ff4c1c093df4	own stack c6fin (same product SHA, data-target trust store, real target)	c6fin/journey05-data.json (final RC QA, product bc5c47f292d0)	12
FIN-J05-J05-A00	JOURNEY_05_DATA_APP	UNRATED	PASS	REAL_BACKEND_E2E	bc5c47f292d00846c106669b09679a6fc36daef6	2026-10-10	NODE_SCRIPT(final-data.mjs)	-	-	C6FIN_OWN_STACK_TRUSTSTORE	YES	evidence/final-rc-bc5c47f292d0/c6fin/journey05-data.json#J05-A00	fad4a7b4356fecd016e707423d426d1eb4b45c4d	NA	edf32dfe187a25ee159339c22be2ff4c1c093df4	own stack c6fin (same product SHA, data-target trust store, real target)	c6fin/journey05-data.json (final RC QA, product bc5c47f292d0)	12
FIN-J05-J05-A00b	JOURNEY_05_DATA_APP	UNRATED	PASS	REAL_BACKEND_E2E	bc5c47f292d00846c106669b09679a6fc36daef6	2026-10-10	NODE_SCRIPT(final-data.mjs)	-	-	C6FIN_OWN_STACK_TRUSTSTORE	YES	evidence/final-rc-bc5c47f292d0/c6fin/journey05-data.json#J05-A00b	fad4a7b4356fecd016e707423d426d1eb4b45c4d	NA	edf32dfe187a25ee159339c22be2ff4c1c093df4	own stack c6fin (same product SHA, data-target trust store, real target)	c6fin/journey05-data.json (final RC QA, product bc5c47f292d0)	12
FIN-J05-J05-Q04	JOURNEY_05_DATA_APP	UNRATED	PASS	REAL_BACKEND_E2E	bc5c47f292d00846c106669b09679a6fc36daef6	2026-10-10	NODE_SCRIPT(final-data.mjs)	-	-	C6FIN_OWN_STACK_TRUSTSTORE	YES	evidence/final-rc-bc5c47f292d0/c6fin/journey05-data.json#J05-Q04	fad4a7b4356fecd016e707423d426d1eb4b45c4d	NA	edf32dfe187a25ee159339c22be2ff4c1c093df4	own stack c6fin (same product SHA, data-target trust store, real target)	c6fin/journey05-data.json (final RC QA, product bc5c47f292d0)	12
FIN-J05-J05-Q05a	JOURNEY_05_DATA_APP	UNRATED	PASS	REAL_BACKEND_E2E	bc5c47f292d00846c106669b09679a6fc36daef6	2026-10-10	NODE_SCRIPT(final-data.mjs)	-	-	C6FIN_OWN_STACK_TRUSTSTORE	YES	evidence/final-rc-bc5c47f292d0/c6fin/journey05-data.json#J05-Q05a	fad4a7b4356fecd016e707423d426d1eb4b45c4d	NA	edf32dfe187a25ee159339c22be2ff4c1c093df4	own stack c6fin (same product SHA, data-target trust store, real target)	c6fin/journey05-data.json (final RC QA, product bc5c47f292d0)	12
FIN-J05-J05-Q05	JOURNEY_05_DATA_APP	UNRATED	PASS	REAL_BACKEND_E2E	bc5c47f292d00846c106669b09679a6fc36daef6	2026-10-10	NODE_SCRIPT(final-data.mjs)	-	-	C6FIN_OWN_STACK_TRUSTSTORE	YES	evidence/final-rc-bc5c47f292d0/c6fin/journey05-data.json#J05-Q05	fad4a7b4356fecd016e707423d426d1eb4b45c4d	NA	edf32dfe187a25ee159339c22be2ff4c1c093df4	own stack c6fin (same product SHA, data-target trust store, real target)	c6fin/journey05-data.json (final RC QA, product bc5c47f292d0)	12
FIN-J05-J05-Q06	JOURNEY_05_DATA_APP	UNRATED	PASS	REAL_BACKEND_E2E	bc5c47f292d00846c106669b09679a6fc36daef6	2026-10-10	NODE_SCRIPT(final-data.mjs)	-	-	C6FIN_OWN_STACK_TRUSTSTORE	YES	evidence/final-rc-bc5c47f292d0/c6fin/journey05-data.json#J05-Q06	fad4a7b4356fecd016e707423d426d1eb4b45c4d	NA	edf32dfe187a25ee159339c22be2ff4c1c093df4	own stack c6fin (same product SHA, data-target trust store, real target)	c6fin/journey05-data.json (final RC QA, product bc5c47f292d0)	12
FIN-J05-J05-Q06b	JOURNEY_05_DATA_APP	UNRATED	PASS	REAL_BACKEND_E2E	bc5c47f292d00846c106669b09679a6fc36daef6	2026-10-10	NODE_SCRIPT(final-data.mjs)	-	-	C6FIN_OWN_STACK_TRUSTSTORE	YES	evidence/final-rc-bc5c47f292d0/c6fin/journey05-data.json#J05-Q06b	fad4a7b4356fecd016e707423d426d1eb4b45c4d	NA	edf32dfe187a25ee159339c22be2ff4c1c093df4	own stack c6fin (same product SHA, data-target trust store, real target)	c6fin/journey05-data.json (final RC QA, product bc5c47f292d0)	12
FIN-J05-J05-Q07	JOURNEY_05_DATA_APP	UNRATED	PASS	REAL_BACKEND_E2E	bc5c47f292d00846c106669b09679a6fc36daef6	2026-10-10	NODE_SCRIPT(final-data.mjs)	-	-	C6FIN_OWN_STACK_TRUSTSTORE	YES	evidence/final-rc-bc5c47f292d0/c6fin/journey05-data.json#J05-Q07	fad4a7b4356fecd016e707423d426d1eb4b45c4d	NA	edf32dfe187a25ee159339c22be2ff4c1c093df4	own stack c6fin (same product SHA, data-target trust store, real target)	c6fin/journey05-data.json (final RC QA, product bc5c47f292d0)	12
FIN-J05-J05-Q08a	JOURNEY_05_DATA_APP	UNRATED	PASS	REAL_BACKEND_E2E	bc5c47f292d00846c106669b09679a6fc36daef6	2026-10-10	NODE_SCRIPT(final-data.mjs)	-	-	C6FIN_OWN_STACK_TRUSTSTORE	YES	evidence/final-rc-bc5c47f292d0/c6fin/journey05-data.json#J05-Q08a	fad4a7b4356fecd016e707423d426d1eb4b45c4d	NA	edf32dfe187a25ee159339c22be2ff4c1c093df4	own stack c6fin (same product SHA, data-target trust store, real target)	c6fin/journey05-data.json (final RC QA, product bc5c47f292d0)	12
FIN-J05-J05-Q08b	JOURNEY_05_DATA_APP	UNRATED	PASS	REAL_BACKEND_E2E	bc5c47f292d00846c106669b09679a6fc36daef6	2026-10-10	NODE_SCRIPT(final-data.mjs)	-	-	C6FIN_OWN_STACK_TRUSTSTORE	YES	evidence/final-rc-bc5c47f292d0/c6fin/journey05-data.json#J05-Q08b	fad4a7b4356fecd016e707423d426d1eb4b45c4d	NA	edf32dfe187a25ee159339c22be2ff4c1c093df4	own stack c6fin (same product SHA, data-target trust store, real target)	c6fin/journey05-data.json (final RC QA, product bc5c47f292d0)	12
FIN-J05-J05-Q08c	JOURNEY_05_DATA_APP	UNRATED	PASS	REAL_BACKEND_E2E	bc5c47f292d00846c106669b09679a6fc36daef6	2026-10-10	NODE_SCRIPT(final-data.mjs)	-	-	C6FIN_OWN_STACK_TRUSTSTORE	YES	evidence/final-rc-bc5c47f292d0/c6fin/journey05-data.json#J05-Q08c	fad4a7b4356fecd016e707423d426d1eb4b45c4d	NA	edf32dfe187a25ee159339c22be2ff4c1c093df4	own stack c6fin (same product SHA, data-target trust store, real target)	c6fin/journey05-data.json (final RC QA, product bc5c47f292d0)	12
FIN-J05-J05-Q08d	JOURNEY_05_DATA_APP	UNRATED	PASS	REAL_BACKEND_E2E	bc5c47f292d00846c106669b09679a6fc36daef6	2026-10-10	NODE_SCRIPT(final-data.mjs)	-	-	C6FIN_OWN_STACK_TRUSTSTORE	YES	evidence/final-rc-bc5c47f292d0/c6fin/journey05-data.json#J05-Q08d	fad4a7b4356fecd016e707423d426d1eb4b45c4d	NA	edf32dfe187a25ee159339c22be2ff4c1c093df4	own stack c6fin (same product SHA, data-target trust store, real target)	c6fin/journey05-data.json (final RC QA, product bc5c47f292d0)	12
FIN-J05-J05-Q08e	JOURNEY_05_DATA_APP	UNRATED	PASS	REAL_BACKEND_E2E	bc5c47f292d00846c106669b09679a6fc36daef6	2026-10-10	NODE_SCRIPT(final-data.mjs)	-	-	C6FIN_OWN_STACK_TRUSTSTORE	YES	evidence/final-rc-bc5c47f292d0/c6fin/journey05-data.json#J05-Q08e	fad4a7b4356fecd016e707423d426d1eb4b45c4d	NA	edf32dfe187a25ee159339c22be2ff4c1c093df4	own stack c6fin (same product SHA, data-target trust store, real target)	c6fin/journey05-data.json (final RC QA, product bc5c47f292d0)	12
FIN-J05-J05-Q08f	JOURNEY_05_DATA_APP	UNRATED	PASS	REAL_BACKEND_E2E	bc5c47f292d00846c106669b09679a6fc36daef6	2026-10-10	NODE_SCRIPT(final-data.mjs)	-	-	C6FIN_OWN_STACK_TRUSTSTORE	YES	evidence/final-rc-bc5c47f292d0/c6fin/journey05-data.json#J05-Q08f	fad4a7b4356fecd016e707423d426d1eb4b45c4d	NA	edf32dfe187a25ee159339c22be2ff4c1c093df4	own stack c6fin (same product SHA, data-target trust store, real target)	c6fin/journey05-data.json (final RC QA, product bc5c47f292d0)	12
FIN-J05-J05-Q08g	JOURNEY_05_DATA_APP	UNRATED	PASS	REAL_BACKEND_E2E	bc5c47f292d00846c106669b09679a6fc36daef6	2026-10-10	NODE_SCRIPT(final-data.mjs)	-	-	C6FIN_OWN_STACK_TRUSTSTORE	YES	evidence/final-rc-bc5c47f292d0/c6fin/journey05-data.json#J05-Q08g	fad4a7b4356fecd016e707423d426d1eb4b45c4d	NA	edf32dfe187a25ee159339c22be2ff4c1c093df4	own stack c6fin (same product SHA, data-target trust store, real target)	c6fin/journey05-data.json (final RC QA, product bc5c47f292d0)	12
FIN-J05-J05-Q08h	JOURNEY_05_DATA_APP	UNRATED	PASS	REAL_BACKEND_E2E	bc5c47f292d00846c106669b09679a6fc36daef6	2026-10-10	NODE_SCRIPT(final-data.mjs)	-	-	C6FIN_OWN_STACK_TRUSTSTORE	YES	evidence/final-rc-bc5c47f292d0/c6fin/journey05-data.json#J05-Q08h	fad4a7b4356fecd016e707423d426d1eb4b45c4d	NA	edf32dfe187a25ee159339c22be2ff4c1c093df4	own stack c6fin (same product SHA, data-target trust store, real target)	c6fin/journey05-data.json (final RC QA, product bc5c47f292d0)	12
FIN-J05-J05-Q08i	JOURNEY_05_DATA_APP	UNRATED	PASS	REAL_BACKEND_E2E	bc5c47f292d00846c106669b09679a6fc36daef6	2026-10-10	NODE_SCRIPT(final-data.mjs)	-	-	C6FIN_OWN_STACK_TRUSTSTORE	YES	evidence/final-rc-bc5c47f292d0/c6fin/journey05-data.json#J05-Q08i	fad4a7b4356fecd016e707423d426d1eb4b45c4d	NA	edf32dfe187a25ee159339c22be2ff4c1c093df4	own stack c6fin (same product SHA, data-target trust store, real target)	c6fin/journey05-data.json (final RC QA, product bc5c47f292d0)	12
FIN-J05-J05-Q09a	JOURNEY_05_DATA_APP	UNRATED	PASS	REAL_BACKEND_E2E	bc5c47f292d00846c106669b09679a6fc36daef6	2026-10-10	NODE_SCRIPT(final-data.mjs)	-	-	C6FIN_OWN_STACK_TRUSTSTORE	YES	evidence/final-rc-bc5c47f292d0/c6fin/journey05-data.json#J05-Q09a	fad4a7b4356fecd016e707423d426d1eb4b45c4d	NA	edf32dfe187a25ee159339c22be2ff4c1c093df4	own stack c6fin (same product SHA, data-target trust store, real target)	c6fin/journey05-data.json (final RC QA, product bc5c47f292d0)	12
FIN-J05-J05-Q09b	JOURNEY_05_DATA_APP	UNRATED	PASS	REAL_BACKEND_E2E	bc5c47f292d00846c106669b09679a6fc36daef6	2026-10-10	NODE_SCRIPT(final-data.mjs)	-	-	C6FIN_OWN_STACK_TRUSTSTORE	YES	evidence/final-rc-bc5c47f292d0/c6fin/journey05-data.json#J05-Q09b	fad4a7b4356fecd016e707423d426d1eb4b45c4d	NA	edf32dfe187a25ee159339c22be2ff4c1c093df4	own stack c6fin (same product SHA, data-target trust store, real target)	c6fin/journey05-data.json (final RC QA, product bc5c47f292d0)	12
FIN-J05-J05-Q09c	JOURNEY_05_DATA_APP	UNRATED	PASS	REAL_BACKEND_E2E	bc5c47f292d00846c106669b09679a6fc36daef6	2026-10-10	NODE_SCRIPT(final-data.mjs)	-	-	C6FIN_OWN_STACK_TRUSTSTORE	YES	evidence/final-rc-bc5c47f292d0/c6fin/journey05-data.json#J05-Q09c	fad4a7b4356fecd016e707423d426d1eb4b45c4d	NA	edf32dfe187a25ee159339c22be2ff4c1c093df4	own stack c6fin (same product SHA, data-target trust store, real target)	c6fin/journey05-data.json (final RC QA, product bc5c47f292d0)	12
FIN-J05-J05-Q09d	JOURNEY_05_DATA_APP	UNRATED	PASS	REAL_BACKEND_E2E	bc5c47f292d00846c106669b09679a6fc36daef6	2026-10-10	NODE_SCRIPT(final-data.mjs)	-	-	C6FIN_OWN_STACK_TRUSTSTORE	YES	evidence/final-rc-bc5c47f292d0/c6fin/journey05-data.json#J05-Q09d	fad4a7b4356fecd016e707423d426d1eb4b45c4d	NA	edf32dfe187a25ee159339c22be2ff4c1c093df4	own stack c6fin (same product SHA, data-target trust store, real target)	c6fin/journey05-data.json (final RC QA, product bc5c47f292d0)	12
FIN-J05-J05-Q09d2	JOURNEY_05_DATA_APP	UNRATED	PASS	REAL_BACKEND_E2E	bc5c47f292d00846c106669b09679a6fc36daef6	2026-10-10	NODE_SCRIPT(final-data.mjs)	-	-	C6FIN_OWN_STACK_TRUSTSTORE	YES	evidence/final-rc-bc5c47f292d0/c6fin/journey05-data.json#J05-Q09d2	fad4a7b4356fecd016e707423d426d1eb4b45c4d	NA	edf32dfe187a25ee159339c22be2ff4c1c093df4	own stack c6fin (same product SHA, data-target trust store, real target)	c6fin/journey05-data.json (final RC QA, product bc5c47f292d0)	12
FIN-J05-J05-Q09e	JOURNEY_05_DATA_APP	UNRATED	PASS	REAL_BACKEND_E2E	bc5c47f292d00846c106669b09679a6fc36daef6	2026-10-10	NODE_SCRIPT(final-data.mjs)	-	-	C6FIN_OWN_STACK_TRUSTSTORE	YES	evidence/final-rc-bc5c47f292d0/c6fin/journey05-data.json#J05-Q09e	fad4a7b4356fecd016e707423d426d1eb4b45c4d	NA	edf32dfe187a25ee159339c22be2ff4c1c093df4	own stack c6fin (same product SHA, data-target trust store, real target)	c6fin/journey05-data.json (final RC QA, product bc5c47f292d0)	12
FIN-J05-J05-Q09f	JOURNEY_05_DATA_APP	UNRATED	PASS	REAL_BACKEND_E2E	bc5c47f292d00846c106669b09679a6fc36daef6	2026-10-10	NODE_SCRIPT(final-data.mjs)	-	-	C6FIN_OWN_STACK_TRUSTSTORE	YES	evidence/final-rc-bc5c47f292d0/c6fin/journey05-data.json#J05-Q09f	fad4a7b4356fecd016e707423d426d1eb4b45c4d	NA	edf32dfe187a25ee159339c22be2ff4c1c093df4	own stack c6fin (same product SHA, data-target trust store, real target)	c6fin/journey05-data.json (final RC QA, product bc5c47f292d0)	12
FIN-J05-J05-Q09g	JOURNEY_05_DATA_APP	UNRATED	PASS	REAL_BACKEND_E2E	bc5c47f292d00846c106669b09679a6fc36daef6	2026-10-10	NODE_SCRIPT(final-data.mjs)	-	-	C6FIN_OWN_STACK_TRUSTSTORE	YES	evidence/final-rc-bc5c47f292d0/c6fin/journey05-data.json#J05-Q09g	fad4a7b4356fecd016e707423d426d1eb4b45c4d	NA	edf32dfe187a25ee159339c22be2ff4c1c093df4	own stack c6fin (same product SHA, data-target trust store, real target)	c6fin/journey05-data.json (final RC QA, product bc5c47f292d0)	12
FIN-J05-J05-Q09h	JOURNEY_05_DATA_APP	UNRATED	PASS	REAL_BACKEND_E2E	bc5c47f292d00846c106669b09679a6fc36daef6	2026-10-10	NODE_SCRIPT(final-data.mjs)	-	-	C6FIN_OWN_STACK_TRUSTSTORE	YES	evidence/final-rc-bc5c47f292d0/c6fin/journey05-data.json#J05-Q09h	fad4a7b4356fecd016e707423d426d1eb4b45c4d	NA	edf32dfe187a25ee159339c22be2ff4c1c093df4	own stack c6fin (same product SHA, data-target trust store, real target)	c6fin/journey05-data.json (final RC QA, product bc5c47f292d0)	12
FIN-J05-J05-Q10	JOURNEY_05_DATA_APP	UNRATED	PASS	REAL_BACKEND_E2E	bc5c47f292d00846c106669b09679a6fc36daef6	2026-10-10	NODE_SCRIPT(final-data.mjs)	-	-	C6FIN_OWN_STACK_TRUSTSTORE	YES	evidence/final-rc-bc5c47f292d0/c6fin/journey05-data.json#J05-Q10	fad4a7b4356fecd016e707423d426d1eb4b45c4d	NA	edf32dfe187a25ee159339c22be2ff4c1c093df4	own stack c6fin (same product SHA, data-target trust store, real target)	c6fin/journey05-data.json (final RC QA, product bc5c47f292d0)	12
FIN-J05-J05-M00	JOURNEY_05_DATA_APP	UNRATED	PASS	REAL_BACKEND_E2E	bc5c47f292d00846c106669b09679a6fc36daef6	2026-10-10	NODE_SCRIPT(final-data.mjs)	-	-	C6FIN_OWN_STACK_TRUSTSTORE	YES	evidence/final-rc-bc5c47f292d0/c6fin/journey05-data.json#J05-M00	fad4a7b4356fecd016e707423d426d1eb4b45c4d	NA	edf32dfe187a25ee159339c22be2ff4c1c093df4	own stack c6fin (same product SHA, data-target trust store, real target)	c6fin/journey05-data.json (final RC QA, product bc5c47f292d0)	12
FIN-J05-J05-M01	JOURNEY_05_DATA_APP	UNRATED	PASS	REAL_BACKEND_E2E	bc5c47f292d00846c106669b09679a6fc36daef6	2026-10-10	NODE_SCRIPT(final-data.mjs)	-	-	C6FIN_OWN_STACK_TRUSTSTORE	YES	evidence/final-rc-bc5c47f292d0/c6fin/journey05-data.json#J05-M01	fad4a7b4356fecd016e707423d426d1eb4b45c4d	NA	edf32dfe187a25ee159339c22be2ff4c1c093df4	own stack c6fin (same product SHA, data-target trust store, real target)	c6fin/journey05-data.json (final RC QA, product bc5c47f292d0)	12
FIN-J05-J05-M02	JOURNEY_05_DATA_APP	UNRATED	PASS	REAL_BACKEND_E2E	bc5c47f292d00846c106669b09679a6fc36daef6	2026-10-10	NODE_SCRIPT(final-data.mjs)	-	-	C6FIN_OWN_STACK_TRUSTSTORE	YES	evidence/final-rc-bc5c47f292d0/c6fin/journey05-data.json#J05-M02	fad4a7b4356fecd016e707423d426d1eb4b45c4d	NA	edf32dfe187a25ee159339c22be2ff4c1c093df4	own stack c6fin (same product SHA, data-target trust store, real target)	c6fin/journey05-data.json (final RC QA, product bc5c47f292d0)	12
FIN-J05-J05-M03	JOURNEY_05_DATA_APP	UNRATED	PASS	REAL_BACKEND_E2E	bc5c47f292d00846c106669b09679a6fc36daef6	2026-10-10	NODE_SCRIPT(final-data.mjs)	-	-	C6FIN_OWN_STACK_TRUSTSTORE	YES	evidence/final-rc-bc5c47f292d0/c6fin/journey05-data.json#J05-M03	fad4a7b4356fecd016e707423d426d1eb4b45c4d	NA	edf32dfe187a25ee159339c22be2ff4c1c093df4	own stack c6fin (same product SHA, data-target trust store, real target)	c6fin/journey05-data.json (final RC QA, product bc5c47f292d0)	12
FIN-J05-J05-M03b	JOURNEY_05_DATA_APP	UNRATED	PASS	REAL_BACKEND_E2E	bc5c47f292d00846c106669b09679a6fc36daef6	2026-10-10	NODE_SCRIPT(final-data.mjs)	-	-	C6FIN_OWN_STACK_TRUSTSTORE	YES	evidence/final-rc-bc5c47f292d0/c6fin/journey05-data.json#J05-M03b	fad4a7b4356fecd016e707423d426d1eb4b45c4d	NA	edf32dfe187a25ee159339c22be2ff4c1c093df4	own stack c6fin (same product SHA, data-target trust store, real target)	c6fin/journey05-data.json (final RC QA, product bc5c47f292d0)	12
FIN-J05-J05-M03c	JOURNEY_05_DATA_APP	UNRATED	PASS	REAL_BACKEND_E2E	bc5c47f292d00846c106669b09679a6fc36daef6	2026-10-10	NODE_SCRIPT(final-data.mjs)	-	-	C6FIN_OWN_STACK_TRUSTSTORE	YES	evidence/final-rc-bc5c47f292d0/c6fin/journey05-data.json#J05-M03c	fad4a7b4356fecd016e707423d426d1eb4b45c4d	NA	edf32dfe187a25ee159339c22be2ff4c1c093df4	own stack c6fin (same product SHA, data-target trust store, real target)	c6fin/journey05-data.json (final RC QA, product bc5c47f292d0)	12
FIN-J05-J05-M04	JOURNEY_05_DATA_APP	UNRATED	PASS	REAL_BACKEND_E2E	bc5c47f292d00846c106669b09679a6fc36daef6	2026-10-10	NODE_SCRIPT(final-data.mjs)	-	-	C6FIN_OWN_STACK_TRUSTSTORE	YES	evidence/final-rc-bc5c47f292d0/c6fin/journey05-data.json#J05-M04	fad4a7b4356fecd016e707423d426d1eb4b45c4d	NA	edf32dfe187a25ee159339c22be2ff4c1c093df4	own stack c6fin (same product SHA, data-target trust store, real target)	c6fin/journey05-data.json (final RC QA, product bc5c47f292d0)	12
FIN-J05-J05-M05	JOURNEY_05_DATA_APP	UNRATED	PASS	REAL_BACKEND_E2E	bc5c47f292d00846c106669b09679a6fc36daef6	2026-10-10	NODE_SCRIPT(final-data.mjs)	-	-	C6FIN_OWN_STACK_TRUSTSTORE	YES	evidence/final-rc-bc5c47f292d0/c6fin/journey05-data.json#J05-M05	fad4a7b4356fecd016e707423d426d1eb4b45c4d	NA	edf32dfe187a25ee159339c22be2ff4c1c093df4	own stack c6fin (same product SHA, data-target trust store, real target)	c6fin/journey05-data.json (final RC QA, product bc5c47f292d0)	12
FIN-J05-J05-M06a	JOURNEY_05_DATA_APP	UNRATED	PASS	REAL_BACKEND_E2E	bc5c47f292d00846c106669b09679a6fc36daef6	2026-10-10	NODE_SCRIPT(final-data.mjs)	-	-	C6FIN_OWN_STACK_TRUSTSTORE	YES	evidence/final-rc-bc5c47f292d0/c6fin/journey05-data.json#J05-M06a	fad4a7b4356fecd016e707423d426d1eb4b45c4d	NA	edf32dfe187a25ee159339c22be2ff4c1c093df4	own stack c6fin (same product SHA, data-target trust store, real target)	c6fin/journey05-data.json (final RC QA, product bc5c47f292d0)	12
FIN-J05-J05-M06c	JOURNEY_05_DATA_APP	UNRATED	PASS	REAL_BACKEND_E2E	bc5c47f292d00846c106669b09679a6fc36daef6	2026-10-10	NODE_SCRIPT(final-data.mjs)	-	-	C6FIN_OWN_STACK_TRUSTSTORE	YES	evidence/final-rc-bc5c47f292d0/c6fin/journey05-data.json#J05-M06c	fad4a7b4356fecd016e707423d426d1eb4b45c4d	NA	edf32dfe187a25ee159339c22be2ff4c1c093df4	own stack c6fin (same product SHA, data-target trust store, real target)	c6fin/journey05-data.json (final RC QA, product bc5c47f292d0)	12
FIN-J05-J05-M06d	JOURNEY_05_DATA_APP	UNRATED	PASS	REAL_BACKEND_E2E	bc5c47f292d00846c106669b09679a6fc36daef6	2026-10-10	NODE_SCRIPT(final-data.mjs)	-	-	C6FIN_OWN_STACK_TRUSTSTORE	YES	evidence/final-rc-bc5c47f292d0/c6fin/journey05-data.json#J05-M06d	fad4a7b4356fecd016e707423d426d1eb4b45c4d	NA	edf32dfe187a25ee159339c22be2ff4c1c093df4	own stack c6fin (same product SHA, data-target trust store, real target)	c6fin/journey05-data.json (final RC QA, product bc5c47f292d0)	12
FIN-J05-J05-M06	JOURNEY_05_DATA_APP	UNRATED	PASS	REAL_BACKEND_E2E	bc5c47f292d00846c106669b09679a6fc36daef6	2026-10-10	NODE_SCRIPT(final-data.mjs)	-	-	C6FIN_OWN_STACK_TRUSTSTORE	YES	evidence/final-rc-bc5c47f292d0/c6fin/journey05-data.json#J05-M06	fad4a7b4356fecd016e707423d426d1eb4b45c4d	NA	edf32dfe187a25ee159339c22be2ff4c1c093df4	own stack c6fin (same product SHA, data-target trust store, real target)	c6fin/journey05-data.json (final RC QA, product bc5c47f292d0)	12
FIN-J05-J05-M06b	JOURNEY_05_DATA_APP	UNRATED	PASS	REAL_BACKEND_E2E	bc5c47f292d00846c106669b09679a6fc36daef6	2026-10-10	NODE_SCRIPT(final-data.mjs)	-	-	C6FIN_OWN_STACK_TRUSTSTORE	YES	evidence/final-rc-bc5c47f292d0/c6fin/journey05-data.json#J05-M06b	fad4a7b4356fecd016e707423d426d1eb4b45c4d	NA	edf32dfe187a25ee159339c22be2ff4c1c093df4	own stack c6fin (same product SHA, data-target trust store, real target)	c6fin/journey05-data.json (final RC QA, product bc5c47f292d0)	12
FIN-J05-J05-Q09b2	JOURNEY_05_DATA_APP	UNRATED	PASS	REAL_BACKEND_E2E	bc5c47f292d00846c106669b09679a6fc36daef6	2026-10-10	NODE_SCRIPT(final-data.mjs)	-	-	C6FIN_OWN_STACK_TRUSTSTORE	YES	evidence/final-rc-bc5c47f292d0/c6fin/journey05-data.json#J05-Q09b2	fad4a7b4356fecd016e707423d426d1eb4b45c4d	NA	edf32dfe187a25ee159339c22be2ff4c1c093df4	own stack c6fin (same product SHA, data-target trust store, real target)	c6fin/journey05-data.json (final RC QA, product bc5c47f292d0)	12
FIN-J05-J05-Q09i	JOURNEY_05_DATA_APP	UNRATED	PASS	REAL_BACKEND_E2E	bc5c47f292d00846c106669b09679a6fc36daef6	2026-10-10	NODE_SCRIPT(final-data.mjs)	-	-	C6FIN_OWN_STACK_TRUSTSTORE	YES	evidence/final-rc-bc5c47f292d0/c6fin/journey05-data.json#J05-Q09i	fad4a7b4356fecd016e707423d426d1eb4b45c4d	NA	edf32dfe187a25ee159339c22be2ff4c1c093df4	own stack c6fin (same product SHA, data-target trust store, real target)	c6fin/journey05-data.json (final RC QA, product bc5c47f292d0)	12
FIN-J05-J05-M07	JOURNEY_05_DATA_APP	UNRATED	PASS	REAL_BACKEND_E2E	bc5c47f292d00846c106669b09679a6fc36daef6	2026-10-10	NODE_SCRIPT(final-data.mjs)	-	-	C6FIN_OWN_STACK_TRUSTSTORE	YES	evidence/final-rc-bc5c47f292d0/c6fin/journey05-data.json#J05-M07	fad4a7b4356fecd016e707423d426d1eb4b45c4d	NA	edf32dfe187a25ee159339c22be2ff4c1c093df4	own stack c6fin (same product SHA, data-target trust store, real target)	c6fin/journey05-data.json (final RC QA, product bc5c47f292d0)	12
FIN-J05-J05-M08	JOURNEY_05_DATA_APP	UNRATED	PASS	REAL_BACKEND_E2E	bc5c47f292d00846c106669b09679a6fc36daef6	2026-10-10	NODE_SCRIPT(final-data.mjs)	-	-	C6FIN_OWN_STACK_TRUSTSTORE	YES	evidence/final-rc-bc5c47f292d0/c6fin/journey05-data.json#J05-M08	fad4a7b4356fecd016e707423d426d1eb4b45c4d	NA	edf32dfe187a25ee159339c22be2ff4c1c093df4	own stack c6fin (same product SHA, data-target trust store, real target)	c6fin/journey05-data.json (final RC QA, product bc5c47f292d0)	12
FIN-J05-J05-M08b	JOURNEY_05_DATA_APP	UNRATED	PASS	REAL_BACKEND_E2E	bc5c47f292d00846c106669b09679a6fc36daef6	2026-10-10	NODE_SCRIPT(final-data.mjs)	-	-	C6FIN_OWN_STACK_TRUSTSTORE	YES	evidence/final-rc-bc5c47f292d0/c6fin/journey05-data.json#J05-M08b	fad4a7b4356fecd016e707423d426d1eb4b45c4d	NA	edf32dfe187a25ee159339c22be2ff4c1c093df4	own stack c6fin (same product SHA, data-target trust store, real target)	c6fin/journey05-data.json (final RC QA, product bc5c47f292d0)	12
FIN-J05-J05-M08c	JOURNEY_05_DATA_APP	UNRATED	PASS	REAL_BACKEND_E2E	bc5c47f292d00846c106669b09679a6fc36daef6	2026-10-10	NODE_SCRIPT(final-data.mjs)	-	-	C6FIN_OWN_STACK_TRUSTSTORE	YES	evidence/final-rc-bc5c47f292d0/c6fin/journey05-data.json#J05-M08c	fad4a7b4356fecd016e707423d426d1eb4b45c4d	NA	edf32dfe187a25ee159339c22be2ff4c1c093df4	own stack c6fin (same product SHA, data-target trust store, real target)	c6fin/journey05-data.json (final RC QA, product bc5c47f292d0)	12
FIN-J05-J05-M09	JOURNEY_05_DATA_APP	UNRATED	PASS	REAL_BACKEND_E2E	bc5c47f292d00846c106669b09679a6fc36daef6	2026-10-10	NODE_SCRIPT(final-data.mjs)	-	-	C6FIN_OWN_STACK_TRUSTSTORE	YES	evidence/final-rc-bc5c47f292d0/c6fin/journey05-data.json#J05-M09	fad4a7b4356fecd016e707423d426d1eb4b45c4d	NA	edf32dfe187a25ee159339c22be2ff4c1c093df4	own stack c6fin (same product SHA, data-target trust store, real target)	c6fin/journey05-data.json (final RC QA, product bc5c47f292d0)	12
FIN-J05-J05-M10	JOURNEY_05_DATA_APP	UNRATED	PASS	REAL_BACKEND_E2E	bc5c47f292d00846c106669b09679a6fc36daef6	2026-10-10	NODE_SCRIPT(final-data.mjs)	-	-	C6FIN_OWN_STACK_TRUSTSTORE	YES	evidence/final-rc-bc5c47f292d0/c6fin/journey05-data.json#J05-M10	fad4a7b4356fecd016e707423d426d1eb4b45c4d	NA	edf32dfe187a25ee159339c22be2ff4c1c093df4	own stack c6fin (same product SHA, data-target trust store, real target)	c6fin/journey05-data.json (final RC QA, product bc5c47f292d0)	12
FIN-J05-J05-M10b	JOURNEY_05_DATA_APP	UNRATED	PASS	REAL_BACKEND_E2E	bc5c47f292d00846c106669b09679a6fc36daef6	2026-10-10	NODE_SCRIPT(final-data.mjs)	-	-	C6FIN_OWN_STACK_TRUSTSTORE	YES	evidence/final-rc-bc5c47f292d0/c6fin/journey05-data.json#J05-M10b	fad4a7b4356fecd016e707423d426d1eb4b45c4d	NA	edf32dfe187a25ee159339c22be2ff4c1c093df4	own stack c6fin (same product SHA, data-target trust store, real target)	c6fin/journey05-data.json (final RC QA, product bc5c47f292d0)	12
FIN-J05-J05-M11	JOURNEY_05_DATA_APP	UNRATED	PASS	REAL_BACKEND_E2E	bc5c47f292d00846c106669b09679a6fc36daef6	2026-10-10	NODE_SCRIPT(final-data.mjs)	-	-	C6FIN_OWN_STACK_TRUSTSTORE	YES	evidence/final-rc-bc5c47f292d0/c6fin/journey05-data.json#J05-M11	fad4a7b4356fecd016e707423d426d1eb4b45c4d	NA	edf32dfe187a25ee159339c22be2ff4c1c093df4	own stack c6fin (same product SHA, data-target trust store, real target)	c6fin/journey05-data.json (final RC QA, product bc5c47f292d0)	12
FIN-J05-J05-M12	JOURNEY_05_DATA_APP	UNRATED	PASS	REAL_BACKEND_E2E	bc5c47f292d00846c106669b09679a6fc36daef6	2026-10-10	NODE_SCRIPT(final-data.mjs)	-	-	C6FIN_OWN_STACK_TRUSTSTORE	YES	evidence/final-rc-bc5c47f292d0/c6fin/journey05-data.json#J05-M12	fad4a7b4356fecd016e707423d426d1eb4b45c4d	NA	edf32dfe187a25ee159339c22be2ff4c1c093df4	own stack c6fin (same product SHA, data-target trust store, real target)	c6fin/journey05-data.json (final RC QA, product bc5c47f292d0)	12
FIN-J05-J05-M13	JOURNEY_05_DATA_APP	UNRATED	PASS	REAL_BACKEND_E2E	bc5c47f292d00846c106669b09679a6fc36daef6	2026-10-10	NODE_SCRIPT(final-data.mjs)	-	-	C6FIN_OWN_STACK_TRUSTSTORE	YES	evidence/final-rc-bc5c47f292d0/c6fin/journey05-data.json#J05-M13	fad4a7b4356fecd016e707423d426d1eb4b45c4d	NA	edf32dfe187a25ee159339c22be2ff4c1c093df4	own stack c6fin (same product SHA, data-target trust store, real target)	c6fin/journey05-data.json (final RC QA, product bc5c47f292d0)	12
FIN-J05-J05-M14	JOURNEY_05_DATA_APP	UNRATED	PASS	REAL_BACKEND_E2E	bc5c47f292d00846c106669b09679a6fc36daef6	2026-10-10	NODE_SCRIPT(final-data.mjs)	-	-	C6FIN_OWN_STACK_TRUSTSTORE	YES	evidence/final-rc-bc5c47f292d0/c6fin/journey05-data.json#J05-M14	fad4a7b4356fecd016e707423d426d1eb4b45c4d	NA	edf32dfe187a25ee159339c22be2ff4c1c093df4	own stack c6fin (same product SHA, data-target trust store, real target)	c6fin/journey05-data.json (final RC QA, product bc5c47f292d0)	12
FIN-J05-J05-M15	JOURNEY_05_DATA_APP	UNRATED	PASS	REAL_BACKEND_E2E	bc5c47f292d00846c106669b09679a6fc36daef6	2026-10-10	NODE_SCRIPT(final-data.mjs)	-	-	C6FIN_OWN_STACK_TRUSTSTORE	YES	evidence/final-rc-bc5c47f292d0/c6fin/journey05-data.json#J05-M15	fad4a7b4356fecd016e707423d426d1eb4b45c4d	NA	edf32dfe187a25ee159339c22be2ff4c1c093df4	own stack c6fin (same product SHA, data-target trust store, real target)	c6fin/journey05-data.json (final RC QA, product bc5c47f292d0)	12
FIN-J05-J05-M16	JOURNEY_05_DATA_APP	UNRATED	PASS	REAL_BACKEND_E2E	bc5c47f292d00846c106669b09679a6fc36daef6	2026-10-10	NODE_SCRIPT(final-data.mjs)	-	-	C6FIN_OWN_STACK_TRUSTSTORE	YES	evidence/final-rc-bc5c47f292d0/c6fin/journey05-data.json#J05-M16	fad4a7b4356fecd016e707423d426d1eb4b45c4d	NA	edf32dfe187a25ee159339c22be2ff4c1c093df4	own stack c6fin (same product SHA, data-target trust store, real target)	c6fin/journey05-data.json (final RC QA, product bc5c47f292d0)	12
FIN-J05-J05-M17	JOURNEY_05_DATA_APP	UNRATED	PASS	REAL_BACKEND_E2E	bc5c47f292d00846c106669b09679a6fc36daef6	2026-10-10	NODE_SCRIPT(final-data.mjs)	-	-	C6FIN_OWN_STACK_TRUSTSTORE	YES	evidence/final-rc-bc5c47f292d0/c6fin/journey05-data.json#J05-M17	fad4a7b4356fecd016e707423d426d1eb4b45c4d	NA	edf32dfe187a25ee159339c22be2ff4c1c093df4	own stack c6fin (same product SHA, data-target trust store, real target)	c6fin/journey05-data.json (final RC QA, product bc5c47f292d0)	12
FIN-J05-J05-M18	JOURNEY_05_DATA_APP	UNRATED	FAIL	REAL_BACKEND_E2E	bc5c47f292d00846c106669b09679a6fc36daef6	2026-10-10	NODE_SCRIPT(final-data.mjs)	C4/C3/C0	-	C6FIN_OWN_STACK_TRUSTSTORE	YES	evidence/final-rc-bc5c47f292d0/c6fin/journey05-data.json#J05-M18	fad4a7b4356fecd016e707423d426d1eb4b45c4d	NA	edf32dfe187a25ee159339c22be2ff4c1c093df4	own stack c6fin (same product SHA, data-target trust store, real target)	c6fin/journey05-data.json (final RC QA, product bc5c47f292d0)	12
FIN-J05-J05-M19	JOURNEY_05_DATA_APP	UNRATED	FAIL	REAL_BACKEND_E2E	bc5c47f292d00846c106669b09679a6fc36daef6	2026-10-10	NODE_SCRIPT(final-data.mjs)	-	-	C6FIN_OWN_STACK_TRUSTSTORE	YES	evidence/final-rc-bc5c47f292d0/c6fin/journey05-data.json#J05-M19	fad4a7b4356fecd016e707423d426d1eb4b45c4d	NA	edf32dfe187a25ee159339c22be2ff4c1c093df4	own stack c6fin (same product SHA, data-target trust store, real target)	c6fin/journey05-data.json (final RC QA, product bc5c47f292d0)	12
FIN-J05-J05-M20	JOURNEY_05_DATA_APP	UNRATED	PASS	REAL_BACKEND_E2E	bc5c47f292d00846c106669b09679a6fc36daef6	2026-10-10	NODE_SCRIPT(final-data.mjs)	-	-	C6FIN_OWN_STACK_TRUSTSTORE	YES	evidence/final-rc-bc5c47f292d0/c6fin/journey05-data.json#J05-M20	fad4a7b4356fecd016e707423d426d1eb4b45c4d	NA	edf32dfe187a25ee159339c22be2ff4c1c093df4	own stack c6fin (same product SHA, data-target trust store, real target)	c6fin/journey05-data.json (final RC QA, product bc5c47f292d0)	12
FIN-J05-J05-M21	JOURNEY_05_DATA_APP	UNRATED	PASS	REAL_BACKEND_E2E	bc5c47f292d00846c106669b09679a6fc36daef6	2026-10-10	NODE_SCRIPT(final-data.mjs)	-	-	C6FIN_OWN_STACK_TRUSTSTORE	YES	evidence/final-rc-bc5c47f292d0/c6fin/journey05-data.json#J05-M21	fad4a7b4356fecd016e707423d426d1eb4b45c4d	NA	edf32dfe187a25ee159339c22be2ff4c1c093df4	own stack c6fin (same product SHA, data-target trust store, real target)	c6fin/journey05-data.json (final RC QA, product bc5c47f292d0)	12
FIN-J05-J05-M22	JOURNEY_05_DATA_APP	UNRATED	PASS	REAL_BACKEND_E2E	bc5c47f292d00846c106669b09679a6fc36daef6	2026-10-10	NODE_SCRIPT(final-data.mjs)	-	-	C6FIN_OWN_STACK_TRUSTSTORE	YES	evidence/final-rc-bc5c47f292d0/c6fin/journey05-data.json#J05-M22	fad4a7b4356fecd016e707423d426d1eb4b45c4d	NA	edf32dfe187a25ee159339c22be2ff4c1c093df4	own stack c6fin (same product SHA, data-target trust store, real target)	c6fin/journey05-data.json (final RC QA, product bc5c47f292d0)	12
FIN-J05-J05-X01	JOURNEY_05_DATA_APP	UNRATED	PASS	REAL_BACKEND_E2E	bc5c47f292d00846c106669b09679a6fc36daef6	2026-10-10	NODE_SCRIPT(final-data.mjs)	-	-	C6FIN_OWN_STACK_TRUSTSTORE	YES	evidence/final-rc-bc5c47f292d0/c6fin/journey05-data.json#J05-X01	fad4a7b4356fecd016e707423d426d1eb4b45c4d	NA	edf32dfe187a25ee159339c22be2ff4c1c093df4	own stack c6fin (same product SHA, data-target trust store, real target)	c6fin/journey05-data.json (final RC QA, product bc5c47f292d0)	12
FIN-J05-J05-X02	JOURNEY_05_DATA_APP	UNRATED	PASS	REAL_BACKEND_E2E	bc5c47f292d00846c106669b09679a6fc36daef6	2026-10-10	NODE_SCRIPT(final-data.mjs)	-	-	C6FIN_OWN_STACK_TRUSTSTORE	YES	evidence/final-rc-bc5c47f292d0/c6fin/journey05-data.json#J05-X02	fad4a7b4356fecd016e707423d426d1eb4b45c4d	NA	edf32dfe187a25ee159339c22be2ff4c1c093df4	own stack c6fin (same product SHA, data-target trust store, real target)	c6fin/journey05-data.json (final RC QA, product bc5c47f292d0)	12
FIN-J06-J06-S00	JOURNEY_06_ACTION_WORKFLOW	UNRATED	PASS	REAL_BACKEND_E2E	bc5c47f292d00846c106669b09679a6fc36daef6	2026-10-10	NODE_SCRIPT(final-workflow.mjs)	-	-	C6FIN_OWN_STACK_TRUSTSTORE	YES	evidence/final-rc-bc5c47f292d0/c6fin/journey06-workflow.json#J06-S00	fad4a7b4356fecd016e707423d426d1eb4b45c4d	NA	edf32dfe187a25ee159339c22be2ff4c1c093df4	own stack c6fin (same product SHA, data-target trust store)	c6fin/journey06-workflow.json (final RC QA, product bc5c47f292d0)	12
FIN-J06-J06-S01	JOURNEY_06_ACTION_WORKFLOW	UNRATED	PASS	REAL_BACKEND_E2E	bc5c47f292d00846c106669b09679a6fc36daef6	2026-10-10	NODE_SCRIPT(final-workflow.mjs)	-	-	C6FIN_OWN_STACK_TRUSTSTORE	YES	evidence/final-rc-bc5c47f292d0/c6fin/journey06-workflow.json#J06-S01	fad4a7b4356fecd016e707423d426d1eb4b45c4d	NA	edf32dfe187a25ee159339c22be2ff4c1c093df4	own stack c6fin (same product SHA, data-target trust store)	c6fin/journey06-workflow.json (final RC QA, product bc5c47f292d0)	12
FIN-J06-J06-S01b	JOURNEY_06_ACTION_WORKFLOW	UNRATED	PASS	REAL_BACKEND_E2E	bc5c47f292d00846c106669b09679a6fc36daef6	2026-10-10	NODE_SCRIPT(final-workflow.mjs)	-	-	C6FIN_OWN_STACK_TRUSTSTORE	YES	evidence/final-rc-bc5c47f292d0/c6fin/journey06-workflow.json#J06-S01b	fad4a7b4356fecd016e707423d426d1eb4b45c4d	NA	edf32dfe187a25ee159339c22be2ff4c1c093df4	own stack c6fin (same product SHA, data-target trust store)	c6fin/journey06-workflow.json (final RC QA, product bc5c47f292d0)	12
FIN-J06-J06-S02	JOURNEY_06_ACTION_WORKFLOW	UNRATED	PASS	REAL_BACKEND_E2E	bc5c47f292d00846c106669b09679a6fc36daef6	2026-10-10	NODE_SCRIPT(final-workflow.mjs)	-	-	C6FIN_OWN_STACK_TRUSTSTORE	YES	evidence/final-rc-bc5c47f292d0/c6fin/journey06-workflow.json#J06-S02	fad4a7b4356fecd016e707423d426d1eb4b45c4d	NA	edf32dfe187a25ee159339c22be2ff4c1c093df4	own stack c6fin (same product SHA, data-target trust store)	c6fin/journey06-workflow.json (final RC QA, product bc5c47f292d0)	12
FIN-J06-J06-S03	JOURNEY_06_ACTION_WORKFLOW	UNRATED	PASS	REAL_BACKEND_E2E	bc5c47f292d00846c106669b09679a6fc36daef6	2026-10-10	NODE_SCRIPT(final-workflow.mjs)	-	-	C6FIN_OWN_STACK_TRUSTSTORE	YES	evidence/final-rc-bc5c47f292d0/c6fin/journey06-workflow.json#J06-S03	fad4a7b4356fecd016e707423d426d1eb4b45c4d	NA	edf32dfe187a25ee159339c22be2ff4c1c093df4	own stack c6fin (same product SHA, data-target trust store)	c6fin/journey06-workflow.json (final RC QA, product bc5c47f292d0)	12
FIN-J06-J06-P01	JOURNEY_06_ACTION_WORKFLOW	UNRATED	PASS	REAL_BACKEND_E2E	bc5c47f292d00846c106669b09679a6fc36daef6	2026-10-10	NODE_SCRIPT(final-workflow.mjs)	-	-	C6FIN_OWN_STACK_TRUSTSTORE	YES	evidence/final-rc-bc5c47f292d0/c6fin/journey06-workflow.json#J06-P01	fad4a7b4356fecd016e707423d426d1eb4b45c4d	NA	edf32dfe187a25ee159339c22be2ff4c1c093df4	own stack c6fin (same product SHA, data-target trust store)	c6fin/journey06-workflow.json (final RC QA, product bc5c47f292d0)	12
FIN-J06-J06-P01b	JOURNEY_06_ACTION_WORKFLOW	UNRATED	PASS	REAL_BACKEND_E2E	bc5c47f292d00846c106669b09679a6fc36daef6	2026-10-10	NODE_SCRIPT(final-workflow.mjs)	-	-	C6FIN_OWN_STACK_TRUSTSTORE	YES	evidence/final-rc-bc5c47f292d0/c6fin/journey06-workflow.json#J06-P01b	fad4a7b4356fecd016e707423d426d1eb4b45c4d	NA	edf32dfe187a25ee159339c22be2ff4c1c093df4	own stack c6fin (same product SHA, data-target trust store)	c6fin/journey06-workflow.json (final RC QA, product bc5c47f292d0)	12
FIN-J06-J06-P01c	JOURNEY_06_ACTION_WORKFLOW	UNRATED	PASS	REAL_BACKEND_E2E	bc5c47f292d00846c106669b09679a6fc36daef6	2026-10-10	NODE_SCRIPT(final-workflow.mjs)	-	-	C6FIN_OWN_STACK_TRUSTSTORE	YES	evidence/final-rc-bc5c47f292d0/c6fin/journey06-workflow.json#J06-P01c	fad4a7b4356fecd016e707423d426d1eb4b45c4d	NA	edf32dfe187a25ee159339c22be2ff4c1c093df4	own stack c6fin (same product SHA, data-target trust store)	c6fin/journey06-workflow.json (final RC QA, product bc5c47f292d0)	12
FIN-J06-J06-P01d	JOURNEY_06_ACTION_WORKFLOW	UNRATED	PASS	REAL_BACKEND_E2E	bc5c47f292d00846c106669b09679a6fc36daef6	2026-10-10	NODE_SCRIPT(final-workflow.mjs)	-	-	C6FIN_OWN_STACK_TRUSTSTORE	YES	evidence/final-rc-bc5c47f292d0/c6fin/journey06-workflow.json#J06-P01d	fad4a7b4356fecd016e707423d426d1eb4b45c4d	NA	edf32dfe187a25ee159339c22be2ff4c1c093df4	own stack c6fin (same product SHA, data-target trust store)	c6fin/journey06-workflow.json (final RC QA, product bc5c47f292d0)	12
FIN-J06-J06-P02	JOURNEY_06_ACTION_WORKFLOW	UNRATED	PASS	REAL_BACKEND_E2E	bc5c47f292d00846c106669b09679a6fc36daef6	2026-10-10	NODE_SCRIPT(final-workflow.mjs)	-	-	C6FIN_OWN_STACK_TRUSTSTORE	YES	evidence/final-rc-bc5c47f292d0/c6fin/journey06-workflow.json#J06-P02	fad4a7b4356fecd016e707423d426d1eb4b45c4d	NA	edf32dfe187a25ee159339c22be2ff4c1c093df4	own stack c6fin (same product SHA, data-target trust store)	c6fin/journey06-workflow.json (final RC QA, product bc5c47f292d0)	12
FIN-J06-J06-P02b	JOURNEY_06_ACTION_WORKFLOW	UNRATED	PASS	REAL_BACKEND_E2E	bc5c47f292d00846c106669b09679a6fc36daef6	2026-10-10	NODE_SCRIPT(final-workflow.mjs)	-	-	C6FIN_OWN_STACK_TRUSTSTORE	YES	evidence/final-rc-bc5c47f292d0/c6fin/journey06-workflow.json#J06-P02b	fad4a7b4356fecd016e707423d426d1eb4b45c4d	NA	edf32dfe187a25ee159339c22be2ff4c1c093df4	own stack c6fin (same product SHA, data-target trust store)	c6fin/journey06-workflow.json (final RC QA, product bc5c47f292d0)	12
FIN-J06-J06-P03	JOURNEY_06_ACTION_WORKFLOW	UNRATED	PASS	REAL_BACKEND_E2E	bc5c47f292d00846c106669b09679a6fc36daef6	2026-10-10	NODE_SCRIPT(final-workflow.mjs)	-	-	C6FIN_OWN_STACK_TRUSTSTORE	YES	evidence/final-rc-bc5c47f292d0/c6fin/journey06-workflow.json#J06-P03	fad4a7b4356fecd016e707423d426d1eb4b45c4d	NA	edf32dfe187a25ee159339c22be2ff4c1c093df4	own stack c6fin (same product SHA, data-target trust store)	c6fin/journey06-workflow.json (final RC QA, product bc5c47f292d0)	12
FIN-J06-J06-F01	JOURNEY_06_ACTION_WORKFLOW	UNRATED	PASS	REAL_BACKEND_E2E	bc5c47f292d00846c106669b09679a6fc36daef6	2026-10-10	NODE_SCRIPT(final-workflow.mjs)	-	-	C6FIN_OWN_STACK_TRUSTSTORE	YES	evidence/final-rc-bc5c47f292d0/c6fin/journey06-workflow.json#J06-F01	fad4a7b4356fecd016e707423d426d1eb4b45c4d	NA	edf32dfe187a25ee159339c22be2ff4c1c093df4	own stack c6fin (same product SHA, data-target trust store)	c6fin/journey06-workflow.json (final RC QA, product bc5c47f292d0)	12
FIN-J06-J06-F01b	JOURNEY_06_ACTION_WORKFLOW	UNRATED	PASS	REAL_BACKEND_E2E	bc5c47f292d00846c106669b09679a6fc36daef6	2026-10-10	NODE_SCRIPT(final-workflow.mjs)	-	-	C6FIN_OWN_STACK_TRUSTSTORE	YES	evidence/final-rc-bc5c47f292d0/c6fin/journey06-workflow.json#J06-F01b	fad4a7b4356fecd016e707423d426d1eb4b45c4d	NA	edf32dfe187a25ee159339c22be2ff4c1c093df4	own stack c6fin (same product SHA, data-target trust store)	c6fin/journey06-workflow.json (final RC QA, product bc5c47f292d0)	12
FIN-J06-J06-F01f	JOURNEY_06_ACTION_WORKFLOW	UNRATED	PASS	REAL_BACKEND_E2E	bc5c47f292d00846c106669b09679a6fc36daef6	2026-10-10	NODE_SCRIPT(final-workflow.mjs)	-	-	C6FIN_OWN_STACK_TRUSTSTORE	YES	evidence/final-rc-bc5c47f292d0/c6fin/journey06-workflow.json#J06-F01f	fad4a7b4356fecd016e707423d426d1eb4b45c4d	NA	edf32dfe187a25ee159339c22be2ff4c1c093df4	own stack c6fin (same product SHA, data-target trust store)	c6fin/journey06-workflow.json (final RC QA, product bc5c47f292d0)	12
FIN-J06-J06-F02	JOURNEY_06_ACTION_WORKFLOW	UNRATED	PASS	REAL_BACKEND_E2E	bc5c47f292d00846c106669b09679a6fc36daef6	2026-10-10	NODE_SCRIPT(final-workflow.mjs)	-	-	C6FIN_OWN_STACK_TRUSTSTORE	YES	evidence/final-rc-bc5c47f292d0/c6fin/journey06-workflow.json#J06-F02	fad4a7b4356fecd016e707423d426d1eb4b45c4d	NA	edf32dfe187a25ee159339c22be2ff4c1c093df4	own stack c6fin (same product SHA, data-target trust store)	c6fin/journey06-workflow.json (final RC QA, product bc5c47f292d0)	12
FIN-J06-J06-F03a	JOURNEY_06_ACTION_WORKFLOW	UNRATED	PASS	REAL_BACKEND_E2E	bc5c47f292d00846c106669b09679a6fc36daef6	2026-10-10	NODE_SCRIPT(final-workflow.mjs)	-	-	C6FIN_OWN_STACK_TRUSTSTORE	YES	evidence/final-rc-bc5c47f292d0/c6fin/journey06-workflow.json#J06-F03a	fad4a7b4356fecd016e707423d426d1eb4b45c4d	NA	edf32dfe187a25ee159339c22be2ff4c1c093df4	own stack c6fin (same product SHA, data-target trust store)	c6fin/journey06-workflow.json (final RC QA, product bc5c47f292d0)	12
FIN-J06-J06-F03	JOURNEY_06_ACTION_WORKFLOW	UNRATED	FAIL	REAL_BACKEND_E2E	bc5c47f292d00846c106669b09679a6fc36daef6	2026-10-10	NODE_SCRIPT(final-workflow.mjs)	C4/C0	-	C6FIN_OWN_STACK_TRUSTSTORE	YES	evidence/final-rc-bc5c47f292d0/c6fin/journey06-workflow.json#J06-F03	fad4a7b4356fecd016e707423d426d1eb4b45c4d	NA	edf32dfe187a25ee159339c22be2ff4c1c093df4	own stack c6fin (same product SHA, data-target trust store)	c6fin/journey06-workflow.json (final RC QA, product bc5c47f292d0)	12
FIN-J06-J06-F04	JOURNEY_06_ACTION_WORKFLOW	UNRATED	PASS	REAL_BACKEND_E2E	bc5c47f292d00846c106669b09679a6fc36daef6	2026-10-10	NODE_SCRIPT(final-workflow.mjs)	-	-	C6FIN_OWN_STACK_TRUSTSTORE	YES	evidence/final-rc-bc5c47f292d0/c6fin/journey06-workflow.json#J06-F04	fad4a7b4356fecd016e707423d426d1eb4b45c4d	NA	edf32dfe187a25ee159339c22be2ff4c1c093df4	own stack c6fin (same product SHA, data-target trust store)	c6fin/journey06-workflow.json (final RC QA, product bc5c47f292d0)	12
FIN-J06-J06-F05	JOURNEY_06_ACTION_WORKFLOW	UNRATED	FAIL	REAL_BACKEND_E2E	bc5c47f292d00846c106669b09679a6fc36daef6	2026-10-10	NODE_SCRIPT(final-workflow.mjs)	C4/C0	-	C6FIN_OWN_STACK_TRUSTSTORE	YES	evidence/final-rc-bc5c47f292d0/c6fin/journey06-workflow.json#J06-F05	fad4a7b4356fecd016e707423d426d1eb4b45c4d	NA	edf32dfe187a25ee159339c22be2ff4c1c093df4	own stack c6fin (same product SHA, data-target trust store)	c6fin/journey06-workflow.json (final RC QA, product bc5c47f292d0)	12
FIN-J06-J06-F06	JOURNEY_06_ACTION_WORKFLOW	UNRATED	BLOCKED	REAL_BACKEND_E2E	bc5c47f292d00846c106669b09679a6fc36daef6	2026-10-10	NODE_SCRIPT(final-workflow.mjs)	C4/C0	-	C6FIN_OWN_STACK_TRUSTSTORE	YES	evidence/final-rc-bc5c47f292d0/c6fin/journey06-workflow.json#J06-F06	fad4a7b4356fecd016e707423d426d1eb4b45c4d	NA	edf32dfe187a25ee159339c22be2ff4c1c093df4	own stack c6fin (same product SHA, data-target trust store)	c6fin/journey06-workflow.json (final RC QA, product bc5c47f292d0)	12
FIN-J06-J06-F07	JOURNEY_06_ACTION_WORKFLOW	UNRATED	BLOCKED	REAL_BACKEND_E2E	bc5c47f292d00846c106669b09679a6fc36daef6	2026-10-10	NODE_SCRIPT(final-workflow.mjs)	C4/C0	-	C6FIN_OWN_STACK_TRUSTSTORE	YES	evidence/final-rc-bc5c47f292d0/c6fin/journey06-workflow.json#J06-F07	fad4a7b4356fecd016e707423d426d1eb4b45c4d	NA	edf32dfe187a25ee159339c22be2ff4c1c093df4	own stack c6fin (same product SHA, data-target trust store)	c6fin/journey06-workflow.json (final RC QA, product bc5c47f292d0)	12
FIN-J06-J06-F08	JOURNEY_06_ACTION_WORKFLOW	UNRATED	FAIL	REAL_BACKEND_E2E	bc5c47f292d00846c106669b09679a6fc36daef6	2026-10-10	NODE_SCRIPT(final-workflow.mjs)	-	-	C6FIN_OWN_STACK_TRUSTSTORE	YES	evidence/final-rc-bc5c47f292d0/c6fin/journey06-workflow.json#J06-F08	fad4a7b4356fecd016e707423d426d1eb4b45c4d	NA	edf32dfe187a25ee159339c22be2ff4c1c093df4	own stack c6fin (same product SHA, data-target trust store)	c6fin/journey06-workflow.json (final RC QA, product bc5c47f292d0)	12
FIN-J06-J06-R01	JOURNEY_06_ACTION_WORKFLOW	UNRATED	PASS	REAL_BACKEND_E2E	bc5c47f292d00846c106669b09679a6fc36daef6	2026-10-10	NODE_SCRIPT(final-workflow.mjs)	-	-	C6FIN_OWN_STACK_TRUSTSTORE	YES	evidence/final-rc-bc5c47f292d0/c6fin/journey06-workflow.json#J06-R01	fad4a7b4356fecd016e707423d426d1eb4b45c4d	NA	edf32dfe187a25ee159339c22be2ff4c1c093df4	own stack c6fin (same product SHA, data-target trust store)	c6fin/journey06-workflow.json (final RC QA, product bc5c47f292d0)	12
FIN-J06-J06-R01b	JOURNEY_06_ACTION_WORKFLOW	UNRATED	PASS	REAL_BACKEND_E2E	bc5c47f292d00846c106669b09679a6fc36daef6	2026-10-10	NODE_SCRIPT(final-workflow.mjs)	-	-	C6FIN_OWN_STACK_TRUSTSTORE	YES	evidence/final-rc-bc5c47f292d0/c6fin/journey06-workflow.json#J06-R01b	fad4a7b4356fecd016e707423d426d1eb4b45c4d	NA	edf32dfe187a25ee159339c22be2ff4c1c093df4	own stack c6fin (same product SHA, data-target trust store)	c6fin/journey06-workflow.json (final RC QA, product bc5c47f292d0)	12
FIN-J06-J06-R01c	JOURNEY_06_ACTION_WORKFLOW	UNRATED	PASS	REAL_BACKEND_E2E	bc5c47f292d00846c106669b09679a6fc36daef6	2026-10-10	NODE_SCRIPT(final-workflow.mjs)	-	-	C6FIN_OWN_STACK_TRUSTSTORE	YES	evidence/final-rc-bc5c47f292d0/c6fin/journey06-workflow.json#J06-R01c	fad4a7b4356fecd016e707423d426d1eb4b45c4d	NA	edf32dfe187a25ee159339c22be2ff4c1c093df4	own stack c6fin (same product SHA, data-target trust store)	c6fin/journey06-workflow.json (final RC QA, product bc5c47f292d0)	12
FIN-J06-J06-R01d	JOURNEY_06_ACTION_WORKFLOW	UNRATED	PASS	REAL_BACKEND_E2E	bc5c47f292d00846c106669b09679a6fc36daef6	2026-10-10	NODE_SCRIPT(final-workflow.mjs)	-	-	C6FIN_OWN_STACK_TRUSTSTORE	YES	evidence/final-rc-bc5c47f292d0/c6fin/journey06-workflow.json#J06-R01d	fad4a7b4356fecd016e707423d426d1eb4b45c4d	NA	edf32dfe187a25ee159339c22be2ff4c1c093df4	own stack c6fin (same product SHA, data-target trust store)	c6fin/journey06-workflow.json (final RC QA, product bc5c47f292d0)	12
FIN-J06-J06-R02	JOURNEY_06_ACTION_WORKFLOW	UNRATED	PASS	REAL_BACKEND_E2E	bc5c47f292d00846c106669b09679a6fc36daef6	2026-10-10	NODE_SCRIPT(final-workflow.mjs)	-	-	C6FIN_OWN_STACK_TRUSTSTORE	YES	evidence/final-rc-bc5c47f292d0/c6fin/journey06-workflow.json#J06-R02	fad4a7b4356fecd016e707423d426d1eb4b45c4d	NA	edf32dfe187a25ee159339c22be2ff4c1c093df4	own stack c6fin (same product SHA, data-target trust store)	c6fin/journey06-workflow.json (final RC QA, product bc5c47f292d0)	12
FIN-J06-J06-T01	JOURNEY_06_ACTION_WORKFLOW	UNRATED	PASS	REAL_BACKEND_E2E	bc5c47f292d00846c106669b09679a6fc36daef6	2026-10-10	NODE_SCRIPT(final-workflow.mjs)	-	-	C6FIN_OWN_STACK_TRUSTSTORE	YES	evidence/final-rc-bc5c47f292d0/c6fin/journey06-workflow.json#J06-T01	fad4a7b4356fecd016e707423d426d1eb4b45c4d	NA	edf32dfe187a25ee159339c22be2ff4c1c093df4	own stack c6fin (same product SHA, data-target trust store)	c6fin/journey06-workflow.json (final RC QA, product bc5c47f292d0)	12
FIN-J06-J06-C00	JOURNEY_06_ACTION_WORKFLOW	UNRATED	PASS	REAL_BACKEND_E2E	bc5c47f292d00846c106669b09679a6fc36daef6	2026-10-10	NODE_SCRIPT(final-workflow.mjs)	-	-	C6FIN_OWN_STACK_TRUSTSTORE	YES	evidence/final-rc-bc5c47f292d0/c6fin/journey06-workflow.json#J06-C00	fad4a7b4356fecd016e707423d426d1eb4b45c4d	NA	edf32dfe187a25ee159339c22be2ff4c1c093df4	own stack c6fin (same product SHA, data-target trust store)	c6fin/journey06-workflow.json (final RC QA, product bc5c47f292d0)	12
FIN-J06-J06-C01	JOURNEY_06_ACTION_WORKFLOW	UNRATED	PASS	REAL_BACKEND_E2E	bc5c47f292d00846c106669b09679a6fc36daef6	2026-10-10	NODE_SCRIPT(final-workflow.mjs)	-	-	C6FIN_OWN_STACK_TRUSTSTORE	YES	evidence/final-rc-bc5c47f292d0/c6fin/journey06-workflow.json#J06-C01	fad4a7b4356fecd016e707423d426d1eb4b45c4d	NA	edf32dfe187a25ee159339c22be2ff4c1c093df4	own stack c6fin (same product SHA, data-target trust store)	c6fin/journey06-workflow.json (final RC QA, product bc5c47f292d0)	12
FIN-J06-J06-C02	JOURNEY_06_ACTION_WORKFLOW	UNRATED	PASS	REAL_BACKEND_E2E	bc5c47f292d00846c106669b09679a6fc36daef6	2026-10-10	NODE_SCRIPT(final-workflow.mjs)	-	-	C6FIN_OWN_STACK_TRUSTSTORE	YES	evidence/final-rc-bc5c47f292d0/c6fin/journey06-workflow.json#J06-C02	fad4a7b4356fecd016e707423d426d1eb4b45c4d	NA	edf32dfe187a25ee159339c22be2ff4c1c093df4	own stack c6fin (same product SHA, data-target trust store)	c6fin/journey06-workflow.json (final RC QA, product bc5c47f292d0)	12
FIN-J06-J06-C03	JOURNEY_06_ACTION_WORKFLOW	UNRATED	PASS	REAL_BACKEND_E2E	bc5c47f292d00846c106669b09679a6fc36daef6	2026-10-10	NODE_SCRIPT(final-workflow.mjs)	-	-	C6FIN_OWN_STACK_TRUSTSTORE	YES	evidence/final-rc-bc5c47f292d0/c6fin/journey06-workflow.json#J06-C03	fad4a7b4356fecd016e707423d426d1eb4b45c4d	NA	edf32dfe187a25ee159339c22be2ff4c1c093df4	own stack c6fin (same product SHA, data-target trust store)	c6fin/journey06-workflow.json (final RC QA, product bc5c47f292d0)	12
FIN-J06-J06-C04	JOURNEY_06_ACTION_WORKFLOW	UNRATED	PASS	REAL_BACKEND_E2E	bc5c47f292d00846c106669b09679a6fc36daef6	2026-10-10	NODE_SCRIPT(final-workflow.mjs)	-	-	C6FIN_OWN_STACK_TRUSTSTORE	YES	evidence/final-rc-bc5c47f292d0/c6fin/journey06-workflow.json#J06-C04	fad4a7b4356fecd016e707423d426d1eb4b45c4d	NA	edf32dfe187a25ee159339c22be2ff4c1c093df4	own stack c6fin (same product SHA, data-target trust store)	c6fin/journey06-workflow.json (final RC QA, product bc5c47f292d0)	12
FIN-J06-J06-C05	JOURNEY_06_ACTION_WORKFLOW	UNRATED	PASS	REAL_BACKEND_E2E	bc5c47f292d00846c106669b09679a6fc36daef6	2026-10-10	NODE_SCRIPT(final-workflow.mjs)	-	-	C6FIN_OWN_STACK_TRUSTSTORE	YES	evidence/final-rc-bc5c47f292d0/c6fin/journey06-workflow.json#J06-C05	fad4a7b4356fecd016e707423d426d1eb4b45c4d	NA	edf32dfe187a25ee159339c22be2ff4c1c093df4	own stack c6fin (same product SHA, data-target trust store)	c6fin/journey06-workflow.json (final RC QA, product bc5c47f292d0)	12
FIN-J06-J06-C06	JOURNEY_06_ACTION_WORKFLOW	UNRATED	PASS	REAL_BACKEND_E2E	bc5c47f292d00846c106669b09679a6fc36daef6	2026-10-10	NODE_SCRIPT(final-workflow.mjs)	-	-	C6FIN_OWN_STACK_TRUSTSTORE	YES	evidence/final-rc-bc5c47f292d0/c6fin/journey06-workflow.json#J06-C06	fad4a7b4356fecd016e707423d426d1eb4b45c4d	NA	edf32dfe187a25ee159339c22be2ff4c1c093df4	own stack c6fin (same product SHA, data-target trust store)	c6fin/journey06-workflow.json (final RC QA, product bc5c47f292d0)	12
FIN-J06-J06-D01	JOURNEY_06_ACTION_WORKFLOW	UNRATED	PASS	REAL_BACKEND_E2E	bc5c47f292d00846c106669b09679a6fc36daef6	2026-10-10	NODE_SCRIPT(final-workflow.mjs)	-	-	C6FIN_OWN_STACK_TRUSTSTORE	YES	evidence/final-rc-bc5c47f292d0/c6fin/journey06-workflow.json#J06-D01	fad4a7b4356fecd016e707423d426d1eb4b45c4d	NA	edf32dfe187a25ee159339c22be2ff4c1c093df4	own stack c6fin (same product SHA, data-target trust store)	c6fin/journey06-workflow.json (final RC QA, product bc5c47f292d0)	12
FIN-J06-J06-D01b	JOURNEY_06_ACTION_WORKFLOW	UNRATED	PASS	REAL_BACKEND_E2E	bc5c47f292d00846c106669b09679a6fc36daef6	2026-10-10	NODE_SCRIPT(final-workflow.mjs)	-	-	C6FIN_OWN_STACK_TRUSTSTORE	YES	evidence/final-rc-bc5c47f292d0/c6fin/journey06-workflow.json#J06-D01b	fad4a7b4356fecd016e707423d426d1eb4b45c4d	NA	edf32dfe187a25ee159339c22be2ff4c1c093df4	own stack c6fin (same product SHA, data-target trust store)	c6fin/journey06-workflow.json (final RC QA, product bc5c47f292d0)	12
FIN-J06-J06-D02	JOURNEY_06_ACTION_WORKFLOW	UNRATED	BLOCKED	REAL_BACKEND_E2E	bc5c47f292d00846c106669b09679a6fc36daef6	2026-10-10	NODE_SCRIPT(final-workflow.mjs)	C4	-	C6FIN_OWN_STACK_TRUSTSTORE	YES	evidence/final-rc-bc5c47f292d0/c6fin/journey06-workflow.json#J06-D02	fad4a7b4356fecd016e707423d426d1eb4b45c4d	NA	edf32dfe187a25ee159339c22be2ff4c1c093df4	own stack c6fin (same product SHA, data-target trust store)	c6fin/journey06-workflow.json (final RC QA, product bc5c47f292d0)	12
FIN-J06-J06-D03	JOURNEY_06_ACTION_WORKFLOW	UNRATED	BLOCKED	REAL_BACKEND_E2E	bc5c47f292d00846c106669b09679a6fc36daef6	2026-10-10	NODE_SCRIPT(final-workflow.mjs)	coordinator	-	C6FIN_OWN_STACK_TRUSTSTORE	YES	evidence/final-rc-bc5c47f292d0/c6fin/journey06-workflow.json#J06-D03	fad4a7b4356fecd016e707423d426d1eb4b45c4d	NA	edf32dfe187a25ee159339c22be2ff4c1c093df4	own stack c6fin (same product SHA, data-target trust store)	c6fin/journey06-workflow.json (final RC QA, product bc5c47f292d0)	12
FIN-J06-J06-A00	JOURNEY_06_ACTION_WORKFLOW	UNRATED	PASS	REAL_BACKEND_E2E	bc5c47f292d00846c106669b09679a6fc36daef6	2026-10-10	NODE_SCRIPT(final-workflow.mjs)	-	-	C6FIN_OWN_STACK_TRUSTSTORE	YES	evidence/final-rc-bc5c47f292d0/c6fin/journey06-workflow.json#J06-A00	fad4a7b4356fecd016e707423d426d1eb4b45c4d	NA	edf32dfe187a25ee159339c22be2ff4c1c093df4	own stack c6fin (same product SHA, data-target trust store)	c6fin/journey06-workflow.json (final RC QA, product bc5c47f292d0)	12
FIN-J06-J06-A01	JOURNEY_06_ACTION_WORKFLOW	UNRATED	PASS	REAL_BACKEND_E2E	bc5c47f292d00846c106669b09679a6fc36daef6	2026-10-10	NODE_SCRIPT(final-workflow.mjs)	-	-	C6FIN_OWN_STACK_TRUSTSTORE	YES	evidence/final-rc-bc5c47f292d0/c6fin/journey06-workflow.json#J06-A01	fad4a7b4356fecd016e707423d426d1eb4b45c4d	NA	edf32dfe187a25ee159339c22be2ff4c1c093df4	own stack c6fin (same product SHA, data-target trust store)	c6fin/journey06-workflow.json (final RC QA, product bc5c47f292d0)	12
FIN-J06-J06-A02	JOURNEY_06_ACTION_WORKFLOW	UNRATED	PASS	REAL_BACKEND_E2E	bc5c47f292d00846c106669b09679a6fc36daef6	2026-10-10	NODE_SCRIPT(final-workflow.mjs)	-	-	C6FIN_OWN_STACK_TRUSTSTORE	YES	evidence/final-rc-bc5c47f292d0/c6fin/journey06-workflow.json#J06-A02	fad4a7b4356fecd016e707423d426d1eb4b45c4d	NA	edf32dfe187a25ee159339c22be2ff4c1c093df4	own stack c6fin (same product SHA, data-target trust store)	c6fin/journey06-workflow.json (final RC QA, product bc5c47f292d0)	12
FIN-J06-J06-A03	JOURNEY_06_ACTION_WORKFLOW	UNRATED	PASS	REAL_BACKEND_E2E	bc5c47f292d00846c106669b09679a6fc36daef6	2026-10-10	NODE_SCRIPT(final-workflow.mjs)	-	-	C6FIN_OWN_STACK_TRUSTSTORE	YES	evidence/final-rc-bc5c47f292d0/c6fin/journey06-workflow.json#J06-A03	fad4a7b4356fecd016e707423d426d1eb4b45c4d	NA	edf32dfe187a25ee159339c22be2ff4c1c093df4	own stack c6fin (same product SHA, data-target trust store)	c6fin/journey06-workflow.json (final RC QA, product bc5c47f292d0)	12
FIN-J06-J06-A04	JOURNEY_06_ACTION_WORKFLOW	UNRATED	PASS	REAL_BACKEND_E2E	bc5c47f292d00846c106669b09679a6fc36daef6	2026-10-10	NODE_SCRIPT(final-workflow.mjs)	-	-	C6FIN_OWN_STACK_TRUSTSTORE	YES	evidence/final-rc-bc5c47f292d0/c6fin/journey06-workflow.json#J06-A04	fad4a7b4356fecd016e707423d426d1eb4b45c4d	NA	edf32dfe187a25ee159339c22be2ff4c1c093df4	own stack c6fin (same product SHA, data-target trust store)	c6fin/journey06-workflow.json (final RC QA, product bc5c47f292d0)	12
FIN-J06-J06-A05	JOURNEY_06_ACTION_WORKFLOW	UNRATED	PASS	REAL_BACKEND_E2E	bc5c47f292d00846c106669b09679a6fc36daef6	2026-10-10	NODE_SCRIPT(final-workflow.mjs)	-	-	C6FIN_OWN_STACK_TRUSTSTORE	YES	evidence/final-rc-bc5c47f292d0/c6fin/journey06-workflow.json#J06-A05	fad4a7b4356fecd016e707423d426d1eb4b45c4d	NA	edf32dfe187a25ee159339c22be2ff4c1c093df4	own stack c6fin (same product SHA, data-target trust store)	c6fin/journey06-workflow.json (final RC QA, product bc5c47f292d0)	12
FIN-J06-J06-A07	JOURNEY_06_ACTION_WORKFLOW	UNRATED	PASS	REAL_BACKEND_E2E	bc5c47f292d00846c106669b09679a6fc36daef6	2026-10-10	NODE_SCRIPT(final-workflow.mjs)	-	-	C6FIN_OWN_STACK_TRUSTSTORE	YES	evidence/final-rc-bc5c47f292d0/c6fin/journey06-workflow.json#J06-A07	fad4a7b4356fecd016e707423d426d1eb4b45c4d	NA	edf32dfe187a25ee159339c22be2ff4c1c093df4	own stack c6fin (same product SHA, data-target trust store)	c6fin/journey06-workflow.json (final RC QA, product bc5c47f292d0)	12
FIN-J06-J06-A06	JOURNEY_06_ACTION_WORKFLOW	UNRATED	PASS	REAL_BACKEND_E2E	bc5c47f292d00846c106669b09679a6fc36daef6	2026-10-10	NODE_SCRIPT(final-workflow.mjs)	-	-	C6FIN_OWN_STACK_TRUSTSTORE	YES	evidence/final-rc-bc5c47f292d0/c6fin/journey06-workflow.json#J06-A06	fad4a7b4356fecd016e707423d426d1eb4b45c4d	NA	edf32dfe187a25ee159339c22be2ff4c1c093df4	own stack c6fin (same product SHA, data-target trust store)	c6fin/journey06-workflow.json (final RC QA, product bc5c47f292d0)	12
FIN-J06-J06-D04	JOURNEY_06_ACTION_WORKFLOW	UNRATED	PASS	REAL_BACKEND_E2E	bc5c47f292d00846c106669b09679a6fc36daef6	2026-10-10	NODE_SCRIPT(final-workflow.mjs)	-	-	C6FIN_OWN_STACK_TRUSTSTORE	YES	evidence/final-rc-bc5c47f292d0/c6fin/journey06-workflow.json#J06-D04	fad4a7b4356fecd016e707423d426d1eb4b45c4d	NA	edf32dfe187a25ee159339c22be2ff4c1c093df4	own stack c6fin (same product SHA, data-target trust store)	c6fin/journey06-workflow.json (final RC QA, product bc5c47f292d0)	12
FIN-J06-J06-Z01	JOURNEY_06_ACTION_WORKFLOW	UNRATED	PASS	REAL_BACKEND_E2E	bc5c47f292d00846c106669b09679a6fc36daef6	2026-10-10	NODE_SCRIPT(final-workflow.mjs)	-	-	C6FIN_OWN_STACK_TRUSTSTORE	YES	evidence/final-rc-bc5c47f292d0/c6fin/journey06-workflow.json#J06-Z01	fad4a7b4356fecd016e707423d426d1eb4b45c4d	NA	edf32dfe187a25ee159339c22be2ff4c1c093df4	own stack c6fin (same product SHA, data-target trust store)	c6fin/journey06-workflow.json (final RC QA, product bc5c47f292d0)	12
FIN-J07-J07-00	JOURNEY_07_PUBLISH	UNRATED	PASS	REAL_BACKEND_E2E	bc5c47f292d00846c106669b09679a6fc36daef6	2026-10-10	NODE_SCRIPT(final-publish.mjs)	-	-	C0RC_REAL_STACK	YES	evidence/final-rc-bc5c47f292d0/final-publish.json#J07-00	953d17e53d05ba939f79d8fa03763fef9cd580da	NA	edf32dfe187a25ee159339c22be2ff4c1c093df4	stack c0rc	final-publish.json (final RC QA, product bc5c47f292d0)	12
FIN-J07-J07-01	JOURNEY_07_PUBLISH	UNRATED	PASS	REAL_BACKEND_E2E	bc5c47f292d00846c106669b09679a6fc36daef6	2026-10-10	NODE_SCRIPT(final-publish.mjs)	-	-	C0RC_REAL_STACK	YES	evidence/final-rc-bc5c47f292d0/final-publish.json#J07-01	953d17e53d05ba939f79d8fa03763fef9cd580da	NA	edf32dfe187a25ee159339c22be2ff4c1c093df4	stack c0rc	final-publish.json (final RC QA, product bc5c47f292d0)	12
FIN-J07-J07-02	JOURNEY_07_PUBLISH	UNRATED	PASS	REAL_BACKEND_E2E	bc5c47f292d00846c106669b09679a6fc36daef6	2026-10-10	NODE_SCRIPT(final-publish.mjs)	-	-	C0RC_REAL_STACK	YES	evidence/final-rc-bc5c47f292d0/final-publish.json#J07-02	953d17e53d05ba939f79d8fa03763fef9cd580da	NA	edf32dfe187a25ee159339c22be2ff4c1c093df4	stack c0rc	final-publish.json (final RC QA, product bc5c47f292d0)	12
FIN-J07-PERM-pub-VIEWER	JOURNEY_07_PUBLISH	UNRATED	PASS	REAL_BACKEND_E2E	bc5c47f292d00846c106669b09679a6fc36daef6	2026-10-10	NODE_SCRIPT(final-publish.mjs)	-	-	C0RC_REAL_STACK	YES	evidence/final-rc-bc5c47f292d0/final-publish.json#PERM-pub-VIEWER	953d17e53d05ba939f79d8fa03763fef9cd580da	NA	edf32dfe187a25ee159339c22be2ff4c1c093df4	stack c0rc	final-publish.json (final RC QA, product bc5c47f292d0)	12
FIN-J07-PERM-cfg-VIEWER	JOURNEY_07_PUBLISH	UNRATED	PASS	REAL_BACKEND_E2E	bc5c47f292d00846c106669b09679a6fc36daef6	2026-10-10	NODE_SCRIPT(final-publish.mjs)	-	-	C0RC_REAL_STACK	YES	evidence/final-rc-bc5c47f292d0/final-publish.json#PERM-cfg-VIEWER	953d17e53d05ba939f79d8fa03763fef9cd580da	NA	edf32dfe187a25ee159339c22be2ff4c1c093df4	stack c0rc	final-publish.json (final RC QA, product bc5c47f292d0)	12
FIN-J07-PERM-rb-VIEWER	JOURNEY_07_PUBLISH	UNRATED	PASS	REAL_BACKEND_E2E	bc5c47f292d00846c106669b09679a6fc36daef6	2026-10-10	NODE_SCRIPT(final-publish.mjs)	-	-	C0RC_REAL_STACK	YES	evidence/final-rc-bc5c47f292d0/final-publish.json#PERM-rb-VIEWER	953d17e53d05ba939f79d8fa03763fef9cd580da	NA	edf32dfe187a25ee159339c22be2ff4c1c093df4	stack c0rc	final-publish.json (final RC QA, product bc5c47f292d0)	12
FIN-J07-PERM-unp-VIEWER	JOURNEY_07_PUBLISH	UNRATED	PASS	REAL_BACKEND_E2E	bc5c47f292d00846c106669b09679a6fc36daef6	2026-10-10	NODE_SCRIPT(final-publish.mjs)	-	-	C0RC_REAL_STACK	YES	evidence/final-rc-bc5c47f292d0/final-publish.json#PERM-unp-VIEWER	953d17e53d05ba939f79d8fa03763fef9cd580da	NA	edf32dfe187a25ee159339c22be2ff4c1c093df4	stack c0rc	final-publish.json (final RC QA, product bc5c47f292d0)	12
FIN-J07-PERM-pub-EDITOR	JOURNEY_07_PUBLISH	UNRATED	PASS	REAL_BACKEND_E2E	bc5c47f292d00846c106669b09679a6fc36daef6	2026-10-10	NODE_SCRIPT(final-publish.mjs)	-	-	C0RC_REAL_STACK	YES	evidence/final-rc-bc5c47f292d0/final-publish.json#PERM-pub-EDITOR	953d17e53d05ba939f79d8fa03763fef9cd580da	NA	edf32dfe187a25ee159339c22be2ff4c1c093df4	stack c0rc	final-publish.json (final RC QA, product bc5c47f292d0)	12
FIN-J07-PERM-cfg-EDITOR	JOURNEY_07_PUBLISH	UNRATED	PASS	REAL_BACKEND_E2E	bc5c47f292d00846c106669b09679a6fc36daef6	2026-10-10	NODE_SCRIPT(final-publish.mjs)	-	-	C0RC_REAL_STACK	YES	evidence/final-rc-bc5c47f292d0/final-publish.json#PERM-cfg-EDITOR	953d17e53d05ba939f79d8fa03763fef9cd580da	NA	edf32dfe187a25ee159339c22be2ff4c1c093df4	stack c0rc	final-publish.json (final RC QA, product bc5c47f292d0)	12
FIN-J07-PERM-rb-EDITOR	JOURNEY_07_PUBLISH	UNRATED	PASS	REAL_BACKEND_E2E	bc5c47f292d00846c106669b09679a6fc36daef6	2026-10-10	NODE_SCRIPT(final-publish.mjs)	-	-	C0RC_REAL_STACK	YES	evidence/final-rc-bc5c47f292d0/final-publish.json#PERM-rb-EDITOR	953d17e53d05ba939f79d8fa03763fef9cd580da	NA	edf32dfe187a25ee159339c22be2ff4c1c093df4	stack c0rc	final-publish.json (final RC QA, product bc5c47f292d0)	12
FIN-J07-PERM-unp-EDITOR	JOURNEY_07_PUBLISH	UNRATED	PASS	REAL_BACKEND_E2E	bc5c47f292d00846c106669b09679a6fc36daef6	2026-10-10	NODE_SCRIPT(final-publish.mjs)	-	-	C0RC_REAL_STACK	YES	evidence/final-rc-bc5c47f292d0/final-publish.json#PERM-unp-EDITOR	953d17e53d05ba939f79d8fa03763fef9cd580da	NA	edf32dfe187a25ee159339c22be2ff4c1c093df4	stack c0rc	final-publish.json (final RC QA, product bc5c47f292d0)	12
FIN-J07-PERM-pub-foreign	JOURNEY_07_PUBLISH	UNRATED	PASS	REAL_BACKEND_E2E	bc5c47f292d00846c106669b09679a6fc36daef6	2026-10-10	NODE_SCRIPT(final-publish.mjs)	-	-	C0RC_REAL_STACK	YES	evidence/final-rc-bc5c47f292d0/final-publish.json#PERM-pub-foreign	953d17e53d05ba939f79d8fa03763fef9cd580da	NA	edf32dfe187a25ee159339c22be2ff4c1c093df4	stack c0rc	final-publish.json (final RC QA, product bc5c47f292d0)	12
FIN-J07-PERM-cfg-foreign	JOURNEY_07_PUBLISH	UNRATED	PASS	REAL_BACKEND_E2E	bc5c47f292d00846c106669b09679a6fc36daef6	2026-10-10	NODE_SCRIPT(final-publish.mjs)	-	-	C0RC_REAL_STACK	YES	evidence/final-rc-bc5c47f292d0/final-publish.json#PERM-cfg-foreign	953d17e53d05ba939f79d8fa03763fef9cd580da	NA	edf32dfe187a25ee159339c22be2ff4c1c093df4	stack c0rc	final-publish.json (final RC QA, product bc5c47f292d0)	12
FIN-J07-PERM-rb-foreign	JOURNEY_07_PUBLISH	UNRATED	PASS	REAL_BACKEND_E2E	bc5c47f292d00846c106669b09679a6fc36daef6	2026-10-10	NODE_SCRIPT(final-publish.mjs)	-	-	C0RC_REAL_STACK	YES	evidence/final-rc-bc5c47f292d0/final-publish.json#PERM-rb-foreign	953d17e53d05ba939f79d8fa03763fef9cd580da	NA	edf32dfe187a25ee159339c22be2ff4c1c093df4	stack c0rc	final-publish.json (final RC QA, product bc5c47f292d0)	12
FIN-J07-PERM-unp-foreign	JOURNEY_07_PUBLISH	UNRATED	PASS	REAL_BACKEND_E2E	bc5c47f292d00846c106669b09679a6fc36daef6	2026-10-10	NODE_SCRIPT(final-publish.mjs)	-	-	C0RC_REAL_STACK	YES	evidence/final-rc-bc5c47f292d0/final-publish.json#PERM-unp-foreign	953d17e53d05ba939f79d8fa03763fef9cd580da	NA	edf32dfe187a25ee159339c22be2ff4c1c093df4	stack c0rc	final-publish.json (final RC QA, product bc5c47f292d0)	12
FIN-J07-PERM-site-foreign	JOURNEY_07_PUBLISH	UNRATED	PASS	REAL_BACKEND_E2E	bc5c47f292d00846c106669b09679a6fc36daef6	2026-10-10	NODE_SCRIPT(final-publish.mjs)	-	-	C0RC_REAL_STACK	YES	evidence/final-rc-bc5c47f292d0/final-publish.json#PERM-site-foreign	953d17e53d05ba939f79d8fa03763fef9cd580da	NA	edf32dfe187a25ee159339c22be2ff4c1c093df4	stack c0rc	final-publish.json (final RC QA, product bc5c47f292d0)	12
FIN-J07-PERM-pub-anon	JOURNEY_07_PUBLISH	UNRATED	PASS	REAL_BACKEND_E2E	bc5c47f292d00846c106669b09679a6fc36daef6	2026-10-10	NODE_SCRIPT(final-publish.mjs)	-	-	C0RC_REAL_STACK	YES	evidence/final-rc-bc5c47f292d0/final-publish.json#PERM-pub-anon	953d17e53d05ba939f79d8fa03763fef9cd580da	NA	edf32dfe187a25ee159339c22be2ff4c1c093df4	stack c0rc	final-publish.json (final RC QA, product bc5c47f292d0)	12
FIN-J07-PERM-cfg-anon	JOURNEY_07_PUBLISH	UNRATED	PASS	REAL_BACKEND_E2E	bc5c47f292d00846c106669b09679a6fc36daef6	2026-10-10	NODE_SCRIPT(final-publish.mjs)	-	-	C0RC_REAL_STACK	YES	evidence/final-rc-bc5c47f292d0/final-publish.json#PERM-cfg-anon	953d17e53d05ba939f79d8fa03763fef9cd580da	NA	edf32dfe187a25ee159339c22be2ff4c1c093df4	stack c0rc	final-publish.json (final RC QA, product bc5c47f292d0)	12
FIN-J07-PERM-count	JOURNEY_07_PUBLISH	UNRATED	PASS	REAL_BACKEND_E2E	bc5c47f292d00846c106669b09679a6fc36daef6	2026-10-10	NODE_SCRIPT(final-publish.mjs)	-	-	C0RC_REAL_STACK	YES	evidence/final-rc-bc5c47f292d0/final-publish.json#PERM-count	953d17e53d05ba939f79d8fa03763fef9cd580da	NA	edf32dfe187a25ee159339c22be2ff4c1c093df4	stack c0rc	final-publish.json (final RC QA, product bc5c47f292d0)	12
FIN-J07-PUB-shape-nokey	JOURNEY_07_PUBLISH	UNRATED	PASS	REAL_BACKEND_E2E	bc5c47f292d00846c106669b09679a6fc36daef6	2026-10-10	NODE_SCRIPT(final-publish.mjs)	-	-	C0RC_REAL_STACK	YES	evidence/final-rc-bc5c47f292d0/final-publish.json#PUB-shape-nokey	953d17e53d05ba939f79d8fa03763fef9cd580da	NA	edf32dfe187a25ee159339c22be2ff4c1c093df4	stack c0rc	final-publish.json (final RC QA, product bc5c47f292d0)	12
FIN-J07-PUB-shape-badkey	JOURNEY_07_PUBLISH	UNRATED	PASS	REAL_BACKEND_E2E	bc5c47f292d00846c106669b09679a6fc36daef6	2026-10-10	NODE_SCRIPT(final-publish.mjs)	-	-	C0RC_REAL_STACK	YES	evidence/final-rc-bc5c47f292d0/final-publish.json#PUB-shape-badkey	953d17e53d05ba939f79d8fa03763fef9cd580da	NA	edf32dfe187a25ee159339c22be2ff4c1c093df4	stack c0rc	final-publish.json (final RC QA, product bc5c47f292d0)	12
FIN-J07-PUB-shape-vis	JOURNEY_07_PUBLISH	UNRATED	PASS	REAL_BACKEND_E2E	bc5c47f292d00846c106669b09679a6fc36daef6	2026-10-10	NODE_SCRIPT(final-publish.mjs)	-	-	C0RC_REAL_STACK	YES	evidence/final-rc-bc5c47f292d0/final-publish.json#PUB-shape-vis	953d17e53d05ba939f79d8fa03763fef9cd580da	NA	edf32dfe187a25ee159339c22be2ff4c1c093df4	stack c0rc	final-publish.json (final RC QA, product bc5c47f292d0)	12
FIN-J07-PUB-shape-norev	JOURNEY_07_PUBLISH	UNRATED	PASS	REAL_BACKEND_E2E	bc5c47f292d00846c106669b09679a6fc36daef6	2026-10-10	NODE_SCRIPT(final-publish.mjs)	-	-	C0RC_REAL_STACK	YES	evidence/final-rc-bc5c47f292d0/final-publish.json#PUB-shape-norev	953d17e53d05ba939f79d8fa03763fef9cd580da	NA	edf32dfe187a25ee159339c22be2ff4c1c093df4	stack c0rc	final-publish.json (final RC QA, product bc5c47f292d0)	12
FIN-J07-J07-stale	JOURNEY_07_PUBLISH	UNRATED	PASS	REAL_BACKEND_E2E	bc5c47f292d00846c106669b09679a6fc36daef6	2026-10-10	NODE_SCRIPT(final-publish.mjs)	-	-	C0RC_REAL_STACK	YES	evidence/final-rc-bc5c47f292d0/final-publish.json#J07-stale	953d17e53d05ba939f79d8fa03763fef9cd580da	NA	edf32dfe187a25ee159339c22be2ff4c1c093df4	stack c0rc	final-publish.json (final RC QA, product bc5c47f292d0)	12
FIN-J07-J07-03	JOURNEY_07_PUBLISH	UNRATED	PASS	REAL_BACKEND_E2E	bc5c47f292d00846c106669b09679a6fc36daef6	2026-10-10	NODE_SCRIPT(final-publish.mjs)	-	-	C0RC_REAL_STACK	YES	evidence/final-rc-bc5c47f292d0/final-publish.json#J07-03	953d17e53d05ba939f79d8fa03763fef9cd580da	NA	edf32dfe187a25ee159339c22be2ff4c1c093df4	stack c0rc	final-publish.json (final RC QA, product bc5c47f292d0)	12
FIN-J07-J07-04	JOURNEY_07_PUBLISH	UNRATED	PASS	REAL_BACKEND_E2E	bc5c47f292d00846c106669b09679a6fc36daef6	2026-10-10	NODE_SCRIPT(final-publish.mjs)	-	-	C0RC_REAL_STACK	YES	evidence/final-rc-bc5c47f292d0/final-publish.json#J07-04	953d17e53d05ba939f79d8fa03763fef9cd580da	NA	edf32dfe187a25ee159339c22be2ff4c1c093df4	stack c0rc	final-publish.json (final RC QA, product bc5c47f292d0)	12
FIN-J07-J07-05	JOURNEY_07_PUBLISH	UNRATED	PASS	REAL_BACKEND_E2E	bc5c47f292d00846c106669b09679a6fc36daef6	2026-10-10	NODE_SCRIPT(final-publish.mjs)	-	-	C0RC_REAL_STACK	YES	evidence/final-rc-bc5c47f292d0/final-publish.json#J07-05	953d17e53d05ba939f79d8fa03763fef9cd580da	NA	edf32dfe187a25ee159339c22be2ff4c1c093df4	stack c0rc	final-publish.json (final RC QA, product bc5c47f292d0)	12
FIN-J07-J07-06	JOURNEY_07_PUBLISH	UNRATED	PASS	REAL_BACKEND_E2E	bc5c47f292d00846c106669b09679a6fc36daef6	2026-10-10	NODE_SCRIPT(final-publish.mjs)	-	-	C0RC_REAL_STACK	YES	evidence/final-rc-bc5c47f292d0/final-publish.json#J07-06	953d17e53d05ba939f79d8fa03763fef9cd580da	NA	edf32dfe187a25ee159339c22be2ff4c1c093df4	stack c0rc	final-publish.json (final RC QA, product bc5c47f292d0)	12
FIN-J07-J07-07	JOURNEY_07_PUBLISH	UNRATED	PASS	REAL_BACKEND_E2E	bc5c47f292d00846c106669b09679a6fc36daef6	2026-10-10	NODE_SCRIPT(final-publish.mjs)	-	-	C0RC_REAL_STACK	YES	evidence/final-rc-bc5c47f292d0/final-publish.json#J07-07	953d17e53d05ba939f79d8fa03763fef9cd580da	NA	edf32dfe187a25ee159339c22be2ff4c1c093df4	stack c0rc	final-publish.json (final RC QA, product bc5c47f292d0)	12
FIN-J07-J07-08	JOURNEY_07_PUBLISH	UNRATED	PASS	REAL_BACKEND_E2E	bc5c47f292d00846c106669b09679a6fc36daef6	2026-10-10	NODE_SCRIPT(final-publish.mjs)	-	-	C0RC_REAL_STACK	YES	evidence/final-rc-bc5c47f292d0/final-publish.json#J07-08	953d17e53d05ba939f79d8fa03763fef9cd580da	NA	edf32dfe187a25ee159339c22be2ff4c1c093df4	stack c0rc	final-publish.json (final RC QA, product bc5c47f292d0)	12
FIN-J07-J07-09	JOURNEY_07_PUBLISH	UNRATED	PASS	REAL_BACKEND_E2E	bc5c47f292d00846c106669b09679a6fc36daef6	2026-10-10	NODE_SCRIPT(final-publish.mjs)	-	-	C0RC_REAL_STACK	YES	evidence/final-rc-bc5c47f292d0/final-publish.json#J07-09	953d17e53d05ba939f79d8fa03763fef9cd580da	NA	edf32dfe187a25ee159339c22be2ff4c1c093df4	stack c0rc	final-publish.json (final RC QA, product bc5c47f292d0)	12
FIN-J07-J07-10	JOURNEY_07_PUBLISH	UNRATED	PASS	REAL_BACKEND_E2E	bc5c47f292d00846c106669b09679a6fc36daef6	2026-10-10	NODE_SCRIPT(final-publish.mjs)	-	-	C0RC_REAL_STACK	YES	evidence/final-rc-bc5c47f292d0/final-publish.json#J07-10	953d17e53d05ba939f79d8fa03763fef9cd580da	NA	edf32dfe187a25ee159339c22be2ff4c1c093df4	stack c0rc	final-publish.json (final RC QA, product bc5c47f292d0)	12
FIN-J07-J07-11	JOURNEY_07_PUBLISH	UNRATED	PASS	REAL_BACKEND_E2E	bc5c47f292d00846c106669b09679a6fc36daef6	2026-10-10	NODE_SCRIPT(final-publish.mjs)	-	-	C0RC_REAL_STACK	YES	evidence/final-rc-bc5c47f292d0/final-publish.json#J07-11	953d17e53d05ba939f79d8fa03763fef9cd580da	NA	edf32dfe187a25ee159339c22be2ff4c1c093df4	stack c0rc	final-publish.json (final RC QA, product bc5c47f292d0)	12
FIN-J07-J07-12	JOURNEY_07_PUBLISH	UNRATED	PASS	REAL_BACKEND_E2E	bc5c47f292d00846c106669b09679a6fc36daef6	2026-10-10	NODE_SCRIPT(final-publish.mjs)	-	-	C0RC_REAL_STACK	YES	evidence/final-rc-bc5c47f292d0/final-publish.json#J07-12	953d17e53d05ba939f79d8fa03763fef9cd580da	NA	edf32dfe187a25ee159339c22be2ff4c1c093df4	stack c0rc	final-publish.json (final RC QA, product bc5c47f292d0)	12
FIN-J07-J07-13	JOURNEY_07_PUBLISH	UNRATED	PASS	REAL_BACKEND_E2E	bc5c47f292d00846c106669b09679a6fc36daef6	2026-10-10	NODE_SCRIPT(final-publish.mjs)	-	-	C0RC_REAL_STACK	YES	evidence/final-rc-bc5c47f292d0/final-publish.json#J07-13	953d17e53d05ba939f79d8fa03763fef9cd580da	NA	edf32dfe187a25ee159339c22be2ff4c1c093df4	stack c0rc	final-publish.json (final RC QA, product bc5c47f292d0)	12
FIN-J07-J07-14	JOURNEY_07_PUBLISH	UNRATED	PASS	REAL_BACKEND_E2E	bc5c47f292d00846c106669b09679a6fc36daef6	2026-10-10	NODE_SCRIPT(final-publish.mjs)	-	-	C0RC_REAL_STACK	YES	evidence/final-rc-bc5c47f292d0/final-publish.json#J07-14	953d17e53d05ba939f79d8fa03763fef9cd580da	NA	edf32dfe187a25ee159339c22be2ff4c1c093df4	stack c0rc	final-publish.json (final RC QA, product bc5c47f292d0)	12
FIN-J07-J07-15	JOURNEY_07_PUBLISH	UNRATED	PASS	REAL_BACKEND_E2E	bc5c47f292d00846c106669b09679a6fc36daef6	2026-10-10	NODE_SCRIPT(final-publish.mjs)	-	-	C0RC_REAL_STACK	YES	evidence/final-rc-bc5c47f292d0/final-publish.json#J07-15	953d17e53d05ba939f79d8fa03763fef9cd580da	NA	edf32dfe187a25ee159339c22be2ff4c1c093df4	stack c0rc	final-publish.json (final RC QA, product bc5c47f292d0)	12
FIN-J07-J07-16	JOURNEY_07_PUBLISH	UNRATED	PASS	REAL_BACKEND_E2E	bc5c47f292d00846c106669b09679a6fc36daef6	2026-10-10	NODE_SCRIPT(final-publish.mjs)	-	-	C0RC_REAL_STACK	YES	evidence/final-rc-bc5c47f292d0/final-publish.json#J07-16	953d17e53d05ba939f79d8fa03763fef9cd580da	NA	edf32dfe187a25ee159339c22be2ff4c1c093df4	stack c0rc	final-publish.json (final RC QA, product bc5c47f292d0)	12
FIN-J07-J07-17	JOURNEY_07_PUBLISH	UNRATED	PASS	REAL_BACKEND_E2E	bc5c47f292d00846c106669b09679a6fc36daef6	2026-10-10	NODE_SCRIPT(final-publish.mjs)	-	-	C0RC_REAL_STACK	YES	evidence/final-rc-bc5c47f292d0/final-publish.json#J07-17	953d17e53d05ba939f79d8fa03763fef9cd580da	NA	edf32dfe187a25ee159339c22be2ff4c1c093df4	stack c0rc	final-publish.json (final RC QA, product bc5c47f292d0)	12
FIN-J07-J07-18	JOURNEY_07_PUBLISH	UNRATED	PASS	REAL_BACKEND_E2E	bc5c47f292d00846c106669b09679a6fc36daef6	2026-10-10	NODE_SCRIPT(final-publish.mjs)	-	-	C0RC_REAL_STACK	YES	evidence/final-rc-bc5c47f292d0/final-publish.json#J07-18	953d17e53d05ba939f79d8fa03763fef9cd580da	NA	edf32dfe187a25ee159339c22be2ff4c1c093df4	stack c0rc	final-publish.json (final RC QA, product bc5c47f292d0)	12
FIN-J07-J07-19	JOURNEY_07_PUBLISH	UNRATED	PASS	REAL_BACKEND_E2E	bc5c47f292d00846c106669b09679a6fc36daef6	2026-10-10	NODE_SCRIPT(final-publish.mjs)	-	-	C0RC_REAL_STACK	YES	evidence/final-rc-bc5c47f292d0/final-publish.json#J07-19	953d17e53d05ba939f79d8fa03763fef9cd580da	NA	edf32dfe187a25ee159339c22be2ff4c1c093df4	stack c0rc	final-publish.json (final RC QA, product bc5c47f292d0)	12
FIN-J07-J07-20	JOURNEY_07_PUBLISH	UNRATED	PASS	REAL_BACKEND_E2E	bc5c47f292d00846c106669b09679a6fc36daef6	2026-10-10	NODE_SCRIPT(final-publish.mjs)	-	-	C0RC_REAL_STACK	YES	evidence/final-rc-bc5c47f292d0/final-publish.json#J07-20	953d17e53d05ba939f79d8fa03763fef9cd580da	NA	edf32dfe187a25ee159339c22be2ff4c1c093df4	stack c0rc	final-publish.json (final RC QA, product bc5c47f292d0)	12
FIN-J07-H07-01	JOURNEY_07_PUBLISH	UNRATED	FAIL	REAL_BACKEND_E2E	bc5c47f292d00846c106669b09679a6fc36daef6	2026-10-10	NODE_SCRIPT(final-publish.mjs)	C2	-	C0RC_REAL_STACK	YES	evidence/final-rc-bc5c47f292d0/final-publish.json#H07-01	953d17e53d05ba939f79d8fa03763fef9cd580da	NA	edf32dfe187a25ee159339c22be2ff4c1c093df4	stack c0rc	final-publish.json (final RC QA, product bc5c47f292d0)	12
FIN-J07-H07-02	JOURNEY_07_PUBLISH	UNRATED	PASS	REAL_BACKEND_E2E	bc5c47f292d00846c106669b09679a6fc36daef6	2026-10-10	NODE_SCRIPT(final-publish.mjs)	-	-	C0RC_REAL_STACK	YES	evidence/final-rc-bc5c47f292d0/final-publish.json#H07-02	953d17e53d05ba939f79d8fa03763fef9cd580da	NA	edf32dfe187a25ee159339c22be2ff4c1c093df4	stack c0rc	final-publish.json (final RC QA, product bc5c47f292d0)	12
FIN-J07-H07-03	JOURNEY_07_PUBLISH	UNRATED	PASS	REAL_BACKEND_E2E	bc5c47f292d00846c106669b09679a6fc36daef6	2026-10-10	NODE_SCRIPT(final-publish.mjs)	-	-	C0RC_REAL_STACK	YES	evidence/final-rc-bc5c47f292d0/final-publish.json#H07-03	953d17e53d05ba939f79d8fa03763fef9cd580da	NA	edf32dfe187a25ee159339c22be2ff4c1c093df4	stack c0rc	final-publish.json (final RC QA, product bc5c47f292d0)	12
FIN-J07-H07-04	JOURNEY_07_PUBLISH	UNRATED	PASS	REAL_BACKEND_E2E	bc5c47f292d00846c106669b09679a6fc36daef6	2026-10-10	NODE_SCRIPT(final-publish.mjs)	-	-	C0RC_REAL_STACK	YES	evidence/final-rc-bc5c47f292d0/final-publish.json#H07-04	953d17e53d05ba939f79d8fa03763fef9cd580da	NA	edf32dfe187a25ee159339c22be2ff4c1c093df4	stack c0rc	final-publish.json (final RC QA, product bc5c47f292d0)	12
FIN-J07-H07-05	JOURNEY_07_PUBLISH	UNRATED	PASS	REAL_BACKEND_E2E	bc5c47f292d00846c106669b09679a6fc36daef6	2026-10-10	NODE_SCRIPT(final-publish.mjs)	-	-	C0RC_REAL_STACK	YES	evidence/final-rc-bc5c47f292d0/final-publish.json#H07-05	953d17e53d05ba939f79d8fa03763fef9cd580da	NA	edf32dfe187a25ee159339c22be2ff4c1c093df4	stack c0rc	final-publish.json (final RC QA, product bc5c47f292d0)	12
FIN-J07-H07-06	JOURNEY_07_PUBLISH	UNRATED	PASS	REAL_BACKEND_E2E	bc5c47f292d00846c106669b09679a6fc36daef6	2026-10-10	NODE_SCRIPT(final-publish.mjs)	-	-	C0RC_REAL_STACK	YES	evidence/final-rc-bc5c47f292d0/final-publish.json#H07-06	953d17e53d05ba939f79d8fa03763fef9cd580da	NA	edf32dfe187a25ee159339c22be2ff4c1c093df4	stack c0rc	final-publish.json (final RC QA, product bc5c47f292d0)	12
FIN-J07-H07-07	JOURNEY_07_PUBLISH	UNRATED	PASS	REAL_BACKEND_E2E	bc5c47f292d00846c106669b09679a6fc36daef6	2026-10-10	NODE_SCRIPT(final-publish.mjs)	-	-	C0RC_REAL_STACK	YES	evidence/final-rc-bc5c47f292d0/final-publish.json#H07-07	953d17e53d05ba939f79d8fa03763fef9cd580da	NA	edf32dfe187a25ee159339c22be2ff4c1c093df4	stack c0rc	final-publish.json (final RC QA, product bc5c47f292d0)	12
FIN-J07-H07-08	JOURNEY_07_PUBLISH	UNRATED	PASS	REAL_BACKEND_E2E	bc5c47f292d00846c106669b09679a6fc36daef6	2026-10-10	NODE_SCRIPT(final-publish.mjs)	-	-	C0RC_REAL_STACK	YES	evidence/final-rc-bc5c47f292d0/final-publish.json#H07-08	953d17e53d05ba939f79d8fa03763fef9cd580da	NA	edf32dfe187a25ee159339c22be2ff4c1c093df4	stack c0rc	final-publish.json (final RC QA, product bc5c47f292d0)	12
FIN-J07-H07-09	JOURNEY_07_PUBLISH	UNRATED	PASS	REAL_BACKEND_E2E	bc5c47f292d00846c106669b09679a6fc36daef6	2026-10-10	NODE_SCRIPT(final-publish.mjs)	-	-	C0RC_REAL_STACK	YES	evidence/final-rc-bc5c47f292d0/final-publish.json#H07-09	953d17e53d05ba939f79d8fa03763fef9cd580da	NA	edf32dfe187a25ee159339c22be2ff4c1c093df4	stack c0rc	final-publish.json (final RC QA, product bc5c47f292d0)	12
FIN-J07-H07-10	JOURNEY_07_PUBLISH	UNRATED	PASS	REAL_BACKEND_E2E	bc5c47f292d00846c106669b09679a6fc36daef6	2026-10-10	NODE_SCRIPT(final-publish.mjs)	-	-	C0RC_REAL_STACK	YES	evidence/final-rc-bc5c47f292d0/final-publish.json#H07-10	953d17e53d05ba939f79d8fa03763fef9cd580da	NA	edf32dfe187a25ee159339c22be2ff4c1c093df4	stack c0rc	final-publish.json (final RC QA, product bc5c47f292d0)	12
FIN-J07-H07-11	JOURNEY_07_PUBLISH	UNRATED	PASS	REAL_BACKEND_E2E	bc5c47f292d00846c106669b09679a6fc36daef6	2026-10-10	NODE_SCRIPT(final-publish.mjs)	-	-	C0RC_REAL_STACK	YES	evidence/final-rc-bc5c47f292d0/final-publish.json#H07-11	953d17e53d05ba939f79d8fa03763fef9cd580da	NA	edf32dfe187a25ee159339c22be2ff4c1c093df4	stack c0rc	final-publish.json (final RC QA, product bc5c47f292d0)	12
FIN-J07-H07-12-0	JOURNEY_07_PUBLISH	UNRATED	PASS	REAL_BACKEND_E2E	bc5c47f292d00846c106669b09679a6fc36daef6	2026-10-10	NODE_SCRIPT(final-publish.mjs)	-	-	C0RC_REAL_STACK	YES	evidence/final-rc-bc5c47f292d0/final-publish.json#H07-12-0	953d17e53d05ba939f79d8fa03763fef9cd580da	NA	edf32dfe187a25ee159339c22be2ff4c1c093df4	stack c0rc	final-publish.json (final RC QA, product bc5c47f292d0)	12
FIN-J07-H07-12-1	JOURNEY_07_PUBLISH	UNRATED	PASS	REAL_BACKEND_E2E	bc5c47f292d00846c106669b09679a6fc36daef6	2026-10-10	NODE_SCRIPT(final-publish.mjs)	-	-	C0RC_REAL_STACK	YES	evidence/final-rc-bc5c47f292d0/final-publish.json#H07-12-1	953d17e53d05ba939f79d8fa03763fef9cd580da	NA	edf32dfe187a25ee159339c22be2ff4c1c093df4	stack c0rc	final-publish.json (final RC QA, product bc5c47f292d0)	12
FIN-J07-H07-12-2	JOURNEY_07_PUBLISH	UNRATED	PASS	REAL_BACKEND_E2E	bc5c47f292d00846c106669b09679a6fc36daef6	2026-10-10	NODE_SCRIPT(final-publish.mjs)	-	-	C0RC_REAL_STACK	YES	evidence/final-rc-bc5c47f292d0/final-publish.json#H07-12-2	953d17e53d05ba939f79d8fa03763fef9cd580da	NA	edf32dfe187a25ee159339c22be2ff4c1c093df4	stack c0rc	final-publish.json (final RC QA, product bc5c47f292d0)	12
FIN-J07-H07-13	JOURNEY_07_PUBLISH	UNRATED	PASS	REAL_BACKEND_E2E	bc5c47f292d00846c106669b09679a6fc36daef6	2026-10-10	NODE_SCRIPT(final-publish.mjs)	-	-	C0RC_REAL_STACK	YES	evidence/final-rc-bc5c47f292d0/final-publish.json#H07-13	953d17e53d05ba939f79d8fa03763fef9cd580da	NA	edf32dfe187a25ee159339c22be2ff4c1c093df4	stack c0rc	final-publish.json (final RC QA, product bc5c47f292d0)	12
FIN-J07-H07-14	JOURNEY_07_PUBLISH	UNRATED	PASS	REAL_BACKEND_E2E	bc5c47f292d00846c106669b09679a6fc36daef6	2026-10-10	NODE_SCRIPT(final-publish.mjs)	-	-	C0RC_REAL_STACK	YES	evidence/final-rc-bc5c47f292d0/final-publish.json#H07-14	953d17e53d05ba939f79d8fa03763fef9cd580da	NA	edf32dfe187a25ee159339c22be2ff4c1c093df4	stack c0rc	final-publish.json (final RC QA, product bc5c47f292d0)	12
FIN-J07-H07-15	JOURNEY_07_PUBLISH	UNRATED	PASS	REAL_BACKEND_E2E	bc5c47f292d00846c106669b09679a6fc36daef6	2026-10-10	NODE_SCRIPT(final-publish.mjs)	-	-	C0RC_REAL_STACK	YES	evidence/final-rc-bc5c47f292d0/final-publish.json#H07-15	953d17e53d05ba939f79d8fa03763fef9cd580da	NA	edf32dfe187a25ee159339c22be2ff4c1c093df4	stack c0rc	final-publish.json (final RC QA, product bc5c47f292d0)	12
FIN-J07-H07-16	JOURNEY_07_PUBLISH	UNRATED	PASS	REAL_BACKEND_E2E	bc5c47f292d00846c106669b09679a6fc36daef6	2026-10-10	NODE_SCRIPT(final-publish.mjs)	-	-	C0RC_REAL_STACK	YES	evidence/final-rc-bc5c47f292d0/final-publish.json#H07-16	953d17e53d05ba939f79d8fa03763fef9cd580da	NA	edf32dfe187a25ee159339c22be2ff4c1c093df4	stack c0rc	final-publish.json (final RC QA, product bc5c47f292d0)	12
FIN-J07-H07-17	JOURNEY_07_PUBLISH	UNRATED	PASS	REAL_BACKEND_E2E	bc5c47f292d00846c106669b09679a6fc36daef6	2026-10-10	NODE_SCRIPT(final-publish.mjs)	-	-	C0RC_REAL_STACK	YES	evidence/final-rc-bc5c47f292d0/final-publish.json#H07-17	953d17e53d05ba939f79d8fa03763fef9cd580da	NA	edf32dfe187a25ee159339c22be2ff4c1c093df4	stack c0rc	final-publish.json (final RC QA, product bc5c47f292d0)	12
FIN-J07-H07-18	JOURNEY_07_PUBLISH	UNRATED	PASS	REAL_BACKEND_E2E	bc5c47f292d00846c106669b09679a6fc36daef6	2026-10-10	NODE_SCRIPT(final-publish.mjs)	-	-	C0RC_REAL_STACK	YES	evidence/final-rc-bc5c47f292d0/final-publish.json#H07-18	953d17e53d05ba939f79d8fa03763fef9cd580da	NA	edf32dfe187a25ee159339c22be2ff4c1c093df4	stack c0rc	final-publish.json (final RC QA, product bc5c47f292d0)	12
FIN-J07-H07-19	JOURNEY_07_PUBLISH	UNRATED	PASS	REAL_BACKEND_E2E	bc5c47f292d00846c106669b09679a6fc36daef6	2026-10-10	NODE_SCRIPT(final-publish.mjs)	-	-	C0RC_REAL_STACK	YES	evidence/final-rc-bc5c47f292d0/final-publish.json#H07-19	953d17e53d05ba939f79d8fa03763fef9cd580da	NA	edf32dfe187a25ee159339c22be2ff4c1c093df4	stack c0rc	final-publish.json (final RC QA, product bc5c47f292d0)	12
FIN-J07-H07-20	JOURNEY_07_PUBLISH	UNRATED	PASS	REAL_BACKEND_E2E	bc5c47f292d00846c106669b09679a6fc36daef6	2026-10-10	NODE_SCRIPT(final-publish.mjs)	-	-	C0RC_REAL_STACK	YES	evidence/final-rc-bc5c47f292d0/final-publish.json#H07-20	953d17e53d05ba939f79d8fa03763fef9cd580da	NA	edf32dfe187a25ee159339c22be2ff4c1c093df4	stack c0rc	final-publish.json (final RC QA, product bc5c47f292d0)	12
FIN-J07-H07-21	JOURNEY_07_PUBLISH	UNRATED	PASS	REAL_BACKEND_E2E	bc5c47f292d00846c106669b09679a6fc36daef6	2026-10-10	NODE_SCRIPT(final-publish.mjs)	-	-	C0RC_REAL_STACK	YES	evidence/final-rc-bc5c47f292d0/final-publish.json#H07-21	953d17e53d05ba939f79d8fa03763fef9cd580da	NA	edf32dfe187a25ee159339c22be2ff4c1c093df4	stack c0rc	final-publish.json (final RC QA, product bc5c47f292d0)	12
FIN-J07-J07-21b	JOURNEY_07_PUBLISH	UNRATED	PASS	REAL_BACKEND_E2E	bc5c47f292d00846c106669b09679a6fc36daef6	2026-10-10	NODE_SCRIPT(final-publish.mjs)	-	-	C0RC_REAL_STACK	YES	evidence/final-rc-bc5c47f292d0/final-publish.json#J07-21b	953d17e53d05ba939f79d8fa03763fef9cd580da	NA	edf32dfe187a25ee159339c22be2ff4c1c093df4	stack c0rc	final-publish.json (final RC QA, product bc5c47f292d0)	12
FIN-J07-J07-22	JOURNEY_07_PUBLISH	UNRATED	PASS	REAL_BACKEND_E2E	bc5c47f292d00846c106669b09679a6fc36daef6	2026-10-10	NODE_SCRIPT(final-publish.mjs)	-	-	C0RC_REAL_STACK	YES	evidence/final-rc-bc5c47f292d0/final-publish.json#J07-22	953d17e53d05ba939f79d8fa03763fef9cd580da	NA	edf32dfe187a25ee159339c22be2ff4c1c093df4	stack c0rc	final-publish.json (final RC QA, product bc5c47f292d0)	12
FIN-J07-J07-23	JOURNEY_07_PUBLISH	UNRATED	PASS	REAL_BACKEND_E2E	bc5c47f292d00846c106669b09679a6fc36daef6	2026-10-10	NODE_SCRIPT(final-publish.mjs)	-	-	C0RC_REAL_STACK	YES	evidence/final-rc-bc5c47f292d0/final-publish.json#J07-23	953d17e53d05ba939f79d8fa03763fef9cd580da	NA	edf32dfe187a25ee159339c22be2ff4c1c093df4	stack c0rc	final-publish.json (final RC QA, product bc5c47f292d0)	12
FIN-J07-J07-24	JOURNEY_07_PUBLISH	UNRATED	PASS	REAL_BACKEND_E2E	bc5c47f292d00846c106669b09679a6fc36daef6	2026-10-10	NODE_SCRIPT(final-publish.mjs)	-	-	C0RC_REAL_STACK	YES	evidence/final-rc-bc5c47f292d0/final-publish.json#J07-24	953d17e53d05ba939f79d8fa03763fef9cd580da	NA	edf32dfe187a25ee159339c22be2ff4c1c093df4	stack c0rc	final-publish.json (final RC QA, product bc5c47f292d0)	12
FIN-J07-J07-25	JOURNEY_07_PUBLISH	UNRATED	PASS	REAL_BACKEND_E2E	bc5c47f292d00846c106669b09679a6fc36daef6	2026-10-10	NODE_SCRIPT(final-publish.mjs)	-	-	C0RC_REAL_STACK	YES	evidence/final-rc-bc5c47f292d0/final-publish.json#J07-25	953d17e53d05ba939f79d8fa03763fef9cd580da	NA	edf32dfe187a25ee159339c22be2ff4c1c093df4	stack c0rc	final-publish.json (final RC QA, product bc5c47f292d0)	12
FIN-J07-J07-26	JOURNEY_07_PUBLISH	UNRATED	PASS	REAL_BACKEND_E2E	bc5c47f292d00846c106669b09679a6fc36daef6	2026-10-10	NODE_SCRIPT(final-publish.mjs)	-	-	C0RC_REAL_STACK	YES	evidence/final-rc-bc5c47f292d0/final-publish.json#J07-26	953d17e53d05ba939f79d8fa03763fef9cd580da	NA	edf32dfe187a25ee159339c22be2ff4c1c093df4	stack c0rc	final-publish.json (final RC QA, product bc5c47f292d0)	12
FIN-J07-J07-27	JOURNEY_07_PUBLISH	UNRATED	PASS	REAL_BACKEND_E2E	bc5c47f292d00846c106669b09679a6fc36daef6	2026-10-10	NODE_SCRIPT(final-publish.mjs)	-	-	C0RC_REAL_STACK	YES	evidence/final-rc-bc5c47f292d0/final-publish.json#J07-27	953d17e53d05ba939f79d8fa03763fef9cd580da	NA	edf32dfe187a25ee159339c22be2ff4c1c093df4	stack c0rc	final-publish.json (final RC QA, product bc5c47f292d0)	12
FIN-J07-J07-28	JOURNEY_07_PUBLISH	UNRATED	PASS	REAL_BACKEND_E2E	bc5c47f292d00846c106669b09679a6fc36daef6	2026-10-10	NODE_SCRIPT(final-publish.mjs)	-	-	C0RC_REAL_STACK	YES	evidence/final-rc-bc5c47f292d0/final-publish.json#J07-28	953d17e53d05ba939f79d8fa03763fef9cd580da	NA	edf32dfe187a25ee159339c22be2ff4c1c093df4	stack c0rc	final-publish.json (final RC QA, product bc5c47f292d0)	12
FIN-J07-J07-29	JOURNEY_07_PUBLISH	UNRATED	PASS	REAL_BACKEND_E2E	bc5c47f292d00846c106669b09679a6fc36daef6	2026-10-10	NODE_SCRIPT(final-publish.mjs)	-	-	C0RC_REAL_STACK	YES	evidence/final-rc-bc5c47f292d0/final-publish.json#J07-29	953d17e53d05ba939f79d8fa03763fef9cd580da	NA	edf32dfe187a25ee159339c22be2ff4c1c093df4	stack c0rc	final-publish.json (final RC QA, product bc5c47f292d0)	12
FIN-J07-J07-30	JOURNEY_07_PUBLISH	UNRATED	PASS	REAL_BACKEND_E2E	bc5c47f292d00846c106669b09679a6fc36daef6	2026-10-10	NODE_SCRIPT(final-publish.mjs)	-	-	C0RC_REAL_STACK	YES	evidence/final-rc-bc5c47f292d0/final-publish.json#J07-30	953d17e53d05ba939f79d8fa03763fef9cd580da	NA	edf32dfe187a25ee159339c22be2ff4c1c093df4	stack c0rc	final-publish.json (final RC QA, product bc5c47f292d0)	12
FIN-J07-J07-31	JOURNEY_07_PUBLISH	UNRATED	PASS	REAL_BACKEND_E2E	bc5c47f292d00846c106669b09679a6fc36daef6	2026-10-10	NODE_SCRIPT(final-publish.mjs)	-	-	C0RC_REAL_STACK	YES	evidence/final-rc-bc5c47f292d0/final-publish.json#J07-31	953d17e53d05ba939f79d8fa03763fef9cd580da	NA	edf32dfe187a25ee159339c22be2ff4c1c093df4	stack c0rc	final-publish.json (final RC QA, product bc5c47f292d0)	12
FIN-J07-J07-32	JOURNEY_07_PUBLISH	UNRATED	PASS	REAL_BACKEND_E2E	bc5c47f292d00846c106669b09679a6fc36daef6	2026-10-10	NODE_SCRIPT(final-publish.mjs)	-	-	C0RC_REAL_STACK	YES	evidence/final-rc-bc5c47f292d0/final-publish.json#J07-32	953d17e53d05ba939f79d8fa03763fef9cd580da	NA	edf32dfe187a25ee159339c22be2ff4c1c093df4	stack c0rc	final-publish.json (final RC QA, product bc5c47f292d0)	12
FIN-J07-J07-33	JOURNEY_07_PUBLISH	UNRATED	PASS	REAL_BACKEND_E2E	bc5c47f292d00846c106669b09679a6fc36daef6	2026-10-10	NODE_SCRIPT(final-publish.mjs)	-	-	C0RC_REAL_STACK	YES	evidence/final-rc-bc5c47f292d0/final-publish.json#J07-33	953d17e53d05ba939f79d8fa03763fef9cd580da	NA	edf32dfe187a25ee159339c22be2ff4c1c093df4	stack c0rc	final-publish.json (final RC QA, product bc5c47f292d0)	12
FIN-J07-J07-33b	JOURNEY_07_PUBLISH	UNRATED	FAIL	MANUAL	bc5c47f292d00846c106669b09679a6fc36daef6	2026-10-10	NODE_SCRIPT(final-publish.mjs)	C5	-	C0RC_REAL_STACK	YES	evidence/final-rc-bc5c47f292d0/final-publish.json#J07-33b	953d17e53d05ba939f79d8fa03763fef9cd580da	NA	edf32dfe187a25ee159339c22be2ff4c1c093df4	stack c0rc	final-publish.json (final RC QA, product bc5c47f292d0)	12
FIN-J07-J07-34	JOURNEY_07_PUBLISH	UNRATED	PASS	REAL_BACKEND_E2E	bc5c47f292d00846c106669b09679a6fc36daef6	2026-10-10	NODE_SCRIPT(final-publish.mjs)	-	-	C0RC_REAL_STACK	YES	evidence/final-rc-bc5c47f292d0/final-publish.json#J07-34	953d17e53d05ba939f79d8fa03763fef9cd580da	NA	edf32dfe187a25ee159339c22be2ff4c1c093df4	stack c0rc	final-publish.json (final RC QA, product bc5c47f292d0)	12
FIN-J07-J07-34b	JOURNEY_07_PUBLISH	UNRATED	PASS	REAL_BACKEND_E2E	bc5c47f292d00846c106669b09679a6fc36daef6	2026-10-10	NODE_SCRIPT(final-publish.mjs)	-	-	C0RC_REAL_STACK	YES	evidence/final-rc-bc5c47f292d0/final-publish.json#J07-34b	953d17e53d05ba939f79d8fa03763fef9cd580da	NA	edf32dfe187a25ee159339c22be2ff4c1c093df4	stack c0rc	final-publish.json (final RC QA, product bc5c47f292d0)	12
FIN-J07-J07-35	JOURNEY_07_PUBLISH	UNRATED	PASS	REAL_BACKEND_E2E	bc5c47f292d00846c106669b09679a6fc36daef6	2026-10-10	NODE_SCRIPT(final-publish.mjs)	-	-	C0RC_REAL_STACK	YES	evidence/final-rc-bc5c47f292d0/final-publish.json#J07-35	953d17e53d05ba939f79d8fa03763fef9cd580da	NA	edf32dfe187a25ee159339c22be2ff4c1c093df4	stack c0rc	final-publish.json (final RC QA, product bc5c47f292d0)	12
FIN-J07-J07-36	JOURNEY_07_PUBLISH	UNRATED	PASS	REAL_BACKEND_E2E	bc5c47f292d00846c106669b09679a6fc36daef6	2026-10-10	NODE_SCRIPT(final-publish.mjs)	-	-	C0RC_REAL_STACK	YES	evidence/final-rc-bc5c47f292d0/final-publish.json#J07-36	953d17e53d05ba939f79d8fa03763fef9cd580da	NA	edf32dfe187a25ee159339c22be2ff4c1c093df4	stack c0rc	final-publish.json (final RC QA, product bc5c47f292d0)	12
FIN-J07-J07-37	JOURNEY_07_PUBLISH	UNRATED	PASS	REAL_BACKEND_E2E	bc5c47f292d00846c106669b09679a6fc36daef6	2026-10-10	NODE_SCRIPT(final-publish.mjs)	-	-	C0RC_REAL_STACK	YES	evidence/final-rc-bc5c47f292d0/final-publish.json#J07-37	953d17e53d05ba939f79d8fa03763fef9cd580da	NA	edf32dfe187a25ee159339c22be2ff4c1c093df4	stack c0rc	final-publish.json (final RC QA, product bc5c47f292d0)	12
FIN-J07-J07-38	JOURNEY_07_PUBLISH	UNRATED	PASS	REAL_BACKEND_E2E	bc5c47f292d00846c106669b09679a6fc36daef6	2026-10-10	NODE_SCRIPT(final-publish.mjs)	-	-	C0RC_REAL_STACK	YES	evidence/final-rc-bc5c47f292d0/final-publish.json#J07-38	953d17e53d05ba939f79d8fa03763fef9cd580da	NA	edf32dfe187a25ee159339c22be2ff4c1c093df4	stack c0rc	final-publish.json (final RC QA, product bc5c47f292d0)	12
FIN-J07-J07-39	JOURNEY_07_PUBLISH	UNRATED	PASS	REAL_BACKEND_E2E	bc5c47f292d00846c106669b09679a6fc36daef6	2026-10-10	NODE_SCRIPT(final-publish.mjs)	-	-	C0RC_REAL_STACK	YES	evidence/final-rc-bc5c47f292d0/final-publish.json#J07-39	953d17e53d05ba939f79d8fa03763fef9cd580da	NA	edf32dfe187a25ee159339c22be2ff4c1c093df4	stack c0rc	final-publish.json (final RC QA, product bc5c47f292d0)	12
FIN-J07-J07-40	JOURNEY_07_PUBLISH	UNRATED	PASS	REAL_BACKEND_E2E	bc5c47f292d00846c106669b09679a6fc36daef6	2026-10-10	NODE_SCRIPT(final-publish.mjs)	-	-	C0RC_REAL_STACK	YES	evidence/final-rc-bc5c47f292d0/final-publish.json#J07-40	953d17e53d05ba939f79d8fa03763fef9cd580da	NA	edf32dfe187a25ee159339c22be2ff4c1c093df4	stack c0rc	final-publish.json (final RC QA, product bc5c47f292d0)	12
FIN-J07-J07-41	JOURNEY_07_PUBLISH	UNRATED	PASS	REAL_BACKEND_E2E	bc5c47f292d00846c106669b09679a6fc36daef6	2026-10-10	NODE_SCRIPT(final-publish.mjs)	-	-	C0RC_REAL_STACK	YES	evidence/final-rc-bc5c47f292d0/final-publish.json#J07-41	953d17e53d05ba939f79d8fa03763fef9cd580da	NA	edf32dfe187a25ee159339c22be2ff4c1c093df4	stack c0rc	final-publish.json (final RC QA, product bc5c47f292d0)	12
FIN-J07-J07-42	JOURNEY_07_PUBLISH	UNRATED	PASS	REAL_BACKEND_E2E	bc5c47f292d00846c106669b09679a6fc36daef6	2026-10-10	NODE_SCRIPT(final-publish.mjs)	-	-	C0RC_REAL_STACK	YES	evidence/final-rc-bc5c47f292d0/final-publish.json#J07-42	953d17e53d05ba939f79d8fa03763fef9cd580da	NA	edf32dfe187a25ee159339c22be2ff4c1c093df4	stack c0rc	final-publish.json (final RC QA, product bc5c47f292d0)	12
FIN-J07-J07-43	JOURNEY_07_PUBLISH	UNRATED	PASS	REAL_BACKEND_E2E	bc5c47f292d00846c106669b09679a6fc36daef6	2026-10-10	NODE_SCRIPT(final-publish.mjs)	-	-	C0RC_REAL_STACK	YES	evidence/final-rc-bc5c47f292d0/final-publish.json#J07-43	953d17e53d05ba939f79d8fa03763fef9cd580da	NA	edf32dfe187a25ee159339c22be2ff4c1c093df4	stack c0rc	final-publish.json (final RC QA, product bc5c47f292d0)	12
FIN-J07-J07-44	JOURNEY_07_PUBLISH	UNRATED	PASS	REAL_BACKEND_E2E	bc5c47f292d00846c106669b09679a6fc36daef6	2026-10-10	NODE_SCRIPT(final-publish.mjs)	-	-	C0RC_REAL_STACK	YES	evidence/final-rc-bc5c47f292d0/final-publish.json#J07-44	953d17e53d05ba939f79d8fa03763fef9cd580da	NA	edf32dfe187a25ee159339c22be2ff4c1c093df4	stack c0rc	final-publish.json (final RC QA, product bc5c47f292d0)	12
FIN-J07-GW-5xx	JOURNEY_07_PUBLISH	UNRATED	PASS	REAL_BACKEND_E2E	bc5c47f292d00846c106669b09679a6fc36daef6	2026-10-10	NODE_SCRIPT(final-publish.mjs)	-	-	C0RC_REAL_STACK	YES	evidence/final-rc-bc5c47f292d0/final-publish.json#GW-5xx	953d17e53d05ba939f79d8fa03763fef9cd580da	NA	edf32dfe187a25ee159339c22be2ff4c1c093df4	stack c0rc	final-publish.json (final RC QA, product bc5c47f292d0)	12
FIN-PD02-PD-01	PD02_PUBLIC_DATA	UNRATED	PASS	REAL_BACKEND_E2E	bc5c47f292d00846c106669b09679a6fc36daef6	2026-10-10	NODE_SCRIPT(final-pd02.mjs)+PLAYWRIGHT	-	-	C0RC_REAL_STACK	YES	evidence/final-rc-bc5c47f292d0/final-pd02.json#PD-01	953d17e53d05ba939f79d8fa03763fef9cd580da	NA	edf32dfe187a25ee159339c22be2ff4c1c093df4	stack c0rc (real rows blocked: no trust store)	final-pd02.json (final RC QA, product bc5c47f292d0)	12
FIN-PD02-PD-02	PD02_PUBLIC_DATA	UNRATED	PASS	REAL_BACKEND_E2E	bc5c47f292d00846c106669b09679a6fc36daef6	2026-10-10	NODE_SCRIPT(final-pd02.mjs)+PLAYWRIGHT	-	-	C0RC_REAL_STACK	YES	evidence/final-rc-bc5c47f292d0/final-pd02.json#PD-02	953d17e53d05ba939f79d8fa03763fef9cd580da	NA	edf32dfe187a25ee159339c22be2ff4c1c093df4	stack c0rc (real rows blocked: no trust store)	final-pd02.json (final RC QA, product bc5c47f292d0)	12
FIN-PD02-PD-03	PD02_PUBLIC_DATA	UNRATED	PASS	REAL_BACKEND_E2E	bc5c47f292d00846c106669b09679a6fc36daef6	2026-10-10	NODE_SCRIPT(final-pd02.mjs)+PLAYWRIGHT	-	-	C0RC_REAL_STACK	YES	evidence/final-rc-bc5c47f292d0/final-pd02.json#PD-03	953d17e53d05ba939f79d8fa03763fef9cd580da	NA	edf32dfe187a25ee159339c22be2ff4c1c093df4	stack c0rc (real rows blocked: no trust store)	final-pd02.json (final RC QA, product bc5c47f292d0)	12
FIN-PD02-PD-03b	PD02_PUBLIC_DATA	UNRATED	BLOCKED	REAL_BACKEND_E2E	bc5c47f292d00846c106669b09679a6fc36daef6	2026-10-10	NODE_SCRIPT(final-pd02.mjs)+PLAYWRIGHT	C0	-	C0RC_REAL_STACK	YES	evidence/final-rc-bc5c47f292d0/final-pd02.json#PD-03b	953d17e53d05ba939f79d8fa03763fef9cd580da	NA	edf32dfe187a25ee159339c22be2ff4c1c093df4	stack c0rc (real rows blocked: no trust store)	final-pd02.json (final RC QA, product bc5c47f292d0)	12
FIN-PD02-PD-04	PD02_PUBLIC_DATA	UNRATED	PASS	REAL_BACKEND_E2E	bc5c47f292d00846c106669b09679a6fc36daef6	2026-10-10	NODE_SCRIPT(final-pd02.mjs)+PLAYWRIGHT	-	-	C0RC_REAL_STACK	YES	evidence/final-rc-bc5c47f292d0/final-pd02.json#PD-04	953d17e53d05ba939f79d8fa03763fef9cd580da	NA	edf32dfe187a25ee159339c22be2ff4c1c093df4	stack c0rc (real rows blocked: no trust store)	final-pd02.json (final RC QA, product bc5c47f292d0)	12
FIN-PD02-PD-05	PD02_PUBLIC_DATA	UNRATED	PASS	REAL_BACKEND_E2E	bc5c47f292d00846c106669b09679a6fc36daef6	2026-10-10	NODE_SCRIPT(final-pd02.mjs)+PLAYWRIGHT	-	-	C0RC_REAL_STACK	YES	evidence/final-rc-bc5c47f292d0/final-pd02.json#PD-05	953d17e53d05ba939f79d8fa03763fef9cd580da	NA	edf32dfe187a25ee159339c22be2ff4c1c093df4	stack c0rc (real rows blocked: no trust store)	final-pd02.json (final RC QA, product bc5c47f292d0)	12
FIN-PD02-PD-06	PD02_PUBLIC_DATA	UNRATED	PASS	REAL_BACKEND_E2E	bc5c47f292d00846c106669b09679a6fc36daef6	2026-10-10	NODE_SCRIPT(final-pd02.mjs)+PLAYWRIGHT	-	-	C0RC_REAL_STACK	YES	evidence/final-rc-bc5c47f292d0/final-pd02.json#PD-06	953d17e53d05ba939f79d8fa03763fef9cd580da	NA	edf32dfe187a25ee159339c22be2ff4c1c093df4	stack c0rc (real rows blocked: no trust store)	final-pd02.json (final RC QA, product bc5c47f292d0)	12
FIN-PD02-PD-07	PD02_PUBLIC_DATA	UNRATED	PASS	REAL_BACKEND_E2E	bc5c47f292d00846c106669b09679a6fc36daef6	2026-10-10	NODE_SCRIPT(final-pd02.mjs)+PLAYWRIGHT	-	-	C0RC_REAL_STACK	YES	evidence/final-rc-bc5c47f292d0/final-pd02.json#PD-07	953d17e53d05ba939f79d8fa03763fef9cd580da	NA	edf32dfe187a25ee159339c22be2ff4c1c093df4	stack c0rc (real rows blocked: no trust store)	final-pd02.json (final RC QA, product bc5c47f292d0)	12
FIN-PD02-PD-08	PD02_PUBLIC_DATA	UNRATED	PASS	REAL_BACKEND_E2E	bc5c47f292d00846c106669b09679a6fc36daef6	2026-10-10	NODE_SCRIPT(final-pd02.mjs)+PLAYWRIGHT	-	-	C0RC_REAL_STACK	YES	evidence/final-rc-bc5c47f292d0/final-pd02.json#PD-08	953d17e53d05ba939f79d8fa03763fef9cd580da	NA	edf32dfe187a25ee159339c22be2ff4c1c093df4	stack c0rc (real rows blocked: no trust store)	final-pd02.json (final RC QA, product bc5c47f292d0)	12
FIN-PD02-PD-09	PD02_PUBLIC_DATA	UNRATED	PASS	REAL_BACKEND_E2E	bc5c47f292d00846c106669b09679a6fc36daef6	2026-10-10	NODE_SCRIPT(final-pd02.mjs)+PLAYWRIGHT	-	-	C0RC_REAL_STACK	YES	evidence/final-rc-bc5c47f292d0/final-pd02.json#PD-09	953d17e53d05ba939f79d8fa03763fef9cd580da	NA	edf32dfe187a25ee159339c22be2ff4c1c093df4	stack c0rc (real rows blocked: no trust store)	final-pd02.json (final RC QA, product bc5c47f292d0)	12
FIN-PD02-PD-10	PD02_PUBLIC_DATA	UNRATED	PASS	REAL_BACKEND_E2E	bc5c47f292d00846c106669b09679a6fc36daef6	2026-10-10	NODE_SCRIPT(final-pd02.mjs)+PLAYWRIGHT	-	-	C0RC_REAL_STACK	YES	evidence/final-rc-bc5c47f292d0/final-pd02.json#PD-10	953d17e53d05ba939f79d8fa03763fef9cd580da	NA	edf32dfe187a25ee159339c22be2ff4c1c093df4	stack c0rc (real rows blocked: no trust store)	final-pd02.json (final RC QA, product bc5c47f292d0)	12
FIN-PD02-PD-11	PD02_PUBLIC_DATA	UNRATED	PASS	REAL_BACKEND_E2E	bc5c47f292d00846c106669b09679a6fc36daef6	2026-10-10	NODE_SCRIPT(final-pd02.mjs)+PLAYWRIGHT	-	-	C0RC_REAL_STACK	YES	evidence/final-rc-bc5c47f292d0/final-pd02.json#PD-11	953d17e53d05ba939f79d8fa03763fef9cd580da	NA	edf32dfe187a25ee159339c22be2ff4c1c093df4	stack c0rc (real rows blocked: no trust store)	final-pd02.json (final RC QA, product bc5c47f292d0)	12
FIN-PD02-PD-12	PD02_PUBLIC_DATA	UNRATED	PASS	REAL_BACKEND_E2E	bc5c47f292d00846c106669b09679a6fc36daef6	2026-10-10	NODE_SCRIPT(final-pd02.mjs)+PLAYWRIGHT	-	-	C0RC_REAL_STACK	YES	evidence/final-rc-bc5c47f292d0/final-pd02.json#PD-12	953d17e53d05ba939f79d8fa03763fef9cd580da	NA	edf32dfe187a25ee159339c22be2ff4c1c093df4	stack c0rc (real rows blocked: no trust store)	final-pd02.json (final RC QA, product bc5c47f292d0)	12
FIN-PD02-PD-13	PD02_PUBLIC_DATA	UNRATED	PASS	REAL_BACKEND_E2E	bc5c47f292d00846c106669b09679a6fc36daef6	2026-10-10	NODE_SCRIPT(final-pd02.mjs)+PLAYWRIGHT	-	-	C0RC_REAL_STACK	YES	evidence/final-rc-bc5c47f292d0/final-pd02.json#PD-13	953d17e53d05ba939f79d8fa03763fef9cd580da	NA	edf32dfe187a25ee159339c22be2ff4c1c093df4	stack c0rc (real rows blocked: no trust store)	final-pd02.json (final RC QA, product bc5c47f292d0)	12
FIN-PD02-PD-14	PD02_PUBLIC_DATA	UNRATED	PASS	REAL_BACKEND_E2E	bc5c47f292d00846c106669b09679a6fc36daef6	2026-10-10	NODE_SCRIPT(final-pd02.mjs)+PLAYWRIGHT	-	-	C0RC_REAL_STACK	YES	evidence/final-rc-bc5c47f292d0/final-pd02.json#PD-14	953d17e53d05ba939f79d8fa03763fef9cd580da	NA	edf32dfe187a25ee159339c22be2ff4c1c093df4	stack c0rc (real rows blocked: no trust store)	final-pd02.json (final RC QA, product bc5c47f292d0)	12
FIN-PD02-PD-15	PD02_PUBLIC_DATA	UNRATED	PASS	REAL_BACKEND_E2E	bc5c47f292d00846c106669b09679a6fc36daef6	2026-10-10	NODE_SCRIPT(final-pd02.mjs)+PLAYWRIGHT	-	-	C0RC_REAL_STACK	YES	evidence/final-rc-bc5c47f292d0/final-pd02.json#PD-15	953d17e53d05ba939f79d8fa03763fef9cd580da	NA	edf32dfe187a25ee159339c22be2ff4c1c093df4	stack c0rc (real rows blocked: no trust store)	final-pd02.json (final RC QA, product bc5c47f292d0)	12
FIN-PD02-PD-16	PD02_PUBLIC_DATA	UNRATED	PASS	REAL_BACKEND_E2E	bc5c47f292d00846c106669b09679a6fc36daef6	2026-10-10	NODE_SCRIPT(final-pd02.mjs)+PLAYWRIGHT	-	-	C0RC_REAL_STACK	YES	evidence/final-rc-bc5c47f292d0/final-pd02.json#PD-16	953d17e53d05ba939f79d8fa03763fef9cd580da	NA	edf32dfe187a25ee159339c22be2ff4c1c093df4	stack c0rc (real rows blocked: no trust store)	final-pd02.json (final RC QA, product bc5c47f292d0)	12
FIN-PD02-PD-17	PD02_PUBLIC_DATA	UNRATED	PASS	REAL_BACKEND_E2E	bc5c47f292d00846c106669b09679a6fc36daef6	2026-10-10	NODE_SCRIPT(final-pd02.mjs)+PLAYWRIGHT	-	-	C0RC_REAL_STACK	YES	evidence/final-rc-bc5c47f292d0/final-pd02.json#PD-17	953d17e53d05ba939f79d8fa03763fef9cd580da	NA	edf32dfe187a25ee159339c22be2ff4c1c093df4	stack c0rc (real rows blocked: no trust store)	final-pd02.json (final RC QA, product bc5c47f292d0)	12
FIN-PD02-PD-18	PD02_PUBLIC_DATA	UNRATED	BLOCKED	REAL_BACKEND_E2E	bc5c47f292d00846c106669b09679a6fc36daef6	2026-10-10	NODE_SCRIPT(final-pd02.mjs)+PLAYWRIGHT	C0	-	C0RC_REAL_STACK	YES	evidence/final-rc-bc5c47f292d0/final-pd02.json#PD-18	953d17e53d05ba939f79d8fa03763fef9cd580da	NA	edf32dfe187a25ee159339c22be2ff4c1c093df4	stack c0rc (real rows blocked: no trust store)	final-pd02.json (final RC QA, product bc5c47f292d0)	12
FIN-PD02-PD-19	PD02_PUBLIC_DATA	UNRATED	PASS	REAL_BACKEND_E2E	bc5c47f292d00846c106669b09679a6fc36daef6	2026-10-10	NODE_SCRIPT(final-pd02.mjs)+PLAYWRIGHT	-	-	C0RC_REAL_STACK	YES	evidence/final-rc-bc5c47f292d0/final-pd02.json#PD-19	953d17e53d05ba939f79d8fa03763fef9cd580da	NA	edf32dfe187a25ee159339c22be2ff4c1c093df4	stack c0rc (real rows blocked: no trust store)	final-pd02.json (final RC QA, product bc5c47f292d0)	12
FIN-PD02-PD-20	PD02_PUBLIC_DATA	UNRATED	PASS	REAL_BACKEND_E2E	bc5c47f292d00846c106669b09679a6fc36daef6	2026-10-10	NODE_SCRIPT(final-pd02.mjs)+PLAYWRIGHT	-	-	C0RC_REAL_STACK	YES	evidence/final-rc-bc5c47f292d0/final-pd02.json#PD-20	953d17e53d05ba939f79d8fa03763fef9cd580da	NA	edf32dfe187a25ee159339c22be2ff4c1c093df4	stack c0rc (real rows blocked: no trust store)	final-pd02.json (final RC QA, product bc5c47f292d0)	12
FIN-PD02-PD-21	PD02_PUBLIC_DATA	UNRATED	PASS	REAL_BACKEND_E2E	bc5c47f292d00846c106669b09679a6fc36daef6	2026-10-10	NODE_SCRIPT(final-pd02.mjs)+PLAYWRIGHT	-	-	C0RC_REAL_STACK	YES	evidence/final-rc-bc5c47f292d0/final-pd02.json#PD-21	953d17e53d05ba939f79d8fa03763fef9cd580da	NA	edf32dfe187a25ee159339c22be2ff4c1c093df4	stack c0rc (real rows blocked: no trust store)	final-pd02.json (final RC QA, product bc5c47f292d0)	12
FIN-PD02-PD-22	PD02_PUBLIC_DATA	UNRATED	PASS	REAL_BACKEND_E2E	bc5c47f292d00846c106669b09679a6fc36daef6	2026-10-10	NODE_SCRIPT(final-pd02.mjs)+PLAYWRIGHT	-	-	C0RC_REAL_STACK	YES	evidence/final-rc-bc5c47f292d0/final-pd02.json#PD-22	953d17e53d05ba939f79d8fa03763fef9cd580da	NA	edf32dfe187a25ee159339c22be2ff4c1c093df4	stack c0rc (real rows blocked: no trust store)	final-pd02.json (final RC QA, product bc5c47f292d0)	12
FIN-PD02-PD-23	PD02_PUBLIC_DATA	UNRATED	PASS	REAL_BACKEND_E2E	bc5c47f292d00846c106669b09679a6fc36daef6	2026-10-10	NODE_SCRIPT(final-pd02.mjs)+PLAYWRIGHT	-	-	C0RC_REAL_STACK	YES	evidence/final-rc-bc5c47f292d0/final-pd02.json#PD-23	953d17e53d05ba939f79d8fa03763fef9cd580da	NA	edf32dfe187a25ee159339c22be2ff4c1c093df4	stack c0rc (real rows blocked: no trust store)	final-pd02.json (final RC QA, product bc5c47f292d0)	12
FIN-PD02-PD-24	PD02_PUBLIC_DATA	UNRATED	PASS	REAL_BACKEND_E2E	bc5c47f292d00846c106669b09679a6fc36daef6	2026-10-10	NODE_SCRIPT(final-pd02.mjs)+PLAYWRIGHT	C0	-	C0RC_REAL_STACK	YES	evidence/final-rc-bc5c47f292d0/final-pd02.json#PD-24	953d17e53d05ba939f79d8fa03763fef9cd580da	NA	edf32dfe187a25ee159339c22be2ff4c1c093df4	stack c0rc (real rows blocked: no trust store)	final-pd02.json (final RC QA, product bc5c47f292d0)	12
FIN-PD02-PD-24b	PD02_PUBLIC_DATA	UNRATED	PASS	REAL_BACKEND_E2E	bc5c47f292d00846c106669b09679a6fc36daef6	2026-10-10	NODE_SCRIPT(final-pd02.mjs)+PLAYWRIGHT	-	-	C0RC_REAL_STACK	YES	evidence/final-rc-bc5c47f292d0/final-pd02.json#PD-24b	953d17e53d05ba939f79d8fa03763fef9cd580da	NA	edf32dfe187a25ee159339c22be2ff4c1c093df4	stack c0rc (real rows blocked: no trust store)	final-pd02.json (final RC QA, product bc5c47f292d0)	12
FIN-PD02-PD-25	PD02_PUBLIC_DATA	UNRATED	PASS	REAL_BACKEND_E2E	bc5c47f292d00846c106669b09679a6fc36daef6	2026-10-10	NODE_SCRIPT(final-pd02.mjs)+PLAYWRIGHT	-	-	C0RC_REAL_STACK	YES	evidence/final-rc-bc5c47f292d0/final-pd02.json#PD-25	953d17e53d05ba939f79d8fa03763fef9cd580da	NA	edf32dfe187a25ee159339c22be2ff4c1c093df4	stack c0rc (real rows blocked: no trust store)	final-pd02.json (final RC QA, product bc5c47f292d0)	12
FIN-PD02-PD-26	PD02_PUBLIC_DATA	UNRATED	PASS	REAL_BACKEND_E2E	bc5c47f292d00846c106669b09679a6fc36daef6	2026-10-10	NODE_SCRIPT(final-pd02.mjs)+PLAYWRIGHT	-	-	C0RC_REAL_STACK	YES	evidence/final-rc-bc5c47f292d0/final-pd02.json#PD-26	953d17e53d05ba939f79d8fa03763fef9cd580da	NA	edf32dfe187a25ee159339c22be2ff4c1c093df4	stack c0rc (real rows blocked: no trust store)	final-pd02.json (final RC QA, product bc5c47f292d0)	12
FIN-PD02-PD-27a	PD02_PUBLIC_DATA	UNRATED	PASS	REAL_BACKEND_E2E	bc5c47f292d00846c106669b09679a6fc36daef6	2026-10-10	NODE_SCRIPT(final-pd02.mjs)+PLAYWRIGHT	-	-	C0RC_REAL_STACK	YES	evidence/final-rc-bc5c47f292d0/final-pd02.json#PD-27a	953d17e53d05ba939f79d8fa03763fef9cd580da	NA	edf32dfe187a25ee159339c22be2ff4c1c093df4	stack c0rc (real rows blocked: no trust store)	final-pd02.json (final RC QA, product bc5c47f292d0)	12
FIN-PD02-PD-27b	PD02_PUBLIC_DATA	UNRATED	PASS	REAL_BACKEND_E2E	bc5c47f292d00846c106669b09679a6fc36daef6	2026-10-10	NODE_SCRIPT(final-pd02.mjs)+PLAYWRIGHT	-	-	C0RC_REAL_STACK	YES	evidence/final-rc-bc5c47f292d0/final-pd02.json#PD-27b	953d17e53d05ba939f79d8fa03763fef9cd580da	NA	edf32dfe187a25ee159339c22be2ff4c1c093df4	stack c0rc (real rows blocked: no trust store)	final-pd02.json (final RC QA, product bc5c47f292d0)	12
FIN-PD02-PD-27c	PD02_PUBLIC_DATA	UNRATED	PASS	REAL_BACKEND_E2E	bc5c47f292d00846c106669b09679a6fc36daef6	2026-10-10	NODE_SCRIPT(final-pd02.mjs)+PLAYWRIGHT	-	-	C0RC_REAL_STACK	YES	evidence/final-rc-bc5c47f292d0/final-pd02.json#PD-27c	953d17e53d05ba939f79d8fa03763fef9cd580da	NA	edf32dfe187a25ee159339c22be2ff4c1c093df4	stack c0rc (real rows blocked: no trust store)	final-pd02.json (final RC QA, product bc5c47f292d0)	12
FIN-PD02-PD-27d	PD02_PUBLIC_DATA	UNRATED	PASS	REAL_BACKEND_E2E	bc5c47f292d00846c106669b09679a6fc36daef6	2026-10-10	NODE_SCRIPT(final-pd02.mjs)+PLAYWRIGHT	-	-	C0RC_REAL_STACK	YES	evidence/final-rc-bc5c47f292d0/final-pd02.json#PD-27d	953d17e53d05ba939f79d8fa03763fef9cd580da	NA	edf32dfe187a25ee159339c22be2ff4c1c093df4	stack c0rc (real rows blocked: no trust store)	final-pd02.json (final RC QA, product bc5c47f292d0)	12
FIN-PD02-PD-27e	PD02_PUBLIC_DATA	UNRATED	PASS	REAL_BACKEND_E2E	bc5c47f292d00846c106669b09679a6fc36daef6	2026-10-10	NODE_SCRIPT(final-pd02.mjs)+PLAYWRIGHT	-	-	C0RC_REAL_STACK	YES	evidence/final-rc-bc5c47f292d0/final-pd02.json#PD-27e	953d17e53d05ba939f79d8fa03763fef9cd580da	NA	edf32dfe187a25ee159339c22be2ff4c1c093df4	stack c0rc (real rows blocked: no trust store)	final-pd02.json (final RC QA, product bc5c47f292d0)	12
FIN-PD02-PD-27f	PD02_PUBLIC_DATA	UNRATED	PASS	REAL_BACKEND_E2E	bc5c47f292d00846c106669b09679a6fc36daef6	2026-10-10	NODE_SCRIPT(final-pd02.mjs)+PLAYWRIGHT	-	-	C0RC_REAL_STACK	YES	evidence/final-rc-bc5c47f292d0/final-pd02.json#PD-27f	953d17e53d05ba939f79d8fa03763fef9cd580da	NA	edf32dfe187a25ee159339c22be2ff4c1c093df4	stack c0rc (real rows blocked: no trust store)	final-pd02.json (final RC QA, product bc5c47f292d0)	12
FIN-PD02-PD-27g	PD02_PUBLIC_DATA	UNRATED	PASS	REAL_BACKEND_E2E	bc5c47f292d00846c106669b09679a6fc36daef6	2026-10-10	NODE_SCRIPT(final-pd02.mjs)+PLAYWRIGHT	-	-	C0RC_REAL_STACK	YES	evidence/final-rc-bc5c47f292d0/final-pd02.json#PD-27g	953d17e53d05ba939f79d8fa03763fef9cd580da	NA	edf32dfe187a25ee159339c22be2ff4c1c093df4	stack c0rc (real rows blocked: no trust store)	final-pd02.json (final RC QA, product bc5c47f292d0)	12
FIN-PD02-PD-27h	PD02_PUBLIC_DATA	UNRATED	PASS	REAL_BACKEND_E2E	bc5c47f292d00846c106669b09679a6fc36daef6	2026-10-10	NODE_SCRIPT(final-pd02.mjs)+PLAYWRIGHT	-	-	C0RC_REAL_STACK	YES	evidence/final-rc-bc5c47f292d0/final-pd02.json#PD-27h	953d17e53d05ba939f79d8fa03763fef9cd580da	NA	edf32dfe187a25ee159339c22be2ff4c1c093df4	stack c0rc (real rows blocked: no trust store)	final-pd02.json (final RC QA, product bc5c47f292d0)	12
FIN-PD02-PD-27i	PD02_PUBLIC_DATA	UNRATED	PASS	REAL_BACKEND_E2E	bc5c47f292d00846c106669b09679a6fc36daef6	2026-10-10	NODE_SCRIPT(final-pd02.mjs)+PLAYWRIGHT	-	-	C0RC_REAL_STACK	YES	evidence/final-rc-bc5c47f292d0/final-pd02.json#PD-27i	953d17e53d05ba939f79d8fa03763fef9cd580da	NA	edf32dfe187a25ee159339c22be2ff4c1c093df4	stack c0rc (real rows blocked: no trust store)	final-pd02.json (final RC QA, product bc5c47f292d0)	12
FIN-PD02-PD-27j	PD02_PUBLIC_DATA	UNRATED	PASS	REAL_BACKEND_E2E	bc5c47f292d00846c106669b09679a6fc36daef6	2026-10-10	NODE_SCRIPT(final-pd02.mjs)+PLAYWRIGHT	-	-	C0RC_REAL_STACK	YES	evidence/final-rc-bc5c47f292d0/final-pd02.json#PD-27j	953d17e53d05ba939f79d8fa03763fef9cd580da	NA	edf32dfe187a25ee159339c22be2ff4c1c093df4	stack c0rc (real rows blocked: no trust store)	final-pd02.json (final RC QA, product bc5c47f292d0)	12
FIN-PD02-PD-28	PD02_PUBLIC_DATA	UNRATED	PASS	REAL_BACKEND_E2E	bc5c47f292d00846c106669b09679a6fc36daef6	2026-10-10	NODE_SCRIPT(final-pd02.mjs)+PLAYWRIGHT	-	-	C0RC_REAL_STACK	YES	evidence/final-rc-bc5c47f292d0/final-pd02.json#PD-28	953d17e53d05ba939f79d8fa03763fef9cd580da	NA	edf32dfe187a25ee159339c22be2ff4c1c093df4	stack c0rc (real rows blocked: no trust store)	final-pd02.json (final RC QA, product bc5c47f292d0)	12
FIN-PD02-PD-29	PD02_PUBLIC_DATA	UNRATED	PASS	REAL_BACKEND_E2E	bc5c47f292d00846c106669b09679a6fc36daef6	2026-10-10	NODE_SCRIPT(final-pd02.mjs)+PLAYWRIGHT	-	-	C0RC_REAL_STACK	YES	evidence/final-rc-bc5c47f292d0/final-pd02.json#PD-29	953d17e53d05ba939f79d8fa03763fef9cd580da	NA	edf32dfe187a25ee159339c22be2ff4c1c093df4	stack c0rc (real rows blocked: no trust store)	final-pd02.json (final RC QA, product bc5c47f292d0)	12
FIN-PD02-PD-30	PD02_PUBLIC_DATA	UNRATED	PASS	REAL_BACKEND_E2E	bc5c47f292d00846c106669b09679a6fc36daef6	2026-10-10	NODE_SCRIPT(final-pd02.mjs)+PLAYWRIGHT	-	-	C0RC_REAL_STACK	YES	evidence/final-rc-bc5c47f292d0/final-pd02.json#PD-30	953d17e53d05ba939f79d8fa03763fef9cd580da	NA	edf32dfe187a25ee159339c22be2ff4c1c093df4	stack c0rc (real rows blocked: no trust store)	final-pd02.json (final RC QA, product bc5c47f292d0)	12
FIN-PD02-PD-31	PD02_PUBLIC_DATA	UNRATED	PASS	REAL_BACKEND_E2E	bc5c47f292d00846c106669b09679a6fc36daef6	2026-10-10	NODE_SCRIPT(final-pd02.mjs)+PLAYWRIGHT	-	-	C0RC_REAL_STACK	YES	evidence/final-rc-bc5c47f292d0/final-pd02.json#PD-31	953d17e53d05ba939f79d8fa03763fef9cd580da	NA	edf32dfe187a25ee159339c22be2ff4c1c093df4	stack c0rc (real rows blocked: no trust store)	final-pd02.json (final RC QA, product bc5c47f292d0)	12
FIN-PD02-GW-5xx	PD02_PUBLIC_DATA	UNRATED	PASS	REAL_BACKEND_E2E	bc5c47f292d00846c106669b09679a6fc36daef6	2026-10-10	NODE_SCRIPT(final-pd02.mjs)+PLAYWRIGHT	-	-	C0RC_REAL_STACK	YES	evidence/final-rc-bc5c47f292d0/final-pd02.json#GW-5xx	953d17e53d05ba939f79d8fa03763fef9cd580da	NA	edf32dfe187a25ee159339c22be2ff4c1c093df4	stack c0rc (real rows blocked: no trust store)	final-pd02.json (final RC QA, product bc5c47f292d0)	12
FIN-SITE-S-00	PUBLISHED_SITE_RUNTIME	UNRATED	PASS	REAL_BACKEND_E2E	bc5c47f292d00846c106669b09679a6fc36daef6	2026-10-10	NODE_SCRIPT(final-site.mjs)+PLAYWRIGHT	-	-	C0RC_REAL_STACK	YES	evidence/final-rc-bc5c47f292d0/final-site.json#S-00	953d17e53d05ba939f79d8fa03763fef9cd580da	NA	edf32dfe187a25ee159339c22be2ff4c1c093df4	stack c0rc	final-site.json (final RC QA, product bc5c47f292d0)	12
FIN-SITE-S-01	PUBLISHED_SITE_RUNTIME	UNRATED	PASS	REAL_BACKEND_E2E	bc5c47f292d00846c106669b09679a6fc36daef6	2026-10-10	NODE_SCRIPT(final-site.mjs)+PLAYWRIGHT	-	-	C0RC_REAL_STACK	YES	evidence/final-rc-bc5c47f292d0/final-site.json#S-01	953d17e53d05ba939f79d8fa03763fef9cd580da	NA	edf32dfe187a25ee159339c22be2ff4c1c093df4	stack c0rc	final-site.json (final RC QA, product bc5c47f292d0)	12
FIN-SITE-S-02	PUBLISHED_SITE_RUNTIME	UNRATED	PASS	REAL_BACKEND_E2E	bc5c47f292d00846c106669b09679a6fc36daef6	2026-10-10	NODE_SCRIPT(final-site.mjs)+PLAYWRIGHT	-	-	C0RC_REAL_STACK	YES	evidence/final-rc-bc5c47f292d0/final-site.json#S-02	953d17e53d05ba939f79d8fa03763fef9cd580da	NA	edf32dfe187a25ee159339c22be2ff4c1c093df4	stack c0rc	final-site.json (final RC QA, product bc5c47f292d0)	12
FIN-SITE-S-03	PUBLISHED_SITE_RUNTIME	UNRATED	PASS	REAL_BACKEND_E2E	bc5c47f292d00846c106669b09679a6fc36daef6	2026-10-10	NODE_SCRIPT(final-site.mjs)+PLAYWRIGHT	-	-	C0RC_REAL_STACK	YES	evidence/final-rc-bc5c47f292d0/final-site.json#S-03	953d17e53d05ba939f79d8fa03763fef9cd580da	NA	edf32dfe187a25ee159339c22be2ff4c1c093df4	stack c0rc	final-site.json (final RC QA, product bc5c47f292d0)	12
FIN-SITE-S-04	PUBLISHED_SITE_RUNTIME	UNRATED	PASS	REAL_BACKEND_E2E	bc5c47f292d00846c106669b09679a6fc36daef6	2026-10-10	NODE_SCRIPT(final-site.mjs)+PLAYWRIGHT	-	-	C0RC_REAL_STACK	YES	evidence/final-rc-bc5c47f292d0/final-site.json#S-04	953d17e53d05ba939f79d8fa03763fef9cd580da	NA	edf32dfe187a25ee159339c22be2ff4c1c093df4	stack c0rc	final-site.json (final RC QA, product bc5c47f292d0)	12
FIN-SITE-S-05	PUBLISHED_SITE_RUNTIME	UNRATED	PASS	REAL_BACKEND_E2E	bc5c47f292d00846c106669b09679a6fc36daef6	2026-10-10	NODE_SCRIPT(final-site.mjs)+PLAYWRIGHT	-	-	C0RC_REAL_STACK	YES	evidence/final-rc-bc5c47f292d0/final-site.json#S-05	953d17e53d05ba939f79d8fa03763fef9cd580da	NA	edf32dfe187a25ee159339c22be2ff4c1c093df4	stack c0rc	final-site.json (final RC QA, product bc5c47f292d0)	12
FIN-SITE-S-06	PUBLISHED_SITE_RUNTIME	UNRATED	PASS	REAL_BACKEND_E2E	bc5c47f292d00846c106669b09679a6fc36daef6	2026-10-10	NODE_SCRIPT(final-site.mjs)+PLAYWRIGHT	-	-	C0RC_REAL_STACK	YES	evidence/final-rc-bc5c47f292d0/final-site.json#S-06	953d17e53d05ba939f79d8fa03763fef9cd580da	NA	edf32dfe187a25ee159339c22be2ff4c1c093df4	stack c0rc	final-site.json (final RC QA, product bc5c47f292d0)	12
FIN-SITE-S-06b	PUBLISHED_SITE_RUNTIME	UNRATED	FAIL	REAL_BACKEND_E2E	bc5c47f292d00846c106669b09679a6fc36daef6	2026-10-10	NODE_SCRIPT(final-site.mjs)+PLAYWRIGHT	C0	-	C0RC_REAL_STACK	YES	evidence/final-rc-bc5c47f292d0/final-site.json#S-06b	953d17e53d05ba939f79d8fa03763fef9cd580da	NA	edf32dfe187a25ee159339c22be2ff4c1c093df4	stack c0rc	final-site.json (final RC QA, product bc5c47f292d0)	12
FIN-SITE-S-07	PUBLISHED_SITE_RUNTIME	UNRATED	PASS	REAL_BACKEND_E2E	bc5c47f292d00846c106669b09679a6fc36daef6	2026-10-10	NODE_SCRIPT(final-site.mjs)+PLAYWRIGHT	-	-	C0RC_REAL_STACK	YES	evidence/final-rc-bc5c47f292d0/final-site.json#S-07	953d17e53d05ba939f79d8fa03763fef9cd580da	NA	edf32dfe187a25ee159339c22be2ff4c1c093df4	stack c0rc	final-site.json (final RC QA, product bc5c47f292d0)	12
FIN-SITE-S-08	PUBLISHED_SITE_RUNTIME	UNRATED	PASS	REAL_BACKEND_E2E	bc5c47f292d00846c106669b09679a6fc36daef6	2026-10-10	NODE_SCRIPT(final-site.mjs)+PLAYWRIGHT	-	-	C0RC_REAL_STACK	YES	evidence/final-rc-bc5c47f292d0/final-site.json#S-08	953d17e53d05ba939f79d8fa03763fef9cd580da	NA	edf32dfe187a25ee159339c22be2ff4c1c093df4	stack c0rc	final-site.json (final RC QA, product bc5c47f292d0)	12
FIN-SITE-S-09	PUBLISHED_SITE_RUNTIME	UNRATED	PASS	REAL_BACKEND_E2E	bc5c47f292d00846c106669b09679a6fc36daef6	2026-10-10	NODE_SCRIPT(final-site.mjs)+PLAYWRIGHT	-	-	C0RC_REAL_STACK	YES	evidence/final-rc-bc5c47f292d0/final-site.json#S-09	953d17e53d05ba939f79d8fa03763fef9cd580da	NA	edf32dfe187a25ee159339c22be2ff4c1c093df4	stack c0rc	final-site.json (final RC QA, product bc5c47f292d0)	12
FIN-SITE-S-10	PUBLISHED_SITE_RUNTIME	UNRATED	PASS	REAL_BACKEND_E2E	bc5c47f292d00846c106669b09679a6fc36daef6	2026-10-10	NODE_SCRIPT(final-site.mjs)+PLAYWRIGHT	-	-	C0RC_REAL_STACK	YES	evidence/final-rc-bc5c47f292d0/final-site.json#S-10	953d17e53d05ba939f79d8fa03763fef9cd580da	NA	edf32dfe187a25ee159339c22be2ff4c1c093df4	stack c0rc	final-site.json (final RC QA, product bc5c47f292d0)	12
FIN-SITE-S-11	PUBLISHED_SITE_RUNTIME	UNRATED	PASS	REAL_BACKEND_E2E	bc5c47f292d00846c106669b09679a6fc36daef6	2026-10-10	NODE_SCRIPT(final-site.mjs)+PLAYWRIGHT	-	-	C0RC_REAL_STACK	YES	evidence/final-rc-bc5c47f292d0/final-site.json#S-11	953d17e53d05ba939f79d8fa03763fef9cd580da	NA	edf32dfe187a25ee159339c22be2ff4c1c093df4	stack c0rc	final-site.json (final RC QA, product bc5c47f292d0)	12
FIN-SITE-S-12	PUBLISHED_SITE_RUNTIME	UNRATED	PASS	REAL_BACKEND_E2E	bc5c47f292d00846c106669b09679a6fc36daef6	2026-10-10	NODE_SCRIPT(final-site.mjs)+PLAYWRIGHT	-	-	C0RC_REAL_STACK	YES	evidence/final-rc-bc5c47f292d0/final-site.json#S-12	953d17e53d05ba939f79d8fa03763fef9cd580da	NA	edf32dfe187a25ee159339c22be2ff4c1c093df4	stack c0rc	final-site.json (final RC QA, product bc5c47f292d0)	12
FIN-SITE-S-13	PUBLISHED_SITE_RUNTIME	UNRATED	PASS	REAL_BACKEND_E2E	bc5c47f292d00846c106669b09679a6fc36daef6	2026-10-10	NODE_SCRIPT(final-site.mjs)+PLAYWRIGHT	-	-	C0RC_REAL_STACK	YES	evidence/final-rc-bc5c47f292d0/final-site.json#S-13	953d17e53d05ba939f79d8fa03763fef9cd580da	NA	edf32dfe187a25ee159339c22be2ff4c1c093df4	stack c0rc	final-site.json (final RC QA, product bc5c47f292d0)	12
FIN-SITE-S-14	PUBLISHED_SITE_RUNTIME	UNRATED	PASS	REAL_BACKEND_E2E	bc5c47f292d00846c106669b09679a6fc36daef6	2026-10-10	NODE_SCRIPT(final-site.mjs)+PLAYWRIGHT	-	-	C0RC_REAL_STACK	YES	evidence/final-rc-bc5c47f292d0/final-site.json#S-14	953d17e53d05ba939f79d8fa03763fef9cd580da	NA	edf32dfe187a25ee159339c22be2ff4c1c093df4	stack c0rc	final-site.json (final RC QA, product bc5c47f292d0)	12
FIN-SITE-S-15	PUBLISHED_SITE_RUNTIME	UNRATED	PASS	REAL_BACKEND_E2E	bc5c47f292d00846c106669b09679a6fc36daef6	2026-10-10	NODE_SCRIPT(final-site.mjs)+PLAYWRIGHT	-	-	C0RC_REAL_STACK	YES	evidence/final-rc-bc5c47f292d0/final-site.json#S-15	953d17e53d05ba939f79d8fa03763fef9cd580da	NA	edf32dfe187a25ee159339c22be2ff4c1c093df4	stack c0rc	final-site.json (final RC QA, product bc5c47f292d0)	12
FIN-SITE-S-16	PUBLISHED_SITE_RUNTIME	UNRATED	PASS	REAL_BACKEND_E2E	bc5c47f292d00846c106669b09679a6fc36daef6	2026-10-10	NODE_SCRIPT(final-site.mjs)+PLAYWRIGHT	-	-	C0RC_REAL_STACK	YES	evidence/final-rc-bc5c47f292d0/final-site.json#S-16	953d17e53d05ba939f79d8fa03763fef9cd580da	NA	edf32dfe187a25ee159339c22be2ff4c1c093df4	stack c0rc	final-site.json (final RC QA, product bc5c47f292d0)	12
FIN-SITE-S-17	PUBLISHED_SITE_RUNTIME	UNRATED	PASS	REAL_BACKEND_E2E	bc5c47f292d00846c106669b09679a6fc36daef6	2026-10-10	NODE_SCRIPT(final-site.mjs)+PLAYWRIGHT	-	-	C0RC_REAL_STACK	YES	evidence/final-rc-bc5c47f292d0/final-site.json#S-17	953d17e53d05ba939f79d8fa03763fef9cd580da	NA	edf32dfe187a25ee159339c22be2ff4c1c093df4	stack c0rc	final-site.json (final RC QA, product bc5c47f292d0)	12
FIN-SITE-S-18	PUBLISHED_SITE_RUNTIME	UNRATED	PASS	REAL_BACKEND_E2E	bc5c47f292d00846c106669b09679a6fc36daef6	2026-10-10	NODE_SCRIPT(final-site.mjs)+PLAYWRIGHT	-	-	C0RC_REAL_STACK	YES	evidence/final-rc-bc5c47f292d0/final-site.json#S-18	953d17e53d05ba939f79d8fa03763fef9cd580da	NA	edf32dfe187a25ee159339c22be2ff4c1c093df4	stack c0rc	final-site.json (final RC QA, product bc5c47f292d0)	12
FIN-SITE-S-19	PUBLISHED_SITE_RUNTIME	UNRATED	PASS	REAL_BACKEND_E2E	bc5c47f292d00846c106669b09679a6fc36daef6	2026-10-10	NODE_SCRIPT(final-site.mjs)+PLAYWRIGHT	-	-	C0RC_REAL_STACK	YES	evidence/final-rc-bc5c47f292d0/final-site.json#S-19	953d17e53d05ba939f79d8fa03763fef9cd580da	NA	edf32dfe187a25ee159339c22be2ff4c1c093df4	stack c0rc	final-site.json (final RC QA, product bc5c47f292d0)	12
FIN-SITE-S-20	PUBLISHED_SITE_RUNTIME	UNRATED	PASS	REAL_BACKEND_E2E	bc5c47f292d00846c106669b09679a6fc36daef6	2026-10-10	NODE_SCRIPT(final-site.mjs)+PLAYWRIGHT	-	-	C0RC_REAL_STACK	YES	evidence/final-rc-bc5c47f292d0/final-site.json#S-20	953d17e53d05ba939f79d8fa03763fef9cd580da	NA	edf32dfe187a25ee159339c22be2ff4c1c093df4	stack c0rc	final-site.json (final RC QA, product bc5c47f292d0)	12
FIN-SITE-S-21	PUBLISHED_SITE_RUNTIME	UNRATED	PASS	REAL_BACKEND_E2E	bc5c47f292d00846c106669b09679a6fc36daef6	2026-10-10	NODE_SCRIPT(final-site.mjs)+PLAYWRIGHT	-	-	C0RC_REAL_STACK	YES	evidence/final-rc-bc5c47f292d0/final-site.json#S-21	953d17e53d05ba939f79d8fa03763fef9cd580da	NA	edf32dfe187a25ee159339c22be2ff4c1c093df4	stack c0rc	final-site.json (final RC QA, product bc5c47f292d0)	12
FIN-SITE-S-22	PUBLISHED_SITE_RUNTIME	UNRATED	PASS	REAL_BACKEND_E2E	bc5c47f292d00846c106669b09679a6fc36daef6	2026-10-10	NODE_SCRIPT(final-site.mjs)+PLAYWRIGHT	-	-	C0RC_REAL_STACK	YES	evidence/final-rc-bc5c47f292d0/final-site.json#S-22	953d17e53d05ba939f79d8fa03763fef9cd580da	NA	edf32dfe187a25ee159339c22be2ff4c1c093df4	stack c0rc	final-site.json (final RC QA, product bc5c47f292d0)	12
FIN-SITE-S-23	PUBLISHED_SITE_RUNTIME	UNRATED	PASS	REAL_BACKEND_E2E	bc5c47f292d00846c106669b09679a6fc36daef6	2026-10-10	NODE_SCRIPT(final-site.mjs)+PLAYWRIGHT	-	-	C0RC_REAL_STACK	YES	evidence/final-rc-bc5c47f292d0/final-site.json#S-23	953d17e53d05ba939f79d8fa03763fef9cd580da	NA	edf32dfe187a25ee159339c22be2ff4c1c093df4	stack c0rc	final-site.json (final RC QA, product bc5c47f292d0)	12
FIN-SITE-S-24	PUBLISHED_SITE_RUNTIME	UNRATED	PASS	REAL_BACKEND_E2E	bc5c47f292d00846c106669b09679a6fc36daef6	2026-10-10	NODE_SCRIPT(final-site.mjs)+PLAYWRIGHT	-	-	C0RC_REAL_STACK	YES	evidence/final-rc-bc5c47f292d0/final-site.json#S-24	953d17e53d05ba939f79d8fa03763fef9cd580da	NA	edf32dfe187a25ee159339c22be2ff4c1c093df4	stack c0rc	final-site.json (final RC QA, product bc5c47f292d0)	12
FIN-SITE-S-25	PUBLISHED_SITE_RUNTIME	UNRATED	PASS	REAL_BACKEND_E2E	bc5c47f292d00846c106669b09679a6fc36daef6	2026-10-10	NODE_SCRIPT(final-site.mjs)+PLAYWRIGHT	-	-	C0RC_REAL_STACK	YES	evidence/final-rc-bc5c47f292d0/final-site.json#S-25	953d17e53d05ba939f79d8fa03763fef9cd580da	NA	edf32dfe187a25ee159339c22be2ff4c1c093df4	stack c0rc	final-site.json (final RC QA, product bc5c47f292d0)	12
FIN-SITE-S-26	PUBLISHED_SITE_RUNTIME	UNRATED	PASS	REAL_BACKEND_E2E	bc5c47f292d00846c106669b09679a6fc36daef6	2026-10-10	NODE_SCRIPT(final-site.mjs)+PLAYWRIGHT	-	-	C0RC_REAL_STACK	YES	evidence/final-rc-bc5c47f292d0/final-site.json#S-26	953d17e53d05ba939f79d8fa03763fef9cd580da	NA	edf32dfe187a25ee159339c22be2ff4c1c093df4	stack c0rc	final-site.json (final RC QA, product bc5c47f292d0)	12
FIN-SITE-S-27	PUBLISHED_SITE_RUNTIME	UNRATED	PASS	REAL_BACKEND_E2E	bc5c47f292d00846c106669b09679a6fc36daef6	2026-10-10	NODE_SCRIPT(final-site.mjs)+PLAYWRIGHT	-	-	C0RC_REAL_STACK	YES	evidence/final-rc-bc5c47f292d0/final-site.json#S-27	953d17e53d05ba939f79d8fa03763fef9cd580da	NA	edf32dfe187a25ee159339c22be2ff4c1c093df4	stack c0rc	final-site.json (final RC QA, product bc5c47f292d0)	12
FIN-SITE-S-28	PUBLISHED_SITE_RUNTIME	UNRATED	PASS	REAL_BACKEND_E2E	bc5c47f292d00846c106669b09679a6fc36daef6	2026-10-10	NODE_SCRIPT(final-site.mjs)+PLAYWRIGHT	-	-	C0RC_REAL_STACK	YES	evidence/final-rc-bc5c47f292d0/final-site.json#S-28	953d17e53d05ba939f79d8fa03763fef9cd580da	NA	edf32dfe187a25ee159339c22be2ff4c1c093df4	stack c0rc	final-site.json (final RC QA, product bc5c47f292d0)	12
FIN-SITE-GW-5xx	PUBLISHED_SITE_RUNTIME	UNRATED	PASS	REAL_BACKEND_E2E	bc5c47f292d00846c106669b09679a6fc36daef6	2026-10-10	NODE_SCRIPT(final-site.mjs)+PLAYWRIGHT	-	-	C0RC_REAL_STACK	YES	evidence/final-rc-bc5c47f292d0/final-site.json#GW-5xx	953d17e53d05ba939f79d8fa03763fef9cd580da	NA	edf32dfe187a25ee159339c22be2ff4c1c093df4	stack c0rc	final-site.json (final RC QA, product bc5c47f292d0)	12
FIN-J08-REC-S01	JOURNEY_08_OPERATIONS_RECOVERY	UNRATED	PASS	REAL_BACKEND_E2E	bc5c47f292d00846c106669b09679a6fc36daef6	2026-10-10	NODE_SCRIPT(final-recovery.mjs)	-	-	C6FIN_OWN_STACK	NO	evidence/final-rc-bc5c47f292d0/c6fin/part18-recovery.json#REC-S01	fad4a7b4356fecd016e707423d426d1eb4b45c4d	NA	edf32dfe187a25ee159339c22be2ff4c1c093df4	own stack c6fin: restarts through the owned-process tooling (c0rc is C0's and was not restarted by C6)	c6fin/part18-recovery.json (final RC QA, product bc5c47f292d0)	12
FIN-J08-REC-S02	JOURNEY_08_OPERATIONS_RECOVERY	UNRATED	PASS	REAL_BACKEND_E2E	bc5c47f292d00846c106669b09679a6fc36daef6	2026-10-10	NODE_SCRIPT(final-recovery.mjs)	-	-	C6FIN_OWN_STACK	NO	evidence/final-rc-bc5c47f292d0/c6fin/part18-recovery.json#REC-S02	fad4a7b4356fecd016e707423d426d1eb4b45c4d	NA	edf32dfe187a25ee159339c22be2ff4c1c093df4	own stack c6fin: restarts through the owned-process tooling (c0rc is C0's and was not restarted by C6)	c6fin/part18-recovery.json (final RC QA, product bc5c47f292d0)	12
FIN-J08-REC-S03	JOURNEY_08_OPERATIONS_RECOVERY	UNRATED	PASS	REAL_BACKEND_E2E	bc5c47f292d00846c106669b09679a6fc36daef6	2026-10-10	NODE_SCRIPT(final-recovery.mjs)	-	-	C6FIN_OWN_STACK	NO	evidence/final-rc-bc5c47f292d0/c6fin/part18-recovery.json#REC-S03	fad4a7b4356fecd016e707423d426d1eb4b45c4d	NA	edf32dfe187a25ee159339c22be2ff4c1c093df4	own stack c6fin: restarts through the owned-process tooling (c0rc is C0's and was not restarted by C6)	c6fin/part18-recovery.json (final RC QA, product bc5c47f292d0)	12
FIN-J08-REC-S04	JOURNEY_08_OPERATIONS_RECOVERY	UNRATED	PASS	REAL_BACKEND_E2E	bc5c47f292d00846c106669b09679a6fc36daef6	2026-10-10	NODE_SCRIPT(final-recovery.mjs)	-	-	C6FIN_OWN_STACK	NO	evidence/final-rc-bc5c47f292d0/c6fin/part18-recovery.json#REC-S04	fad4a7b4356fecd016e707423d426d1eb4b45c4d	NA	edf32dfe187a25ee159339c22be2ff4c1c093df4	own stack c6fin: restarts through the owned-process tooling (c0rc is C0's and was not restarted by C6)	c6fin/part18-recovery.json (final RC QA, product bc5c47f292d0)	12
FIN-J08-REC-S05	JOURNEY_08_OPERATIONS_RECOVERY	UNRATED	PASS	REAL_BACKEND_E2E	bc5c47f292d00846c106669b09679a6fc36daef6	2026-10-10	NODE_SCRIPT(final-recovery.mjs)	-	-	C6FIN_OWN_STACK	NO	evidence/final-rc-bc5c47f292d0/c6fin/part18-recovery.json#REC-S05	fad4a7b4356fecd016e707423d426d1eb4b45c4d	NA	edf32dfe187a25ee159339c22be2ff4c1c093df4	own stack c6fin: restarts through the owned-process tooling (c0rc is C0's and was not restarted by C6)	c6fin/part18-recovery.json (final RC QA, product bc5c47f292d0)	12
FIN-J08-REC-S06	JOURNEY_08_OPERATIONS_RECOVERY	UNRATED	PASS	REAL_BACKEND_E2E	bc5c47f292d00846c106669b09679a6fc36daef6	2026-10-10	NODE_SCRIPT(final-recovery.mjs)	-	-	C6FIN_OWN_STACK	NO	evidence/final-rc-bc5c47f292d0/c6fin/part18-recovery.json#REC-S06	fad4a7b4356fecd016e707423d426d1eb4b45c4d	NA	edf32dfe187a25ee159339c22be2ff4c1c093df4	own stack c6fin: restarts through the owned-process tooling (c0rc is C0's and was not restarted by C6)	c6fin/part18-recovery.json (final RC QA, product bc5c47f292d0)	12
FIN-J08-REC-A01	JOURNEY_08_OPERATIONS_RECOVERY	UNRATED	PASS	REAL_BACKEND_E2E	bc5c47f292d00846c106669b09679a6fc36daef6	2026-10-10	NODE_SCRIPT(final-recovery.mjs)	-	-	C6FIN_OWN_STACK	NO	evidence/final-rc-bc5c47f292d0/c6fin/part18-recovery.json#REC-A01	fad4a7b4356fecd016e707423d426d1eb4b45c4d	NA	edf32dfe187a25ee159339c22be2ff4c1c093df4	own stack c6fin: restarts through the owned-process tooling (c0rc is C0's and was not restarted by C6)	c6fin/part18-recovery.json (final RC QA, product bc5c47f292d0)	12
FIN-J08-REC-A02	JOURNEY_08_OPERATIONS_RECOVERY	UNRATED	PASS	REAL_BACKEND_E2E	bc5c47f292d00846c106669b09679a6fc36daef6	2026-10-10	NODE_SCRIPT(final-recovery.mjs)	-	-	C6FIN_OWN_STACK	NO	evidence/final-rc-bc5c47f292d0/c6fin/part18-recovery.json#REC-A02	fad4a7b4356fecd016e707423d426d1eb4b45c4d	NA	edf32dfe187a25ee159339c22be2ff4c1c093df4	own stack c6fin: restarts through the owned-process tooling (c0rc is C0's and was not restarted by C6)	c6fin/part18-recovery.json (final RC QA, product bc5c47f292d0)	12
FIN-J08-REC-A03	JOURNEY_08_OPERATIONS_RECOVERY	UNRATED	PASS	REAL_BACKEND_E2E	bc5c47f292d00846c106669b09679a6fc36daef6	2026-10-10	NODE_SCRIPT(final-recovery.mjs)	-	-	C6FIN_OWN_STACK	NO	evidence/final-rc-bc5c47f292d0/c6fin/part18-recovery.json#REC-A03	fad4a7b4356fecd016e707423d426d1eb4b45c4d	NA	edf32dfe187a25ee159339c22be2ff4c1c093df4	own stack c6fin: restarts through the owned-process tooling (c0rc is C0's and was not restarted by C6)	c6fin/part18-recovery.json (final RC QA, product bc5c47f292d0)	12
FIN-J08-REC-A04	JOURNEY_08_OPERATIONS_RECOVERY	UNRATED	PASS	REAL_BACKEND_E2E	bc5c47f292d00846c106669b09679a6fc36daef6	2026-10-10	NODE_SCRIPT(final-recovery.mjs)	-	-	C6FIN_OWN_STACK	NO	evidence/final-rc-bc5c47f292d0/c6fin/part18-recovery.json#REC-A04	fad4a7b4356fecd016e707423d426d1eb4b45c4d	NA	edf32dfe187a25ee159339c22be2ff4c1c093df4	own stack c6fin: restarts through the owned-process tooling (c0rc is C0's and was not restarted by C6)	c6fin/part18-recovery.json (final RC QA, product bc5c47f292d0)	12
FIN-J08-REC-A05	JOURNEY_08_OPERATIONS_RECOVERY	UNRATED	PASS	REAL_BACKEND_E2E	bc5c47f292d00846c106669b09679a6fc36daef6	2026-10-10	NODE_SCRIPT(final-recovery.mjs)	-	-	C6FIN_OWN_STACK	NO	evidence/final-rc-bc5c47f292d0/c6fin/part18-recovery.json#REC-A05	fad4a7b4356fecd016e707423d426d1eb4b45c4d	NA	edf32dfe187a25ee159339c22be2ff4c1c093df4	own stack c6fin: restarts through the owned-process tooling (c0rc is C0's and was not restarted by C6)	c6fin/part18-recovery.json (final RC QA, product bc5c47f292d0)	12
FIN-J08-REC-A06	JOURNEY_08_OPERATIONS_RECOVERY	UNRATED	PASS	REAL_BACKEND_E2E	bc5c47f292d00846c106669b09679a6fc36daef6	2026-10-10	NODE_SCRIPT(final-recovery.mjs)	-	-	C6FIN_OWN_STACK	NO	evidence/final-rc-bc5c47f292d0/c6fin/part18-recovery.json#REC-A06	fad4a7b4356fecd016e707423d426d1eb4b45c4d	NA	edf32dfe187a25ee159339c22be2ff4c1c093df4	own stack c6fin: restarts through the owned-process tooling (c0rc is C0's and was not restarted by C6)	c6fin/part18-recovery.json (final RC QA, product bc5c47f292d0)	12
FIN-J08-REC-A07	JOURNEY_08_OPERATIONS_RECOVERY	UNRATED	PASS	REAL_BACKEND_E2E	bc5c47f292d00846c106669b09679a6fc36daef6	2026-10-10	NODE_SCRIPT(final-recovery.mjs)	-	-	C6FIN_OWN_STACK	NO	evidence/final-rc-bc5c47f292d0/c6fin/part18-recovery.json#REC-A07	fad4a7b4356fecd016e707423d426d1eb4b45c4d	NA	edf32dfe187a25ee159339c22be2ff4c1c093df4	own stack c6fin: restarts through the owned-process tooling (c0rc is C0's and was not restarted by C6)	c6fin/part18-recovery.json (final RC QA, product bc5c47f292d0)	12
FIN-J08-REC-A08	JOURNEY_08_OPERATIONS_RECOVERY	UNRATED	PASS	REAL_BACKEND_E2E	bc5c47f292d00846c106669b09679a6fc36daef6	2026-10-10	NODE_SCRIPT(final-recovery.mjs)	-	-	C6FIN_OWN_STACK	NO	evidence/final-rc-bc5c47f292d0/c6fin/part18-recovery.json#REC-A08	fad4a7b4356fecd016e707423d426d1eb4b45c4d	NA	edf32dfe187a25ee159339c22be2ff4c1c093df4	own stack c6fin: restarts through the owned-process tooling (c0rc is C0's and was not restarted by C6)	c6fin/part18-recovery.json (final RC QA, product bc5c47f292d0)	12
FIN-J08-REC-A09	JOURNEY_08_OPERATIONS_RECOVERY	UNRATED	PASS	REAL_BACKEND_E2E	bc5c47f292d00846c106669b09679a6fc36daef6	2026-10-10	NODE_SCRIPT(final-recovery.mjs)	-	-	C6FIN_OWN_STACK	NO	evidence/final-rc-bc5c47f292d0/c6fin/part18-recovery.json#REC-A09	fad4a7b4356fecd016e707423d426d1eb4b45c4d	NA	edf32dfe187a25ee159339c22be2ff4c1c093df4	own stack c6fin: restarts through the owned-process tooling (c0rc is C0's and was not restarted by C6)	c6fin/part18-recovery.json (final RC QA, product bc5c47f292d0)	12
FIN-J08-REC-A10	JOURNEY_08_OPERATIONS_RECOVERY	UNRATED	PASS	REAL_BACKEND_E2E	bc5c47f292d00846c106669b09679a6fc36daef6	2026-10-10	NODE_SCRIPT(final-recovery.mjs)	-	-	C6FIN_OWN_STACK	NO	evidence/final-rc-bc5c47f292d0/c6fin/part18-recovery.json#REC-A10	fad4a7b4356fecd016e707423d426d1eb4b45c4d	NA	edf32dfe187a25ee159339c22be2ff4c1c093df4	own stack c6fin: restarts through the owned-process tooling (c0rc is C0's and was not restarted by C6)	c6fin/part18-recovery.json (final RC QA, product bc5c47f292d0)	12
FIN-J08-REC-A11	JOURNEY_08_OPERATIONS_RECOVERY	UNRATED	PASS	REAL_BACKEND_E2E	bc5c47f292d00846c106669b09679a6fc36daef6	2026-10-10	NODE_SCRIPT(final-recovery.mjs)	-	-	C6FIN_OWN_STACK	NO	evidence/final-rc-bc5c47f292d0/c6fin/part18-recovery.json#REC-A11	fad4a7b4356fecd016e707423d426d1eb4b45c4d	NA	edf32dfe187a25ee159339c22be2ff4c1c093df4	own stack c6fin: restarts through the owned-process tooling (c0rc is C0's and was not restarted by C6)	c6fin/part18-recovery.json (final RC QA, product bc5c47f292d0)	12
FIN-J08-REC-A12	JOURNEY_08_OPERATIONS_RECOVERY	UNRATED	PASS	REAL_BACKEND_E2E	bc5c47f292d00846c106669b09679a6fc36daef6	2026-10-10	NODE_SCRIPT(final-recovery.mjs)	-	-	C6FIN_OWN_STACK	NO	evidence/final-rc-bc5c47f292d0/c6fin/part18-recovery.json#REC-A12	fad4a7b4356fecd016e707423d426d1eb4b45c4d	NA	edf32dfe187a25ee159339c22be2ff4c1c093df4	own stack c6fin: restarts through the owned-process tooling (c0rc is C0's and was not restarted by C6)	c6fin/part18-recovery.json (final RC QA, product bc5c47f292d0)	12
FIN-J08-REC-A13	JOURNEY_08_OPERATIONS_RECOVERY	UNRATED	PASS	REAL_BACKEND_E2E	bc5c47f292d00846c106669b09679a6fc36daef6	2026-10-10	NODE_SCRIPT(final-recovery.mjs)	-	-	C6FIN_OWN_STACK	NO	evidence/final-rc-bc5c47f292d0/c6fin/part18-recovery.json#REC-A13	fad4a7b4356fecd016e707423d426d1eb4b45c4d	NA	edf32dfe187a25ee159339c22be2ff4c1c093df4	own stack c6fin: restarts through the owned-process tooling (c0rc is C0's and was not restarted by C6)	c6fin/part18-recovery.json (final RC QA, product bc5c47f292d0)	12
FIN-J08-REC-B01	JOURNEY_08_OPERATIONS_RECOVERY	UNRATED	PASS	REAL_BACKEND_E2E	bc5c47f292d00846c106669b09679a6fc36daef6	2026-10-10	NODE_SCRIPT(final-recovery.mjs)	-	-	C6FIN_OWN_STACK	NO	evidence/final-rc-bc5c47f292d0/c6fin/part18-recovery.json#REC-B01	fad4a7b4356fecd016e707423d426d1eb4b45c4d	NA	edf32dfe187a25ee159339c22be2ff4c1c093df4	own stack c6fin: restarts through the owned-process tooling (c0rc is C0's and was not restarted by C6)	c6fin/part18-recovery.json (final RC QA, product bc5c47f292d0)	12
FIN-J08-REC-B02	JOURNEY_08_OPERATIONS_RECOVERY	UNRATED	PASS	REAL_BACKEND_E2E	bc5c47f292d00846c106669b09679a6fc36daef6	2026-10-10	NODE_SCRIPT(final-recovery.mjs)	-	-	C6FIN_OWN_STACK	NO	evidence/final-rc-bc5c47f292d0/c6fin/part18-recovery.json#REC-B02	fad4a7b4356fecd016e707423d426d1eb4b45c4d	NA	edf32dfe187a25ee159339c22be2ff4c1c093df4	own stack c6fin: restarts through the owned-process tooling (c0rc is C0's and was not restarted by C6)	c6fin/part18-recovery.json (final RC QA, product bc5c47f292d0)	12
FIN-J08-REC-C01	JOURNEY_08_OPERATIONS_RECOVERY	UNRATED	PASS	REAL_BACKEND_E2E	bc5c47f292d00846c106669b09679a6fc36daef6	2026-10-10	NODE_SCRIPT(final-recovery.mjs)	-	-	C6FIN_OWN_STACK	NO	evidence/final-rc-bc5c47f292d0/c6fin/part18-recovery.json#REC-C01	fad4a7b4356fecd016e707423d426d1eb4b45c4d	NA	edf32dfe187a25ee159339c22be2ff4c1c093df4	own stack c6fin: restarts through the owned-process tooling (c0rc is C0's and was not restarted by C6)	c6fin/part18-recovery.json (final RC QA, product bc5c47f292d0)	12
FIN-J08-REC-C02	JOURNEY_08_OPERATIONS_RECOVERY	UNRATED	PASS	REAL_BACKEND_E2E	bc5c47f292d00846c106669b09679a6fc36daef6	2026-10-10	NODE_SCRIPT(final-recovery.mjs)	-	-	C6FIN_OWN_STACK	NO	evidence/final-rc-bc5c47f292d0/c6fin/part18-recovery.json#REC-C02	fad4a7b4356fecd016e707423d426d1eb4b45c4d	NA	edf32dfe187a25ee159339c22be2ff4c1c093df4	own stack c6fin: restarts through the owned-process tooling (c0rc is C0's and was not restarted by C6)	c6fin/part18-recovery.json (final RC QA, product bc5c47f292d0)	12
FIN-J08-REC-D01	JOURNEY_08_OPERATIONS_RECOVERY	UNRATED	PASS	REAL_BACKEND_E2E	bc5c47f292d00846c106669b09679a6fc36daef6	2026-10-10	NODE_SCRIPT(final-recovery.mjs)	-	-	C6FIN_OWN_STACK	NO	evidence/final-rc-bc5c47f292d0/c6fin/part18-recovery.json#REC-D01	fad4a7b4356fecd016e707423d426d1eb4b45c4d	NA	edf32dfe187a25ee159339c22be2ff4c1c093df4	own stack c6fin: restarts through the owned-process tooling (c0rc is C0's and was not restarted by C6)	c6fin/part18-recovery.json (final RC QA, product bc5c47f292d0)	12
FIN-J08-REC-E01	JOURNEY_08_OPERATIONS_RECOVERY	UNRATED	BLOCKED	MANUAL	bc5c47f292d00846c106669b09679a6fc36daef6	2026-10-10	NODE_SCRIPT(final-recovery.mjs)	-	-	C6FIN_OWN_STACK	YES	evidence/final-rc-bc5c47f292d0/c6fin/part18-recovery.json#REC-E01	fad4a7b4356fecd016e707423d426d1eb4b45c4d	NA	edf32dfe187a25ee159339c22be2ff4c1c093df4	own stack c6fin: restarts through the owned-process tooling (c0rc is C0's and was not restarted by C6)	c6fin/part18-recovery.json (final RC QA, product bc5c47f292d0)	12
FIN-J08-REC-E02	JOURNEY_08_OPERATIONS_RECOVERY	UNRATED	BLOCKED	MANUAL	bc5c47f292d00846c106669b09679a6fc36daef6	2026-10-10	NODE_SCRIPT(final-recovery.mjs)	-	-	C6FIN_OWN_STACK	YES	evidence/final-rc-bc5c47f292d0/c6fin/part18-recovery.json#REC-E02	fad4a7b4356fecd016e707423d426d1eb4b45c4d	NA	edf32dfe187a25ee159339c22be2ff4c1c093df4	own stack c6fin: restarts through the owned-process tooling (c0rc is C0's and was not restarted by C6)	c6fin/part18-recovery.json (final RC QA, product bc5c47f292d0)	12
FIN-BRL-C-BR-platform-login-light-1440-title	BRAND_VISUAL	UNRATED	PASS	REAL_STACK	bc5c47f292d00846c106669b09679a6fc36daef6	2026-10-10	PLAYWRIGHT_CHROMIUM(final-brand.mjs)	-	-	C0RC_REAL_STACK	NO	evidence/final-rc-bc5c47f292d0/part15-brand-local-chromium.json#BR-platform-login-light-1440-title	953d17e53d05ba939f79d8fa03763fef9cd580da	bc5c47f292d00846c106669b09679a6fc36daef6	edf32dfe187a25ee159339c22be2ff4c1c093df4	portals of c0rc, Chrome 155	part15-brand-local-chromium.json (final RC QA, product bc5c47f292d0)	12
FIN-BRL-C-BR-platform-login-light-1440-legacy	BRAND_VISUAL	UNRATED	PASS	REAL_STACK	bc5c47f292d00846c106669b09679a6fc36daef6	2026-10-10	PLAYWRIGHT_CHROMIUM(final-brand.mjs)	-	-	C0RC_REAL_STACK	NO	evidence/final-rc-bc5c47f292d0/part15-brand-local-chromium.json#BR-platform-login-light-1440-legacy	953d17e53d05ba939f79d8fa03763fef9cd580da	bc5c47f292d00846c106669b09679a6fc36daef6	edf32dfe187a25ee159339c22be2ff4c1c093df4	portals of c0rc, Chrome 155	part15-brand-local-chromium.json (final RC QA, product bc5c47f292d0)	12
FIN-BRL-C-BR-platform-login-light-1440-primary	BRAND_VISUAL	UNRATED	PASS	REAL_STACK	bc5c47f292d00846c106669b09679a6fc36daef6	2026-10-10	PLAYWRIGHT_CHROMIUM(final-brand.mjs)	-	-	C0RC_REAL_STACK	NO	evidence/final-rc-bc5c47f292d0/part15-brand-local-chromium.json#BR-platform-login-light-1440-primary	953d17e53d05ba939f79d8fa03763fef9cd580da	bc5c47f292d00846c106669b09679a6fc36daef6	edf32dfe187a25ee159339c22be2ff4c1c093df4	portals of c0rc, Chrome 155	part15-brand-local-chromium.json (final RC QA, product bc5c47f292d0)	12
FIN-BRL-C-BR-platform-login-light-1440-extfont	BRAND_VISUAL	UNRATED	PASS	REAL_STACK	bc5c47f292d00846c106669b09679a6fc36daef6	2026-10-10	PLAYWRIGHT_CHROMIUM(final-brand.mjs)	-	-	C0RC_REAL_STACK	NO	evidence/final-rc-bc5c47f292d0/part15-brand-local-chromium.json#BR-platform-login-light-1440-extfont	953d17e53d05ba939f79d8fa03763fef9cd580da	bc5c47f292d00846c106669b09679a6fc36daef6	edf32dfe187a25ee159339c22be2ff4c1c093df4	portals of c0rc, Chrome 155	part15-brand-local-chromium.json (final RC QA, product bc5c47f292d0)	12
FIN-BRL-C-BR-platform-login-light-1440-fontstack	BRAND_VISUAL	UNRATED	PASS	REAL_STACK	bc5c47f292d00846c106669b09679a6fc36daef6	2026-10-10	PLAYWRIGHT_CHROMIUM(final-brand.mjs)	-	-	C0RC_REAL_STACK	NO	evidence/final-rc-bc5c47f292d0/part15-brand-local-chromium.json#BR-platform-login-light-1440-fontstack	953d17e53d05ba939f79d8fa03763fef9cd580da	bc5c47f292d00846c106669b09679a6fc36daef6	edf32dfe187a25ee159339c22be2ff4c1c093df4	portals of c0rc, Chrome 155	part15-brand-local-chromium.json (final RC QA, product bc5c47f292d0)	12
FIN-BRL-C-BR-platform-login-light-1440-icons	BRAND_VISUAL	UNRATED	PASS	REAL_STACK	bc5c47f292d00846c106669b09679a6fc36daef6	2026-10-10	PLAYWRIGHT_CHROMIUM(final-brand.mjs)	-	-	C0RC_REAL_STACK	NO	evidence/final-rc-bc5c47f292d0/part15-brand-local-chromium.json#BR-platform-login-light-1440-icons	953d17e53d05ba939f79d8fa03763fef9cd580da	bc5c47f292d00846c106669b09679a6fc36daef6	edf32dfe187a25ee159339c22be2ff4c1c093df4	portals of c0rc, Chrome 155	part15-brand-local-chromium.json (final RC QA, product bc5c47f292d0)	12
FIN-BRL-C-BR-platform-login-light-1440-logo	BRAND_VISUAL	UNRATED	PASS	REAL_STACK	bc5c47f292d00846c106669b09679a6fc36daef6	2026-10-10	PLAYWRIGHT_CHROMIUM(final-brand.mjs)	-	-	C0RC_REAL_STACK	NO	evidence/final-rc-bc5c47f292d0/part15-brand-local-chromium.json#BR-platform-login-light-1440-logo	953d17e53d05ba939f79d8fa03763fef9cd580da	bc5c47f292d00846c106669b09679a6fc36daef6	edf32dfe187a25ee159339c22be2ff4c1c093df4	portals of c0rc, Chrome 155	part15-brand-local-chromium.json (final RC QA, product bc5c47f292d0)	12
FIN-BRL-C-BR-platform-login-light-1440-bg	BRAND_VISUAL	UNRATED	PASS	REAL_STACK	bc5c47f292d00846c106669b09679a6fc36daef6	2026-10-10	PLAYWRIGHT_CHROMIUM(final-brand.mjs)	-	-	C0RC_REAL_STACK	NO	evidence/final-rc-bc5c47f292d0/part15-brand-local-chromium.json#BR-platform-login-light-1440-bg	953d17e53d05ba939f79d8fa03763fef9cd580da	bc5c47f292d00846c106669b09679a6fc36daef6	edf32dfe187a25ee159339c22be2ff4c1c093df4	portals of c0rc, Chrome 155	part15-brand-local-chromium.json (final RC QA, product bc5c47f292d0)	12
FIN-BRL-C-BR-platform-login-light-390-logo	BRAND_VISUAL	UNRATED	PASS	REAL_STACK	bc5c47f292d00846c106669b09679a6fc36daef6	2026-10-10	PLAYWRIGHT_CHROMIUM(final-brand.mjs)	-	-	C0RC_REAL_STACK	NO	evidence/final-rc-bc5c47f292d0/part15-brand-local-chromium.json#BR-platform-login-light-390-logo	953d17e53d05ba939f79d8fa03763fef9cd580da	bc5c47f292d00846c106669b09679a6fc36daef6	edf32dfe187a25ee159339c22be2ff4c1c093df4	portals of c0rc, Chrome 155	part15-brand-local-chromium.json (final RC QA, product bc5c47f292d0)	12
FIN-BRL-C-BR-platform-login-light-390-bg	BRAND_VISUAL	UNRATED	PASS	REAL_STACK	bc5c47f292d00846c106669b09679a6fc36daef6	2026-10-10	PLAYWRIGHT_CHROMIUM(final-brand.mjs)	-	-	C0RC_REAL_STACK	NO	evidence/final-rc-bc5c47f292d0/part15-brand-local-chromium.json#BR-platform-login-light-390-bg	953d17e53d05ba939f79d8fa03763fef9cd580da	bc5c47f292d00846c106669b09679a6fc36daef6	edf32dfe187a25ee159339c22be2ff4c1c093df4	portals of c0rc, Chrome 155	part15-brand-local-chromium.json (final RC QA, product bc5c47f292d0)	12
FIN-BRL-C-BR-platform-login-dark-1440-logo	BRAND_VISUAL	UNRATED	PASS	REAL_STACK	bc5c47f292d00846c106669b09679a6fc36daef6	2026-10-10	PLAYWRIGHT_CHROMIUM(final-brand.mjs)	-	-	C0RC_REAL_STACK	NO	evidence/final-rc-bc5c47f292d0/part15-brand-local-chromium.json#BR-platform-login-dark-1440-logo	953d17e53d05ba939f79d8fa03763fef9cd580da	bc5c47f292d00846c106669b09679a6fc36daef6	edf32dfe187a25ee159339c22be2ff4c1c093df4	portals of c0rc, Chrome 155	part15-brand-local-chromium.json (final RC QA, product bc5c47f292d0)	12
FIN-BRL-C-BR-platform-login-dark-1440-bg	BRAND_VISUAL	UNRATED	PASS	REAL_STACK	bc5c47f292d00846c106669b09679a6fc36daef6	2026-10-10	PLAYWRIGHT_CHROMIUM(final-brand.mjs)	-	-	C0RC_REAL_STACK	NO	evidence/final-rc-bc5c47f292d0/part15-brand-local-chromium.json#BR-platform-login-dark-1440-bg	953d17e53d05ba939f79d8fa03763fef9cd580da	bc5c47f292d00846c106669b09679a6fc36daef6	edf32dfe187a25ee159339c22be2ff4c1c093df4	portals of c0rc, Chrome 155	part15-brand-local-chromium.json (final RC QA, product bc5c47f292d0)	12
FIN-BRL-C-BR-platform-login-dark-390-logo	BRAND_VISUAL	UNRATED	PASS	REAL_STACK	bc5c47f292d00846c106669b09679a6fc36daef6	2026-10-10	PLAYWRIGHT_CHROMIUM(final-brand.mjs)	-	-	C0RC_REAL_STACK	NO	evidence/final-rc-bc5c47f292d0/part15-brand-local-chromium.json#BR-platform-login-dark-390-logo	953d17e53d05ba939f79d8fa03763fef9cd580da	bc5c47f292d00846c106669b09679a6fc36daef6	edf32dfe187a25ee159339c22be2ff4c1c093df4	portals of c0rc, Chrome 155	part15-brand-local-chromium.json (final RC QA, product bc5c47f292d0)	12
FIN-BRL-C-BR-platform-login-dark-390-bg	BRAND_VISUAL	UNRATED	PASS	REAL_STACK	bc5c47f292d00846c106669b09679a6fc36daef6	2026-10-10	PLAYWRIGHT_CHROMIUM(final-brand.mjs)	-	-	C0RC_REAL_STACK	NO	evidence/final-rc-bc5c47f292d0/part15-brand-local-chromium.json#BR-platform-login-dark-390-bg	953d17e53d05ba939f79d8fa03763fef9cd580da	bc5c47f292d00846c106669b09679a6fc36daef6	edf32dfe187a25ee159339c22be2ff4c1c093df4	portals of c0rc, Chrome 155	part15-brand-local-chromium.json (final RC QA, product bc5c47f292d0)	12
FIN-BRL-C-BR-platform-icon-icon	BRAND_VISUAL	UNRATED	PASS	REAL_STACK	bc5c47f292d00846c106669b09679a6fc36daef6	2026-10-10	PLAYWRIGHT_CHROMIUM(final-brand.mjs)	-	-	C0RC_REAL_STACK	NO	evidence/final-rc-bc5c47f292d0/part15-brand-local-chromium.json#BR-platform-icon-icon	953d17e53d05ba939f79d8fa03763fef9cd580da	bc5c47f292d00846c106669b09679a6fc36daef6	edf32dfe187a25ee159339c22be2ff4c1c093df4	portals of c0rc, Chrome 155	part15-brand-local-chromium.json (final RC QA, product bc5c47f292d0)	12
FIN-BRL-C-BR-platform-icon-apple-touch-icon	BRAND_VISUAL	UNRATED	PASS	REAL_STACK	bc5c47f292d00846c106669b09679a6fc36daef6	2026-10-10	PLAYWRIGHT_CHROMIUM(final-brand.mjs)	-	-	C0RC_REAL_STACK	NO	evidence/final-rc-bc5c47f292d0/part15-brand-local-chromium.json#BR-platform-icon-apple-touch-icon	953d17e53d05ba939f79d8fa03763fef9cd580da	bc5c47f292d00846c106669b09679a6fc36daef6	edf32dfe187a25ee159339c22be2ff4c1c093df4	portals of c0rc, Chrome 155	part15-brand-local-chromium.json (final RC QA, product bc5c47f292d0)	12
FIN-BRL-C-BR-admin-login-light-1440-title	BRAND_VISUAL	UNRATED	PASS	REAL_STACK	bc5c47f292d00846c106669b09679a6fc36daef6	2026-10-10	PLAYWRIGHT_CHROMIUM(final-brand.mjs)	-	-	C0RC_REAL_STACK	NO	evidence/final-rc-bc5c47f292d0/part15-brand-local-chromium.json#BR-admin-login-light-1440-title	953d17e53d05ba939f79d8fa03763fef9cd580da	bc5c47f292d00846c106669b09679a6fc36daef6	edf32dfe187a25ee159339c22be2ff4c1c093df4	portals of c0rc, Chrome 155	part15-brand-local-chromium.json (final RC QA, product bc5c47f292d0)	12
FIN-BRL-C-BR-admin-login-light-1440-legacy	BRAND_VISUAL	UNRATED	PASS	REAL_STACK	bc5c47f292d00846c106669b09679a6fc36daef6	2026-10-10	PLAYWRIGHT_CHROMIUM(final-brand.mjs)	-	-	C0RC_REAL_STACK	NO	evidence/final-rc-bc5c47f292d0/part15-brand-local-chromium.json#BR-admin-login-light-1440-legacy	953d17e53d05ba939f79d8fa03763fef9cd580da	bc5c47f292d00846c106669b09679a6fc36daef6	edf32dfe187a25ee159339c22be2ff4c1c093df4	portals of c0rc, Chrome 155	part15-brand-local-chromium.json (final RC QA, product bc5c47f292d0)	12
FIN-BRL-C-BR-admin-login-light-1440-primary	BRAND_VISUAL	UNRATED	PASS	REAL_STACK	bc5c47f292d00846c106669b09679a6fc36daef6	2026-10-10	PLAYWRIGHT_CHROMIUM(final-brand.mjs)	-	-	C0RC_REAL_STACK	NO	evidence/final-rc-bc5c47f292d0/part15-brand-local-chromium.json#BR-admin-login-light-1440-primary	953d17e53d05ba939f79d8fa03763fef9cd580da	bc5c47f292d00846c106669b09679a6fc36daef6	edf32dfe187a25ee159339c22be2ff4c1c093df4	portals of c0rc, Chrome 155	part15-brand-local-chromium.json (final RC QA, product bc5c47f292d0)	12
FIN-BRL-C-BR-admin-login-light-1440-extfont	BRAND_VISUAL	UNRATED	PASS	REAL_STACK	bc5c47f292d00846c106669b09679a6fc36daef6	2026-10-10	PLAYWRIGHT_CHROMIUM(final-brand.mjs)	-	-	C0RC_REAL_STACK	NO	evidence/final-rc-bc5c47f292d0/part15-brand-local-chromium.json#BR-admin-login-light-1440-extfont	953d17e53d05ba939f79d8fa03763fef9cd580da	bc5c47f292d00846c106669b09679a6fc36daef6	edf32dfe187a25ee159339c22be2ff4c1c093df4	portals of c0rc, Chrome 155	part15-brand-local-chromium.json (final RC QA, product bc5c47f292d0)	12
FIN-BRL-C-BR-admin-login-light-1440-fontstack	BRAND_VISUAL	UNRATED	PASS	REAL_STACK	bc5c47f292d00846c106669b09679a6fc36daef6	2026-10-10	PLAYWRIGHT_CHROMIUM(final-brand.mjs)	-	-	C0RC_REAL_STACK	NO	evidence/final-rc-bc5c47f292d0/part15-brand-local-chromium.json#BR-admin-login-light-1440-fontstack	953d17e53d05ba939f79d8fa03763fef9cd580da	bc5c47f292d00846c106669b09679a6fc36daef6	edf32dfe187a25ee159339c22be2ff4c1c093df4	portals of c0rc, Chrome 155	part15-brand-local-chromium.json (final RC QA, product bc5c47f292d0)	12
FIN-BRL-C-BR-admin-login-light-1440-icons	BRAND_VISUAL	UNRATED	PASS	REAL_STACK	bc5c47f292d00846c106669b09679a6fc36daef6	2026-10-10	PLAYWRIGHT_CHROMIUM(final-brand.mjs)	-	-	C0RC_REAL_STACK	NO	evidence/final-rc-bc5c47f292d0/part15-brand-local-chromium.json#BR-admin-login-light-1440-icons	953d17e53d05ba939f79d8fa03763fef9cd580da	bc5c47f292d00846c106669b09679a6fc36daef6	edf32dfe187a25ee159339c22be2ff4c1c093df4	portals of c0rc, Chrome 155	part15-brand-local-chromium.json (final RC QA, product bc5c47f292d0)	12
FIN-BRL-C-BR-admin-login-light-1440-logo	BRAND_VISUAL	UNRATED	PASS	REAL_STACK	bc5c47f292d00846c106669b09679a6fc36daef6	2026-10-10	PLAYWRIGHT_CHROMIUM(final-brand.mjs)	-	-	C0RC_REAL_STACK	NO	evidence/final-rc-bc5c47f292d0/part15-brand-local-chromium.json#BR-admin-login-light-1440-logo	953d17e53d05ba939f79d8fa03763fef9cd580da	bc5c47f292d00846c106669b09679a6fc36daef6	edf32dfe187a25ee159339c22be2ff4c1c093df4	portals of c0rc, Chrome 155	part15-brand-local-chromium.json (final RC QA, product bc5c47f292d0)	12
FIN-BRL-C-BR-admin-login-light-1440-bg	BRAND_VISUAL	UNRATED	PASS	REAL_STACK	bc5c47f292d00846c106669b09679a6fc36daef6	2026-10-10	PLAYWRIGHT_CHROMIUM(final-brand.mjs)	-	-	C0RC_REAL_STACK	NO	evidence/final-rc-bc5c47f292d0/part15-brand-local-chromium.json#BR-admin-login-light-1440-bg	953d17e53d05ba939f79d8fa03763fef9cd580da	bc5c47f292d00846c106669b09679a6fc36daef6	edf32dfe187a25ee159339c22be2ff4c1c093df4	portals of c0rc, Chrome 155	part15-brand-local-chromium.json (final RC QA, product bc5c47f292d0)	12
FIN-BRL-C-BR-admin-login-light-390-logo	BRAND_VISUAL	UNRATED	PASS	REAL_STACK	bc5c47f292d00846c106669b09679a6fc36daef6	2026-10-10	PLAYWRIGHT_CHROMIUM(final-brand.mjs)	-	-	C0RC_REAL_STACK	NO	evidence/final-rc-bc5c47f292d0/part15-brand-local-chromium.json#BR-admin-login-light-390-logo	953d17e53d05ba939f79d8fa03763fef9cd580da	bc5c47f292d00846c106669b09679a6fc36daef6	edf32dfe187a25ee159339c22be2ff4c1c093df4	portals of c0rc, Chrome 155	part15-brand-local-chromium.json (final RC QA, product bc5c47f292d0)	12
FIN-BRL-C-BR-admin-login-light-390-bg	BRAND_VISUAL	UNRATED	PASS	REAL_STACK	bc5c47f292d00846c106669b09679a6fc36daef6	2026-10-10	PLAYWRIGHT_CHROMIUM(final-brand.mjs)	-	-	C0RC_REAL_STACK	NO	evidence/final-rc-bc5c47f292d0/part15-brand-local-chromium.json#BR-admin-login-light-390-bg	953d17e53d05ba939f79d8fa03763fef9cd580da	bc5c47f292d00846c106669b09679a6fc36daef6	edf32dfe187a25ee159339c22be2ff4c1c093df4	portals of c0rc, Chrome 155	part15-brand-local-chromium.json (final RC QA, product bc5c47f292d0)	12
FIN-BRL-C-BR-admin-login-dark-1440-logo	BRAND_VISUAL	UNRATED	PASS	REAL_STACK	bc5c47f292d00846c106669b09679a6fc36daef6	2026-10-10	PLAYWRIGHT_CHROMIUM(final-brand.mjs)	-	-	C0RC_REAL_STACK	NO	evidence/final-rc-bc5c47f292d0/part15-brand-local-chromium.json#BR-admin-login-dark-1440-logo	953d17e53d05ba939f79d8fa03763fef9cd580da	bc5c47f292d00846c106669b09679a6fc36daef6	edf32dfe187a25ee159339c22be2ff4c1c093df4	portals of c0rc, Chrome 155	part15-brand-local-chromium.json (final RC QA, product bc5c47f292d0)	12
FIN-BRL-C-BR-admin-login-dark-1440-bg	BRAND_VISUAL	UNRATED	PASS	REAL_STACK	bc5c47f292d00846c106669b09679a6fc36daef6	2026-10-10	PLAYWRIGHT_CHROMIUM(final-brand.mjs)	-	-	C0RC_REAL_STACK	NO	evidence/final-rc-bc5c47f292d0/part15-brand-local-chromium.json#BR-admin-login-dark-1440-bg	953d17e53d05ba939f79d8fa03763fef9cd580da	bc5c47f292d00846c106669b09679a6fc36daef6	edf32dfe187a25ee159339c22be2ff4c1c093df4	portals of c0rc, Chrome 155	part15-brand-local-chromium.json (final RC QA, product bc5c47f292d0)	12
FIN-BRL-C-BR-admin-login-dark-390-logo	BRAND_VISUAL	UNRATED	PASS	REAL_STACK	bc5c47f292d00846c106669b09679a6fc36daef6	2026-10-10	PLAYWRIGHT_CHROMIUM(final-brand.mjs)	-	-	C0RC_REAL_STACK	NO	evidence/final-rc-bc5c47f292d0/part15-brand-local-chromium.json#BR-admin-login-dark-390-logo	953d17e53d05ba939f79d8fa03763fef9cd580da	bc5c47f292d00846c106669b09679a6fc36daef6	edf32dfe187a25ee159339c22be2ff4c1c093df4	portals of c0rc, Chrome 155	part15-brand-local-chromium.json (final RC QA, product bc5c47f292d0)	12
FIN-BRL-C-BR-admin-login-dark-390-bg	BRAND_VISUAL	UNRATED	PASS	REAL_STACK	bc5c47f292d00846c106669b09679a6fc36daef6	2026-10-10	PLAYWRIGHT_CHROMIUM(final-brand.mjs)	-	-	C0RC_REAL_STACK	NO	evidence/final-rc-bc5c47f292d0/part15-brand-local-chromium.json#BR-admin-login-dark-390-bg	953d17e53d05ba939f79d8fa03763fef9cd580da	bc5c47f292d00846c106669b09679a6fc36daef6	edf32dfe187a25ee159339c22be2ff4c1c093df4	portals of c0rc, Chrome 155	part15-brand-local-chromium.json (final RC QA, product bc5c47f292d0)	12
FIN-BRL-C-BR-admin-icon-icon	BRAND_VISUAL	UNRATED	PASS	REAL_STACK	bc5c47f292d00846c106669b09679a6fc36daef6	2026-10-10	PLAYWRIGHT_CHROMIUM(final-brand.mjs)	-	-	C0RC_REAL_STACK	NO	evidence/final-rc-bc5c47f292d0/part15-brand-local-chromium.json#BR-admin-icon-icon	953d17e53d05ba939f79d8fa03763fef9cd580da	bc5c47f292d00846c106669b09679a6fc36daef6	edf32dfe187a25ee159339c22be2ff4c1c093df4	portals of c0rc, Chrome 155	part15-brand-local-chromium.json (final RC QA, product bc5c47f292d0)	12
FIN-BRL-C-BR-admin-icon-apple-touch-icon	BRAND_VISUAL	UNRATED	PASS	REAL_STACK	bc5c47f292d00846c106669b09679a6fc36daef6	2026-10-10	PLAYWRIGHT_CHROMIUM(final-brand.mjs)	-	-	C0RC_REAL_STACK	NO	evidence/final-rc-bc5c47f292d0/part15-brand-local-chromium.json#BR-admin-icon-apple-touch-icon	953d17e53d05ba939f79d8fa03763fef9cd580da	bc5c47f292d00846c106669b09679a6fc36daef6	edf32dfe187a25ee159339c22be2ff4c1c093df4	portals of c0rc, Chrome 155	part15-brand-local-chromium.json (final RC QA, product bc5c47f292d0)	12
FIN-BRL-C-BR-studio-login-light-1440-title	BRAND_VISUAL	UNRATED	PASS	REAL_STACK	bc5c47f292d00846c106669b09679a6fc36daef6	2026-10-10	PLAYWRIGHT_CHROMIUM(final-brand.mjs)	-	-	C0RC_REAL_STACK	NO	evidence/final-rc-bc5c47f292d0/part15-brand-local-chromium.json#BR-studio-login-light-1440-title	953d17e53d05ba939f79d8fa03763fef9cd580da	bc5c47f292d00846c106669b09679a6fc36daef6	edf32dfe187a25ee159339c22be2ff4c1c093df4	portals of c0rc, Chrome 155	part15-brand-local-chromium.json (final RC QA, product bc5c47f292d0)	12
FIN-BRL-C-BR-studio-login-light-1440-legacy	BRAND_VISUAL	UNRATED	PASS	REAL_STACK	bc5c47f292d00846c106669b09679a6fc36daef6	2026-10-10	PLAYWRIGHT_CHROMIUM(final-brand.mjs)	-	-	C0RC_REAL_STACK	NO	evidence/final-rc-bc5c47f292d0/part15-brand-local-chromium.json#BR-studio-login-light-1440-legacy	953d17e53d05ba939f79d8fa03763fef9cd580da	bc5c47f292d00846c106669b09679a6fc36daef6	edf32dfe187a25ee159339c22be2ff4c1c093df4	portals of c0rc, Chrome 155	part15-brand-local-chromium.json (final RC QA, product bc5c47f292d0)	12
FIN-BRL-C-BR-studio-login-light-1440-primary	BRAND_VISUAL	UNRATED	PASS	REAL_STACK	bc5c47f292d00846c106669b09679a6fc36daef6	2026-10-10	PLAYWRIGHT_CHROMIUM(final-brand.mjs)	-	-	C0RC_REAL_STACK	NO	evidence/final-rc-bc5c47f292d0/part15-brand-local-chromium.json#BR-studio-login-light-1440-primary	953d17e53d05ba939f79d8fa03763fef9cd580da	bc5c47f292d00846c106669b09679a6fc36daef6	edf32dfe187a25ee159339c22be2ff4c1c093df4	portals of c0rc, Chrome 155	part15-brand-local-chromium.json (final RC QA, product bc5c47f292d0)	12
FIN-BRL-C-BR-studio-login-light-1440-extfont	BRAND_VISUAL	UNRATED	PASS	REAL_STACK	bc5c47f292d00846c106669b09679a6fc36daef6	2026-10-10	PLAYWRIGHT_CHROMIUM(final-brand.mjs)	-	-	C0RC_REAL_STACK	NO	evidence/final-rc-bc5c47f292d0/part15-brand-local-chromium.json#BR-studio-login-light-1440-extfont	953d17e53d05ba939f79d8fa03763fef9cd580da	bc5c47f292d00846c106669b09679a6fc36daef6	edf32dfe187a25ee159339c22be2ff4c1c093df4	portals of c0rc, Chrome 155	part15-brand-local-chromium.json (final RC QA, product bc5c47f292d0)	12
FIN-BRL-C-BR-studio-login-light-1440-fontstack	BRAND_VISUAL	UNRATED	PASS	REAL_STACK	bc5c47f292d00846c106669b09679a6fc36daef6	2026-10-10	PLAYWRIGHT_CHROMIUM(final-brand.mjs)	-	-	C0RC_REAL_STACK	NO	evidence/final-rc-bc5c47f292d0/part15-brand-local-chromium.json#BR-studio-login-light-1440-fontstack	953d17e53d05ba939f79d8fa03763fef9cd580da	bc5c47f292d00846c106669b09679a6fc36daef6	edf32dfe187a25ee159339c22be2ff4c1c093df4	portals of c0rc, Chrome 155	part15-brand-local-chromium.json (final RC QA, product bc5c47f292d0)	12
FIN-BRL-C-BR-studio-login-light-1440-icons	BRAND_VISUAL	UNRATED	PASS	REAL_STACK	bc5c47f292d00846c106669b09679a6fc36daef6	2026-10-10	PLAYWRIGHT_CHROMIUM(final-brand.mjs)	-	-	C0RC_REAL_STACK	NO	evidence/final-rc-bc5c47f292d0/part15-brand-local-chromium.json#BR-studio-login-light-1440-icons	953d17e53d05ba939f79d8fa03763fef9cd580da	bc5c47f292d00846c106669b09679a6fc36daef6	edf32dfe187a25ee159339c22be2ff4c1c093df4	portals of c0rc, Chrome 155	part15-brand-local-chromium.json (final RC QA, product bc5c47f292d0)	12
FIN-BRL-C-BR-studio-login-light-1440-logo	BRAND_VISUAL	UNRATED	PASS	REAL_STACK	bc5c47f292d00846c106669b09679a6fc36daef6	2026-10-10	PLAYWRIGHT_CHROMIUM(final-brand.mjs)	-	-	C0RC_REAL_STACK	NO	evidence/final-rc-bc5c47f292d0/part15-brand-local-chromium.json#BR-studio-login-light-1440-logo	953d17e53d05ba939f79d8fa03763fef9cd580da	bc5c47f292d00846c106669b09679a6fc36daef6	edf32dfe187a25ee159339c22be2ff4c1c093df4	portals of c0rc, Chrome 155	part15-brand-local-chromium.json (final RC QA, product bc5c47f292d0)	12
FIN-BRL-C-BR-studio-login-light-1440-bg	BRAND_VISUAL	UNRATED	PASS	REAL_STACK	bc5c47f292d00846c106669b09679a6fc36daef6	2026-10-10	PLAYWRIGHT_CHROMIUM(final-brand.mjs)	-	-	C0RC_REAL_STACK	NO	evidence/final-rc-bc5c47f292d0/part15-brand-local-chromium.json#BR-studio-login-light-1440-bg	953d17e53d05ba939f79d8fa03763fef9cd580da	bc5c47f292d00846c106669b09679a6fc36daef6	edf32dfe187a25ee159339c22be2ff4c1c093df4	portals of c0rc, Chrome 155	part15-brand-local-chromium.json (final RC QA, product bc5c47f292d0)	12
FIN-BRL-C-BR-studio-login-light-390-logo	BRAND_VISUAL	UNRATED	PASS	REAL_STACK	bc5c47f292d00846c106669b09679a6fc36daef6	2026-10-10	PLAYWRIGHT_CHROMIUM(final-brand.mjs)	-	-	C0RC_REAL_STACK	NO	evidence/final-rc-bc5c47f292d0/part15-brand-local-chromium.json#BR-studio-login-light-390-logo	953d17e53d05ba939f79d8fa03763fef9cd580da	bc5c47f292d00846c106669b09679a6fc36daef6	edf32dfe187a25ee159339c22be2ff4c1c093df4	portals of c0rc, Chrome 155	part15-brand-local-chromium.json (final RC QA, product bc5c47f292d0)	12
FIN-BRL-C-BR-studio-login-light-390-bg	BRAND_VISUAL	UNRATED	PASS	REAL_STACK	bc5c47f292d00846c106669b09679a6fc36daef6	2026-10-10	PLAYWRIGHT_CHROMIUM(final-brand.mjs)	-	-	C0RC_REAL_STACK	NO	evidence/final-rc-bc5c47f292d0/part15-brand-local-chromium.json#BR-studio-login-light-390-bg	953d17e53d05ba939f79d8fa03763fef9cd580da	bc5c47f292d00846c106669b09679a6fc36daef6	edf32dfe187a25ee159339c22be2ff4c1c093df4	portals of c0rc, Chrome 155	part15-brand-local-chromium.json (final RC QA, product bc5c47f292d0)	12
FIN-BRL-C-BR-studio-login-dark-1440-logo	BRAND_VISUAL	UNRATED	PASS	REAL_STACK	bc5c47f292d00846c106669b09679a6fc36daef6	2026-10-10	PLAYWRIGHT_CHROMIUM(final-brand.mjs)	-	-	C0RC_REAL_STACK	NO	evidence/final-rc-bc5c47f292d0/part15-brand-local-chromium.json#BR-studio-login-dark-1440-logo	953d17e53d05ba939f79d8fa03763fef9cd580da	bc5c47f292d00846c106669b09679a6fc36daef6	edf32dfe187a25ee159339c22be2ff4c1c093df4	portals of c0rc, Chrome 155	part15-brand-local-chromium.json (final RC QA, product bc5c47f292d0)	12
FIN-BRL-C-BR-studio-login-dark-1440-bg	BRAND_VISUAL	UNRATED	PASS	REAL_STACK	bc5c47f292d00846c106669b09679a6fc36daef6	2026-10-10	PLAYWRIGHT_CHROMIUM(final-brand.mjs)	-	-	C0RC_REAL_STACK	NO	evidence/final-rc-bc5c47f292d0/part15-brand-local-chromium.json#BR-studio-login-dark-1440-bg	953d17e53d05ba939f79d8fa03763fef9cd580da	bc5c47f292d00846c106669b09679a6fc36daef6	edf32dfe187a25ee159339c22be2ff4c1c093df4	portals of c0rc, Chrome 155	part15-brand-local-chromium.json (final RC QA, product bc5c47f292d0)	12
FIN-BRL-C-BR-studio-login-dark-390-logo	BRAND_VISUAL	UNRATED	PASS	REAL_STACK	bc5c47f292d00846c106669b09679a6fc36daef6	2026-10-10	PLAYWRIGHT_CHROMIUM(final-brand.mjs)	-	-	C0RC_REAL_STACK	NO	evidence/final-rc-bc5c47f292d0/part15-brand-local-chromium.json#BR-studio-login-dark-390-logo	953d17e53d05ba939f79d8fa03763fef9cd580da	bc5c47f292d00846c106669b09679a6fc36daef6	edf32dfe187a25ee159339c22be2ff4c1c093df4	portals of c0rc, Chrome 155	part15-brand-local-chromium.json (final RC QA, product bc5c47f292d0)	12
FIN-BRL-C-BR-studio-login-dark-390-bg	BRAND_VISUAL	UNRATED	PASS	REAL_STACK	bc5c47f292d00846c106669b09679a6fc36daef6	2026-10-10	PLAYWRIGHT_CHROMIUM(final-brand.mjs)	-	-	C0RC_REAL_STACK	NO	evidence/final-rc-bc5c47f292d0/part15-brand-local-chromium.json#BR-studio-login-dark-390-bg	953d17e53d05ba939f79d8fa03763fef9cd580da	bc5c47f292d00846c106669b09679a6fc36daef6	edf32dfe187a25ee159339c22be2ff4c1c093df4	portals of c0rc, Chrome 155	part15-brand-local-chromium.json (final RC QA, product bc5c47f292d0)	12
FIN-BRL-C-BR-studio-icon-icon	BRAND_VISUAL	UNRATED	PASS	REAL_STACK	bc5c47f292d00846c106669b09679a6fc36daef6	2026-10-10	PLAYWRIGHT_CHROMIUM(final-brand.mjs)	-	-	C0RC_REAL_STACK	NO	evidence/final-rc-bc5c47f292d0/part15-brand-local-chromium.json#BR-studio-icon-icon	953d17e53d05ba939f79d8fa03763fef9cd580da	bc5c47f292d00846c106669b09679a6fc36daef6	edf32dfe187a25ee159339c22be2ff4c1c093df4	portals of c0rc, Chrome 155	part15-brand-local-chromium.json (final RC QA, product bc5c47f292d0)	12
FIN-BRL-C-BR-studio-icon-apple-touch-icon	BRAND_VISUAL	UNRATED	PASS	REAL_STACK	bc5c47f292d00846c106669b09679a6fc36daef6	2026-10-10	PLAYWRIGHT_CHROMIUM(final-brand.mjs)	-	-	C0RC_REAL_STACK	NO	evidence/final-rc-bc5c47f292d0/part15-brand-local-chromium.json#BR-studio-icon-apple-touch-icon	953d17e53d05ba939f79d8fa03763fef9cd580da	bc5c47f292d00846c106669b09679a6fc36daef6	edf32dfe187a25ee159339c22be2ff4c1c093df4	portals of c0rc, Chrome 155	part15-brand-local-chromium.json (final RC QA, product bc5c47f292d0)	12
FIN-BRL-C-BR-platform-home-light-lockup	BRAND_VISUAL	UNRATED	PASS	REAL_STACK	bc5c47f292d00846c106669b09679a6fc36daef6	2026-10-10	PLAYWRIGHT_CHROMIUM(final-brand.mjs)	-	-	C0RC_REAL_STACK	NO	evidence/final-rc-bc5c47f292d0/part15-brand-local-chromium.json#BR-platform-home-light-lockup	953d17e53d05ba939f79d8fa03763fef9cd580da	bc5c47f292d00846c106669b09679a6fc36daef6	edf32dfe187a25ee159339c22be2ff4c1c093df4	portals of c0rc, Chrome 155	part15-brand-local-chromium.json (final RC QA, product bc5c47f292d0)	12
FIN-BRL-C-BR-platform-home-light-logo	BRAND_VISUAL	UNRATED	PASS	REAL_STACK	bc5c47f292d00846c106669b09679a6fc36daef6	2026-10-10	PLAYWRIGHT_CHROMIUM(final-brand.mjs)	-	-	C0RC_REAL_STACK	NO	evidence/final-rc-bc5c47f292d0/part15-brand-local-chromium.json#BR-platform-home-light-logo	953d17e53d05ba939f79d8fa03763fef9cd580da	bc5c47f292d00846c106669b09679a6fc36daef6	edf32dfe187a25ee159339c22be2ff4c1c093df4	portals of c0rc, Chrome 155	part15-brand-local-chromium.json (final RC QA, product bc5c47f292d0)	12
FIN-BRL-C-BR-platform-home-light-legacy	BRAND_VISUAL	UNRATED	PASS	REAL_STACK	bc5c47f292d00846c106669b09679a6fc36daef6	2026-10-10	PLAYWRIGHT_CHROMIUM(final-brand.mjs)	-	-	C0RC_REAL_STACK	NO	evidence/final-rc-bc5c47f292d0/part15-brand-local-chromium.json#BR-platform-home-light-legacy	953d17e53d05ba939f79d8fa03763fef9cd580da	bc5c47f292d00846c106669b09679a6fc36daef6	edf32dfe187a25ee159339c22be2ff4c1c093df4	portals of c0rc, Chrome 155	part15-brand-local-chromium.json (final RC QA, product bc5c47f292d0)	12
FIN-BRL-C-BR-platform-home-light-bgclasses	BRAND_VISUAL	UNRATED	BLOCKED	REAL_STACK	bc5c47f292d00846c106669b09679a6fc36daef6	2026-10-10	PLAYWRIGHT_CHROMIUM(final-brand.mjs)	-	-	C0RC_REAL_STACK	YES	evidence/final-rc-bc5c47f292d0/part15-brand-local-chromium.json#BR-platform-home-light-bgclasses	953d17e53d05ba939f79d8fa03763fef9cd580da	bc5c47f292d00846c106669b09679a6fc36daef6	edf32dfe187a25ee159339c22be2ff4c1c093df4	portals of c0rc, Chrome 155	part15-brand-local-chromium.json (final RC QA, product bc5c47f292d0)	12
FIN-BRL-C-BR-platform-home-dark-lockup	BRAND_VISUAL	UNRATED	PASS	REAL_STACK	bc5c47f292d00846c106669b09679a6fc36daef6	2026-10-10	PLAYWRIGHT_CHROMIUM(final-brand.mjs)	-	-	C0RC_REAL_STACK	NO	evidence/final-rc-bc5c47f292d0/part15-brand-local-chromium.json#BR-platform-home-dark-lockup	953d17e53d05ba939f79d8fa03763fef9cd580da	bc5c47f292d00846c106669b09679a6fc36daef6	edf32dfe187a25ee159339c22be2ff4c1c093df4	portals of c0rc, Chrome 155	part15-brand-local-chromium.json (final RC QA, product bc5c47f292d0)	12
FIN-BRL-C-BR-platform-home-dark-logo	BRAND_VISUAL	UNRATED	PASS	REAL_STACK	bc5c47f292d00846c106669b09679a6fc36daef6	2026-10-10	PLAYWRIGHT_CHROMIUM(final-brand.mjs)	-	-	C0RC_REAL_STACK	NO	evidence/final-rc-bc5c47f292d0/part15-brand-local-chromium.json#BR-platform-home-dark-logo	953d17e53d05ba939f79d8fa03763fef9cd580da	bc5c47f292d00846c106669b09679a6fc36daef6	edf32dfe187a25ee159339c22be2ff4c1c093df4	portals of c0rc, Chrome 155	part15-brand-local-chromium.json (final RC QA, product bc5c47f292d0)	12
FIN-BRL-C-BR-platform-home-dark-legacy	BRAND_VISUAL	UNRATED	PASS	REAL_STACK	bc5c47f292d00846c106669b09679a6fc36daef6	2026-10-10	PLAYWRIGHT_CHROMIUM(final-brand.mjs)	-	-	C0RC_REAL_STACK	NO	evidence/final-rc-bc5c47f292d0/part15-brand-local-chromium.json#BR-platform-home-dark-legacy	953d17e53d05ba939f79d8fa03763fef9cd580da	bc5c47f292d00846c106669b09679a6fc36daef6	edf32dfe187a25ee159339c22be2ff4c1c093df4	portals of c0rc, Chrome 155	part15-brand-local-chromium.json (final RC QA, product bc5c47f292d0)	12
FIN-BRL-C-BR-platform-home-dark-bgclasses	BRAND_VISUAL	UNRATED	BLOCKED	REAL_STACK	bc5c47f292d00846c106669b09679a6fc36daef6	2026-10-10	PLAYWRIGHT_CHROMIUM(final-brand.mjs)	-	-	C0RC_REAL_STACK	YES	evidence/final-rc-bc5c47f292d0/part15-brand-local-chromium.json#BR-platform-home-dark-bgclasses	953d17e53d05ba939f79d8fa03763fef9cd580da	bc5c47f292d00846c106669b09679a6fc36daef6	edf32dfe187a25ee159339c22be2ff4c1c093df4	portals of c0rc, Chrome 155	part15-brand-local-chromium.json (final RC QA, product bc5c47f292d0)	12
FIN-BRL-C-BR-admin-home-light-lockup	BRAND_VISUAL	UNRATED	PASS	REAL_STACK	bc5c47f292d00846c106669b09679a6fc36daef6	2026-10-10	PLAYWRIGHT_CHROMIUM(final-brand.mjs)	-	-	C0RC_REAL_STACK	NO	evidence/final-rc-bc5c47f292d0/part15-brand-local-chromium.json#BR-admin-home-light-lockup	953d17e53d05ba939f79d8fa03763fef9cd580da	bc5c47f292d00846c106669b09679a6fc36daef6	edf32dfe187a25ee159339c22be2ff4c1c093df4	portals of c0rc, Chrome 155	part15-brand-local-chromium.json (final RC QA, product bc5c47f292d0)	12
FIN-BRL-C-BR-admin-home-light-logo	BRAND_VISUAL	UNRATED	PASS	REAL_STACK	bc5c47f292d00846c106669b09679a6fc36daef6	2026-10-10	PLAYWRIGHT_CHROMIUM(final-brand.mjs)	-	-	C0RC_REAL_STACK	NO	evidence/final-rc-bc5c47f292d0/part15-brand-local-chromium.json#BR-admin-home-light-logo	953d17e53d05ba939f79d8fa03763fef9cd580da	bc5c47f292d00846c106669b09679a6fc36daef6	edf32dfe187a25ee159339c22be2ff4c1c093df4	portals of c0rc, Chrome 155	part15-brand-local-chromium.json (final RC QA, product bc5c47f292d0)	12
FIN-BRL-C-BR-admin-home-light-legacy	BRAND_VISUAL	UNRATED	PASS	REAL_STACK	bc5c47f292d00846c106669b09679a6fc36daef6	2026-10-10	PLAYWRIGHT_CHROMIUM(final-brand.mjs)	-	-	C0RC_REAL_STACK	NO	evidence/final-rc-bc5c47f292d0/part15-brand-local-chromium.json#BR-admin-home-light-legacy	953d17e53d05ba939f79d8fa03763fef9cd580da	bc5c47f292d00846c106669b09679a6fc36daef6	edf32dfe187a25ee159339c22be2ff4c1c093df4	portals of c0rc, Chrome 155	part15-brand-local-chromium.json (final RC QA, product bc5c47f292d0)	12
FIN-BRL-C-BR-admin-home-light-bgclasses	BRAND_VISUAL	UNRATED	BLOCKED	REAL_STACK	bc5c47f292d00846c106669b09679a6fc36daef6	2026-10-10	PLAYWRIGHT_CHROMIUM(final-brand.mjs)	-	-	C0RC_REAL_STACK	YES	evidence/final-rc-bc5c47f292d0/part15-brand-local-chromium.json#BR-admin-home-light-bgclasses	953d17e53d05ba939f79d8fa03763fef9cd580da	bc5c47f292d00846c106669b09679a6fc36daef6	edf32dfe187a25ee159339c22be2ff4c1c093df4	portals of c0rc, Chrome 155	part15-brand-local-chromium.json (final RC QA, product bc5c47f292d0)	12
FIN-BRL-C-BR-admin-home-dark-lockup	BRAND_VISUAL	UNRATED	PASS	REAL_STACK	bc5c47f292d00846c106669b09679a6fc36daef6	2026-10-10	PLAYWRIGHT_CHROMIUM(final-brand.mjs)	-	-	C0RC_REAL_STACK	NO	evidence/final-rc-bc5c47f292d0/part15-brand-local-chromium.json#BR-admin-home-dark-lockup	953d17e53d05ba939f79d8fa03763fef9cd580da	bc5c47f292d00846c106669b09679a6fc36daef6	edf32dfe187a25ee159339c22be2ff4c1c093df4	portals of c0rc, Chrome 155	part15-brand-local-chromium.json (final RC QA, product bc5c47f292d0)	12
FIN-BRL-C-BR-admin-home-dark-logo	BRAND_VISUAL	UNRATED	PASS	REAL_STACK	bc5c47f292d00846c106669b09679a6fc36daef6	2026-10-10	PLAYWRIGHT_CHROMIUM(final-brand.mjs)	-	-	C0RC_REAL_STACK	NO	evidence/final-rc-bc5c47f292d0/part15-brand-local-chromium.json#BR-admin-home-dark-logo	953d17e53d05ba939f79d8fa03763fef9cd580da	bc5c47f292d00846c106669b09679a6fc36daef6	edf32dfe187a25ee159339c22be2ff4c1c093df4	portals of c0rc, Chrome 155	part15-brand-local-chromium.json (final RC QA, product bc5c47f292d0)	12
FIN-BRL-C-BR-admin-home-dark-legacy	BRAND_VISUAL	UNRATED	PASS	REAL_STACK	bc5c47f292d00846c106669b09679a6fc36daef6	2026-10-10	PLAYWRIGHT_CHROMIUM(final-brand.mjs)	-	-	C0RC_REAL_STACK	NO	evidence/final-rc-bc5c47f292d0/part15-brand-local-chromium.json#BR-admin-home-dark-legacy	953d17e53d05ba939f79d8fa03763fef9cd580da	bc5c47f292d00846c106669b09679a6fc36daef6	edf32dfe187a25ee159339c22be2ff4c1c093df4	portals of c0rc, Chrome 155	part15-brand-local-chromium.json (final RC QA, product bc5c47f292d0)	12
FIN-BRL-C-BR-admin-home-dark-bgclasses	BRAND_VISUAL	UNRATED	BLOCKED	REAL_STACK	bc5c47f292d00846c106669b09679a6fc36daef6	2026-10-10	PLAYWRIGHT_CHROMIUM(final-brand.mjs)	-	-	C0RC_REAL_STACK	YES	evidence/final-rc-bc5c47f292d0/part15-brand-local-chromium.json#BR-admin-home-dark-bgclasses	953d17e53d05ba939f79d8fa03763fef9cd580da	bc5c47f292d00846c106669b09679a6fc36daef6	edf32dfe187a25ee159339c22be2ff4c1c093df4	portals of c0rc, Chrome 155	part15-brand-local-chromium.json (final RC QA, product bc5c47f292d0)	12
FIN-BRL-C-BR-studio-home-light-lockup	BRAND_VISUAL	UNRATED	PASS	REAL_STACK	bc5c47f292d00846c106669b09679a6fc36daef6	2026-10-10	PLAYWRIGHT_CHROMIUM(final-brand.mjs)	-	-	C0RC_REAL_STACK	NO	evidence/final-rc-bc5c47f292d0/part15-brand-local-chromium.json#BR-studio-home-light-lockup	953d17e53d05ba939f79d8fa03763fef9cd580da	bc5c47f292d00846c106669b09679a6fc36daef6	edf32dfe187a25ee159339c22be2ff4c1c093df4	portals of c0rc, Chrome 155	part15-brand-local-chromium.json (final RC QA, product bc5c47f292d0)	12
FIN-BRL-C-BR-studio-home-light-logo	BRAND_VISUAL	UNRATED	PASS	REAL_STACK	bc5c47f292d00846c106669b09679a6fc36daef6	2026-10-10	PLAYWRIGHT_CHROMIUM(final-brand.mjs)	-	-	C0RC_REAL_STACK	NO	evidence/final-rc-bc5c47f292d0/part15-brand-local-chromium.json#BR-studio-home-light-logo	953d17e53d05ba939f79d8fa03763fef9cd580da	bc5c47f292d00846c106669b09679a6fc36daef6	edf32dfe187a25ee159339c22be2ff4c1c093df4	portals of c0rc, Chrome 155	part15-brand-local-chromium.json (final RC QA, product bc5c47f292d0)	12
FIN-BRL-C-BR-studio-home-light-legacy	BRAND_VISUAL	UNRATED	PASS	REAL_STACK	bc5c47f292d00846c106669b09679a6fc36daef6	2026-10-10	PLAYWRIGHT_CHROMIUM(final-brand.mjs)	-	-	C0RC_REAL_STACK	NO	evidence/final-rc-bc5c47f292d0/part15-brand-local-chromium.json#BR-studio-home-light-legacy	953d17e53d05ba939f79d8fa03763fef9cd580da	bc5c47f292d00846c106669b09679a6fc36daef6	edf32dfe187a25ee159339c22be2ff4c1c093df4	portals of c0rc, Chrome 155	part15-brand-local-chromium.json (final RC QA, product bc5c47f292d0)	12
FIN-BRL-C-BR-studio-home-light-bgclasses	BRAND_VISUAL	UNRATED	BLOCKED	REAL_STACK	bc5c47f292d00846c106669b09679a6fc36daef6	2026-10-10	PLAYWRIGHT_CHROMIUM(final-brand.mjs)	-	-	C0RC_REAL_STACK	YES	evidence/final-rc-bc5c47f292d0/part15-brand-local-chromium.json#BR-studio-home-light-bgclasses	953d17e53d05ba939f79d8fa03763fef9cd580da	bc5c47f292d00846c106669b09679a6fc36daef6	edf32dfe187a25ee159339c22be2ff4c1c093df4	portals of c0rc, Chrome 155	part15-brand-local-chromium.json (final RC QA, product bc5c47f292d0)	12
FIN-BRL-C-BR-studio-home-dark-lockup	BRAND_VISUAL	UNRATED	PASS	REAL_STACK	bc5c47f292d00846c106669b09679a6fc36daef6	2026-10-10	PLAYWRIGHT_CHROMIUM(final-brand.mjs)	-	-	C0RC_REAL_STACK	NO	evidence/final-rc-bc5c47f292d0/part15-brand-local-chromium.json#BR-studio-home-dark-lockup	953d17e53d05ba939f79d8fa03763fef9cd580da	bc5c47f292d00846c106669b09679a6fc36daef6	edf32dfe187a25ee159339c22be2ff4c1c093df4	portals of c0rc, Chrome 155	part15-brand-local-chromium.json (final RC QA, product bc5c47f292d0)	12
FIN-BRL-C-BR-studio-home-dark-logo	BRAND_VISUAL	UNRATED	PASS	REAL_STACK	bc5c47f292d00846c106669b09679a6fc36daef6	2026-10-10	PLAYWRIGHT_CHROMIUM(final-brand.mjs)	-	-	C0RC_REAL_STACK	NO	evidence/final-rc-bc5c47f292d0/part15-brand-local-chromium.json#BR-studio-home-dark-logo	953d17e53d05ba939f79d8fa03763fef9cd580da	bc5c47f292d00846c106669b09679a6fc36daef6	edf32dfe187a25ee159339c22be2ff4c1c093df4	portals of c0rc, Chrome 155	part15-brand-local-chromium.json (final RC QA, product bc5c47f292d0)	12
FIN-BRL-C-BR-studio-home-dark-legacy	BRAND_VISUAL	UNRATED	PASS	REAL_STACK	bc5c47f292d00846c106669b09679a6fc36daef6	2026-10-10	PLAYWRIGHT_CHROMIUM(final-brand.mjs)	-	-	C0RC_REAL_STACK	NO	evidence/final-rc-bc5c47f292d0/part15-brand-local-chromium.json#BR-studio-home-dark-legacy	953d17e53d05ba939f79d8fa03763fef9cd580da	bc5c47f292d00846c106669b09679a6fc36daef6	edf32dfe187a25ee159339c22be2ff4c1c093df4	portals of c0rc, Chrome 155	part15-brand-local-chromium.json (final RC QA, product bc5c47f292d0)	12
FIN-BRL-C-BR-studio-home-dark-bgclasses	BRAND_VISUAL	UNRATED	BLOCKED	REAL_STACK	bc5c47f292d00846c106669b09679a6fc36daef6	2026-10-10	PLAYWRIGHT_CHROMIUM(final-brand.mjs)	-	-	C0RC_REAL_STACK	YES	evidence/final-rc-bc5c47f292d0/part15-brand-local-chromium.json#BR-studio-home-dark-bgclasses	953d17e53d05ba939f79d8fa03763fef9cd580da	bc5c47f292d00846c106669b09679a6fc36daef6	edf32dfe187a25ee159339c22be2ff4c1c093df4	portals of c0rc, Chrome 155	part15-brand-local-chromium.json (final RC QA, product bc5c47f292d0)	12
FIN-BRL-W-BR-platform-login-light-1440-title	BRAND_VISUAL	UNRATED	PASS	REAL_STACK	bc5c47f292d00846c106669b09679a6fc36daef6	2026-10-10	PLAYWRIGHT_WEBKIT(final-brand.mjs)	-	-	C0RC_REAL_STACK	NO	evidence/final-rc-bc5c47f292d0/part15-brand-local-webkit.json#BR-platform-login-light-1440-title	953d17e53d05ba939f79d8fa03763fef9cd580da	bc5c47f292d00846c106669b09679a6fc36daef6	edf32dfe187a25ee159339c22be2ff4c1c093df4	portals of c0rc, Playwright WebKit (not Safari)	part15-brand-local-webkit.json (final RC QA, product bc5c47f292d0)	12
FIN-BRL-W-BR-platform-login-light-1440-legacy	BRAND_VISUAL	UNRATED	PASS	REAL_STACK	bc5c47f292d00846c106669b09679a6fc36daef6	2026-10-10	PLAYWRIGHT_WEBKIT(final-brand.mjs)	-	-	C0RC_REAL_STACK	NO	evidence/final-rc-bc5c47f292d0/part15-brand-local-webkit.json#BR-platform-login-light-1440-legacy	953d17e53d05ba939f79d8fa03763fef9cd580da	bc5c47f292d00846c106669b09679a6fc36daef6	edf32dfe187a25ee159339c22be2ff4c1c093df4	portals of c0rc, Playwright WebKit (not Safari)	part15-brand-local-webkit.json (final RC QA, product bc5c47f292d0)	12
FIN-BRL-W-BR-platform-login-light-1440-primary	BRAND_VISUAL	UNRATED	PASS	REAL_STACK	bc5c47f292d00846c106669b09679a6fc36daef6	2026-10-10	PLAYWRIGHT_WEBKIT(final-brand.mjs)	-	-	C0RC_REAL_STACK	NO	evidence/final-rc-bc5c47f292d0/part15-brand-local-webkit.json#BR-platform-login-light-1440-primary	953d17e53d05ba939f79d8fa03763fef9cd580da	bc5c47f292d00846c106669b09679a6fc36daef6	edf32dfe187a25ee159339c22be2ff4c1c093df4	portals of c0rc, Playwright WebKit (not Safari)	part15-brand-local-webkit.json (final RC QA, product bc5c47f292d0)	12
FIN-BRL-W-BR-platform-login-light-1440-extfont	BRAND_VISUAL	UNRATED	PASS	REAL_STACK	bc5c47f292d00846c106669b09679a6fc36daef6	2026-10-10	PLAYWRIGHT_WEBKIT(final-brand.mjs)	-	-	C0RC_REAL_STACK	NO	evidence/final-rc-bc5c47f292d0/part15-brand-local-webkit.json#BR-platform-login-light-1440-extfont	953d17e53d05ba939f79d8fa03763fef9cd580da	bc5c47f292d00846c106669b09679a6fc36daef6	edf32dfe187a25ee159339c22be2ff4c1c093df4	portals of c0rc, Playwright WebKit (not Safari)	part15-brand-local-webkit.json (final RC QA, product bc5c47f292d0)	12
FIN-BRL-W-BR-platform-login-light-1440-fontstack	BRAND_VISUAL	UNRATED	PASS	REAL_STACK	bc5c47f292d00846c106669b09679a6fc36daef6	2026-10-10	PLAYWRIGHT_WEBKIT(final-brand.mjs)	-	-	C0RC_REAL_STACK	NO	evidence/final-rc-bc5c47f292d0/part15-brand-local-webkit.json#BR-platform-login-light-1440-fontstack	953d17e53d05ba939f79d8fa03763fef9cd580da	bc5c47f292d00846c106669b09679a6fc36daef6	edf32dfe187a25ee159339c22be2ff4c1c093df4	portals of c0rc, Playwright WebKit (not Safari)	part15-brand-local-webkit.json (final RC QA, product bc5c47f292d0)	12
FIN-BRL-W-BR-platform-login-light-1440-icons	BRAND_VISUAL	UNRATED	PASS	REAL_STACK	bc5c47f292d00846c106669b09679a6fc36daef6	2026-10-10	PLAYWRIGHT_WEBKIT(final-brand.mjs)	-	-	C0RC_REAL_STACK	NO	evidence/final-rc-bc5c47f292d0/part15-brand-local-webkit.json#BR-platform-login-light-1440-icons	953d17e53d05ba939f79d8fa03763fef9cd580da	bc5c47f292d00846c106669b09679a6fc36daef6	edf32dfe187a25ee159339c22be2ff4c1c093df4	portals of c0rc, Playwright WebKit (not Safari)	part15-brand-local-webkit.json (final RC QA, product bc5c47f292d0)	12
FIN-BRL-W-BR-platform-login-light-1440-logo	BRAND_VISUAL	UNRATED	PASS	REAL_STACK	bc5c47f292d00846c106669b09679a6fc36daef6	2026-10-10	PLAYWRIGHT_WEBKIT(final-brand.mjs)	-	-	C0RC_REAL_STACK	NO	evidence/final-rc-bc5c47f292d0/part15-brand-local-webkit.json#BR-platform-login-light-1440-logo	953d17e53d05ba939f79d8fa03763fef9cd580da	bc5c47f292d00846c106669b09679a6fc36daef6	edf32dfe187a25ee159339c22be2ff4c1c093df4	portals of c0rc, Playwright WebKit (not Safari)	part15-brand-local-webkit.json (final RC QA, product bc5c47f292d0)	12
FIN-BRL-W-BR-platform-login-light-1440-bg	BRAND_VISUAL	UNRATED	PASS	REAL_STACK	bc5c47f292d00846c106669b09679a6fc36daef6	2026-10-10	PLAYWRIGHT_WEBKIT(final-brand.mjs)	-	-	C0RC_REAL_STACK	NO	evidence/final-rc-bc5c47f292d0/part15-brand-local-webkit.json#BR-platform-login-light-1440-bg	953d17e53d05ba939f79d8fa03763fef9cd580da	bc5c47f292d00846c106669b09679a6fc36daef6	edf32dfe187a25ee159339c22be2ff4c1c093df4	portals of c0rc, Playwright WebKit (not Safari)	part15-brand-local-webkit.json (final RC QA, product bc5c47f292d0)	12
FIN-BRL-W-BR-platform-login-light-390-logo	BRAND_VISUAL	UNRATED	PASS	REAL_STACK	bc5c47f292d00846c106669b09679a6fc36daef6	2026-10-10	PLAYWRIGHT_WEBKIT(final-brand.mjs)	-	-	C0RC_REAL_STACK	NO	evidence/final-rc-bc5c47f292d0/part15-brand-local-webkit.json#BR-platform-login-light-390-logo	953d17e53d05ba939f79d8fa03763fef9cd580da	bc5c47f292d00846c106669b09679a6fc36daef6	edf32dfe187a25ee159339c22be2ff4c1c093df4	portals of c0rc, Playwright WebKit (not Safari)	part15-brand-local-webkit.json (final RC QA, product bc5c47f292d0)	12
FIN-BRL-W-BR-platform-login-light-390-bg	BRAND_VISUAL	UNRATED	PASS	REAL_STACK	bc5c47f292d00846c106669b09679a6fc36daef6	2026-10-10	PLAYWRIGHT_WEBKIT(final-brand.mjs)	-	-	C0RC_REAL_STACK	NO	evidence/final-rc-bc5c47f292d0/part15-brand-local-webkit.json#BR-platform-login-light-390-bg	953d17e53d05ba939f79d8fa03763fef9cd580da	bc5c47f292d00846c106669b09679a6fc36daef6	edf32dfe187a25ee159339c22be2ff4c1c093df4	portals of c0rc, Playwright WebKit (not Safari)	part15-brand-local-webkit.json (final RC QA, product bc5c47f292d0)	12
FIN-BRL-W-BR-platform-login-dark-1440-logo	BRAND_VISUAL	UNRATED	PASS	REAL_STACK	bc5c47f292d00846c106669b09679a6fc36daef6	2026-10-10	PLAYWRIGHT_WEBKIT(final-brand.mjs)	-	-	C0RC_REAL_STACK	NO	evidence/final-rc-bc5c47f292d0/part15-brand-local-webkit.json#BR-platform-login-dark-1440-logo	953d17e53d05ba939f79d8fa03763fef9cd580da	bc5c47f292d00846c106669b09679a6fc36daef6	edf32dfe187a25ee159339c22be2ff4c1c093df4	portals of c0rc, Playwright WebKit (not Safari)	part15-brand-local-webkit.json (final RC QA, product bc5c47f292d0)	12
FIN-BRL-W-BR-platform-login-dark-1440-bg	BRAND_VISUAL	UNRATED	PASS	REAL_STACK	bc5c47f292d00846c106669b09679a6fc36daef6	2026-10-10	PLAYWRIGHT_WEBKIT(final-brand.mjs)	-	-	C0RC_REAL_STACK	NO	evidence/final-rc-bc5c47f292d0/part15-brand-local-webkit.json#BR-platform-login-dark-1440-bg	953d17e53d05ba939f79d8fa03763fef9cd580da	bc5c47f292d00846c106669b09679a6fc36daef6	edf32dfe187a25ee159339c22be2ff4c1c093df4	portals of c0rc, Playwright WebKit (not Safari)	part15-brand-local-webkit.json (final RC QA, product bc5c47f292d0)	12
FIN-BRL-W-BR-platform-login-dark-390-logo	BRAND_VISUAL	UNRATED	PASS	REAL_STACK	bc5c47f292d00846c106669b09679a6fc36daef6	2026-10-10	PLAYWRIGHT_WEBKIT(final-brand.mjs)	-	-	C0RC_REAL_STACK	NO	evidence/final-rc-bc5c47f292d0/part15-brand-local-webkit.json#BR-platform-login-dark-390-logo	953d17e53d05ba939f79d8fa03763fef9cd580da	bc5c47f292d00846c106669b09679a6fc36daef6	edf32dfe187a25ee159339c22be2ff4c1c093df4	portals of c0rc, Playwright WebKit (not Safari)	part15-brand-local-webkit.json (final RC QA, product bc5c47f292d0)	12
FIN-BRL-W-BR-platform-login-dark-390-bg	BRAND_VISUAL	UNRATED	PASS	REAL_STACK	bc5c47f292d00846c106669b09679a6fc36daef6	2026-10-10	PLAYWRIGHT_WEBKIT(final-brand.mjs)	-	-	C0RC_REAL_STACK	NO	evidence/final-rc-bc5c47f292d0/part15-brand-local-webkit.json#BR-platform-login-dark-390-bg	953d17e53d05ba939f79d8fa03763fef9cd580da	bc5c47f292d00846c106669b09679a6fc36daef6	edf32dfe187a25ee159339c22be2ff4c1c093df4	portals of c0rc, Playwright WebKit (not Safari)	part15-brand-local-webkit.json (final RC QA, product bc5c47f292d0)	12
FIN-BRL-W-BR-platform-icon-icon	BRAND_VISUAL	UNRATED	PASS	REAL_STACK	bc5c47f292d00846c106669b09679a6fc36daef6	2026-10-10	PLAYWRIGHT_WEBKIT(final-brand.mjs)	-	-	C0RC_REAL_STACK	NO	evidence/final-rc-bc5c47f292d0/part15-brand-local-webkit.json#BR-platform-icon-icon	953d17e53d05ba939f79d8fa03763fef9cd580da	bc5c47f292d00846c106669b09679a6fc36daef6	edf32dfe187a25ee159339c22be2ff4c1c093df4	portals of c0rc, Playwright WebKit (not Safari)	part15-brand-local-webkit.json (final RC QA, product bc5c47f292d0)	12
FIN-BRL-W-BR-platform-icon-apple-touch-icon	BRAND_VISUAL	UNRATED	PASS	REAL_STACK	bc5c47f292d00846c106669b09679a6fc36daef6	2026-10-10	PLAYWRIGHT_WEBKIT(final-brand.mjs)	-	-	C0RC_REAL_STACK	NO	evidence/final-rc-bc5c47f292d0/part15-brand-local-webkit.json#BR-platform-icon-apple-touch-icon	953d17e53d05ba939f79d8fa03763fef9cd580da	bc5c47f292d00846c106669b09679a6fc36daef6	edf32dfe187a25ee159339c22be2ff4c1c093df4	portals of c0rc, Playwright WebKit (not Safari)	part15-brand-local-webkit.json (final RC QA, product bc5c47f292d0)	12
FIN-BRL-W-BR-admin-login-light-1440-title	BRAND_VISUAL	UNRATED	PASS	REAL_STACK	bc5c47f292d00846c106669b09679a6fc36daef6	2026-10-10	PLAYWRIGHT_WEBKIT(final-brand.mjs)	-	-	C0RC_REAL_STACK	NO	evidence/final-rc-bc5c47f292d0/part15-brand-local-webkit.json#BR-admin-login-light-1440-title	953d17e53d05ba939f79d8fa03763fef9cd580da	bc5c47f292d00846c106669b09679a6fc36daef6	edf32dfe187a25ee159339c22be2ff4c1c093df4	portals of c0rc, Playwright WebKit (not Safari)	part15-brand-local-webkit.json (final RC QA, product bc5c47f292d0)	12
FIN-BRL-W-BR-admin-login-light-1440-legacy	BRAND_VISUAL	UNRATED	PASS	REAL_STACK	bc5c47f292d00846c106669b09679a6fc36daef6	2026-10-10	PLAYWRIGHT_WEBKIT(final-brand.mjs)	-	-	C0RC_REAL_STACK	NO	evidence/final-rc-bc5c47f292d0/part15-brand-local-webkit.json#BR-admin-login-light-1440-legacy	953d17e53d05ba939f79d8fa03763fef9cd580da	bc5c47f292d00846c106669b09679a6fc36daef6	edf32dfe187a25ee159339c22be2ff4c1c093df4	portals of c0rc, Playwright WebKit (not Safari)	part15-brand-local-webkit.json (final RC QA, product bc5c47f292d0)	12
FIN-BRL-W-BR-admin-login-light-1440-primary	BRAND_VISUAL	UNRATED	PASS	REAL_STACK	bc5c47f292d00846c106669b09679a6fc36daef6	2026-10-10	PLAYWRIGHT_WEBKIT(final-brand.mjs)	-	-	C0RC_REAL_STACK	NO	evidence/final-rc-bc5c47f292d0/part15-brand-local-webkit.json#BR-admin-login-light-1440-primary	953d17e53d05ba939f79d8fa03763fef9cd580da	bc5c47f292d00846c106669b09679a6fc36daef6	edf32dfe187a25ee159339c22be2ff4c1c093df4	portals of c0rc, Playwright WebKit (not Safari)	part15-brand-local-webkit.json (final RC QA, product bc5c47f292d0)	12
FIN-BRL-W-BR-admin-login-light-1440-extfont	BRAND_VISUAL	UNRATED	PASS	REAL_STACK	bc5c47f292d00846c106669b09679a6fc36daef6	2026-10-10	PLAYWRIGHT_WEBKIT(final-brand.mjs)	-	-	C0RC_REAL_STACK	NO	evidence/final-rc-bc5c47f292d0/part15-brand-local-webkit.json#BR-admin-login-light-1440-extfont	953d17e53d05ba939f79d8fa03763fef9cd580da	bc5c47f292d00846c106669b09679a6fc36daef6	edf32dfe187a25ee159339c22be2ff4c1c093df4	portals of c0rc, Playwright WebKit (not Safari)	part15-brand-local-webkit.json (final RC QA, product bc5c47f292d0)	12
FIN-BRL-W-BR-admin-login-light-1440-fontstack	BRAND_VISUAL	UNRATED	PASS	REAL_STACK	bc5c47f292d00846c106669b09679a6fc36daef6	2026-10-10	PLAYWRIGHT_WEBKIT(final-brand.mjs)	-	-	C0RC_REAL_STACK	NO	evidence/final-rc-bc5c47f292d0/part15-brand-local-webkit.json#BR-admin-login-light-1440-fontstack	953d17e53d05ba939f79d8fa03763fef9cd580da	bc5c47f292d00846c106669b09679a6fc36daef6	edf32dfe187a25ee159339c22be2ff4c1c093df4	portals of c0rc, Playwright WebKit (not Safari)	part15-brand-local-webkit.json (final RC QA, product bc5c47f292d0)	12
FIN-BRL-W-BR-admin-login-light-1440-icons	BRAND_VISUAL	UNRATED	PASS	REAL_STACK	bc5c47f292d00846c106669b09679a6fc36daef6	2026-10-10	PLAYWRIGHT_WEBKIT(final-brand.mjs)	-	-	C0RC_REAL_STACK	NO	evidence/final-rc-bc5c47f292d0/part15-brand-local-webkit.json#BR-admin-login-light-1440-icons	953d17e53d05ba939f79d8fa03763fef9cd580da	bc5c47f292d00846c106669b09679a6fc36daef6	edf32dfe187a25ee159339c22be2ff4c1c093df4	portals of c0rc, Playwright WebKit (not Safari)	part15-brand-local-webkit.json (final RC QA, product bc5c47f292d0)	12
FIN-BRL-W-BR-admin-login-light-1440-logo	BRAND_VISUAL	UNRATED	PASS	REAL_STACK	bc5c47f292d00846c106669b09679a6fc36daef6	2026-10-10	PLAYWRIGHT_WEBKIT(final-brand.mjs)	-	-	C0RC_REAL_STACK	NO	evidence/final-rc-bc5c47f292d0/part15-brand-local-webkit.json#BR-admin-login-light-1440-logo	953d17e53d05ba939f79d8fa03763fef9cd580da	bc5c47f292d00846c106669b09679a6fc36daef6	edf32dfe187a25ee159339c22be2ff4c1c093df4	portals of c0rc, Playwright WebKit (not Safari)	part15-brand-local-webkit.json (final RC QA, product bc5c47f292d0)	12
FIN-BRL-W-BR-admin-login-light-1440-bg	BRAND_VISUAL	UNRATED	PASS	REAL_STACK	bc5c47f292d00846c106669b09679a6fc36daef6	2026-10-10	PLAYWRIGHT_WEBKIT(final-brand.mjs)	-	-	C0RC_REAL_STACK	NO	evidence/final-rc-bc5c47f292d0/part15-brand-local-webkit.json#BR-admin-login-light-1440-bg	953d17e53d05ba939f79d8fa03763fef9cd580da	bc5c47f292d00846c106669b09679a6fc36daef6	edf32dfe187a25ee159339c22be2ff4c1c093df4	portals of c0rc, Playwright WebKit (not Safari)	part15-brand-local-webkit.json (final RC QA, product bc5c47f292d0)	12
FIN-BRL-W-BR-admin-login-light-390-logo	BRAND_VISUAL	UNRATED	PASS	REAL_STACK	bc5c47f292d00846c106669b09679a6fc36daef6	2026-10-10	PLAYWRIGHT_WEBKIT(final-brand.mjs)	-	-	C0RC_REAL_STACK	NO	evidence/final-rc-bc5c47f292d0/part15-brand-local-webkit.json#BR-admin-login-light-390-logo	953d17e53d05ba939f79d8fa03763fef9cd580da	bc5c47f292d00846c106669b09679a6fc36daef6	edf32dfe187a25ee159339c22be2ff4c1c093df4	portals of c0rc, Playwright WebKit (not Safari)	part15-brand-local-webkit.json (final RC QA, product bc5c47f292d0)	12
FIN-BRL-W-BR-admin-login-light-390-bg	BRAND_VISUAL	UNRATED	PASS	REAL_STACK	bc5c47f292d00846c106669b09679a6fc36daef6	2026-10-10	PLAYWRIGHT_WEBKIT(final-brand.mjs)	-	-	C0RC_REAL_STACK	NO	evidence/final-rc-bc5c47f292d0/part15-brand-local-webkit.json#BR-admin-login-light-390-bg	953d17e53d05ba939f79d8fa03763fef9cd580da	bc5c47f292d00846c106669b09679a6fc36daef6	edf32dfe187a25ee159339c22be2ff4c1c093df4	portals of c0rc, Playwright WebKit (not Safari)	part15-brand-local-webkit.json (final RC QA, product bc5c47f292d0)	12
FIN-BRL-W-BR-admin-login-dark-1440-logo	BRAND_VISUAL	UNRATED	PASS	REAL_STACK	bc5c47f292d00846c106669b09679a6fc36daef6	2026-10-10	PLAYWRIGHT_WEBKIT(final-brand.mjs)	-	-	C0RC_REAL_STACK	NO	evidence/final-rc-bc5c47f292d0/part15-brand-local-webkit.json#BR-admin-login-dark-1440-logo	953d17e53d05ba939f79d8fa03763fef9cd580da	bc5c47f292d00846c106669b09679a6fc36daef6	edf32dfe187a25ee159339c22be2ff4c1c093df4	portals of c0rc, Playwright WebKit (not Safari)	part15-brand-local-webkit.json (final RC QA, product bc5c47f292d0)	12
FIN-BRL-W-BR-admin-login-dark-1440-bg	BRAND_VISUAL	UNRATED	PASS	REAL_STACK	bc5c47f292d00846c106669b09679a6fc36daef6	2026-10-10	PLAYWRIGHT_WEBKIT(final-brand.mjs)	-	-	C0RC_REAL_STACK	NO	evidence/final-rc-bc5c47f292d0/part15-brand-local-webkit.json#BR-admin-login-dark-1440-bg	953d17e53d05ba939f79d8fa03763fef9cd580da	bc5c47f292d00846c106669b09679a6fc36daef6	edf32dfe187a25ee159339c22be2ff4c1c093df4	portals of c0rc, Playwright WebKit (not Safari)	part15-brand-local-webkit.json (final RC QA, product bc5c47f292d0)	12
FIN-BRL-W-BR-admin-login-dark-390-logo	BRAND_VISUAL	UNRATED	PASS	REAL_STACK	bc5c47f292d00846c106669b09679a6fc36daef6	2026-10-10	PLAYWRIGHT_WEBKIT(final-brand.mjs)	-	-	C0RC_REAL_STACK	NO	evidence/final-rc-bc5c47f292d0/part15-brand-local-webkit.json#BR-admin-login-dark-390-logo	953d17e53d05ba939f79d8fa03763fef9cd580da	bc5c47f292d00846c106669b09679a6fc36daef6	edf32dfe187a25ee159339c22be2ff4c1c093df4	portals of c0rc, Playwright WebKit (not Safari)	part15-brand-local-webkit.json (final RC QA, product bc5c47f292d0)	12
FIN-BRL-W-BR-admin-login-dark-390-bg	BRAND_VISUAL	UNRATED	PASS	REAL_STACK	bc5c47f292d00846c106669b09679a6fc36daef6	2026-10-10	PLAYWRIGHT_WEBKIT(final-brand.mjs)	-	-	C0RC_REAL_STACK	NO	evidence/final-rc-bc5c47f292d0/part15-brand-local-webkit.json#BR-admin-login-dark-390-bg	953d17e53d05ba939f79d8fa03763fef9cd580da	bc5c47f292d00846c106669b09679a6fc36daef6	edf32dfe187a25ee159339c22be2ff4c1c093df4	portals of c0rc, Playwright WebKit (not Safari)	part15-brand-local-webkit.json (final RC QA, product bc5c47f292d0)	12
FIN-BRL-W-BR-admin-icon-icon	BRAND_VISUAL	UNRATED	PASS	REAL_STACK	bc5c47f292d00846c106669b09679a6fc36daef6	2026-10-10	PLAYWRIGHT_WEBKIT(final-brand.mjs)	-	-	C0RC_REAL_STACK	NO	evidence/final-rc-bc5c47f292d0/part15-brand-local-webkit.json#BR-admin-icon-icon	953d17e53d05ba939f79d8fa03763fef9cd580da	bc5c47f292d00846c106669b09679a6fc36daef6	edf32dfe187a25ee159339c22be2ff4c1c093df4	portals of c0rc, Playwright WebKit (not Safari)	part15-brand-local-webkit.json (final RC QA, product bc5c47f292d0)	12
FIN-BRL-W-BR-admin-icon-apple-touch-icon	BRAND_VISUAL	UNRATED	PASS	REAL_STACK	bc5c47f292d00846c106669b09679a6fc36daef6	2026-10-10	PLAYWRIGHT_WEBKIT(final-brand.mjs)	-	-	C0RC_REAL_STACK	NO	evidence/final-rc-bc5c47f292d0/part15-brand-local-webkit.json#BR-admin-icon-apple-touch-icon	953d17e53d05ba939f79d8fa03763fef9cd580da	bc5c47f292d00846c106669b09679a6fc36daef6	edf32dfe187a25ee159339c22be2ff4c1c093df4	portals of c0rc, Playwright WebKit (not Safari)	part15-brand-local-webkit.json (final RC QA, product bc5c47f292d0)	12
FIN-BRL-W-BR-studio-login-light-1440-title	BRAND_VISUAL	UNRATED	PASS	REAL_STACK	bc5c47f292d00846c106669b09679a6fc36daef6	2026-10-10	PLAYWRIGHT_WEBKIT(final-brand.mjs)	-	-	C0RC_REAL_STACK	NO	evidence/final-rc-bc5c47f292d0/part15-brand-local-webkit.json#BR-studio-login-light-1440-title	953d17e53d05ba939f79d8fa03763fef9cd580da	bc5c47f292d00846c106669b09679a6fc36daef6	edf32dfe187a25ee159339c22be2ff4c1c093df4	portals of c0rc, Playwright WebKit (not Safari)	part15-brand-local-webkit.json (final RC QA, product bc5c47f292d0)	12
FIN-BRL-W-BR-studio-login-light-1440-legacy	BRAND_VISUAL	UNRATED	PASS	REAL_STACK	bc5c47f292d00846c106669b09679a6fc36daef6	2026-10-10	PLAYWRIGHT_WEBKIT(final-brand.mjs)	-	-	C0RC_REAL_STACK	NO	evidence/final-rc-bc5c47f292d0/part15-brand-local-webkit.json#BR-studio-login-light-1440-legacy	953d17e53d05ba939f79d8fa03763fef9cd580da	bc5c47f292d00846c106669b09679a6fc36daef6	edf32dfe187a25ee159339c22be2ff4c1c093df4	portals of c0rc, Playwright WebKit (not Safari)	part15-brand-local-webkit.json (final RC QA, product bc5c47f292d0)	12
FIN-BRL-W-BR-studio-login-light-1440-primary	BRAND_VISUAL	UNRATED	PASS	REAL_STACK	bc5c47f292d00846c106669b09679a6fc36daef6	2026-10-10	PLAYWRIGHT_WEBKIT(final-brand.mjs)	-	-	C0RC_REAL_STACK	NO	evidence/final-rc-bc5c47f292d0/part15-brand-local-webkit.json#BR-studio-login-light-1440-primary	953d17e53d05ba939f79d8fa03763fef9cd580da	bc5c47f292d00846c106669b09679a6fc36daef6	edf32dfe187a25ee159339c22be2ff4c1c093df4	portals of c0rc, Playwright WebKit (not Safari)	part15-brand-local-webkit.json (final RC QA, product bc5c47f292d0)	12
FIN-BRL-W-BR-studio-login-light-1440-extfont	BRAND_VISUAL	UNRATED	PASS	REAL_STACK	bc5c47f292d00846c106669b09679a6fc36daef6	2026-10-10	PLAYWRIGHT_WEBKIT(final-brand.mjs)	-	-	C0RC_REAL_STACK	NO	evidence/final-rc-bc5c47f292d0/part15-brand-local-webkit.json#BR-studio-login-light-1440-extfont	953d17e53d05ba939f79d8fa03763fef9cd580da	bc5c47f292d00846c106669b09679a6fc36daef6	edf32dfe187a25ee159339c22be2ff4c1c093df4	portals of c0rc, Playwright WebKit (not Safari)	part15-brand-local-webkit.json (final RC QA, product bc5c47f292d0)	12
FIN-BRL-W-BR-studio-login-light-1440-fontstack	BRAND_VISUAL	UNRATED	PASS	REAL_STACK	bc5c47f292d00846c106669b09679a6fc36daef6	2026-10-10	PLAYWRIGHT_WEBKIT(final-brand.mjs)	-	-	C0RC_REAL_STACK	NO	evidence/final-rc-bc5c47f292d0/part15-brand-local-webkit.json#BR-studio-login-light-1440-fontstack	953d17e53d05ba939f79d8fa03763fef9cd580da	bc5c47f292d00846c106669b09679a6fc36daef6	edf32dfe187a25ee159339c22be2ff4c1c093df4	portals of c0rc, Playwright WebKit (not Safari)	part15-brand-local-webkit.json (final RC QA, product bc5c47f292d0)	12
FIN-BRL-W-BR-studio-login-light-1440-icons	BRAND_VISUAL	UNRATED	PASS	REAL_STACK	bc5c47f292d00846c106669b09679a6fc36daef6	2026-10-10	PLAYWRIGHT_WEBKIT(final-brand.mjs)	-	-	C0RC_REAL_STACK	NO	evidence/final-rc-bc5c47f292d0/part15-brand-local-webkit.json#BR-studio-login-light-1440-icons	953d17e53d05ba939f79d8fa03763fef9cd580da	bc5c47f292d00846c106669b09679a6fc36daef6	edf32dfe187a25ee159339c22be2ff4c1c093df4	portals of c0rc, Playwright WebKit (not Safari)	part15-brand-local-webkit.json (final RC QA, product bc5c47f292d0)	12
FIN-BRL-W-BR-studio-login-light-1440-logo	BRAND_VISUAL	UNRATED	PASS	REAL_STACK	bc5c47f292d00846c106669b09679a6fc36daef6	2026-10-10	PLAYWRIGHT_WEBKIT(final-brand.mjs)	-	-	C0RC_REAL_STACK	NO	evidence/final-rc-bc5c47f292d0/part15-brand-local-webkit.json#BR-studio-login-light-1440-logo	953d17e53d05ba939f79d8fa03763fef9cd580da	bc5c47f292d00846c106669b09679a6fc36daef6	edf32dfe187a25ee159339c22be2ff4c1c093df4	portals of c0rc, Playwright WebKit (not Safari)	part15-brand-local-webkit.json (final RC QA, product bc5c47f292d0)	12
FIN-BRL-W-BR-studio-login-light-1440-bg	BRAND_VISUAL	UNRATED	PASS	REAL_STACK	bc5c47f292d00846c106669b09679a6fc36daef6	2026-10-10	PLAYWRIGHT_WEBKIT(final-brand.mjs)	-	-	C0RC_REAL_STACK	NO	evidence/final-rc-bc5c47f292d0/part15-brand-local-webkit.json#BR-studio-login-light-1440-bg	953d17e53d05ba939f79d8fa03763fef9cd580da	bc5c47f292d00846c106669b09679a6fc36daef6	edf32dfe187a25ee159339c22be2ff4c1c093df4	portals of c0rc, Playwright WebKit (not Safari)	part15-brand-local-webkit.json (final RC QA, product bc5c47f292d0)	12
FIN-BRL-W-BR-studio-login-light-390-logo	BRAND_VISUAL	UNRATED	PASS	REAL_STACK	bc5c47f292d00846c106669b09679a6fc36daef6	2026-10-10	PLAYWRIGHT_WEBKIT(final-brand.mjs)	-	-	C0RC_REAL_STACK	NO	evidence/final-rc-bc5c47f292d0/part15-brand-local-webkit.json#BR-studio-login-light-390-logo	953d17e53d05ba939f79d8fa03763fef9cd580da	bc5c47f292d00846c106669b09679a6fc36daef6	edf32dfe187a25ee159339c22be2ff4c1c093df4	portals of c0rc, Playwright WebKit (not Safari)	part15-brand-local-webkit.json (final RC QA, product bc5c47f292d0)	12
FIN-BRL-W-BR-studio-login-light-390-bg	BRAND_VISUAL	UNRATED	PASS	REAL_STACK	bc5c47f292d00846c106669b09679a6fc36daef6	2026-10-10	PLAYWRIGHT_WEBKIT(final-brand.mjs)	-	-	C0RC_REAL_STACK	NO	evidence/final-rc-bc5c47f292d0/part15-brand-local-webkit.json#BR-studio-login-light-390-bg	953d17e53d05ba939f79d8fa03763fef9cd580da	bc5c47f292d00846c106669b09679a6fc36daef6	edf32dfe187a25ee159339c22be2ff4c1c093df4	portals of c0rc, Playwright WebKit (not Safari)	part15-brand-local-webkit.json (final RC QA, product bc5c47f292d0)	12
FIN-BRL-W-BR-studio-login-dark-1440-logo	BRAND_VISUAL	UNRATED	PASS	REAL_STACK	bc5c47f292d00846c106669b09679a6fc36daef6	2026-10-10	PLAYWRIGHT_WEBKIT(final-brand.mjs)	-	-	C0RC_REAL_STACK	NO	evidence/final-rc-bc5c47f292d0/part15-brand-local-webkit.json#BR-studio-login-dark-1440-logo	953d17e53d05ba939f79d8fa03763fef9cd580da	bc5c47f292d00846c106669b09679a6fc36daef6	edf32dfe187a25ee159339c22be2ff4c1c093df4	portals of c0rc, Playwright WebKit (not Safari)	part15-brand-local-webkit.json (final RC QA, product bc5c47f292d0)	12
FIN-BRL-W-BR-studio-login-dark-1440-bg	BRAND_VISUAL	UNRATED	PASS	REAL_STACK	bc5c47f292d00846c106669b09679a6fc36daef6	2026-10-10	PLAYWRIGHT_WEBKIT(final-brand.mjs)	-	-	C0RC_REAL_STACK	NO	evidence/final-rc-bc5c47f292d0/part15-brand-local-webkit.json#BR-studio-login-dark-1440-bg	953d17e53d05ba939f79d8fa03763fef9cd580da	bc5c47f292d00846c106669b09679a6fc36daef6	edf32dfe187a25ee159339c22be2ff4c1c093df4	portals of c0rc, Playwright WebKit (not Safari)	part15-brand-local-webkit.json (final RC QA, product bc5c47f292d0)	12
FIN-BRL-W-BR-studio-login-dark-390-logo	BRAND_VISUAL	UNRATED	PASS	REAL_STACK	bc5c47f292d00846c106669b09679a6fc36daef6	2026-10-10	PLAYWRIGHT_WEBKIT(final-brand.mjs)	-	-	C0RC_REAL_STACK	NO	evidence/final-rc-bc5c47f292d0/part15-brand-local-webkit.json#BR-studio-login-dark-390-logo	953d17e53d05ba939f79d8fa03763fef9cd580da	bc5c47f292d00846c106669b09679a6fc36daef6	edf32dfe187a25ee159339c22be2ff4c1c093df4	portals of c0rc, Playwright WebKit (not Safari)	part15-brand-local-webkit.json (final RC QA, product bc5c47f292d0)	12
FIN-BRL-W-BR-studio-login-dark-390-bg	BRAND_VISUAL	UNRATED	PASS	REAL_STACK	bc5c47f292d00846c106669b09679a6fc36daef6	2026-10-10	PLAYWRIGHT_WEBKIT(final-brand.mjs)	-	-	C0RC_REAL_STACK	NO	evidence/final-rc-bc5c47f292d0/part15-brand-local-webkit.json#BR-studio-login-dark-390-bg	953d17e53d05ba939f79d8fa03763fef9cd580da	bc5c47f292d00846c106669b09679a6fc36daef6	edf32dfe187a25ee159339c22be2ff4c1c093df4	portals of c0rc, Playwright WebKit (not Safari)	part15-brand-local-webkit.json (final RC QA, product bc5c47f292d0)	12
FIN-BRL-W-BR-studio-icon-icon	BRAND_VISUAL	UNRATED	PASS	REAL_STACK	bc5c47f292d00846c106669b09679a6fc36daef6	2026-10-10	PLAYWRIGHT_WEBKIT(final-brand.mjs)	-	-	C0RC_REAL_STACK	NO	evidence/final-rc-bc5c47f292d0/part15-brand-local-webkit.json#BR-studio-icon-icon	953d17e53d05ba939f79d8fa03763fef9cd580da	bc5c47f292d00846c106669b09679a6fc36daef6	edf32dfe187a25ee159339c22be2ff4c1c093df4	portals of c0rc, Playwright WebKit (not Safari)	part15-brand-local-webkit.json (final RC QA, product bc5c47f292d0)	12
FIN-BRL-W-BR-studio-icon-apple-touch-icon	BRAND_VISUAL	UNRATED	PASS	REAL_STACK	bc5c47f292d00846c106669b09679a6fc36daef6	2026-10-10	PLAYWRIGHT_WEBKIT(final-brand.mjs)	-	-	C0RC_REAL_STACK	NO	evidence/final-rc-bc5c47f292d0/part15-brand-local-webkit.json#BR-studio-icon-apple-touch-icon	953d17e53d05ba939f79d8fa03763fef9cd580da	bc5c47f292d00846c106669b09679a6fc36daef6	edf32dfe187a25ee159339c22be2ff4c1c093df4	portals of c0rc, Playwright WebKit (not Safari)	part15-brand-local-webkit.json (final RC QA, product bc5c47f292d0)	12
FIN-BRL-W-BR-platform-home-light-lockup	BRAND_VISUAL	UNRATED	PASS	REAL_STACK	bc5c47f292d00846c106669b09679a6fc36daef6	2026-10-10	PLAYWRIGHT_WEBKIT(final-brand.mjs)	-	-	C0RC_REAL_STACK	NO	evidence/final-rc-bc5c47f292d0/part15-brand-local-webkit.json#BR-platform-home-light-lockup	953d17e53d05ba939f79d8fa03763fef9cd580da	bc5c47f292d00846c106669b09679a6fc36daef6	edf32dfe187a25ee159339c22be2ff4c1c093df4	portals of c0rc, Playwright WebKit (not Safari)	part15-brand-local-webkit.json (final RC QA, product bc5c47f292d0)	12
FIN-BRL-W-BR-platform-home-light-logo	BRAND_VISUAL	UNRATED	PASS	REAL_STACK	bc5c47f292d00846c106669b09679a6fc36daef6	2026-10-10	PLAYWRIGHT_WEBKIT(final-brand.mjs)	-	-	C0RC_REAL_STACK	NO	evidence/final-rc-bc5c47f292d0/part15-brand-local-webkit.json#BR-platform-home-light-logo	953d17e53d05ba939f79d8fa03763fef9cd580da	bc5c47f292d00846c106669b09679a6fc36daef6	edf32dfe187a25ee159339c22be2ff4c1c093df4	portals of c0rc, Playwright WebKit (not Safari)	part15-brand-local-webkit.json (final RC QA, product bc5c47f292d0)	12
FIN-BRL-W-BR-platform-home-light-legacy	BRAND_VISUAL	UNRATED	PASS	REAL_STACK	bc5c47f292d00846c106669b09679a6fc36daef6	2026-10-10	PLAYWRIGHT_WEBKIT(final-brand.mjs)	-	-	C0RC_REAL_STACK	NO	evidence/final-rc-bc5c47f292d0/part15-brand-local-webkit.json#BR-platform-home-light-legacy	953d17e53d05ba939f79d8fa03763fef9cd580da	bc5c47f292d00846c106669b09679a6fc36daef6	edf32dfe187a25ee159339c22be2ff4c1c093df4	portals of c0rc, Playwright WebKit (not Safari)	part15-brand-local-webkit.json (final RC QA, product bc5c47f292d0)	12
FIN-BRL-W-BR-platform-home-light-bgclasses	BRAND_VISUAL	UNRATED	BLOCKED	REAL_STACK	bc5c47f292d00846c106669b09679a6fc36daef6	2026-10-10	PLAYWRIGHT_WEBKIT(final-brand.mjs)	-	-	C0RC_REAL_STACK	YES	evidence/final-rc-bc5c47f292d0/part15-brand-local-webkit.json#BR-platform-home-light-bgclasses	953d17e53d05ba939f79d8fa03763fef9cd580da	bc5c47f292d00846c106669b09679a6fc36daef6	edf32dfe187a25ee159339c22be2ff4c1c093df4	portals of c0rc, Playwright WebKit (not Safari)	part15-brand-local-webkit.json (final RC QA, product bc5c47f292d0)	12
FIN-BRL-W-BR-platform-home-dark-lockup	BRAND_VISUAL	UNRATED	PASS	REAL_STACK	bc5c47f292d00846c106669b09679a6fc36daef6	2026-10-10	PLAYWRIGHT_WEBKIT(final-brand.mjs)	-	-	C0RC_REAL_STACK	NO	evidence/final-rc-bc5c47f292d0/part15-brand-local-webkit.json#BR-platform-home-dark-lockup	953d17e53d05ba939f79d8fa03763fef9cd580da	bc5c47f292d00846c106669b09679a6fc36daef6	edf32dfe187a25ee159339c22be2ff4c1c093df4	portals of c0rc, Playwright WebKit (not Safari)	part15-brand-local-webkit.json (final RC QA, product bc5c47f292d0)	12
FIN-BRL-W-BR-platform-home-dark-logo	BRAND_VISUAL	UNRATED	PASS	REAL_STACK	bc5c47f292d00846c106669b09679a6fc36daef6	2026-10-10	PLAYWRIGHT_WEBKIT(final-brand.mjs)	-	-	C0RC_REAL_STACK	NO	evidence/final-rc-bc5c47f292d0/part15-brand-local-webkit.json#BR-platform-home-dark-logo	953d17e53d05ba939f79d8fa03763fef9cd580da	bc5c47f292d00846c106669b09679a6fc36daef6	edf32dfe187a25ee159339c22be2ff4c1c093df4	portals of c0rc, Playwright WebKit (not Safari)	part15-brand-local-webkit.json (final RC QA, product bc5c47f292d0)	12
FIN-BRL-W-BR-platform-home-dark-legacy	BRAND_VISUAL	UNRATED	PASS	REAL_STACK	bc5c47f292d00846c106669b09679a6fc36daef6	2026-10-10	PLAYWRIGHT_WEBKIT(final-brand.mjs)	-	-	C0RC_REAL_STACK	NO	evidence/final-rc-bc5c47f292d0/part15-brand-local-webkit.json#BR-platform-home-dark-legacy	953d17e53d05ba939f79d8fa03763fef9cd580da	bc5c47f292d00846c106669b09679a6fc36daef6	edf32dfe187a25ee159339c22be2ff4c1c093df4	portals of c0rc, Playwright WebKit (not Safari)	part15-brand-local-webkit.json (final RC QA, product bc5c47f292d0)	12
FIN-BRL-W-BR-platform-home-dark-bgclasses	BRAND_VISUAL	UNRATED	BLOCKED	REAL_STACK	bc5c47f292d00846c106669b09679a6fc36daef6	2026-10-10	PLAYWRIGHT_WEBKIT(final-brand.mjs)	-	-	C0RC_REAL_STACK	YES	evidence/final-rc-bc5c47f292d0/part15-brand-local-webkit.json#BR-platform-home-dark-bgclasses	953d17e53d05ba939f79d8fa03763fef9cd580da	bc5c47f292d00846c106669b09679a6fc36daef6	edf32dfe187a25ee159339c22be2ff4c1c093df4	portals of c0rc, Playwright WebKit (not Safari)	part15-brand-local-webkit.json (final RC QA, product bc5c47f292d0)	12
FIN-BRL-W-BR-admin-home-light-lockup	BRAND_VISUAL	UNRATED	PASS	REAL_STACK	bc5c47f292d00846c106669b09679a6fc36daef6	2026-10-10	PLAYWRIGHT_WEBKIT(final-brand.mjs)	-	-	C0RC_REAL_STACK	NO	evidence/final-rc-bc5c47f292d0/part15-brand-local-webkit.json#BR-admin-home-light-lockup	953d17e53d05ba939f79d8fa03763fef9cd580da	bc5c47f292d00846c106669b09679a6fc36daef6	edf32dfe187a25ee159339c22be2ff4c1c093df4	portals of c0rc, Playwright WebKit (not Safari)	part15-brand-local-webkit.json (final RC QA, product bc5c47f292d0)	12
FIN-BRL-W-BR-admin-home-light-logo	BRAND_VISUAL	UNRATED	PASS	REAL_STACK	bc5c47f292d00846c106669b09679a6fc36daef6	2026-10-10	PLAYWRIGHT_WEBKIT(final-brand.mjs)	-	-	C0RC_REAL_STACK	NO	evidence/final-rc-bc5c47f292d0/part15-brand-local-webkit.json#BR-admin-home-light-logo	953d17e53d05ba939f79d8fa03763fef9cd580da	bc5c47f292d00846c106669b09679a6fc36daef6	edf32dfe187a25ee159339c22be2ff4c1c093df4	portals of c0rc, Playwright WebKit (not Safari)	part15-brand-local-webkit.json (final RC QA, product bc5c47f292d0)	12
FIN-BRL-W-BR-admin-home-light-legacy	BRAND_VISUAL	UNRATED	PASS	REAL_STACK	bc5c47f292d00846c106669b09679a6fc36daef6	2026-10-10	PLAYWRIGHT_WEBKIT(final-brand.mjs)	-	-	C0RC_REAL_STACK	NO	evidence/final-rc-bc5c47f292d0/part15-brand-local-webkit.json#BR-admin-home-light-legacy	953d17e53d05ba939f79d8fa03763fef9cd580da	bc5c47f292d00846c106669b09679a6fc36daef6	edf32dfe187a25ee159339c22be2ff4c1c093df4	portals of c0rc, Playwright WebKit (not Safari)	part15-brand-local-webkit.json (final RC QA, product bc5c47f292d0)	12
FIN-BRL-W-BR-admin-home-light-bgclasses	BRAND_VISUAL	UNRATED	BLOCKED	REAL_STACK	bc5c47f292d00846c106669b09679a6fc36daef6	2026-10-10	PLAYWRIGHT_WEBKIT(final-brand.mjs)	-	-	C0RC_REAL_STACK	YES	evidence/final-rc-bc5c47f292d0/part15-brand-local-webkit.json#BR-admin-home-light-bgclasses	953d17e53d05ba939f79d8fa03763fef9cd580da	bc5c47f292d00846c106669b09679a6fc36daef6	edf32dfe187a25ee159339c22be2ff4c1c093df4	portals of c0rc, Playwright WebKit (not Safari)	part15-brand-local-webkit.json (final RC QA, product bc5c47f292d0)	12
FIN-BRL-W-BR-admin-home-dark-lockup	BRAND_VISUAL	UNRATED	PASS	REAL_STACK	bc5c47f292d00846c106669b09679a6fc36daef6	2026-10-10	PLAYWRIGHT_WEBKIT(final-brand.mjs)	-	-	C0RC_REAL_STACK	NO	evidence/final-rc-bc5c47f292d0/part15-brand-local-webkit.json#BR-admin-home-dark-lockup	953d17e53d05ba939f79d8fa03763fef9cd580da	bc5c47f292d00846c106669b09679a6fc36daef6	edf32dfe187a25ee159339c22be2ff4c1c093df4	portals of c0rc, Playwright WebKit (not Safari)	part15-brand-local-webkit.json (final RC QA, product bc5c47f292d0)	12
FIN-BRL-W-BR-admin-home-dark-logo	BRAND_VISUAL	UNRATED	PASS	REAL_STACK	bc5c47f292d00846c106669b09679a6fc36daef6	2026-10-10	PLAYWRIGHT_WEBKIT(final-brand.mjs)	-	-	C0RC_REAL_STACK	NO	evidence/final-rc-bc5c47f292d0/part15-brand-local-webkit.json#BR-admin-home-dark-logo	953d17e53d05ba939f79d8fa03763fef9cd580da	bc5c47f292d00846c106669b09679a6fc36daef6	edf32dfe187a25ee159339c22be2ff4c1c093df4	portals of c0rc, Playwright WebKit (not Safari)	part15-brand-local-webkit.json (final RC QA, product bc5c47f292d0)	12
FIN-BRL-W-BR-admin-home-dark-legacy	BRAND_VISUAL	UNRATED	PASS	REAL_STACK	bc5c47f292d00846c106669b09679a6fc36daef6	2026-10-10	PLAYWRIGHT_WEBKIT(final-brand.mjs)	-	-	C0RC_REAL_STACK	NO	evidence/final-rc-bc5c47f292d0/part15-brand-local-webkit.json#BR-admin-home-dark-legacy	953d17e53d05ba939f79d8fa03763fef9cd580da	bc5c47f292d00846c106669b09679a6fc36daef6	edf32dfe187a25ee159339c22be2ff4c1c093df4	portals of c0rc, Playwright WebKit (not Safari)	part15-brand-local-webkit.json (final RC QA, product bc5c47f292d0)	12
FIN-BRL-W-BR-admin-home-dark-bgclasses	BRAND_VISUAL	UNRATED	BLOCKED	REAL_STACK	bc5c47f292d00846c106669b09679a6fc36daef6	2026-10-10	PLAYWRIGHT_WEBKIT(final-brand.mjs)	-	-	C0RC_REAL_STACK	YES	evidence/final-rc-bc5c47f292d0/part15-brand-local-webkit.json#BR-admin-home-dark-bgclasses	953d17e53d05ba939f79d8fa03763fef9cd580da	bc5c47f292d00846c106669b09679a6fc36daef6	edf32dfe187a25ee159339c22be2ff4c1c093df4	portals of c0rc, Playwright WebKit (not Safari)	part15-brand-local-webkit.json (final RC QA, product bc5c47f292d0)	12
FIN-BRL-W-BR-studio-home-light-lockup	BRAND_VISUAL	UNRATED	PASS	REAL_STACK	bc5c47f292d00846c106669b09679a6fc36daef6	2026-10-10	PLAYWRIGHT_WEBKIT(final-brand.mjs)	-	-	C0RC_REAL_STACK	NO	evidence/final-rc-bc5c47f292d0/part15-brand-local-webkit.json#BR-studio-home-light-lockup	953d17e53d05ba939f79d8fa03763fef9cd580da	bc5c47f292d00846c106669b09679a6fc36daef6	edf32dfe187a25ee159339c22be2ff4c1c093df4	portals of c0rc, Playwright WebKit (not Safari)	part15-brand-local-webkit.json (final RC QA, product bc5c47f292d0)	12
FIN-BRL-W-BR-studio-home-light-logo	BRAND_VISUAL	UNRATED	PASS	REAL_STACK	bc5c47f292d00846c106669b09679a6fc36daef6	2026-10-10	PLAYWRIGHT_WEBKIT(final-brand.mjs)	-	-	C0RC_REAL_STACK	NO	evidence/final-rc-bc5c47f292d0/part15-brand-local-webkit.json#BR-studio-home-light-logo	953d17e53d05ba939f79d8fa03763fef9cd580da	bc5c47f292d00846c106669b09679a6fc36daef6	edf32dfe187a25ee159339c22be2ff4c1c093df4	portals of c0rc, Playwright WebKit (not Safari)	part15-brand-local-webkit.json (final RC QA, product bc5c47f292d0)	12
FIN-BRL-W-BR-studio-home-light-legacy	BRAND_VISUAL	UNRATED	PASS	REAL_STACK	bc5c47f292d00846c106669b09679a6fc36daef6	2026-10-10	PLAYWRIGHT_WEBKIT(final-brand.mjs)	-	-	C0RC_REAL_STACK	NO	evidence/final-rc-bc5c47f292d0/part15-brand-local-webkit.json#BR-studio-home-light-legacy	953d17e53d05ba939f79d8fa03763fef9cd580da	bc5c47f292d00846c106669b09679a6fc36daef6	edf32dfe187a25ee159339c22be2ff4c1c093df4	portals of c0rc, Playwright WebKit (not Safari)	part15-brand-local-webkit.json (final RC QA, product bc5c47f292d0)	12
FIN-BRL-W-BR-studio-home-light-bgclasses	BRAND_VISUAL	UNRATED	BLOCKED	REAL_STACK	bc5c47f292d00846c106669b09679a6fc36daef6	2026-10-10	PLAYWRIGHT_WEBKIT(final-brand.mjs)	-	-	C0RC_REAL_STACK	YES	evidence/final-rc-bc5c47f292d0/part15-brand-local-webkit.json#BR-studio-home-light-bgclasses	953d17e53d05ba939f79d8fa03763fef9cd580da	bc5c47f292d00846c106669b09679a6fc36daef6	edf32dfe187a25ee159339c22be2ff4c1c093df4	portals of c0rc, Playwright WebKit (not Safari)	part15-brand-local-webkit.json (final RC QA, product bc5c47f292d0)	12
FIN-BRL-W-BR-studio-home-dark-lockup	BRAND_VISUAL	UNRATED	PASS	REAL_STACK	bc5c47f292d00846c106669b09679a6fc36daef6	2026-10-10	PLAYWRIGHT_WEBKIT(final-brand.mjs)	-	-	C0RC_REAL_STACK	NO	evidence/final-rc-bc5c47f292d0/part15-brand-local-webkit.json#BR-studio-home-dark-lockup	953d17e53d05ba939f79d8fa03763fef9cd580da	bc5c47f292d00846c106669b09679a6fc36daef6	edf32dfe187a25ee159339c22be2ff4c1c093df4	portals of c0rc, Playwright WebKit (not Safari)	part15-brand-local-webkit.json (final RC QA, product bc5c47f292d0)	12
FIN-BRL-W-BR-studio-home-dark-logo	BRAND_VISUAL	UNRATED	PASS	REAL_STACK	bc5c47f292d00846c106669b09679a6fc36daef6	2026-10-10	PLAYWRIGHT_WEBKIT(final-brand.mjs)	-	-	C0RC_REAL_STACK	NO	evidence/final-rc-bc5c47f292d0/part15-brand-local-webkit.json#BR-studio-home-dark-logo	953d17e53d05ba939f79d8fa03763fef9cd580da	bc5c47f292d00846c106669b09679a6fc36daef6	edf32dfe187a25ee159339c22be2ff4c1c093df4	portals of c0rc, Playwright WebKit (not Safari)	part15-brand-local-webkit.json (final RC QA, product bc5c47f292d0)	12
FIN-BRL-W-BR-studio-home-dark-legacy	BRAND_VISUAL	UNRATED	PASS	REAL_STACK	bc5c47f292d00846c106669b09679a6fc36daef6	2026-10-10	PLAYWRIGHT_WEBKIT(final-brand.mjs)	-	-	C0RC_REAL_STACK	NO	evidence/final-rc-bc5c47f292d0/part15-brand-local-webkit.json#BR-studio-home-dark-legacy	953d17e53d05ba939f79d8fa03763fef9cd580da	bc5c47f292d00846c106669b09679a6fc36daef6	edf32dfe187a25ee159339c22be2ff4c1c093df4	portals of c0rc, Playwright WebKit (not Safari)	part15-brand-local-webkit.json (final RC QA, product bc5c47f292d0)	12
FIN-BRL-W-BR-studio-home-dark-bgclasses	BRAND_VISUAL	UNRATED	BLOCKED	REAL_STACK	bc5c47f292d00846c106669b09679a6fc36daef6	2026-10-10	PLAYWRIGHT_WEBKIT(final-brand.mjs)	-	-	C0RC_REAL_STACK	YES	evidence/final-rc-bc5c47f292d0/part15-brand-local-webkit.json#BR-studio-home-dark-bgclasses	953d17e53d05ba939f79d8fa03763fef9cd580da	bc5c47f292d00846c106669b09679a6fc36daef6	edf32dfe187a25ee159339c22be2ff4c1c093df4	portals of c0rc, Playwright WebKit (not Safari)	part15-brand-local-webkit.json (final RC QA, product bc5c47f292d0)	12
FIN-BRP-C-BR-platform-login-light-1440-title	BRAND_VISUAL_PUBLIC	UNRATED	PASS	REAL_STACK	bc5c47f292d00846c106669b09679a6fc36daef6	2026-10-10	PLAYWRIGHT_CHROMIUM(final-brand.mjs)	-	-	PUBLIC_PORTALS	NO	evidence/final-rc-bc5c47f292d0/part15-brand-public-chromium.json#BR-platform-login-light-1440-title	NA(public portals only)	bc5c47f292d00846c106669b09679a6fc36daef6	edf32dfe187a25ee159339c22be2ff4c1c093df4	public portals platform|admin|studio.toolsmcp.uk (visual/deployment proof only)	part15-brand-public-chromium.json (final RC QA, product bc5c47f292d0)	12
FIN-BRP-C-BR-platform-login-light-1440-legacy	BRAND_VISUAL_PUBLIC	UNRATED	PASS	REAL_STACK	bc5c47f292d00846c106669b09679a6fc36daef6	2026-10-10	PLAYWRIGHT_CHROMIUM(final-brand.mjs)	-	-	PUBLIC_PORTALS	NO	evidence/final-rc-bc5c47f292d0/part15-brand-public-chromium.json#BR-platform-login-light-1440-legacy	NA(public portals only)	bc5c47f292d00846c106669b09679a6fc36daef6	edf32dfe187a25ee159339c22be2ff4c1c093df4	public portals platform|admin|studio.toolsmcp.uk (visual/deployment proof only)	part15-brand-public-chromium.json (final RC QA, product bc5c47f292d0)	12
FIN-BRP-C-BR-platform-login-light-1440-primary	BRAND_VISUAL_PUBLIC	UNRATED	PASS	REAL_STACK	bc5c47f292d00846c106669b09679a6fc36daef6	2026-10-10	PLAYWRIGHT_CHROMIUM(final-brand.mjs)	-	-	PUBLIC_PORTALS	NO	evidence/final-rc-bc5c47f292d0/part15-brand-public-chromium.json#BR-platform-login-light-1440-primary	NA(public portals only)	bc5c47f292d00846c106669b09679a6fc36daef6	edf32dfe187a25ee159339c22be2ff4c1c093df4	public portals platform|admin|studio.toolsmcp.uk (visual/deployment proof only)	part15-brand-public-chromium.json (final RC QA, product bc5c47f292d0)	12
FIN-BRP-C-BR-platform-login-light-1440-extfont	BRAND_VISUAL_PUBLIC	UNRATED	PASS	REAL_STACK	bc5c47f292d00846c106669b09679a6fc36daef6	2026-10-10	PLAYWRIGHT_CHROMIUM(final-brand.mjs)	-	-	PUBLIC_PORTALS	NO	evidence/final-rc-bc5c47f292d0/part15-brand-public-chromium.json#BR-platform-login-light-1440-extfont	NA(public portals only)	bc5c47f292d00846c106669b09679a6fc36daef6	edf32dfe187a25ee159339c22be2ff4c1c093df4	public portals platform|admin|studio.toolsmcp.uk (visual/deployment proof only)	part15-brand-public-chromium.json (final RC QA, product bc5c47f292d0)	12
FIN-BRP-C-BR-platform-login-light-1440-fontstack	BRAND_VISUAL_PUBLIC	UNRATED	PASS	REAL_STACK	bc5c47f292d00846c106669b09679a6fc36daef6	2026-10-10	PLAYWRIGHT_CHROMIUM(final-brand.mjs)	-	-	PUBLIC_PORTALS	NO	evidence/final-rc-bc5c47f292d0/part15-brand-public-chromium.json#BR-platform-login-light-1440-fontstack	NA(public portals only)	bc5c47f292d00846c106669b09679a6fc36daef6	edf32dfe187a25ee159339c22be2ff4c1c093df4	public portals platform|admin|studio.toolsmcp.uk (visual/deployment proof only)	part15-brand-public-chromium.json (final RC QA, product bc5c47f292d0)	12
FIN-BRP-C-BR-platform-login-light-1440-icons	BRAND_VISUAL_PUBLIC	UNRATED	PASS	REAL_STACK	bc5c47f292d00846c106669b09679a6fc36daef6	2026-10-10	PLAYWRIGHT_CHROMIUM(final-brand.mjs)	-	-	PUBLIC_PORTALS	NO	evidence/final-rc-bc5c47f292d0/part15-brand-public-chromium.json#BR-platform-login-light-1440-icons	NA(public portals only)	bc5c47f292d00846c106669b09679a6fc36daef6	edf32dfe187a25ee159339c22be2ff4c1c093df4	public portals platform|admin|studio.toolsmcp.uk (visual/deployment proof only)	part15-brand-public-chromium.json (final RC QA, product bc5c47f292d0)	12
FIN-BRP-C-BR-platform-login-light-1440-logo	BRAND_VISUAL_PUBLIC	UNRATED	PASS	REAL_STACK	bc5c47f292d00846c106669b09679a6fc36daef6	2026-10-10	PLAYWRIGHT_CHROMIUM(final-brand.mjs)	-	-	PUBLIC_PORTALS	NO	evidence/final-rc-bc5c47f292d0/part15-brand-public-chromium.json#BR-platform-login-light-1440-logo	NA(public portals only)	bc5c47f292d00846c106669b09679a6fc36daef6	edf32dfe187a25ee159339c22be2ff4c1c093df4	public portals platform|admin|studio.toolsmcp.uk (visual/deployment proof only)	part15-brand-public-chromium.json (final RC QA, product bc5c47f292d0)	12
FIN-BRP-C-BR-platform-login-light-1440-bg	BRAND_VISUAL_PUBLIC	UNRATED	PASS	REAL_STACK	bc5c47f292d00846c106669b09679a6fc36daef6	2026-10-10	PLAYWRIGHT_CHROMIUM(final-brand.mjs)	-	-	PUBLIC_PORTALS	NO	evidence/final-rc-bc5c47f292d0/part15-brand-public-chromium.json#BR-platform-login-light-1440-bg	NA(public portals only)	bc5c47f292d00846c106669b09679a6fc36daef6	edf32dfe187a25ee159339c22be2ff4c1c093df4	public portals platform|admin|studio.toolsmcp.uk (visual/deployment proof only)	part15-brand-public-chromium.json (final RC QA, product bc5c47f292d0)	12
FIN-BRP-C-BR-platform-login-light-390-logo	BRAND_VISUAL_PUBLIC	UNRATED	PASS	REAL_STACK	bc5c47f292d00846c106669b09679a6fc36daef6	2026-10-10	PLAYWRIGHT_CHROMIUM(final-brand.mjs)	-	-	PUBLIC_PORTALS	NO	evidence/final-rc-bc5c47f292d0/part15-brand-public-chromium.json#BR-platform-login-light-390-logo	NA(public portals only)	bc5c47f292d00846c106669b09679a6fc36daef6	edf32dfe187a25ee159339c22be2ff4c1c093df4	public portals platform|admin|studio.toolsmcp.uk (visual/deployment proof only)	part15-brand-public-chromium.json (final RC QA, product bc5c47f292d0)	12
FIN-BRP-C-BR-platform-login-light-390-bg	BRAND_VISUAL_PUBLIC	UNRATED	PASS	REAL_STACK	bc5c47f292d00846c106669b09679a6fc36daef6	2026-10-10	PLAYWRIGHT_CHROMIUM(final-brand.mjs)	-	-	PUBLIC_PORTALS	NO	evidence/final-rc-bc5c47f292d0/part15-brand-public-chromium.json#BR-platform-login-light-390-bg	NA(public portals only)	bc5c47f292d00846c106669b09679a6fc36daef6	edf32dfe187a25ee159339c22be2ff4c1c093df4	public portals platform|admin|studio.toolsmcp.uk (visual/deployment proof only)	part15-brand-public-chromium.json (final RC QA, product bc5c47f292d0)	12
FIN-BRP-C-BR-platform-login-dark-1440-logo	BRAND_VISUAL_PUBLIC	UNRATED	PASS	REAL_STACK	bc5c47f292d00846c106669b09679a6fc36daef6	2026-10-10	PLAYWRIGHT_CHROMIUM(final-brand.mjs)	-	-	PUBLIC_PORTALS	NO	evidence/final-rc-bc5c47f292d0/part15-brand-public-chromium.json#BR-platform-login-dark-1440-logo	NA(public portals only)	bc5c47f292d00846c106669b09679a6fc36daef6	edf32dfe187a25ee159339c22be2ff4c1c093df4	public portals platform|admin|studio.toolsmcp.uk (visual/deployment proof only)	part15-brand-public-chromium.json (final RC QA, product bc5c47f292d0)	12
FIN-BRP-C-BR-platform-login-dark-1440-bg	BRAND_VISUAL_PUBLIC	UNRATED	PASS	REAL_STACK	bc5c47f292d00846c106669b09679a6fc36daef6	2026-10-10	PLAYWRIGHT_CHROMIUM(final-brand.mjs)	-	-	PUBLIC_PORTALS	NO	evidence/final-rc-bc5c47f292d0/part15-brand-public-chromium.json#BR-platform-login-dark-1440-bg	NA(public portals only)	bc5c47f292d00846c106669b09679a6fc36daef6	edf32dfe187a25ee159339c22be2ff4c1c093df4	public portals platform|admin|studio.toolsmcp.uk (visual/deployment proof only)	part15-brand-public-chromium.json (final RC QA, product bc5c47f292d0)	12
FIN-BRP-C-BR-platform-login-dark-390-logo	BRAND_VISUAL_PUBLIC	UNRATED	PASS	REAL_STACK	bc5c47f292d00846c106669b09679a6fc36daef6	2026-10-10	PLAYWRIGHT_CHROMIUM(final-brand.mjs)	-	-	PUBLIC_PORTALS	NO	evidence/final-rc-bc5c47f292d0/part15-brand-public-chromium.json#BR-platform-login-dark-390-logo	NA(public portals only)	bc5c47f292d00846c106669b09679a6fc36daef6	edf32dfe187a25ee159339c22be2ff4c1c093df4	public portals platform|admin|studio.toolsmcp.uk (visual/deployment proof only)	part15-brand-public-chromium.json (final RC QA, product bc5c47f292d0)	12
FIN-BRP-C-BR-platform-login-dark-390-bg	BRAND_VISUAL_PUBLIC	UNRATED	PASS	REAL_STACK	bc5c47f292d00846c106669b09679a6fc36daef6	2026-10-10	PLAYWRIGHT_CHROMIUM(final-brand.mjs)	-	-	PUBLIC_PORTALS	NO	evidence/final-rc-bc5c47f292d0/part15-brand-public-chromium.json#BR-platform-login-dark-390-bg	NA(public portals only)	bc5c47f292d00846c106669b09679a6fc36daef6	edf32dfe187a25ee159339c22be2ff4c1c093df4	public portals platform|admin|studio.toolsmcp.uk (visual/deployment proof only)	part15-brand-public-chromium.json (final RC QA, product bc5c47f292d0)	12
FIN-BRP-C-BR-platform-icon-icon	BRAND_VISUAL_PUBLIC	UNRATED	PASS	REAL_STACK	bc5c47f292d00846c106669b09679a6fc36daef6	2026-10-10	PLAYWRIGHT_CHROMIUM(final-brand.mjs)	-	-	PUBLIC_PORTALS	NO	evidence/final-rc-bc5c47f292d0/part15-brand-public-chromium.json#BR-platform-icon-icon	NA(public portals only)	bc5c47f292d00846c106669b09679a6fc36daef6	edf32dfe187a25ee159339c22be2ff4c1c093df4	public portals platform|admin|studio.toolsmcp.uk (visual/deployment proof only)	part15-brand-public-chromium.json (final RC QA, product bc5c47f292d0)	12
FIN-BRP-C-BR-platform-icon-apple-touch-icon	BRAND_VISUAL_PUBLIC	UNRATED	PASS	REAL_STACK	bc5c47f292d00846c106669b09679a6fc36daef6	2026-10-10	PLAYWRIGHT_CHROMIUM(final-brand.mjs)	-	-	PUBLIC_PORTALS	NO	evidence/final-rc-bc5c47f292d0/part15-brand-public-chromium.json#BR-platform-icon-apple-touch-icon	NA(public portals only)	bc5c47f292d00846c106669b09679a6fc36daef6	edf32dfe187a25ee159339c22be2ff4c1c093df4	public portals platform|admin|studio.toolsmcp.uk (visual/deployment proof only)	part15-brand-public-chromium.json (final RC QA, product bc5c47f292d0)	12
FIN-BRP-C-BR-admin-login-light-1440-title	BRAND_VISUAL_PUBLIC	UNRATED	PASS	REAL_STACK	bc5c47f292d00846c106669b09679a6fc36daef6	2026-10-10	PLAYWRIGHT_CHROMIUM(final-brand.mjs)	-	-	PUBLIC_PORTALS	NO	evidence/final-rc-bc5c47f292d0/part15-brand-public-chromium.json#BR-admin-login-light-1440-title	NA(public portals only)	bc5c47f292d00846c106669b09679a6fc36daef6	edf32dfe187a25ee159339c22be2ff4c1c093df4	public portals platform|admin|studio.toolsmcp.uk (visual/deployment proof only)	part15-brand-public-chromium.json (final RC QA, product bc5c47f292d0)	12
FIN-BRP-C-BR-admin-login-light-1440-legacy	BRAND_VISUAL_PUBLIC	UNRATED	PASS	REAL_STACK	bc5c47f292d00846c106669b09679a6fc36daef6	2026-10-10	PLAYWRIGHT_CHROMIUM(final-brand.mjs)	-	-	PUBLIC_PORTALS	NO	evidence/final-rc-bc5c47f292d0/part15-brand-public-chromium.json#BR-admin-login-light-1440-legacy	NA(public portals only)	bc5c47f292d00846c106669b09679a6fc36daef6	edf32dfe187a25ee159339c22be2ff4c1c093df4	public portals platform|admin|studio.toolsmcp.uk (visual/deployment proof only)	part15-brand-public-chromium.json (final RC QA, product bc5c47f292d0)	12
FIN-BRP-C-BR-admin-login-light-1440-primary	BRAND_VISUAL_PUBLIC	UNRATED	PASS	REAL_STACK	bc5c47f292d00846c106669b09679a6fc36daef6	2026-10-10	PLAYWRIGHT_CHROMIUM(final-brand.mjs)	-	-	PUBLIC_PORTALS	NO	evidence/final-rc-bc5c47f292d0/part15-brand-public-chromium.json#BR-admin-login-light-1440-primary	NA(public portals only)	bc5c47f292d00846c106669b09679a6fc36daef6	edf32dfe187a25ee159339c22be2ff4c1c093df4	public portals platform|admin|studio.toolsmcp.uk (visual/deployment proof only)	part15-brand-public-chromium.json (final RC QA, product bc5c47f292d0)	12
FIN-BRP-C-BR-admin-login-light-1440-extfont	BRAND_VISUAL_PUBLIC	UNRATED	PASS	REAL_STACK	bc5c47f292d00846c106669b09679a6fc36daef6	2026-10-10	PLAYWRIGHT_CHROMIUM(final-brand.mjs)	-	-	PUBLIC_PORTALS	NO	evidence/final-rc-bc5c47f292d0/part15-brand-public-chromium.json#BR-admin-login-light-1440-extfont	NA(public portals only)	bc5c47f292d00846c106669b09679a6fc36daef6	edf32dfe187a25ee159339c22be2ff4c1c093df4	public portals platform|admin|studio.toolsmcp.uk (visual/deployment proof only)	part15-brand-public-chromium.json (final RC QA, product bc5c47f292d0)	12
FIN-BRP-C-BR-admin-login-light-1440-fontstack	BRAND_VISUAL_PUBLIC	UNRATED	PASS	REAL_STACK	bc5c47f292d00846c106669b09679a6fc36daef6	2026-10-10	PLAYWRIGHT_CHROMIUM(final-brand.mjs)	-	-	PUBLIC_PORTALS	NO	evidence/final-rc-bc5c47f292d0/part15-brand-public-chromium.json#BR-admin-login-light-1440-fontstack	NA(public portals only)	bc5c47f292d00846c106669b09679a6fc36daef6	edf32dfe187a25ee159339c22be2ff4c1c093df4	public portals platform|admin|studio.toolsmcp.uk (visual/deployment proof only)	part15-brand-public-chromium.json (final RC QA, product bc5c47f292d0)	12
FIN-BRP-C-BR-admin-login-light-1440-icons	BRAND_VISUAL_PUBLIC	UNRATED	PASS	REAL_STACK	bc5c47f292d00846c106669b09679a6fc36daef6	2026-10-10	PLAYWRIGHT_CHROMIUM(final-brand.mjs)	-	-	PUBLIC_PORTALS	NO	evidence/final-rc-bc5c47f292d0/part15-brand-public-chromium.json#BR-admin-login-light-1440-icons	NA(public portals only)	bc5c47f292d00846c106669b09679a6fc36daef6	edf32dfe187a25ee159339c22be2ff4c1c093df4	public portals platform|admin|studio.toolsmcp.uk (visual/deployment proof only)	part15-brand-public-chromium.json (final RC QA, product bc5c47f292d0)	12
FIN-BRP-C-BR-admin-login-light-1440-logo	BRAND_VISUAL_PUBLIC	UNRATED	PASS	REAL_STACK	bc5c47f292d00846c106669b09679a6fc36daef6	2026-10-10	PLAYWRIGHT_CHROMIUM(final-brand.mjs)	-	-	PUBLIC_PORTALS	NO	evidence/final-rc-bc5c47f292d0/part15-brand-public-chromium.json#BR-admin-login-light-1440-logo	NA(public portals only)	bc5c47f292d00846c106669b09679a6fc36daef6	edf32dfe187a25ee159339c22be2ff4c1c093df4	public portals platform|admin|studio.toolsmcp.uk (visual/deployment proof only)	part15-brand-public-chromium.json (final RC QA, product bc5c47f292d0)	12
FIN-BRP-C-BR-admin-login-light-1440-bg	BRAND_VISUAL_PUBLIC	UNRATED	PASS	REAL_STACK	bc5c47f292d00846c106669b09679a6fc36daef6	2026-10-10	PLAYWRIGHT_CHROMIUM(final-brand.mjs)	-	-	PUBLIC_PORTALS	NO	evidence/final-rc-bc5c47f292d0/part15-brand-public-chromium.json#BR-admin-login-light-1440-bg	NA(public portals only)	bc5c47f292d00846c106669b09679a6fc36daef6	edf32dfe187a25ee159339c22be2ff4c1c093df4	public portals platform|admin|studio.toolsmcp.uk (visual/deployment proof only)	part15-brand-public-chromium.json (final RC QA, product bc5c47f292d0)	12
FIN-BRP-C-BR-admin-login-light-390-logo	BRAND_VISUAL_PUBLIC	UNRATED	PASS	REAL_STACK	bc5c47f292d00846c106669b09679a6fc36daef6	2026-10-10	PLAYWRIGHT_CHROMIUM(final-brand.mjs)	-	-	PUBLIC_PORTALS	NO	evidence/final-rc-bc5c47f292d0/part15-brand-public-chromium.json#BR-admin-login-light-390-logo	NA(public portals only)	bc5c47f292d00846c106669b09679a6fc36daef6	edf32dfe187a25ee159339c22be2ff4c1c093df4	public portals platform|admin|studio.toolsmcp.uk (visual/deployment proof only)	part15-brand-public-chromium.json (final RC QA, product bc5c47f292d0)	12
FIN-BRP-C-BR-admin-login-light-390-bg	BRAND_VISUAL_PUBLIC	UNRATED	PASS	REAL_STACK	bc5c47f292d00846c106669b09679a6fc36daef6	2026-10-10	PLAYWRIGHT_CHROMIUM(final-brand.mjs)	-	-	PUBLIC_PORTALS	NO	evidence/final-rc-bc5c47f292d0/part15-brand-public-chromium.json#BR-admin-login-light-390-bg	NA(public portals only)	bc5c47f292d00846c106669b09679a6fc36daef6	edf32dfe187a25ee159339c22be2ff4c1c093df4	public portals platform|admin|studio.toolsmcp.uk (visual/deployment proof only)	part15-brand-public-chromium.json (final RC QA, product bc5c47f292d0)	12
FIN-BRP-C-BR-admin-login-dark-1440-logo	BRAND_VISUAL_PUBLIC	UNRATED	PASS	REAL_STACK	bc5c47f292d00846c106669b09679a6fc36daef6	2026-10-10	PLAYWRIGHT_CHROMIUM(final-brand.mjs)	-	-	PUBLIC_PORTALS	NO	evidence/final-rc-bc5c47f292d0/part15-brand-public-chromium.json#BR-admin-login-dark-1440-logo	NA(public portals only)	bc5c47f292d00846c106669b09679a6fc36daef6	edf32dfe187a25ee159339c22be2ff4c1c093df4	public portals platform|admin|studio.toolsmcp.uk (visual/deployment proof only)	part15-brand-public-chromium.json (final RC QA, product bc5c47f292d0)	12
FIN-BRP-C-BR-admin-login-dark-1440-bg	BRAND_VISUAL_PUBLIC	UNRATED	PASS	REAL_STACK	bc5c47f292d00846c106669b09679a6fc36daef6	2026-10-10	PLAYWRIGHT_CHROMIUM(final-brand.mjs)	-	-	PUBLIC_PORTALS	NO	evidence/final-rc-bc5c47f292d0/part15-brand-public-chromium.json#BR-admin-login-dark-1440-bg	NA(public portals only)	bc5c47f292d00846c106669b09679a6fc36daef6	edf32dfe187a25ee159339c22be2ff4c1c093df4	public portals platform|admin|studio.toolsmcp.uk (visual/deployment proof only)	part15-brand-public-chromium.json (final RC QA, product bc5c47f292d0)	12
FIN-BRP-C-BR-admin-login-dark-390-logo	BRAND_VISUAL_PUBLIC	UNRATED	PASS	REAL_STACK	bc5c47f292d00846c106669b09679a6fc36daef6	2026-10-10	PLAYWRIGHT_CHROMIUM(final-brand.mjs)	-	-	PUBLIC_PORTALS	NO	evidence/final-rc-bc5c47f292d0/part15-brand-public-chromium.json#BR-admin-login-dark-390-logo	NA(public portals only)	bc5c47f292d00846c106669b09679a6fc36daef6	edf32dfe187a25ee159339c22be2ff4c1c093df4	public portals platform|admin|studio.toolsmcp.uk (visual/deployment proof only)	part15-brand-public-chromium.json (final RC QA, product bc5c47f292d0)	12
FIN-BRP-C-BR-admin-login-dark-390-bg	BRAND_VISUAL_PUBLIC	UNRATED	PASS	REAL_STACK	bc5c47f292d00846c106669b09679a6fc36daef6	2026-10-10	PLAYWRIGHT_CHROMIUM(final-brand.mjs)	-	-	PUBLIC_PORTALS	NO	evidence/final-rc-bc5c47f292d0/part15-brand-public-chromium.json#BR-admin-login-dark-390-bg	NA(public portals only)	bc5c47f292d00846c106669b09679a6fc36daef6	edf32dfe187a25ee159339c22be2ff4c1c093df4	public portals platform|admin|studio.toolsmcp.uk (visual/deployment proof only)	part15-brand-public-chromium.json (final RC QA, product bc5c47f292d0)	12
FIN-BRP-C-BR-admin-icon-icon	BRAND_VISUAL_PUBLIC	UNRATED	PASS	REAL_STACK	bc5c47f292d00846c106669b09679a6fc36daef6	2026-10-10	PLAYWRIGHT_CHROMIUM(final-brand.mjs)	-	-	PUBLIC_PORTALS	NO	evidence/final-rc-bc5c47f292d0/part15-brand-public-chromium.json#BR-admin-icon-icon	NA(public portals only)	bc5c47f292d00846c106669b09679a6fc36daef6	edf32dfe187a25ee159339c22be2ff4c1c093df4	public portals platform|admin|studio.toolsmcp.uk (visual/deployment proof only)	part15-brand-public-chromium.json (final RC QA, product bc5c47f292d0)	12
FIN-BRP-C-BR-admin-icon-apple-touch-icon	BRAND_VISUAL_PUBLIC	UNRATED	PASS	REAL_STACK	bc5c47f292d00846c106669b09679a6fc36daef6	2026-10-10	PLAYWRIGHT_CHROMIUM(final-brand.mjs)	-	-	PUBLIC_PORTALS	NO	evidence/final-rc-bc5c47f292d0/part15-brand-public-chromium.json#BR-admin-icon-apple-touch-icon	NA(public portals only)	bc5c47f292d00846c106669b09679a6fc36daef6	edf32dfe187a25ee159339c22be2ff4c1c093df4	public portals platform|admin|studio.toolsmcp.uk (visual/deployment proof only)	part15-brand-public-chromium.json (final RC QA, product bc5c47f292d0)	12
FIN-BRP-C-BR-studio-login-light-1440-title	BRAND_VISUAL_PUBLIC	UNRATED	PASS	REAL_STACK	bc5c47f292d00846c106669b09679a6fc36daef6	2026-10-10	PLAYWRIGHT_CHROMIUM(final-brand.mjs)	-	-	PUBLIC_PORTALS	NO	evidence/final-rc-bc5c47f292d0/part15-brand-public-chromium.json#BR-studio-login-light-1440-title	NA(public portals only)	bc5c47f292d00846c106669b09679a6fc36daef6	edf32dfe187a25ee159339c22be2ff4c1c093df4	public portals platform|admin|studio.toolsmcp.uk (visual/deployment proof only)	part15-brand-public-chromium.json (final RC QA, product bc5c47f292d0)	12
FIN-BRP-C-BR-studio-login-light-1440-legacy	BRAND_VISUAL_PUBLIC	UNRATED	PASS	REAL_STACK	bc5c47f292d00846c106669b09679a6fc36daef6	2026-10-10	PLAYWRIGHT_CHROMIUM(final-brand.mjs)	-	-	PUBLIC_PORTALS	NO	evidence/final-rc-bc5c47f292d0/part15-brand-public-chromium.json#BR-studio-login-light-1440-legacy	NA(public portals only)	bc5c47f292d00846c106669b09679a6fc36daef6	edf32dfe187a25ee159339c22be2ff4c1c093df4	public portals platform|admin|studio.toolsmcp.uk (visual/deployment proof only)	part15-brand-public-chromium.json (final RC QA, product bc5c47f292d0)	12
FIN-BRP-C-BR-studio-login-light-1440-primary	BRAND_VISUAL_PUBLIC	UNRATED	PASS	REAL_STACK	bc5c47f292d00846c106669b09679a6fc36daef6	2026-10-10	PLAYWRIGHT_CHROMIUM(final-brand.mjs)	-	-	PUBLIC_PORTALS	NO	evidence/final-rc-bc5c47f292d0/part15-brand-public-chromium.json#BR-studio-login-light-1440-primary	NA(public portals only)	bc5c47f292d00846c106669b09679a6fc36daef6	edf32dfe187a25ee159339c22be2ff4c1c093df4	public portals platform|admin|studio.toolsmcp.uk (visual/deployment proof only)	part15-brand-public-chromium.json (final RC QA, product bc5c47f292d0)	12
FIN-BRP-C-BR-studio-login-light-1440-extfont	BRAND_VISUAL_PUBLIC	UNRATED	PASS	REAL_STACK	bc5c47f292d00846c106669b09679a6fc36daef6	2026-10-10	PLAYWRIGHT_CHROMIUM(final-brand.mjs)	-	-	PUBLIC_PORTALS	NO	evidence/final-rc-bc5c47f292d0/part15-brand-public-chromium.json#BR-studio-login-light-1440-extfont	NA(public portals only)	bc5c47f292d00846c106669b09679a6fc36daef6	edf32dfe187a25ee159339c22be2ff4c1c093df4	public portals platform|admin|studio.toolsmcp.uk (visual/deployment proof only)	part15-brand-public-chromium.json (final RC QA, product bc5c47f292d0)	12
FIN-BRP-C-BR-studio-login-light-1440-fontstack	BRAND_VISUAL_PUBLIC	UNRATED	PASS	REAL_STACK	bc5c47f292d00846c106669b09679a6fc36daef6	2026-10-10	PLAYWRIGHT_CHROMIUM(final-brand.mjs)	-	-	PUBLIC_PORTALS	NO	evidence/final-rc-bc5c47f292d0/part15-brand-public-chromium.json#BR-studio-login-light-1440-fontstack	NA(public portals only)	bc5c47f292d00846c106669b09679a6fc36daef6	edf32dfe187a25ee159339c22be2ff4c1c093df4	public portals platform|admin|studio.toolsmcp.uk (visual/deployment proof only)	part15-brand-public-chromium.json (final RC QA, product bc5c47f292d0)	12
FIN-BRP-C-BR-studio-login-light-1440-icons	BRAND_VISUAL_PUBLIC	UNRATED	PASS	REAL_STACK	bc5c47f292d00846c106669b09679a6fc36daef6	2026-10-10	PLAYWRIGHT_CHROMIUM(final-brand.mjs)	-	-	PUBLIC_PORTALS	NO	evidence/final-rc-bc5c47f292d0/part15-brand-public-chromium.json#BR-studio-login-light-1440-icons	NA(public portals only)	bc5c47f292d00846c106669b09679a6fc36daef6	edf32dfe187a25ee159339c22be2ff4c1c093df4	public portals platform|admin|studio.toolsmcp.uk (visual/deployment proof only)	part15-brand-public-chromium.json (final RC QA, product bc5c47f292d0)	12
FIN-BRP-C-BR-studio-login-light-1440-logo	BRAND_VISUAL_PUBLIC	UNRATED	PASS	REAL_STACK	bc5c47f292d00846c106669b09679a6fc36daef6	2026-10-10	PLAYWRIGHT_CHROMIUM(final-brand.mjs)	-	-	PUBLIC_PORTALS	NO	evidence/final-rc-bc5c47f292d0/part15-brand-public-chromium.json#BR-studio-login-light-1440-logo	NA(public portals only)	bc5c47f292d00846c106669b09679a6fc36daef6	edf32dfe187a25ee159339c22be2ff4c1c093df4	public portals platform|admin|studio.toolsmcp.uk (visual/deployment proof only)	part15-brand-public-chromium.json (final RC QA, product bc5c47f292d0)	12
FIN-BRP-C-BR-studio-login-light-1440-bg	BRAND_VISUAL_PUBLIC	UNRATED	PASS	REAL_STACK	bc5c47f292d00846c106669b09679a6fc36daef6	2026-10-10	PLAYWRIGHT_CHROMIUM(final-brand.mjs)	-	-	PUBLIC_PORTALS	NO	evidence/final-rc-bc5c47f292d0/part15-brand-public-chromium.json#BR-studio-login-light-1440-bg	NA(public portals only)	bc5c47f292d00846c106669b09679a6fc36daef6	edf32dfe187a25ee159339c22be2ff4c1c093df4	public portals platform|admin|studio.toolsmcp.uk (visual/deployment proof only)	part15-brand-public-chromium.json (final RC QA, product bc5c47f292d0)	12
FIN-BRP-C-BR-studio-login-light-390-logo	BRAND_VISUAL_PUBLIC	UNRATED	PASS	REAL_STACK	bc5c47f292d00846c106669b09679a6fc36daef6	2026-10-10	PLAYWRIGHT_CHROMIUM(final-brand.mjs)	-	-	PUBLIC_PORTALS	NO	evidence/final-rc-bc5c47f292d0/part15-brand-public-chromium.json#BR-studio-login-light-390-logo	NA(public portals only)	bc5c47f292d00846c106669b09679a6fc36daef6	edf32dfe187a25ee159339c22be2ff4c1c093df4	public portals platform|admin|studio.toolsmcp.uk (visual/deployment proof only)	part15-brand-public-chromium.json (final RC QA, product bc5c47f292d0)	12
FIN-BRP-C-BR-studio-login-light-390-bg	BRAND_VISUAL_PUBLIC	UNRATED	PASS	REAL_STACK	bc5c47f292d00846c106669b09679a6fc36daef6	2026-10-10	PLAYWRIGHT_CHROMIUM(final-brand.mjs)	-	-	PUBLIC_PORTALS	NO	evidence/final-rc-bc5c47f292d0/part15-brand-public-chromium.json#BR-studio-login-light-390-bg	NA(public portals only)	bc5c47f292d00846c106669b09679a6fc36daef6	edf32dfe187a25ee159339c22be2ff4c1c093df4	public portals platform|admin|studio.toolsmcp.uk (visual/deployment proof only)	part15-brand-public-chromium.json (final RC QA, product bc5c47f292d0)	12
FIN-BRP-C-BR-studio-login-dark-1440-logo	BRAND_VISUAL_PUBLIC	UNRATED	PASS	REAL_STACK	bc5c47f292d00846c106669b09679a6fc36daef6	2026-10-10	PLAYWRIGHT_CHROMIUM(final-brand.mjs)	-	-	PUBLIC_PORTALS	NO	evidence/final-rc-bc5c47f292d0/part15-brand-public-chromium.json#BR-studio-login-dark-1440-logo	NA(public portals only)	bc5c47f292d00846c106669b09679a6fc36daef6	edf32dfe187a25ee159339c22be2ff4c1c093df4	public portals platform|admin|studio.toolsmcp.uk (visual/deployment proof only)	part15-brand-public-chromium.json (final RC QA, product bc5c47f292d0)	12
FIN-BRP-C-BR-studio-login-dark-1440-bg	BRAND_VISUAL_PUBLIC	UNRATED	PASS	REAL_STACK	bc5c47f292d00846c106669b09679a6fc36daef6	2026-10-10	PLAYWRIGHT_CHROMIUM(final-brand.mjs)	-	-	PUBLIC_PORTALS	NO	evidence/final-rc-bc5c47f292d0/part15-brand-public-chromium.json#BR-studio-login-dark-1440-bg	NA(public portals only)	bc5c47f292d00846c106669b09679a6fc36daef6	edf32dfe187a25ee159339c22be2ff4c1c093df4	public portals platform|admin|studio.toolsmcp.uk (visual/deployment proof only)	part15-brand-public-chromium.json (final RC QA, product bc5c47f292d0)	12
FIN-BRP-C-BR-studio-login-dark-390-logo	BRAND_VISUAL_PUBLIC	UNRATED	PASS	REAL_STACK	bc5c47f292d00846c106669b09679a6fc36daef6	2026-10-10	PLAYWRIGHT_CHROMIUM(final-brand.mjs)	-	-	PUBLIC_PORTALS	NO	evidence/final-rc-bc5c47f292d0/part15-brand-public-chromium.json#BR-studio-login-dark-390-logo	NA(public portals only)	bc5c47f292d00846c106669b09679a6fc36daef6	edf32dfe187a25ee159339c22be2ff4c1c093df4	public portals platform|admin|studio.toolsmcp.uk (visual/deployment proof only)	part15-brand-public-chromium.json (final RC QA, product bc5c47f292d0)	12
FIN-BRP-C-BR-studio-login-dark-390-bg	BRAND_VISUAL_PUBLIC	UNRATED	PASS	REAL_STACK	bc5c47f292d00846c106669b09679a6fc36daef6	2026-10-10	PLAYWRIGHT_CHROMIUM(final-brand.mjs)	-	-	PUBLIC_PORTALS	NO	evidence/final-rc-bc5c47f292d0/part15-brand-public-chromium.json#BR-studio-login-dark-390-bg	NA(public portals only)	bc5c47f292d00846c106669b09679a6fc36daef6	edf32dfe187a25ee159339c22be2ff4c1c093df4	public portals platform|admin|studio.toolsmcp.uk (visual/deployment proof only)	part15-brand-public-chromium.json (final RC QA, product bc5c47f292d0)	12
FIN-BRP-C-BR-studio-icon-icon	BRAND_VISUAL_PUBLIC	UNRATED	PASS	REAL_STACK	bc5c47f292d00846c106669b09679a6fc36daef6	2026-10-10	PLAYWRIGHT_CHROMIUM(final-brand.mjs)	-	-	PUBLIC_PORTALS	NO	evidence/final-rc-bc5c47f292d0/part15-brand-public-chromium.json#BR-studio-icon-icon	NA(public portals only)	bc5c47f292d00846c106669b09679a6fc36daef6	edf32dfe187a25ee159339c22be2ff4c1c093df4	public portals platform|admin|studio.toolsmcp.uk (visual/deployment proof only)	part15-brand-public-chromium.json (final RC QA, product bc5c47f292d0)	12
FIN-BRP-C-BR-studio-icon-apple-touch-icon	BRAND_VISUAL_PUBLIC	UNRATED	PASS	REAL_STACK	bc5c47f292d00846c106669b09679a6fc36daef6	2026-10-10	PLAYWRIGHT_CHROMIUM(final-brand.mjs)	-	-	PUBLIC_PORTALS	NO	evidence/final-rc-bc5c47f292d0/part15-brand-public-chromium.json#BR-studio-icon-apple-touch-icon	NA(public portals only)	bc5c47f292d00846c106669b09679a6fc36daef6	edf32dfe187a25ee159339c22be2ff4c1c093df4	public portals platform|admin|studio.toolsmcp.uk (visual/deployment proof only)	part15-brand-public-chromium.json (final RC QA, product bc5c47f292d0)	12
FIN-PERF-PF-first-platform/login	PERFORMANCE_STABILITY	UNRATED	PASS	REAL_STACK	bc5c47f292d00846c106669b09679a6fc36daef6	2026-10-10	PLAYWRIGHT_CHROMIUM(final-perf.mjs)	-	-	C0RC_REAL_STACK	NO	evidence/final-rc-bc5c47f292d0/part17-performance.json#PF-first-platform/login	953d17e53d05ba939f79d8fa03763fef9cd580da	bc5c47f292d00846c106669b09679a6fc36daef6	edf32dfe187a25ee159339c22be2ff4c1c093df4	stack c0rc, loaded 16 GB machine (measurements)	part17-performance.json (final RC QA, product bc5c47f292d0)	12
FIN-PERF-PF-first-admin/login	PERFORMANCE_STABILITY	UNRATED	PASS	REAL_STACK	bc5c47f292d00846c106669b09679a6fc36daef6	2026-10-10	PLAYWRIGHT_CHROMIUM(final-perf.mjs)	-	-	C0RC_REAL_STACK	NO	evidence/final-rc-bc5c47f292d0/part17-performance.json#PF-first-admin/login	953d17e53d05ba939f79d8fa03763fef9cd580da	bc5c47f292d00846c106669b09679a6fc36daef6	edf32dfe187a25ee159339c22be2ff4c1c093df4	stack c0rc, loaded 16 GB machine (measurements)	part17-performance.json (final RC QA, product bc5c47f292d0)	12
FIN-PERF-PF-first-studio/login	PERFORMANCE_STABILITY	UNRATED	PASS	REAL_STACK	bc5c47f292d00846c106669b09679a6fc36daef6	2026-10-10	PLAYWRIGHT_CHROMIUM(final-perf.mjs)	-	-	C0RC_REAL_STACK	NO	evidence/final-rc-bc5c47f292d0/part17-performance.json#PF-first-studio/login	953d17e53d05ba939f79d8fa03763fef9cd580da	bc5c47f292d00846c106669b09679a6fc36daef6	edf32dfe187a25ee159339c22be2ff4c1c093df4	stack c0rc, loaded 16 GB machine (measurements)	part17-performance.json (final RC QA, product bc5c47f292d0)	12
FIN-PERF-PF-first-platform/platform	PERFORMANCE_STABILITY	UNRATED	PASS	REAL_STACK	bc5c47f292d00846c106669b09679a6fc36daef6	2026-10-10	PLAYWRIGHT_CHROMIUM(final-perf.mjs)	-	-	C0RC_REAL_STACK	NO	evidence/final-rc-bc5c47f292d0/part17-performance.json#PF-first-platform/platform	953d17e53d05ba939f79d8fa03763fef9cd580da	bc5c47f292d00846c106669b09679a6fc36daef6	edf32dfe187a25ee159339c22be2ff4c1c093df4	stack c0rc, loaded 16 GB machine (measurements)	part17-performance.json (final RC QA, product bc5c47f292d0)	12
FIN-PERF-PF-first-admin/admin	PERFORMANCE_STABILITY	UNRATED	PASS	REAL_STACK	bc5c47f292d00846c106669b09679a6fc36daef6	2026-10-10	PLAYWRIGHT_CHROMIUM(final-perf.mjs)	-	-	C0RC_REAL_STACK	NO	evidence/final-rc-bc5c47f292d0/part17-performance.json#PF-first-admin/admin	953d17e53d05ba939f79d8fa03763fef9cd580da	bc5c47f292d00846c106669b09679a6fc36daef6	edf32dfe187a25ee159339c22be2ff4c1c093df4	stack c0rc, loaded 16 GB machine (measurements)	part17-performance.json (final RC QA, product bc5c47f292d0)	12
FIN-PERF-PF-first-studio/studio	PERFORMANCE_STABILITY	UNRATED	PASS	REAL_STACK	bc5c47f292d00846c106669b09679a6fc36daef6	2026-10-10	PLAYWRIGHT_CHROMIUM(final-perf.mjs)	-	-	C0RC_REAL_STACK	NO	evidence/final-rc-bc5c47f292d0/part17-performance.json#PF-first-studio/studio	953d17e53d05ba939f79d8fa03763fef9cd580da	bc5c47f292d00846c106669b09679a6fc36daef6	edf32dfe187a25ee159339c22be2ff4c1c093df4	stack c0rc, loaded 16 GB machine (measurements)	part17-performance.json (final RC QA, product bc5c47f292d0)	12
FIN-PERF-PF-first-admin/admin/organization	PERFORMANCE_STABILITY	UNRATED	PASS	REAL_STACK	bc5c47f292d00846c106669b09679a6fc36daef6	2026-10-10	PLAYWRIGHT_CHROMIUM(final-perf.mjs)	-	-	C0RC_REAL_STACK	NO	evidence/final-rc-bc5c47f292d0/part17-performance.json#PF-first-admin/admin/organization	953d17e53d05ba939f79d8fa03763fef9cd580da	bc5c47f292d00846c106669b09679a6fc36daef6	edf32dfe187a25ee159339c22be2ff4c1c093df4	stack c0rc, loaded 16 GB machine (measurements)	part17-performance.json (final RC QA, product bc5c47f292d0)	12
FIN-PERF-PF-first-studio/studio/projects/07a9594c-a976-4269-a593-e7abb2d49082/design	PERFORMANCE_STABILITY	UNRATED	PASS	REAL_STACK	bc5c47f292d00846c106669b09679a6fc36daef6	2026-10-10	PLAYWRIGHT_CHROMIUM(final-perf.mjs)	-	-	C0RC_REAL_STACK	NO	evidence/final-rc-bc5c47f292d0/part17-performance.json#PF-first-studio/studio/projects/07a9594c-a976-4269-a593-e7abb2d49082/design	953d17e53d05ba939f79d8fa03763fef9cd580da	bc5c47f292d00846c106669b09679a6fc36daef6	edf32dfe187a25ee159339c22be2ff4c1c093df4	stack c0rc, loaded 16 GB machine (measurements)	part17-performance.json (final RC QA, product bc5c47f292d0)	12
FIN-PERF-PF-lazy-admin	PERFORMANCE_STABILITY	UNRATED	BLOCKED	REAL_BACKEND_E2E	bc5c47f292d00846c106669b09679a6fc36daef6	2026-10-10	PLAYWRIGHT_CHROMIUM(final-perf.mjs)	-	-	C0RC_REAL_STACK	YES	evidence/final-rc-bc5c47f292d0/part17-performance.json#PF-lazy-admin	953d17e53d05ba939f79d8fa03763fef9cd580da	bc5c47f292d00846c106669b09679a6fc36daef6	edf32dfe187a25ee159339c22be2ff4c1c093df4	stack c0rc, loaded 16 GB machine (measurements)	part17-performance.json (final RC QA, product bc5c47f292d0)	12
FIN-PERF-PF-dup-admin	PERFORMANCE_STABILITY	UNRATED	PASS	REAL_BACKEND_E2E	bc5c47f292d00846c106669b09679a6fc36daef6	2026-10-10	PLAYWRIGHT_CHROMIUM(final-perf.mjs)	-	-	C0RC_REAL_STACK	NO	evidence/final-rc-bc5c47f292d0/part17-performance.json#PF-dup-admin	953d17e53d05ba939f79d8fa03763fef9cd580da	bc5c47f292d00846c106669b09679a6fc36daef6	edf32dfe187a25ee159339c22be2ff4c1c093df4	stack c0rc, loaded 16 GB machine (measurements)	part17-performance.json (final RC QA, product bc5c47f292d0)	12
FIN-PERF-PF-5xx-admin	PERFORMANCE_STABILITY	UNRATED	PASS	REAL_BACKEND_E2E	bc5c47f292d00846c106669b09679a6fc36daef6	2026-10-10	PLAYWRIGHT_CHROMIUM(final-perf.mjs)	-	-	C0RC_REAL_STACK	NO	evidence/final-rc-bc5c47f292d0/part17-performance.json#PF-5xx-admin	953d17e53d05ba939f79d8fa03763fef9cd580da	bc5c47f292d00846c106669b09679a6fc36daef6	edf32dfe187a25ee159339c22be2ff4c1c093df4	stack c0rc, loaded 16 GB machine (measurements)	part17-performance.json (final RC QA, product bc5c47f292d0)	12
FIN-PERF-PF-lazy-platform	PERFORMANCE_STABILITY	UNRATED	PASS	REAL_BACKEND_E2E	bc5c47f292d00846c106669b09679a6fc36daef6	2026-10-10	PLAYWRIGHT_CHROMIUM(final-perf.mjs)	-	-	C0RC_REAL_STACK	NO	evidence/final-rc-bc5c47f292d0/part17-performance.json#PF-lazy-platform	953d17e53d05ba939f79d8fa03763fef9cd580da	bc5c47f292d00846c106669b09679a6fc36daef6	edf32dfe187a25ee159339c22be2ff4c1c093df4	stack c0rc, loaded 16 GB machine (measurements)	part17-performance.json (final RC QA, product bc5c47f292d0)	12
FIN-PERF-PF-dup-platform	PERFORMANCE_STABILITY	UNRATED	FAIL	REAL_BACKEND_E2E	bc5c47f292d00846c106669b09679a6fc36daef6	2026-10-10	PLAYWRIGHT_CHROMIUM(final-perf.mjs)	-	-	C0RC_REAL_STACK	YES	evidence/final-rc-bc5c47f292d0/part17-performance.json#PF-dup-platform	953d17e53d05ba939f79d8fa03763fef9cd580da	bc5c47f292d00846c106669b09679a6fc36daef6	edf32dfe187a25ee159339c22be2ff4c1c093df4	stack c0rc, loaded 16 GB machine (measurements)	part17-performance.json (final RC QA, product bc5c47f292d0)	12
FIN-PERF-PF-5xx-platform	PERFORMANCE_STABILITY	UNRATED	PASS	REAL_BACKEND_E2E	bc5c47f292d00846c106669b09679a6fc36daef6	2026-10-10	PLAYWRIGHT_CHROMIUM(final-perf.mjs)	-	-	C0RC_REAL_STACK	NO	evidence/final-rc-bc5c47f292d0/part17-performance.json#PF-5xx-platform	953d17e53d05ba939f79d8fa03763fef9cd580da	bc5c47f292d00846c106669b09679a6fc36daef6	edf32dfe187a25ee159339c22be2ff4c1c093df4	stack c0rc, loaded 16 GB machine (measurements)	part17-performance.json (final RC QA, product bc5c47f292d0)	12
FIN-PERF-PF-lazy-studio	PERFORMANCE_STABILITY	UNRATED	BLOCKED	REAL_BACKEND_E2E	bc5c47f292d00846c106669b09679a6fc36daef6	2026-10-10	PLAYWRIGHT_CHROMIUM(final-perf.mjs)	-	-	C0RC_REAL_STACK	YES	evidence/final-rc-bc5c47f292d0/part17-performance.json#PF-lazy-studio	953d17e53d05ba939f79d8fa03763fef9cd580da	bc5c47f292d00846c106669b09679a6fc36daef6	edf32dfe187a25ee159339c22be2ff4c1c093df4	stack c0rc, loaded 16 GB machine (measurements)	part17-performance.json (final RC QA, product bc5c47f292d0)	12
FIN-PERF-PF-dup-studio	PERFORMANCE_STABILITY	UNRATED	FAIL	REAL_BACKEND_E2E	bc5c47f292d00846c106669b09679a6fc36daef6	2026-10-10	PLAYWRIGHT_CHROMIUM(final-perf.mjs)	-	-	C0RC_REAL_STACK	YES	evidence/final-rc-bc5c47f292d0/part17-performance.json#PF-dup-studio	953d17e53d05ba939f79d8fa03763fef9cd580da	bc5c47f292d00846c106669b09679a6fc36daef6	edf32dfe187a25ee159339c22be2ff4c1c093df4	stack c0rc, loaded 16 GB machine (measurements)	part17-performance.json (final RC QA, product bc5c47f292d0)	12
FIN-PERF-PF-5xx-studio	PERFORMANCE_STABILITY	UNRATED	PASS	REAL_BACKEND_E2E	bc5c47f292d00846c106669b09679a6fc36daef6	2026-10-10	PLAYWRIGHT_CHROMIUM(final-perf.mjs)	-	-	C0RC_REAL_STACK	NO	evidence/final-rc-bc5c47f292d0/part17-performance.json#PF-5xx-studio	953d17e53d05ba939f79d8fa03763fef9cd580da	bc5c47f292d00846c106669b09679a6fc36daef6	edf32dfe187a25ee159339c22be2ff4c1c093df4	stack c0rc, loaded 16 GB machine (measurements)	part17-performance.json (final RC QA, product bc5c47f292d0)	12
FIN-PERF-PF-bundle-platform	PERFORMANCE_STABILITY	UNRATED	PASS	REAL_STACK	bc5c47f292d00846c106669b09679a6fc36daef6	2026-10-10	PLAYWRIGHT_CHROMIUM(final-perf.mjs)	-	-	C0RC_REAL_STACK	NO	evidence/final-rc-bc5c47f292d0/part17-performance.json#PF-bundle-platform	953d17e53d05ba939f79d8fa03763fef9cd580da	bc5c47f292d00846c106669b09679a6fc36daef6	edf32dfe187a25ee159339c22be2ff4c1c093df4	stack c0rc, loaded 16 GB machine (measurements)	part17-performance.json (final RC QA, product bc5c47f292d0)	12
FIN-PERF-PF-bundle-admin	PERFORMANCE_STABILITY	UNRATED	PASS	REAL_STACK	bc5c47f292d00846c106669b09679a6fc36daef6	2026-10-10	PLAYWRIGHT_CHROMIUM(final-perf.mjs)	-	-	C0RC_REAL_STACK	NO	evidence/final-rc-bc5c47f292d0/part17-performance.json#PF-bundle-admin	953d17e53d05ba939f79d8fa03763fef9cd580da	bc5c47f292d00846c106669b09679a6fc36daef6	edf32dfe187a25ee159339c22be2ff4c1c093df4	stack c0rc, loaded 16 GB machine (measurements)	part17-performance.json (final RC QA, product bc5c47f292d0)	12
FIN-PERF-PF-bundle-studio	PERFORMANCE_STABILITY	UNRATED	PASS	REAL_STACK	bc5c47f292d00846c106669b09679a6fc36daef6	2026-10-10	PLAYWRIGHT_CHROMIUM(final-perf.mjs)	-	-	C0RC_REAL_STACK	NO	evidence/final-rc-bc5c47f292d0/part17-performance.json#PF-bundle-studio	953d17e53d05ba939f79d8fa03763fef9cd580da	bc5c47f292d00846c106669b09679a6fc36daef6	edf32dfe187a25ee159339c22be2ff4c1c093df4	stack c0rc, loaded 16 GB machine (measurements)	part17-performance.json (final RC QA, product bc5c47f292d0)	12
FIN-PERF-PF-dialog-open	PERFORMANCE_STABILITY	UNRATED	PASS	REAL_STACK	bc5c47f292d00846c106669b09679a6fc36daef6	2026-10-10	PLAYWRIGHT_CHROMIUM(final-perf.mjs)	-	-	C0RC_REAL_STACK	NO	evidence/final-rc-bc5c47f292d0/part17-performance.json#PF-dialog-open	953d17e53d05ba939f79d8fa03763fef9cd580da	bc5c47f292d00846c106669b09679a6fc36daef6	edf32dfe187a25ee159339c22be2ff4c1c093df4	stack c0rc, loaded 16 GB machine (measurements)	part17-performance.json (final RC QA, product bc5c47f292d0)	12
FIN-PERF-PF-double-submit	PERFORMANCE_STABILITY	UNRATED	PASS	REAL_BACKEND_E2E	bc5c47f292d00846c106669b09679a6fc36daef6	2026-10-10	PLAYWRIGHT_CHROMIUM(final-perf.mjs)	-	-	C0RC_REAL_STACK	NO	evidence/final-rc-bc5c47f292d0/part17-performance.json#PF-double-submit	953d17e53d05ba939f79d8fa03763fef9cd580da	bc5c47f292d00846c106669b09679a6fc36daef6	edf32dfe187a25ee159339c22be2ff4c1c093df4	stack c0rc, loaded 16 GB machine (measurements)	part17-performance.json (final RC QA, product bc5c47f292d0)	12
FIN-PERF-PF-memory	PERFORMANCE_STABILITY	UNRATED	PASS	REAL_BACKEND_E2E	bc5c47f292d00846c106669b09679a6fc36daef6	2026-10-10	PLAYWRIGHT_CHROMIUM(final-perf.mjs)	-	-	C0RC_REAL_STACK	NO	evidence/final-rc-bc5c47f292d0/part17-performance.json#PF-memory	953d17e53d05ba939f79d8fa03763fef9cd580da	bc5c47f292d00846c106669b09679a6fc36daef6	edf32dfe187a25ee159339c22be2ff4c1c093df4	stack c0rc, loaded 16 GB machine (measurements)	part17-performance.json (final RC QA, product bc5c47f292d0)	12
FIN-PERF-PF-seed	PERFORMANCE_STABILITY	UNRATED	PASS	REAL_BACKEND_E2E	bc5c47f292d00846c106669b09679a6fc36daef6	2026-10-10	PLAYWRIGHT_CHROMIUM(final-perf.mjs)	-	-	C0RC_REAL_STACK	NO	evidence/final-rc-bc5c47f292d0/part17-performance.json#PF-seed	953d17e53d05ba939f79d8fa03763fef9cd580da	bc5c47f292d00846c106669b09679a6fc36daef6	edf32dfe187a25ee159339c22be2ff4c1c093df4	stack c0rc, loaded 16 GB machine (measurements)	part17-performance.json (final RC QA, product bc5c47f292d0)	12
FIN-PERF-PF-org-tree	PERFORMANCE_STABILITY	UNRATED	PASS	REAL_BACKEND_E2E	bc5c47f292d00846c106669b09679a6fc36daef6	2026-10-10	PLAYWRIGHT_CHROMIUM(final-perf.mjs)	-	-	C0RC_REAL_STACK	NO	evidence/final-rc-bc5c47f292d0/part17-performance.json#PF-org-tree	953d17e53d05ba939f79d8fa03763fef9cd580da	bc5c47f292d00846c106669b09679a6fc36daef6	edf32dfe187a25ee159339c22be2ff4c1c093df4	stack c0rc, loaded 16 GB machine (measurements)	part17-performance.json (final RC QA, product bc5c47f292d0)	12
FIN-PERF-PF-org-expand	PERFORMANCE_STABILITY	UNRATED	PASS	REAL_BACKEND_E2E	bc5c47f292d00846c106669b09679a6fc36daef6	2026-10-10	PLAYWRIGHT_CHROMIUM(final-perf.mjs)	-	-	C0RC_REAL_STACK	NO	evidence/final-rc-bc5c47f292d0/part17-performance.json#PF-org-expand	953d17e53d05ba939f79d8fa03763fef9cd580da	bc5c47f292d00846c106669b09679a6fc36daef6	edf32dfe187a25ee159339c22be2ff4c1c093df4	stack c0rc, loaded 16 GB machine (measurements)	part17-performance.json (final RC QA, product bc5c47f292d0)	12
FIN-PERF-PF-directory	PERFORMANCE_STABILITY	UNRATED	PASS	REAL_BACKEND_E2E	bc5c47f292d00846c106669b09679a6fc36daef6	2026-10-10	PLAYWRIGHT_CHROMIUM(final-perf.mjs)	-	-	C0RC_REAL_STACK	NO	evidence/final-rc-bc5c47f292d0/part17-performance.json#PF-directory	953d17e53d05ba939f79d8fa03763fef9cd580da	bc5c47f292d00846c106669b09679a6fc36daef6	edf32dfe187a25ee159339c22be2ff4c1c093df4	stack c0rc, loaded 16 GB machine (measurements)	part17-performance.json (final RC QA, product bc5c47f292d0)	12
FIN-PERF-PF-publish-latency	PERFORMANCE_STABILITY	UNRATED	PASS	REAL_BACKEND_E2E	bc5c47f292d00846c106669b09679a6fc36daef6	2026-10-10	PLAYWRIGHT_CHROMIUM(final-perf.mjs)	-	-	C0RC_REAL_STACK	NO	evidence/final-rc-bc5c47f292d0/part17-performance.json#PF-publish-latency	953d17e53d05ba939f79d8fa03763fef9cd580da	bc5c47f292d00846c106669b09679a6fc36daef6	edf32dfe187a25ee159339c22be2ff4c1c093df4	stack c0rc, loaded 16 GB machine (measurements)	part17-performance.json (final RC QA, product bc5c47f292d0)	12
FIN-PERF-PF-publish-idem	PERFORMANCE_STABILITY	UNRATED	PASS	REAL_BACKEND_E2E	bc5c47f292d00846c106669b09679a6fc36daef6	2026-10-10	PLAYWRIGHT_CHROMIUM(final-perf.mjs)	-	-	C0RC_REAL_STACK	NO	evidence/final-rc-bc5c47f292d0/part17-performance.json#PF-publish-idem	953d17e53d05ba939f79d8fa03763fef9cd580da	bc5c47f292d00846c106669b09679a6fc36daef6	edf32dfe187a25ee159339c22be2ff4c1c093df4	stack c0rc, loaded 16 GB machine (measurements)	part17-performance.json (final RC QA, product bc5c47f292d0)	12
FIN-PERF-PF-schema-read	PERFORMANCE_STABILITY	UNRATED	PASS	REAL_BACKEND_E2E	bc5c47f292d00846c106669b09679a6fc36daef6	2026-10-10	PLAYWRIGHT_CHROMIUM(final-perf.mjs)	-	-	C0RC_REAL_STACK	NO	evidence/final-rc-bc5c47f292d0/part17-performance.json#PF-schema-read	953d17e53d05ba939f79d8fa03763fef9cd580da	bc5c47f292d00846c106669b09679a6fc36daef6	edf32dfe187a25ee159339c22be2ff4c1c093df4	stack c0rc, loaded 16 GB machine (measurements)	part17-performance.json (final RC QA, product bc5c47f292d0)	12
FIN-C5-E2E-04	C5_REAL_FLOW	UNRATED	PASS	REAL_BACKEND_E2E	bc5c47f292d00846c106669b09679a6fc36daef6	2026-10-10	C5_FLOW(tests/e2e-real)	C5	-	C0RC_REAL_STACK	NO	evidence/final-rc-bc5c47f292d0/c5-flows-main/	953d17e53d05ba939f79d8fa03763fef9cd580da	bc5c47f292d00846c106669b09679a6fc36daef6	edf32dfe187a25ee159339c22be2ff4c1c093df4	stack c0rc; 26 checks	c5-flows-main/report-*.json	12
FIN-C5-E2E-05	C5_REAL_FLOW	UNRATED	PASS	REAL_BACKEND_E2E	bc5c47f292d00846c106669b09679a6fc36daef6	2026-10-10	C5_FLOW(tests/e2e-real)	C5	-	C0RC_REAL_STACK	NO	evidence/final-rc-bc5c47f292d0/c5-flows-main/	953d17e53d05ba939f79d8fa03763fef9cd580da	bc5c47f292d00846c106669b09679a6fc36daef6	edf32dfe187a25ee159339c22be2ff4c1c093df4	stack c0rc; 23 checks	c5-flows-main/report-*.json	12
FIN-C5-E2E-P09	C5_REAL_FLOW	UNRATED	PASS	REAL_BACKEND_E2E	bc5c47f292d00846c106669b09679a6fc36daef6	2026-10-10	C5_FLOW(tests/e2e-real)	C5	-	C0RC_REAL_STACK	NO	evidence/final-rc-bc5c47f292d0/c5-flows-main/	953d17e53d05ba939f79d8fa03763fef9cd580da	bc5c47f292d00846c106669b09679a6fc36daef6	edf32dfe187a25ee159339c22be2ff4c1c093df4	stack c0rc; 13 checks	c5-flows-main/report-*.json	12
FIN-C5-E2E-PD02	C5_REAL_FLOW	UNRATED	PASS	REAL_BACKEND_E2E	bc5c47f292d00846c106669b09679a6fc36daef6	2026-10-10	C5_FLOW(tests/e2e-real)	C5	-	C0RC_REAL_STACK	NO	evidence/final-rc-bc5c47f292d0/c5-flows-main/	953d17e53d05ba939f79d8fa03763fef9cd580da	bc5c47f292d00846c106669b09679a6fc36daef6	edf32dfe187a25ee159339c22be2ff4c1c093df4	stack c0rc; 21 checks	c5-flows-main/report-*.json	12
FIN-C5-E2E-PL01	C5_REAL_FLOW	UNRATED	PASS	REAL_BACKEND_E2E	bc5c47f292d00846c106669b09679a6fc36daef6	2026-10-10	C5_FLOW(tests/e2e-real)	C5	-	C0RC_REAL_STACK	NO	evidence/final-rc-bc5c47f292d0/c5-flows-main/	953d17e53d05ba939f79d8fa03763fef9cd580da	bc5c47f292d00846c106669b09679a6fc36daef6	edf32dfe187a25ee159339c22be2ff4c1c093df4	stack c0rc; 28 checks	c5-flows-main/report-*.json	12
FIN-C5-E2E-AD01	C5_REAL_FLOW	UNRATED	PASS	REAL_BACKEND_E2E	bc5c47f292d00846c106669b09679a6fc36daef6	2026-10-10	C5_FLOW(tests/e2e-real)	C5	-	C0RC_REAL_STACK	NO	evidence/final-rc-bc5c47f292d0/c5-flows-main/	953d17e53d05ba939f79d8fa03763fef9cd580da	bc5c47f292d00846c106669b09679a6fc36daef6	edf32dfe187a25ee159339c22be2ff4c1c093df4	stack c0rc; 29 checks	c5-flows-main/report-*.json	12
FIN-C5-E2E-AD02	C5_REAL_FLOW	UNRATED	PASS	REAL_BACKEND_E2E	bc5c47f292d00846c106669b09679a6fc36daef6	2026-10-10	C5_FLOW(tests/e2e-real)	C5	-	C0RC_REAL_STACK	NO	evidence/final-rc-bc5c47f292d0/c5-flows-main/	953d17e53d05ba939f79d8fa03763fef9cd580da	bc5c47f292d00846c106669b09679a6fc36daef6	edf32dfe187a25ee159339c22be2ff4c1c093df4	stack c0rc; 27 checks	c5-flows-main/report-*.json	12
FIN-C5-E2E-SUPER01	C5_REAL_FLOW	UNRATED	PASS	REAL_BACKEND_E2E	bc5c47f292d00846c106669b09679a6fc36daef6	2026-10-10	C5_FLOW(tests/e2e-real)	C5	-	C0RC_REAL_STACK	NO	evidence/final-rc-bc5c47f292d0/c5-flows-main/	953d17e53d05ba939f79d8fa03763fef9cd580da	bc5c47f292d00846c106669b09679a6fc36daef6	edf32dfe187a25ee159339c22be2ff4c1c093df4	stack c0rc; 18 checks	c5-flows-main/report-*.json	12
FIN-C5-E2E-ADMIN01	C5_REAL_FLOW	UNRATED	PASS	REAL_BACKEND_E2E	bc5c47f292d00846c106669b09679a6fc36daef6	2026-10-10	C5_FLOW(tests/e2e-real)	C5	-	C0RC_REAL_STACK	NO	evidence/final-rc-bc5c47f292d0/c5-flows-main/	953d17e53d05ba939f79d8fa03763fef9cd580da	bc5c47f292d00846c106669b09679a6fc36daef6	edf32dfe187a25ee159339c22be2ff4c1c093df4	stack c0rc; 22 checks	c5-flows-main/report-*.json	12
FIN-C5-E2E-USER01	C5_REAL_FLOW	UNRATED	PASS	REAL_BACKEND_E2E	bc5c47f292d00846c106669b09679a6fc36daef6	2026-10-10	C5_FLOW(tests/e2e-real)	C5	-	C0RC_REAL_STACK	NO	evidence/final-rc-bc5c47f292d0/c5-flows-main/	953d17e53d05ba939f79d8fa03763fef9cd580da	bc5c47f292d00846c106669b09679a6fc36daef6	edf32dfe187a25ee159339c22be2ff4c1c093df4	stack c0rc; 15 checks	c5-flows-main/report-*.json	12
FIN-C5-E2E-ORG01-run1	C5_REAL_FLOW	UNRATED	BLOCKED	REAL_BACKEND_E2E	bc5c47f292d00846c106669b09679a6fc36daef6	2026-10-10	C5_FLOW(tests/e2e-real)	C0	activation 429 (shared per-IP limiter used by parallel workstreams)	C0RC_REAL_STACK	NO	evidence/final-rc-bc5c47f292d0/c5-flows-main/run.log	953d17e53d05ba939f79d8fa03763fef9cd580da	bc5c47f292d00846c106669b09679a6fc36daef6	edf32dfe187a25ee159339c22be2ff4c1c093df4	stack c0rc	c5-flows-main (fixture creation hit 429; superseded by run2)	12
FIN-C5-E2E-ORG01	C5_REAL_FLOW	UNRATED	PASS	REAL_BACKEND_E2E	bc5c47f292d00846c106669b09679a6fc36daef6	2026-10-10	C5_FLOW(tests/e2e-real)	C5	-	C0RC_REAL_STACK	NO	evidence/final-rc-bc5c47f292d0/c5-flows-org01-run2/run.log	953d17e53d05ba939f79d8fa03763fef9cd580da	bc5c47f292d00846c106669b09679a6fc36daef6	edf32dfe187a25ee159339c22be2ff4c1c093df4	stack c0rc; 31 checks passed / 0 failed (31/31 expected)	c5-flows-org01-run2 (run alone)	12
FQ-ACT-02	DEFECT	P1	FAIL	REAL_BACKEND_E2E	bc5c47f292d00846c106669b09679a6fc36daef6	2026-10-10	DEFECT_RECORD	C4	C7: keep P1 until the C4 fix is integrated and independently retested on the final RC SHA	C0RC/C6FIN	YES	evidence/final-rc-bc5c47f292d0/c6fin/journey05-data.json#J05-M18	953d17e53d05ba939f79d8fa03763fef9cd580da	bc5c47f292d00846c106669b09679a6fc36daef6	edf32dfe187a25ee159339c22be2ff4c1c093df4	UPDATE_RECORD / DELETE_RECORD unusable on real PostgreSQL tables: the action handler requires an input `recordId` while the connector maps parameter names to column names (no input shape updates a row). Journey 05/06 'status updat	coordinator-notes.md + evidence	12
FQ-WF-01	DEFECT	P1	FAIL	REAL_BACKEND_E2E	bc5c47f292d00846c106669b09679a6fc36daef6	2026-10-10	DEFECT_RECORD	C4	-	C0RC/C6FIN	YES	evidence/final-rc-bc5c47f292d0/c6fin/journey06-workflow.json#J06-F03	953d17e53d05ba939f79d8fa03763fef9cd580da	bc5c47f292d00846c106669b09679a6fc36daef6	edf32dfe187a25ee159339c22be2ff4c1c093df4	APPROVAL step not wired: LIVE run FAILS with NOT_IMPLEMENTED while the validator accepts the workflow. Documented as deferred (DECISIONS D-C0-21 D5) but part of the C7 business journey 06; P1 unless C7/C0 scope approvals out of th	coordinator-notes.md + evidence	12
FQ-WF-02	DEFECT	P2	FAIL	REAL_BACKEND_E2E	bc5c47f292d00846c106669b09679a6fc36daef6	2026-10-10	DEFECT_RECORD	C4	-	C0RC/C6FIN	YES	evidence/final-rc-bc5c47f292d0/c6fin/journey06-workflow.json#J06-F05	953d17e53d05ba939f79d8fa03763fef9cd580da	bc5c47f292d00846c106669b09679a6fc36daef6	edf32dfe187a25ee159339c22be2ff4c1c093df4	no HTTP route to decide an approval (same deferred scope, B-C4-09)	coordinator-notes.md + evidence	12
FQ-UI-01	DEFECT	P2	FAIL	REAL_STACK	bc5c47f292d00846c106669b09679a6fc36daef6	2026-10-10	DEFECT_RECORD	C5	-	C0RC/C6FIN	YES	evidence/final-rc-bc5c47f292d0/ui/chromium/admin/tenantAdmin/admin_employees/390.png	953d17e53d05ba939f79d8fa03763fef9cd580da	bc5c47f292d00846c106669b09679a6fc36daef6	edf32dfe187a25ee159339c22be2ff4c1c093df4	Admin Nhân viên (/admin/employees) at 360/390/768/1440: controls extend beyond the viewport (390: filter bar 654 px wide, search input right edge 659 px; 768: 'Thêm nhân viên' 657..816; 1440: unit select 846..1502); page content s	coordinator-notes.md + evidence	12
FQ-A11Y-02	DEFECT	P2	FAIL	REAL_STACK	bc5c47f292d00846c106669b09679a6fc36daef6	2026-10-10	DEFECT_RECORD	C5	-	C0RC/C6FIN	YES	evidence/final-rc-bc5c47f292d0/ui/chromium/cases.json#focus-not-returned	953d17e53d05ba939f79d8fa03763fef9cd580da	bc5c47f292d00846c106669b09679a6fc36daef6	edf32dfe187a25ee159339c22be2ff4c1c093df4	Studio builder dialogs (Chia sẻ, Phiên bản, Tệp, Cài đặt project, Xuất bản) do not return focus to the opener: after Escape the focus is on <body> (6/6)	coordinator-notes.md + evidence	12
FQ-IAM-01	DEFECT	P3	FAIL	REAL_BACKEND_E2E	bc5c47f292d00846c106669b09679a6fc36daef6	2026-10-10	DEFECT_RECORD	C1	-	C0RC/C6FIN	YES	evidence/final-rc-bc5c47f292d0/final-onboarding.json#ON65	953d17e53d05ba939f79d8fa03763fef9cd580da	bc5c47f292d00846c106669b09679a6fc36daef6	edf32dfe187a25ee159339c22be2ff4c1c093df4	platform SYSTEM_ADMIN non-member gets 200 [] on GET /workspaces/{W}/projects (contract 3.2: 403); no data leaks	coordinator-notes.md + evidence	12
FQ-IAM-02	DEFECT	P3	FAIL	REAL_BACKEND_E2E	bc5c47f292d00846c106669b09679a6fc36daef6	2026-10-10	DEFECT_RECORD	C3	-	C0RC/C6FIN	YES	evidence/final-rc-bc5c47f292d0/final-iam.json#IAM-M10b	953d17e53d05ba939f79d8fa03763fef9cd580da	bc5c47f292d00846c106669b09679a6fc36daef6	edf32dfe187a25ee159339c22be2ff4c1c093df4	data-source POST {} as VIEWER answers 400 before the permission check (403)	coordinator-notes.md + evidence	12
FQ-ISO-01	DEFECT	P3	FAIL	REAL_BACKEND_E2E	bc5c47f292d00846c106669b09679a6fc36daef6	2026-10-10	DEFECT_RECORD	C1	-	C0RC/C6FIN	YES	evidence/final-rc-bc5c47f292d0/final-adv.json#ADV-ORACLE	953d17e53d05ba939f79d8fa03763fef9cd580da	bc5c47f292d00846c106669b09679a6fc36daef6	edf32dfe187a25ee159339c22be2ff4c1c093df4	GET /projects/{id}: foreign real id = 404 WORKSPACE_NOT_FOUND vs random id 404 PROJECT_NOT_FOUND (code differs: low-exploitability existence oracle)	coordinator-notes.md + evidence	12
FQ-ACT-01	DEFECT	P3	FAIL	REAL_BACKEND_E2E	bc5c47f292d00846c106669b09679a6fc36daef6	2026-10-10	DEFECT_RECORD	C0	-	C0RC/C6FIN	YES	evidence/final-rc-bc5c47f292d0/c6fin/journey06-workflow.json#J06-F01d	953d17e53d05ba939f79d8fa03763fef9cd580da	bc5c47f292d00846c106669b09679a6fc36daef6	edf32dfe187a25ee159339c22be2ff4c1c093df4	definite not-executed connector failure on a LIVE write returns HTTP 500 with a correct body (WRITABLE_POSTGRES.md 5.1)	coordinator-notes.md + evidence	12
FQ-PUBLISH-01	DEFECT	P3	FAIL	REAL_BACKEND_E2E	bc5c47f292d00846c106669b09679a6fc36daef6	2026-10-10	DEFECT_RECORD	C2	-	C0RC/C6FIN	YES	evidence/final-rc-bc5c47f292d0/final-publish.json#H07-01	953d17e53d05ba939f79d8fa03763fef9cd580da	bc5c47f292d00846c106669b09679a6fc36daef6	edf32dfe187a25ee159339c22be2ff4c1c093df4	PUT publish-config without acknowledgePublicData -> 400 MALFORMED_REQUEST though the contract defaults it to false	coordinator-notes.md + evidence	12
FQ-PUBLISH-02	DEFECT	P3	FAIL	REAL_BACKEND_E2E	bc5c47f292d00846c106669b09679a6fc36daef6	2026-10-10	DEFECT_RECORD	C5	-	C0RC/C6FIN	YES	evidence/final-rc-bc5c47f292d0/final-publish.json#J07-33b	953d17e53d05ba939f79d8fa03763fef9cd580da	bc5c47f292d00846c106669b09679a6fc36daef6	edf32dfe187a25ee159339c22be2ff4c1c093df4	rollback confirm dialog promises the newer version can be served again; the server refuses (400 DEPLOYMENT_NOT_RESTORABLE)	coordinator-notes.md + evidence	12
FQ-SITE-01	DEFECT	P3	FAIL	REAL_BACKEND_E2E	bc5c47f292d00846c106669b09679a6fc36daef6	2026-10-10	DEFECT_RECORD	C0	-	C0RC/C6FIN	YES	evidence/final-rc-bc5c47f292d0/final-site.json#S-06b	953d17e53d05ba939f79d8fa03763fef9cd580da	bc5c47f292d00846c106669b09679a6fc36daef6	edf32dfe187a25ee159339c22be2ff4c1c093df4	conditional GET through the sites gateway always 200 (nginx proxy_cache strips If-None-Match); direct to API 304 (H-C2-05)	coordinator-notes.md + evidence	12
FQ-PERF-01	DEFECT	P3	FAIL	REAL_BACKEND_E2E	bc5c47f292d00846c106669b09679a6fc36daef6	2026-10-10	DEFECT_RECORD	C5	-	C0RC/C6FIN	YES	evidence/final-rc-bc5c47f292d0/part17-performance.json#PF-dup-platform	953d17e53d05ba939f79d8fa03763fef9cd580da	bc5c47f292d00846c106669b09679a6fc36daef6	edf32dfe187a25ee159339c22be2ff4c1c093df4	Platform and Studio call GET /auth/me twice within 400 ms during navigation (Admin: none)	coordinator-notes.md + evidence	12
FQ-BRAND-01	DEFECT	P3	FAIL	REAL_STACK	bc5c47f292d00846c106669b09679a6fc36daef6	2026-10-10	DEFECT_RECORD	C5	-	C0RC/C6FIN	YES	evidence/final-rc-bc5c47f292d0/part15-brand-local-chromium/shots/admin-home-light-1440.png	953d17e53d05ba939f79d8fa03763fef9cd580da	bc5c47f292d00846c106669b09679a6fc36daef6	edf32dfe187a25ee159339c22be2ff4c1c093df4	Admin in-content links use the browser default colour rgb(0,0,238) instead of the brand link token #1d5bd8	coordinator-notes.md + evidence	12
FQ-A11Y-01	DEFECT	P3	FAIL	REAL_STACK	bc5c47f292d00846c106669b09679a6fc36daef6	2026-10-10	DEFECT_RECORD	C5	-	C0RC/C6FIN	YES	evidence/final-rc-bc5c47f292d0/ui/chromium/cases.json#axe	953d17e53d05ba939f79d8fa03763fef9cd580da	bc5c47f292d00846c106669b09679a6fc36daef6	edf32dfe187a25ee159339c22be2ff4c1c093df4	Studio project views (ai/assets/members/publish/settings/site/versions/design) have no visible h1; the builder has no <main> landmark (axe moderate: page-has-heading-one, landmark-one-main)	coordinator-notes.md + evidence	12
FQ-WK-01	DEFECT	P3	FAIL	REAL_STACK	bc5c47f292d00846c106669b09679a6fc36daef6	2026-10-10	DEFECT_RECORD	C5	-	C0RC/C6FIN	YES	evidence/final-rc-bc5c47f292d0/ui/webkit/cases.json#Tạo công ty	953d17e53d05ba939f79d8fa03763fef9cd580da	bc5c47f292d00846c106669b09679a6fc36daef6	edf32dfe187a25ee159339c22be2ff4c1c093df4	WebKit only: in the 'Tạo công ty' dialog the focus trap leaks to the page skip link because buttons are not Tab stops in WebKit (Escape still closes)	coordinator-notes.md + evidence	12
FQ-WK-02	DEFECT	P3	FAIL	REAL_STACK	bc5c47f292d00846c106669b09679a6fc36daef6	2026-10-10	DEFECT_RECORD	C5	-	C0RC/C6FIN	YES	evidence/final-rc-bc5c47f292d0/ui/webkit/cases.json#touch	953d17e53d05ba939f79d8fa03763fef9cd580da	bc5c47f292d00846c106669b09679a6fc36daef6	edf32dfe187a25ee159339c22be2ff4c1c093df4	WebKit only: native selects render 21-23 px high at 768/390 (WCAG 2.5.8 24 px) on Studio members/settings/builder rails; Chromium has none	coordinator-notes.md + evidence	12
FQ-ENV-01	DEFECT	P2	FAIL	REAL_BACKEND_E2E	bc5c47f292d00846c106669b09679a6fc36daef6	2026-10-10	DEFECT_RECORD	C0	-	C0RC/C6FIN	YES	evidence/final-rc-bc5c47f292d0/journey05-data.json#J05-M05	953d17e53d05ba939f79d8fa03763fef9cd580da	bc5c47f292d00846c106669b09679a6fc36daef6	edf32dfe187a25ee159339c22be2ff4c1c093df4	environment: c0rc backend JVM has no trust store for the data target's dev CA (TLS_FAILED): real-row legs of Journey 05/06/PD02 cannot run on c0rc; proven on c6fin	coordinator-notes.md + evidence	12
UIF-CHR-WIDTHS	UI_FINAL_RESPONSIVE	P2	FAIL	REAL_STACK	bc5c47f292d00846c106669b09679a6fc36daef6	2026-10-10	PLAYWRIGHT_CHROMIUM(final-ui.mjs,final-clip.mjs)	C5	-	C0RC_REAL_STACK	YES	evidence/final-rc-bc5c47f292d0/ui/chromium/summary.json	953d17e53d05ba939f79d8fa03763fef9cd580da	bc5c47f292d00846c106669b09679a6fc36daef6	edf32dfe187a25ee159339c22be2ff4c1c093df4	Chromium 155, 9 widths (1920,1440,1280,1024,768,600,430,390,360), 87 routes/states, 1089 cases (95 route variants); after documented harness filters 1083 PASS / 6 FAIL, the 6 triaged: 5 transient (API restarted by others, retest P	ui audit + coordinator-notes.md	12
UIF-CHR-AXE	UI_FINAL_ACCESSIBILITY	UNRATED	PASS	REAL_STACK	bc5c47f292d00846c106669b09679a6fc36daef6	2026-10-10	PLAYWRIGHT	C5	-	C0RC_REAL_STACK	NO	evidence/final-rc-bc5c47f292d0/ui/chromium/summary.json	953d17e53d05ba939f79d8fa03763fef9cd580da	bc5c47f292d00846c106669b09679a6fc36daef6	edf32dfe187a25ee159339c22be2ff4c1c093df4	axe-core 4.14 wcag2a/aa,21a/aa,22aa,best-practice over all 1089 cases incl. dialogs/states: critical 0, serious 0, moderate 13 nodes (landmark-one-main 7, page-has-heading-one 6; FQ-A11Y-01 P3). Not a WCAG certification.	ui audit + coordinator-notes.md	12
UIF-CHR-KEYBOARD-DIALOG	UI_FINAL_ACCESSIBILITY	P2	FAIL	REAL_STACK	bc5c47f292d00846c106669b09679a6fc36daef6	2026-10-10	PLAYWRIGHT	C5	-	C0RC_REAL_STACK	YES	evidence/final-rc-bc5c47f292d0/ui/chromium/cases.json	953d17e53d05ba939f79d8fa03763fef9cd580da	bc5c47f292d00846c106669b09679a6fc36daef6	edf32dfe187a25ee159339c22be2ff4c1c093df4	dialog role/name/trap/Escape pass on Admin/Platform dialogs; Studio builder dialogs do not restore focus to the opener (6/6, focus ends on body) = FQ-A11Y-02. Sidebar navigation passes in both engines when run fresh; Studio CTA 'T	ui audit + coordinator-notes.md	12
UIF-CHR-UNICODE	UI_FINAL_VISUAL	UNRATED	PASS	REAL_STACK	bc5c47f292d00846c106669b09679a6fc36daef6	2026-10-10	PLAYWRIGHT	C5	-	C0RC_REAL_STACK	NO	evidence/final-rc-bc5c47f292d0/ui/chromium/summary.json	953d17e53d05ba939f79d8fa03763fef9cd580da	bc5c47f292d00846c106669b09679a6fc36daef6	edf32dfe187a25ee159339c22be2ff4c1c093df4	no U+FFFD/mojibake/missing glyph in 1089 renders; Vietnamese diacritics render	ui audit + coordinator-notes.md	12
UIF-CHR-ICONS	UI_FINAL_VISUAL	UNRATED	PASS	MANUAL	bc5c47f292d00846c106669b09679a6fc36daef6	2026-10-10	PLAYWRIGHT	C5	-	C0RC_REAL_STACK	NO	evidence/final-rc-bc5c47f292d0/ui/chromium/studio/workspaceAdmin/builder_rail_Th_nh_ph_n_/1440.png	953d17e53d05ba939f79d8fa03763fef9cd580da	bc5c47f292d00846c106669b09679a6fc36daef6	edf32dfe187a25ee159339c22be2ff4c1c093df4	harness 'icon svg with zero size' family (hidden rail/toolbar icons; 22 on the builder) reviewed on screenshots: nothing visibly missing; documented false-positive filter	ui audit + coordinator-notes.md	12
UIF-CHR-ORGTREE	UI_FINAL_VISUAL	UNRATED	PASS	MANUAL	bc5c47f292d00846c106669b09679a6fc36daef6	2026-10-10	PLAYWRIGHT	C5	-	C0RC_REAL_STACK	NO	evidence/final-rc-bc5c47f292d0/ui/chromium/admin/tenantAdmin/admin_organization/390.png	953d17e53d05ba939f79d8fa03763fef9cd580da	bc5c47f292d00846c106669b09679a6fc36daef6	edf32dfe187a25ee159339c22be2ff4c1c093df4	Dynamic Org tree (16 units, 12-level chain, long Vietnamese names): labels truncate with ellipsis, type badges and counts readable at 390 and 1440; large tree 305 items renders in 2.7 s (PF-org-tree)	ui audit + coordinator-notes.md	12
UIF-WK-ROUTES	UI_FINAL_BROWSER_WEBKIT	P3	PASS	REAL_STACK	bc5c47f292d00846c106669b09679a6fc36daef6	2026-10-10	PLAYWRIGHT	C5	-	C0RC_REAL_STACK	NO	evidence/final-rc-bc5c47f292d0/ui/webkit/summary.json	953d17e53d05ba939f79d8fa03763fef9cd580da	bc5c47f292d00846c106669b09679a6fc36daef6	edf32dfe187a25ee159339c22be2ff4c1c093df4	Playwright WebKit (not Safari), 3 widths (1440,768,390), 392 cases: axe critical 0, serious 0 on retained cases (the summary counted 1 serious node inside one dialog check that was not retained and did not reproduce); product find	ui audit + coordinator-notes.md	12
UIF-FIREFOX	UI_FINAL_BROWSER_FIREFOX	UNRATED	BLOCKED	MANUAL	bc5c47f292d00846c106669b09679a6fc36daef6	2026-10-10	PLAYWRIGHT	C0	BLOCKED_TOOLING	C0RC_REAL_STACK	YES	evidence/final-rc-bc5c47f292d0/coordinator-notes.md	953d17e53d05ba939f79d8fa03763fef9cd580da	bc5c47f292d00846c106669b09679a6fc36daef6	edf32dfe187a25ee159339c22be2ff4c1c093df4	BLOCKED_TOOLING: Playwright Firefox 1543 installed but cannot launch ('Could not find profile folder'); also tried a real-path TMPDIR and launchPersistentContext. Not PASS, not a product failure.	ui audit + coordinator-notes.md	12
UIF-BRAND	UI_FINAL_BRAND	P3	PASS	MANUAL	bc5c47f292d00846c106669b09679a6fc36daef6	2026-10-10	PLAYWRIGHT	C5	-	C0RC_REAL_STACK	NO	evidence/final-rc-bc5c47f292d0/part15-brand-local-chromium.json	953d17e53d05ba939f79d8fa03763fef9cd580da	bc5c47f292d00846c106669b09679a6fc36daef6	edf32dfe187a25ee159339c22be2ff4c1c093df4	local Chromium 66/72, WebKit 66/72 (6 observations), public portals 48/48; one P3 (FQ-BRAND-01 default link colour). Portals ignore prefers-color-scheme (documented light-only for Admin/Platform).	ui audit + coordinator-notes.md	12
UIF-NO-LOCALSTORAGE-FALLBACK	UI_FINAL_ENVIRONMENT	UNRATED	PASS	REAL_STACK	bc5c47f292d00846c106669b09679a6fc36daef6	2026-10-10	PLAYWRIGHT_CHROMIUM(inline probe)	C0	-	C0RC_REAL_STACK	NO	evidence/final-rc-bc5c47f292d0/coordinator-notes.md	953d17e53d05ba939f79d8fa03763fef9cd580da	bc5c47f292d00846c106669b09679a6fc36daef6	edf32dfe187a25ee159339c22be2ff4c1c093df4	ENV-13 closed by a browser probe after real use of all three portals (login + 2-3 routes each, builder included): localStorage empty on Platform/Admin; Studio keeps only per-viewer preferences (studio-ai-model: empty, studio-owner	ui audit + coordinator-notes.md	12
